mtllib Gemini2_hand_Orbbec_Gemini2_camera_rgb_camera_rgb.mtl
v -0.003313903734522231 -2.190971698068714e-05 -0.0013171285096452718
v -0.0030302738466052607 -0.0013364270030760683 -0.0013041656917892614
v -0.002177299808473145 -0.0024958037772222497 -0.001290276617774145
v -0.0007387900187345593 -0.0032317658536486493 -0.0012746512604955302
v -1.0812282320582522e-05 -0.003317339048147072 -0.0012676202967549794
v 0.001329121559952463 -0.0030449932133035373 -0.001254436345671795
v 0.002560061159132545 -0.002127389562262827 -0.0012396049222438428
v 0.0031410693420230755 -0.0011143018056235798 -0.001228366466722642
v 0.0033359407632960222 3.719444769186269e-05 -0.001217128011201441
v 0.0033359407632960222 3.719403325332625e-05 -0.0011920219393367632
v 0.0030757200030449043 -0.0012821569752211048 -0.0012049847571927736
v 0.0022434889768774297 -0.0024565118002181086 -0.0012188738312078902
v 0.0008182871158803903 -0.003217926549510808 -0.0012344985924400704
v 9.194612297536161e-05 -0.0033164259050095235 -0.0012415295561806212
v -0.0012526172119539114 -0.0030679395109130536 -0.0012547135072638056
v -0.0024996721185817105 -0.00217236052068262 -0.0012695449306917579
v -0.003098596265198375 -0.0011697599775397777 -0.0012807833862129587
v -0.003313903734522231 -2.1909321168601774e-05 -0.0012920218417341596
v -0.003313903734522231 -2.1909321168601774e-05 -0.0012920218417341596
v -0.003313903734522231 -2.190971698068714e-05 -0.0013171285096452718
v -0.0030536835703175473 0.0012974418409740507 -0.00130498465959017
v -0.0022214519481036383 0.0024717966659710544 -0.0013188737336052865
v -0.0007962500871065987 0.0032332115642753623 -0.0013344984948374667
v -6.990909420157015e-05 0.003331710919774078 -0.0013415294585780175
v 0.0012746536446812684 0.003083224525677608 -0.0013547134096612019
v 0.002521709147355502 0.0021876455354471747 -0.0013695448330891542
v 0.0031206332939721663 0.0011850447687869192 -0.0013807826925639206
v 0.0033359407632960222 3.719415898187101e-05 -0.0013920211480851214
v 0.0033359407632960222 3.71943266199307e-05 -0.0016920744994564094
v -0.003313903734522231 -2.1909400331018847e-05 -0.0016920744994564094
v -0.003187546658794285 0.0009160263631635968 -0.0016920744994564094
v -0.0028020607798831003 0.0017803704340673132 -0.0016920744994564094
v -0.002188676546767134 0.0025010984576993023 -0.0016920744994564094
v -0.0013970857546384842 0.003019821576331072 -0.0016920744994564094
v -0.00049141882751691 0.003294515834126266 -0.0016920744994564094
v 0.0004549527066584073 0.0033029272414089594 -0.0016920744994564094
v 0.001365359991073013 0.0030443742190813805 -0.0016920744994564094
v 0.002166045855744649 0.0025398033289655286 -0.0016920744994564094
v 0.0027921437593070335 0.0018300915845463062 -0.0016920744994564094
v 0.003192931342282937 0.0009727360090746873 -0.0016920744994564094
v -0.003313903734522231 -2.1909092994576093e-05 -0.0014920216465289524
v -0.0031870680335074368 0.0009177096728002349 -0.0015011316202327993
v -0.0024125420507965533 0.0022841169919643467 -0.001516314711057066
v -0.001872175294037716 0.002748000560373054 -0.0015231471913349512
v -0.0006486689899414261 0.003266598211230376 -0.0015359580173501816
v 0.0008431029131315001 0.0032268994325347355 -0.0015503704201347288
v 0.001954314665027381 0.00270571195991981 -0.0015621906169759345
v 0.0028007435172630072 0.0018168997358478656 -0.0015740108138171402
v 0.00321289174527917 0.0009042963183455988 -0.0015201741117200082
v 0.00321289174527917 0.0009042946047120998 -0.0014721828370053433
v 0.0028007399409844006 0.0018169055473006013 -0.0013990777418223528
v 0.0021766817083206397 0.0025307127267708007 -0.0013899719404435469
v 0.0007769620244884041 0.003243273722158213 -0.0013747965982229278
v 7.036328158460676e-05 0.003332166001226766 -0.0013679670981772147
v -0.001236240240121479 0.0030899023319057584 -0.001355162828672763
v -0.002458677832960834 0.002233980099097338 -0.001340757578445429
v -0.003098106911075707 0.0011863363269045274 -0.0013289433420685677
v 0.002892897064397551 0.0018767654476292694 -0.0006625664086066244
v 0.0032700859769414533 0.0010928232723588505 -0.00067063508918952
v 0.0034284972378202413 -0.00033898650842190126 -0.0006840830888431574
v 0.0028920864412467244 -0.0018629121364002188 -0.0006991958461881612
v 0.0024291026049307906 -0.0024317721478989973 -0.0007060050806551036
v 0.001285821170676772 -0.003181827891279132 -0.0007187616664448008
v -0.0002330541558626111 -0.0034185182284149906 -0.0007331287697003312
v -0.0009182679447918848 -0.0032992475487459982 -0.0007395863367709592
v -0.002081253482075331 -0.0027166559685024017 -0.0007517129014794626
v -0.0030240302602045936 -0.0016009826600331956 -0.0007653528280849868
v -0.003423790259127538 -1.0625377525567015e-05 -0.0007806962554001155
v -0.0033471577611455835 0.0007299981848150894 -0.0007876109900859522
v -0.0027876948687204387 0.001999204859155307 -0.0008005523502703231
v -0.001621794068326189 0.0030298074402703157 -0.0008150982674561828
v -0.0009707796356652762 0.003299131021668067 -0.0008216386849811967
v 0.00033930181698571565 0.0034267293640957153 -0.0008339136652518735
v 0.0017472886648635126 0.00297128521715212 -0.0008477347899734648
v 0.0022904383624247093 0.00257742339572109 -0.0008539610910275335
v 0.003059955766947067 0.0015897678973577634 -0.0008656292960279592
v 0.0034384547895538495 0.00023538561011733974 -0.0008787536424677005
v 0.0031784235720688806 -0.001321691692135668 -0.000893513540323521
v 0.002833784755309268 -0.0019493445318338742 -0.000900161842253167
v 0.0018744349060706449 -0.002877750332405782 -0.0009126126562220009
v 0.0004676890268693338 -0.003396662099734049 -0.0009266215355704381
v -0.00020972728260471049 -0.0034203069637647188 -0.0009329128056858598
v -0.0014382379925644852 -0.0031067030927530714 -0.000944729426248459
v -0.002576564492809077 -0.0022515508029263276 -0.0009580182815041033
v -0.0033189361545681337 -0.0008354121259880332 -0.0009729742786368517
v -0.0034215544889519864 -0.00011675240210997154 -0.0009797119875316622
v -0.0032030611514360955 0.001219103160073537 -0.0009923392312450878
v -0.0023650705285727124 0.0024880662004336807 -0.0010065495742883628
v -0.0018234419415121843 0.0029117297475398374 -0.0010129338276475557
v -0.0006271076062223108 0.003382866008962704 -0.00102491793725823
v 0.0008159434613002067 0.0033469944444225463 -0.001038395739233589
v 0.0022567748519009023 0.0026066588772835075 -0.0010535502198290032
v 0.0027590965607964283 0.002068493469018634 -0.0010603838921997572
v 0.0033459686485088932 0.0008304793947082889 -0.0010731655119397005
v 0.0033706056318296737 -0.0007083283206449076 -0.001087549304495395
v 0.0031568955669500935 -0.0013712562314140142 -0.0010940158122625394
v 0.002417087500905526 -0.002443669830776679 -0.0011061632385962479
v 0.0011777615283929965 -0.0032229363197922023 -0.0011198335635699281
v -0.00045712589195834357 -0.0033951153592367 -0.0011352175220425982
v -0.0011793660853944854 -0.0032145079251861275 -0.0011421304685891316
v -0.0023589628407590956 -0.0024788146657016563 -0.0011551028231880929
v -0.0032143151041645916 -0.0011738242691645556 -0.001169689271531494
v -0.003388132377234124 -0.00048667981132835547 -0.0011762690281211803
v -0.003323725983715223 0.0008309257589818736 -0.0011885708304814064
v -0.0026668851971577445 0.0021587979311019634 -0.001202407452410293
v -0.0021987550959269315 0.002637388349233827 -0.0012086212364892386
v -0.0011073589077437171 0.003255479859065713 -0.0012203108991613038
v 0.0002906346256144057 0.003431232196884626 -0.0012334602795512912
v 0.001795595844188426 0.002942552202733928 -0.0012482559401931776
v 0.002366989798091581 0.0025072922742226944 -0.0012549239116551598
v 0.003143508364032768 0.0014169451277640799 -0.001267408104224322
v 0.003445418996093744 -5.532685077949944e-05 -0.0012814491700802184
v 0.0033657633505963544 -0.0007298624352396477 -0.0012877547453100664
v 0.0028685473754581662 -0.0018984537892389186 -0.0012995910354050017
v 0.0018481301848263258 -0.002894696528583096 -0.0013129037325180233
v 0.000331662885882045 -0.0034121697378418636 -0.0013278907240653621
v -0.0003960013301074209 -0.0034031935765625465 -0.0013346457183067712
v -0.0016845094781106089 -0.0029797577191943425 -0.0013472973999240085
v -0.0028095167247314005 -0.0019530115585101038 -0.001361529200638923
v -0.0031442957413726517 -0.0013494902547562804 -0.0013679372958554932
v -0.003422360939777772 -9.142040070696765e-05 -0.0013799476315092824
v -0.0031584131011721554 0.0013314786255774202 -0.0013934600041778384
v -0.0021953987584546492 0.002640085459349628 -0.0014086615724415725
v -0.0015854555014046547 0.0030490913305634693 -0.0014154797476050314
v -0.00026674270033666425 0.003431391341282619 -0.001428289381527393
v 0.0012590944485568756 0.0032077904818700875 -0.001442702976404809
v 0.002180647801295345 0.0026707764863049266 -0.0014526253613987856
v 0.0028928660699829604 0.0018767760274534806 -0.0014625537068571068
v 0.002800720867498499 0.0018168933283486954 -0.0013991051599583366
v 0.0021767091264566236 0.0025308173329200434 -0.001390001146718834
v 0.0007769787137885682 0.0032433667054019844 -0.001374828784730387
v 7.031917414845885e-05 0.003332077190308036 -0.0013680010728239773
v -0.0012362396440750445 0.0030898099447084215 -0.0013551991875052633
v -0.002458694522260998 0.0022339446343344893 -0.001340797513556536
v -0.0030980610155002556 0.0011862953487121602 -0.0013289850653189778
v -0.0033138262484857547 -2.1909460866984844e-05 -0.0013171732131278542
v -0.003030192784290178 -0.001336396753719521 -0.0013042056269003683
v -0.0021772330512724886 -0.0024957605638557534 -0.0012903117845137764
v -0.0007387614085057066 -0.0032318186037580965 -0.0012746810628172518
v -1.0825395342140009e-05 -0.0033172746751321536 -0.0012676471188445288
v 0.0013290834129806594 -0.003044921985754623 -0.0012544589954363034
v 0.0025599765205388558 -0.0021272897244850597 -0.0012396222075904413
v 0.003140977550872173 -0.001114264329204015 -0.0012283795797441994
v 0.003335925266088727 3.719439181250946e-05 -0.0012171369518979575
v 0.003052294186078888 0.0013516983087726309 -0.0012041705577633406
v 0.0021992945179500917 0.0025110229288557995 -0.001190277311423183
v 0.0007607793637935962 0.003246893512154514 -0.0011746477818195273
v 3.284931109437397e-05 0.0033327024430177543 -0.0011676144338932388
v -0.001307103008618139 0.0030603437931758792 -0.0011544269065314478
v -0.00253798061896904 0.0021426847098167667 -0.0011395913107784545
v -0.0031190740364996942 0.0011296255634063723 -0.001128349278978647
v -0.003313940093354731 -2.1909591252142376e-05 -0.001117107843225274
v -0.003030317357994974 -0.0013364462255735787 -0.0011041527739729113
v -0.002177365969627367 -0.0024958577194245657 -0.0010902720446078768
v -0.0007388377024493138 -0.003231762873416477 -0.001074656224072213
v -1.0799169299025034e-05 -0.003317290768385883 -0.0010676288366102688
v 0.0013291239441382008 -0.0030449654971443363 -0.0010544532301771665
v 0.0025601350688904145 -0.0021274478258017926 -0.001039630151399296
v 0.0031410800708588952 -0.0011142921198690203 -0.0010283988484353084
v 0.003335874006095366 3.7194433722024384e-05 -0.0010171669494248863
v 0.003052242926085527 0.0013516892190645058 -0.0010042017473831382
v 0.0021992957100429606 0.0025110738908259433 -0.0009903108852287183
v 0.0007608270475083507 0.0032471581567714014 -0.000974683143764366
v 3.285765574445601e-05 0.003332531973737507 -0.0009676509879309464
v -0.0013070445960675647 0.003060187032963624 -0.0009544652487084587
v -0.002537968101993917 0.0021425856170970425 -0.0009396314410947687
v -0.003118935753726906 0.0011295381680979238 -0.0009283911974342644
v -0.0033138566468539107 -2.1909488806661458e-05 -0.0009171515498201947
v -0.003030220202426162 -0.0013363991379052587 -0.0009041791952212335
v -0.0021772235145295377 -0.0024957149663035194 -0.0008902811805096005
v -0.0007387256457196407 -0.003231618928202562 -0.000874645094395166
v -1.0820626970664559e-05 -0.0033173730227938347 -0.0008676093622831398
v 0.0013291120232095121 -0.0030450069223715293 -0.0008544164705034389
v 0.002559957447052954 -0.002127335918083728 -0.0008395749142861013
v 0.003141038347608485 -0.001114313875563877 -0.0008283287101612529
v 0.0033359538763175797 3.719418226493486e-05 -0.0008170825060364044
v 0.0030523406777007737 0.0013517217035951823 -0.0008041298209697794
v 0.0021993767723580433 0.002511102501054796 -0.000790252071836917
v 0.000760850889365728 0.003246963845633777 -0.0007746398275798598
v 3.283381388707876e-05 0.0033326085657043314 -0.0007676142282572189
v -0.0013071000283859668 0.0030602859766717394 -0.0007544410060098543
v -0.002538103404534533 0.0021427592156210706 -0.0007396215035105906
v -0.0031190841692890795 0.001129601200008365 -0.0007283919886859061
v -0.0033138715480147715 -2.190966110133391e-05 -0.0007171624738612218
v -0.0030302428521906703 -0.0013364205955768982 -0.0007042008480980802
v -0.0021773015966124482 -0.002495830599311799 -0.0006903141582687015
v -0.0007388222052420186 -0.003231917249442995 -0.0006746911851758245
v -1.0815858599189109e-05 -0.0033172511312979935 -0.0006676608174817081
v 0.0013290929497236103 -0.0030449133430813236 -0.000654478654537827
v 0.0025600563907610696 -0.002127339047327509 -0.000639649019249178
v 0.0031410013927295503 -0.0011142565806003674 -0.0006284123518672805
v 0.0033358930795812677 3.719467586588837e-05 -0.0006171750884389485
v 0.003195320296392137 0.0009652311139129593 -0.0006081384284465366
v 0.002800694641455384 0.0018169198524150276 -0.0005991011724076903
v 0.0028928756067259113 0.001876751142514843 -0.0006626117081356412
v 0.0032700847848485845 0.0010928228253240246 -0.0006706344931430855
v 0.0034284972378202413 -0.0003389864711689991 -0.0006840830888431574
v 0.0028920864412467244 -0.0018629121364002188 -0.0006991958461881612
v 0.0024291037970236595 -0.002431773041968649 -0.000706005676701538
v 0.001285821170676772 -0.0031818287853487837 -0.0007187622624912352
v -0.0002330541558626111 -0.0034185194205078595 -0.0007331293657467657
v -0.0009182679447918848 -0.0032992478467692155 -0.0007395863367709592
v -0.002081253482075331 -0.0027166559685024017 -0.0007517129014794626
v -0.0030240290681117247 -0.0016009822129983697 -0.0007653528280849868
v -0.0034237908551739723 -1.0625384510486169e-05 -0.00078069685144655
v -0.0033471565690527147 0.0007299978867918722 -0.0007876097979930834
v -0.0027876942726740043 0.0019992045611320897 -0.0008005523502703231
v -0.001621794068326189 0.003029807738293533 -0.0008150982674561828
v -0.0009707796356652762 0.003299131021668067 -0.0008216386849811967
v 0.00033930181698571565 0.0034267281720028464 -0.000833913069205439
v 0.0017472886648635126 0.0029712858131985542 -0.0008477347899734648
v 0.002290439554517578 0.002577424587813959 -0.0008539622831204023
v 0.003059955766947067 0.0015897677483461548 -0.0008656292960279592
v 0.0034384547895538495 0.00023538561011733974 -0.0008787536424677005
v 0.0031784247641617495 -0.0013216921391704939 -0.0008935147324163899
v 0.002833784755309268 -0.0019493448298570915 -0.000900161842253167
v 0.0018744360981635137 -0.0028777515244986507 -0.0009126132522684354
v 0.0004676890268693338 -0.003396661801710832 -0.0009266209395240037
v -0.00020972728260471049 -0.003420307559811153 -0.0009329128056858598
v -0.0014382379925644852 -0.0031067030927530714 -0.000944729426248459
v -0.0025765656849019458 -0.0022515516969959792 -0.0009580194735969721
v -0.003318933770382396 -0.0008354116789532073 -0.0009729730865439828
v -0.003421555084998421 -0.00011675243936287369 -0.0009797125835780966
v -0.00320306174748253 0.0012191033835909498 -0.0009923392312450878
v -0.0023650705285727124 0.0024880662004336807 -0.0010065495742883628
v -0.0018234407494193154 0.0029117285554469685 -0.0010129332316011212
v -0.0006271076062223108 0.003382866306985921 -0.0010249185333046644
v 0.0008159434613002067 0.003346993848376112 -0.0010383951431871545
v 0.0022567736598080334 0.002606657983213856 -0.0010535490277361343
v 0.0027590965607964283 0.0020684937670418513 -0.0010603838921997572
v 0.0033459686485088932 0.0008304794692140932 -0.0010731655119397005
v 0.0033706068239225426 -0.0007083284696565162 -0.001087549304495395
v 0.0031568943748572246 -0.0013712557843791884 -0.001094015216216105
v 0.002417087500905526 -0.0024436693837418533 -0.0011061626425498134
v 0.0011777615283929965 -0.0032229369158386367 -0.0011198341596163626
v -0.00045712589195834357 -0.0033951156572599173 -0.0011352175220425982
v -0.0011793660853944854 -0.0032145079251861275 -0.0011421304685891316
v -0.0023589628407590956 -0.0024788145166900477 -0.0011551028231880929
v -0.0032143151041645916 -0.0011738242691645556 -0.001169689271531494
v -0.003388132377234124 -0.00048667981132835547 -0.0011762690281211803
v -0.003323724791622354 0.0008309254609586564 -0.001188570234434972
v -0.0026668851971577445 0.0021587977820903548 -0.001202407452410293
v -0.002198755691973366 0.002637388647257044 -0.001208621832535673
v -0.0011073583116972827 0.003255478368949627 -0.0012203103031148694
v 0.0002906346256144057 0.0034312313028149743 -0.0012334602795512912
v 0.001795595844188426 0.002942552202733928 -0.0012482559401931776
v 0.002366989798091581 0.0025072922742226944 -0.0012549239116551598
v 0.003143509556125637 0.001416945425787297 -0.0012674087002707563
v 0.003445418996093744 -5.532684612288667e-05 -0.0012814491700802184
v 0.0033657633505963544 -0.0007298623607338434 -0.001287754149263632
v 0.0028685473754581662 -0.0018984537892389186 -0.0012995910354050017
v 0.0018481301848263258 -0.0028946959325366617 -0.0013129037325180233
v 0.00033166169378917614 -0.003412168843772212 -0.0013278901280189277
v -0.0003960013301074209 -0.003403194172608981 -0.0013346463143532057
v -0.0016845094781106089 -0.0029797580172175597 -0.0013472973999240085
v -0.0028095179168242694 -0.0019530123035681468 -0.0013615297966853574
v -0.0031442951453262173 -0.0013494898077214545 -0.0013679366998090587
v -0.0034223615358242063 -9.142041933341873e-05 -0.0013799476315092824
v -0.0031584131011721554 0.0013314786255774202 -0.0013934600041778384
v -0.0021953975663617804 0.0026400845652799765 -0.001408660976395138
v -0.0015854555014046547 0.0030490913305634693 -0.0014154797476050314
v -0.00026674270033666425 0.0034313916393058363 -0.001428289381527393
v 0.0012590944485568756 0.0032077904818700875 -0.001442702976404809
v 0.002180648993388214 0.0026707779764210127 -0.0014526265534916545
v 0.002892861301611485 0.001876772451174874 -0.001462569204064402
v 0.0028928589174257472 0.001876775878441872 -0.0007105201323959201
v 0.0032660638556019114 0.0011048045507489612 -0.0007185000020600855
v 0.00343170515973035 -0.0003055661848433422 -0.0007317548826689673
v 0.0029227339568123093 -0.0018148563396590267 -0.0007466506791118381
v 0.002477124874060046 -0.002383201963084891 -0.000753355605452755
v 0.0013674127749931941 -0.0031479879510107334 -0.0007659268208013441
v -0.0001224291297250436 -0.003424571676003074 -0.000780085903851258
v -0.0008020019351988601 -0.0033297916502552094 -0.0007864552560495901
v -0.0019692241705382436 -0.002799175319094016 -0.0007984065831063707
v -0.0029456370410553294 -0.0017410041002704768 -0.0008118480262492293
v -0.003417932910816382 -0.00019540326233051866 -0.0008269667440585775
v -0.0033826785523590783 0.0005379402889771692 -0.0008337825350362986
v -0.0029069083279317258 0.0018198254297712713 -0.0008465385247795614
v -0.0018265920469181533 0.0029097160046611115 -0.0008608805940848456
v -0.0012068605153219291 0.0032193636174642215 -0.0008673119351123586
v 7.188796836388185e-05 0.0034420334523461715 -0.0008794134658706159
v 0.001491365399404644 0.0031071689030415794 -0.0008930319348045006
v 0.0027586280682989654 0.002068828596126393 -0.0009083622490980718
v 0.0031379901661428037 0.0014294822194542978 -0.0009152644668087855
v 0.0034453534309859565 7.774467406247536e-05 -0.0009281992704823776
v 0.00312382571867498 -0.0014448792909485253 -0.0009427463797611063
v 0.0027607869484844753 -0.002050685091673915 -0.0009493022944934154
v 0.0017848872739474346 -0.0029336532294678697 -0.00096157429453192
v 0.00038479208086150717 -0.003406775815633478 -0.0009753781339069128
v -0.00028256773317081346 -0.0034148194622661276 -0.0009815728444999565
v -0.001487616863378506 -0.0030832585003243707 -0.0009932189957823083
v -0.0025988286152743866 -0.002225804130156245 -0.001006317712225369
v -0.003321551606322418 -0.0008249849641698975 -0.0010210555563631156
v -0.0034215646217413717 -0.00011649484485771848 -0.0010276978978284172
v -0.003209892439621112 0.001200809377413778 -0.001040141559240038
v -0.002395022457949316 0.002458996419780035 -0.001054145670217
v -0.0018668752491427536 0.0028838663648694807 -0.001060437536378856
v -0.0006959771954422329 0.003369141145740273 -0.0010722505806628486
v 0.0007270169095616736 0.0033672248564535767 -0.0010855328794077141
v 0.0021684932224044235 0.0026804741617931227 -0.0011004656307295197
v 0.002681957423345207 0.002167421679926923 -0.0011072045317171992
v 0.003308015987842919 0.0009710743061212973 -0.0011197989928767311
v 0.0034014987185262443 -0.0005432911095777648 -0.001133975957319678
v 0.0032243620628633644 -0.0012059438704115771 -0.0011403435213787067
v 0.0025540518189806093 -0.0023014200709442767 -0.0011523157100606924
v 0.0013813984085306887 -0.0031420638454989214 -0.0011657863594788382
v -0.00021507262702868976 -0.0034197165797714146 -0.0011809456084457277
v -0.0009389483718809108 -0.003293428049383429 -0.0011877679559342276
v -0.002153957438007949 -0.002659253418611285 -0.0012005537479992119
v -0.003100773622823352 -0.001447114614089251 -0.0012149291959048243
v -0.003330274745890319 -0.0007883365276082632 -0.0012214046443684852
v -0.0033868532615858346 0.0005099382137521008 -0.0012335204802411688
v -0.0028710424258326954 0.0018762079952014676 -0.0012471586187073897
v -0.0016750502211961853 0.00300021105259185 -0.0012625163511369448
v -0.0009921872394043083 0.0032928099492309237 -0.0012694149925690519
v 0.00039080380519918056 0.003421515149887311 -0.001282376022285759
v 0.0018615555347154548 0.0029013716526022915 -0.0012969594903969879
v 0.002415429299724938 0.0024607866452458493 -0.0013035291141972889
v 0.0031627976187438315 0.001373331963121921 -0.0013158333007432528
v 0.003444864672909723 -8.10095370335235e-05 -0.0013296699226721393
v 0.0033623027049980467 -0.000745398460058902 -0.0013358848988439538
v 0.0028700076892225227 -0.001896265553766513 -0.001347549527565773
v 0.0018678772031990325 -0.0028821175646308594 -0.0013606697016804732
v 0.00037838815796997804 -0.0034074794484493243 -0.0013754379441863758
v -0.00033905028539038567 -0.0034094863367940542 -0.0013820981670447103
v -0.0016170388098722967 -0.00301701538971777 -0.0013945662663601428
v -0.002751669822223415 -0.002033684804282676 -0.001408593027101613
v -0.0030993598006808813 -0.0014495691333062388 -0.001414902774656502
v -0.003416290802889524 -0.00021991066143116356 -0.0014267390647514373
v -0.003213193344774992 0.0011919511588226739 -0.0014400541460501965
v -0.0023255174832302905 0.0025252621801511443 -0.0014550357731796255
v -0.0017452108469930853 0.0029598011904999333 -0.0014617663295172232
v -0.00046817063238835426 0.0034091078473081904 -0.0014743941692770832
v 0.001046282029607549 0.003282954023414386 -0.0014885937834845384
v 0.0020919954309166506 0.0027405887229609016 -0.0014995640181102452
v 0.002892844612311321 0.0018767983791947718 -0.0015105223318072633
v -0.003313825056392886 -2.1907961437673228e-05 -0.0014919763469999356
v -0.0031871586325654703 0.0009177086297189746 -0.0015010881088430858
v -0.0024125295338214303 0.002284060218541467 -0.0015162747759459591
v -0.0018722104607773475 0.0027480789404791817 -0.0015231090443631476
v -0.0006486725662200327 0.0032666622862220773 -0.0015359228506105502
v 0.0008431160261530576 0.003227012085310843 -0.0015503382336272695
v 0.0019543408910704958 0.0027057611337506504 -0.0015621614107006474
v 0.00280071967540563 0.0018168839406173531 -0.0015739845877740253
v 0.0028929006406761574 0.0018768342909924463 -0.0015104949136712795
v 0.002892913753697715 0.0018768105981466776 -0.0007104968865849773
v 0.0032660650476947803 0.001104804997783787 -0.000718499406013651
v 0.00343170515973035 -0.00030556622209624434 -0.0007317548826689673
v 0.0029227327647194405 -0.0018148560416358095 -0.0007466506791118381
v 0.002477123681967177 -0.002383200770992022 -0.0007533567975456239
v 0.0013674127749931941 -0.0031479867589178645 -0.0007659274168477785
v -0.0001224291297250436 -0.003424571676003074 -0.000780085903851258
v -0.0008020019351988601 -0.0033297931403712955 -0.0007864540639567212
v -0.0019692241705382436 -0.002799175319094016 -0.0007984065831063707
v -0.0029456358489624605 -0.0017410032062008252 -0.0008118492183420982
v -0.0034179346989556855 -0.00019540333683632297 -0.0008269655519657086
v -0.0033826773602662094 0.0005379401027126585 -0.000833783131082733
v -0.0029069077318852913 0.0018198252807596627 -0.0008465391208259958
v -0.0018265920469181533 0.0029097157066378943 -0.0008608805940848456
v -0.0012068611113683636 0.003219364213510656 -0.0008673119351123586
v 7.188796836388185e-05 0.0034420331543229543 -0.0008794134658706159
v 0.0014913642073117752 0.003107168008971928 -0.000893032530850935
v 0.0027586280682989654 0.002068828596126393 -0.0009083622490980718
v 0.003137988974049935 0.0014294820704426892 -0.0009152650628552199
v 0.0034453534309859565 7.774467871908813e-05 -0.0009281992704823776
v 0.003123824526582111 -0.001444878992925308 -0.0009427469758075407
v 0.002760788140577344 -0.002050685836731958 -0.000949301698446981
v 0.0017848884660403035 -0.002933653527491087 -0.00096157429453192
v 0.00038479208086150717 -0.003406775815633478 -0.0009753781339069128
v -0.00028256773317081346 -0.0034148194622661276 -0.0009815728444999565
v -0.0014876162673320716 -0.0030832579042779362 -0.0009932195918287427
v -0.0025988274231815178 -0.002225802938063376 -0.0010063183082718035
v -0.003321553394461721 -0.0008249854112047234 -0.0010210549603166812
v -0.0034215640256949373 -0.00011649481691804187 -0.0010276984938748517
v -0.0032098918435746774 0.0012008093029079736 -0.001040141559240038
v -0.0023950218619028817 0.002458996121756818 -0.001054145670217
v -0.001866875845189188 0.002883866960915915 -0.001060437536378856
v -0.0006959771954422329 0.00336913935760097 -0.001072251176709283
v 0.0007270169095616736 0.0033672245584303595 -0.0010855334754541486
v 0.0021684932224044235 0.0026804741617931227 -0.0011004656307295197
v 0.002681957423345207 0.002167422126961749 -0.0011072039356707648
v 0.003308017179935788 0.0009710746786503188 -0.0011197983968302967
v 0.0034014987185262443 -0.000543291146830667 -0.001133975957319678
v 0.0032243608707704955 -0.0012059436468941642 -0.0011403441174251412
v 0.0025540506268877405 -0.002301419176874625 -0.0011523163061071269
v 0.0013813984085306887 -0.0031420638454989214 -0.0011657863594788382
v -0.00021507262702868976 -0.0034197165797714146 -0.0011809456084457277
v -0.0009389495639737797 -0.003293429241476298 -0.0011877673598877931
v -0.002153958630100818 -0.002659254908727371 -0.0012005531519527774
v -0.0031007724307304833 -0.0014471140180428166 -0.0012149297919512587
v -0.003330274745890319 -0.0007883365276082632 -0.0012214046443684852
v -0.0033868520694929657 0.0005099380647404922 -0.0012335210762876032
v -0.002871041829786261 0.0018762076971782504 -0.0012471586187073897
v -0.0016750502211961853 0.00300021105259185 -0.0012625163511369448
v -0.0009921872394043083 0.003292808757138055 -0.0012694155886154863
v 0.0003908026131063117 0.0034215142558176592 -0.0012823766183321934
v 0.001861554342622586 0.00290137075853264 -0.0012969600864434223
v 0.002415429299724938 0.0024607866452458493 -0.0013035291141972889
v 0.0031627964266509627 0.0013733316650987037 -0.0013158338967896872
v 0.0034448658650025918 -8.100956497320011e-05 -0.0013296699226721393
v 0.0033623027049980467 -0.0007453985345647063 -0.0013358843027975193
v 0.0028700076892225227 -0.0018962654047549043 -0.001347549527565773
v 0.0018678783952919013 -0.0028821175646308594 -0.0013606691056340387
v 0.00037838815796997804 -0.0034074800444957587 -0.0013754379441863758
v -0.00033905028539038567 -0.0034094869328404886 -0.0013820981670447103
v -0.0016170394059187312 -0.0030170165818106387 -0.0013945656703137084
v -0.0027516692261769808 -0.002033684059224633 -0.0014085936231480474
v -0.003099359204634447 -0.0014495688352830216 -0.0014149033707029364
v -0.0034162896107966553 -0.00021991058692535925 -0.0014267396607978717
v -0.003213192152682123 0.0011919507862936524 -0.001440054742096631
v -0.002325516887183856 0.0025252609880582755 -0.00145503636922606
v -0.0017452108469930853 0.0029598002964302816 -0.0014617669255636576
v -0.00046817063238835426 0.003409107251261756 -0.0014743941692770832
v 0.001046282029607549 0.003282954023414386 -0.0014885937834845384
v 0.0020919954309166506 0.0027405887229609016 -0.0014995640181102452
v 0.0028007649749346468 0.0018168086897550062 -0.000773987752780592
v 0.0031953417540637767 0.0009651682310141269 -0.0007829785171975527
v 0.003335899040045612 3.7193269568832135e-05 -0.0007919698776609478
v 0.0030756735114230186 -0.0012821434151647215 -0.0008049350797026959
v 0.0022434639429271836 -0.0024565152274851065 -0.0008188259418571158
v 0.0008182966526233412 -0.003218056785656731 -0.0008344536833214682
v 9.195327553257479e-05 -0.003316353187344523 -0.0008414858391548878
v -0.001252586217539321 -0.0030678661972016186 -0.0008546715783773755
v -0.0024996345676563413 -0.002172284971797056 -0.0008695053859910655
v -0.003098518779161899 -0.0011697163171384556 -0.0008807456296515697
v -0.0033138739322005092 -2.1908664586201346e-05 -0.0008919858733120738
v -0.0030536466154386125 0.0012974224694649317 -0.0009049570358181662
v -0.0022213875750887197 0.0024717255874337485 -0.0009188544544833648
v -0.0007961892903702867 0.003233092056965259 -0.0009344893485049304
v -6.991863094452105e-05 0.003331767544185349 -0.0009415244845705223
v 0.0012746536446812684 0.003083260586486891 -0.0009547167803037887
v 0.0025216268929475504 0.0021876060473708936 -0.0009695571444282575
v 0.003120626141414953 0.00118506555590632 -0.0009808027525066714
v 0.003335986062825039 3.719495526265451e-05 -0.000992047764538651
v 0.003075774839316872 -0.0012821760487070066 -0.0010050040258838826
v 0.002243540236870791 -0.0024565372812031805 -0.001018885947341786
v 0.0008183109577377675 -0.0032178469773118112 -0.0010345023639238842
v 9.19306257680664e-05 -0.003316422626754134 -0.0010415303474322628
v -0.0012526344973005099 -0.0030679529219578283 -0.0010547071459582342
v -0.0024997466243860144 -0.0021724448612530922 -0.001069530820782539
v -0.0030986409686809572 -0.0011697736121019653 -0.0010807633158393954
v -0.003313859627086083 -2.1908529544431045e-05 -0.001091995810896252
v -0.0030536412510207027 0.001297431112138231 -0.001104956840612959
v -0.0022214465836857284 0.00247181424934087 -0.0011188441264887723
v -0.0007962846577997957 0.003233348058908847 -0.0011344670995816492
v -6.991028629443902e-05 0.0033316069096712697 -0.0011414974672757656
v 0.0012746202660809402 0.0030831300523177507 -0.0011546796302196467
v 0.0025216936501482067 0.002187586824873383 -0.0011695092655082957
v 0.0031205522316570837 0.0011849938813225797 -0.0011807459328901932
v 0.003335872814002497 3.719307399109584e-05 -0.0011919831963185252
v 0.0030756472853799037 -0.0012821258317949058 -0.0012049537627781832
v 0.0022434031461908716 -0.0024564331220887636 -0.0012188505853969473
v 0.0008182227428654717 -0.0032178502555672006 -0.0012344848833720785
v 9.195804390405024e-05 -0.00331643484570604 -0.0012415200194376703
v -0.001252598734514444 -0.0030679308682397544 -0.0012547117191245023
v -0.0024995701946414228 -0.0021722821405764925 -0.001269552083248971
v -0.003098547985437186 -0.0011697574443424313 -0.0012807970952809506
v -0.0033139389012618622 -2.1909824082780825e-05 -0.0012920421073129302
v -0.0030537252935679575 0.0012974533148679135 -0.001305001348890334
v -0.0022214745978681467 0.0024717881723093638 -0.001318885654533975
v -0.000796247702920861 0.0032330807320830046 -0.0013345062434411143
v -6.989598118001267e-05 0.00333175353709414 -0.0013415354190423618
v 0.0012746810628172522 0.003083275785670969 -0.0013547146017540708
v 0.0025217568310702564 0.002187726746773866 -0.001369541852856982
v 0.0031206988590799538 0.001185078072881443 -0.0013807767320995763
v 0.003335924073995858 3.7193921494619794e-05 -0.0013920116113421705
v 0.0030757080821162157 -0.0012821575712675393 -0.00140497025687314
v 0.0022435175871062824 -0.0024565536724801273 -0.0014188539664703465
v 0.0008183407600594891 -0.0032180460568209113 -0.001434473363284617
v 9.194135460388616e-05 -0.0033163263652549735 -0.0014415025388858644
v -0.0012525927740500997 -0.003067855766389016 -0.001454681125551139
v -0.002499694768346219 -0.0021723407021386754 -0.001469507780607616
v -0.003098539640787104 -0.0011697163916442599 -0.0014807420638037758
v 0.003212857174585973 0.0009042874521548866 -0.0015201651710234918
v 0.002892931635090748 0.0018768527684319136 -0.0015105580945933292
v 0.002800747093541614 0.0018169000338710828 -0.001574039424045993
v 0.0028929852792698467 0.001876846956979178 -0.001462569204064402
v 0.0032128690955146614 0.0009042896873290157 -0.0014721828370053433
v 0.0032128690955146614 0.0009042893147999942 -0.0015201741117200082
v 0.002892972166248289 0.0018768728849990757 -0.0015105223318072633
v 0.0028928982564904197 0.0018767936108232963 -0.001462490525935057
v 0.003212882208536219 0.0009042919225031448 -0.0014721846251446466
v 0.0028007494777273515 0.0018169091235792079 -0.0013990479395006312
v 0.0021354031085505393 0.0025655465744686134 -0.0007009029231763723
v 0.002800798353534975 0.0018168332766704265 -0.0007740586823062894
v 0.0028929423639265676 0.001876833247911186 -0.0007105606635534615
v 0.0033359407632960222 3.719421486122424e-05 -0.0008170991953365685
v 0.003052310875379052 0.0013517117198174056 -0.0008041393577127303
v 0.002199336241200502 0.002511088493963587 -0.0007902544560226548
v 0.0007608270475083507 0.003247050868413204 -0.0007746332710690811
v 3.284931109437397e-05 0.0033326240629116266 -0.0007676040954678336
v -0.0013070845311786716 0.003060278228068092 -0.0007544237206632558
v -0.0025380241303587536 0.00214267472603899 -0.0007395964695603445
v -0.0031190329092957185 0.0011295866713765257 -0.0007283609942713157
v -0.003313903734522231 -2.1909581938916838e-05 -0.000717125518982287
v -0.003313903734522231 -2.1909400331018847e-05 -0.0004920744785947841
v 0.0033359407632960222 3.71943266199307e-05 -0.0004920744785947841
v 0.003192931342282937 0.0009727360090746873 -0.0004920744785947841
v 0.0027921437593070335 0.0018300915845463062 -0.0004920744785947841
v 0.002166045855744649 0.0025398033289655286 -0.0004920744785947841
v 0.001365359991073013 0.0030443742190813805 -0.0004920744785947841
v 0.0004549527066584073 0.0033029272414089594 -0.0004920744785947841
v -0.00049141882751691 0.003294515834126266 -0.0004920744785947841
v -0.0013970857546384842 0.003019821576331072 -0.0004920744785947841
v -0.002188676546767134 0.0025010984576993023 -0.0004920744785947841
v -0.0028020607798831003 0.0017803704340673132 -0.0004920744785947841
v -0.003187546658794285 0.0009160263631635968 -0.0004920744785947841
v 0.0033359407632960222 3.719458273363299e-05 -0.0006171208482134153
v 0.0031952022791981198 0.0009652191929842707 -0.0006080943210103887
v 0.00280071967540563 0.0018169359456687573 -0.0005990677938073622
v 0.0021354126452934902 0.002565557303304433 -0.0006529122445081418
v 0.0021354114532006214 0.0025655578993508676 -0.000700909479687151
v 0.0028007912009777617 0.0018168261241132133 -0.0007740288799845678
v 0.0031952213526840216 0.0009651563845912425 -0.0007830232206801351
v 0.0033359407632960222 3.719409378929225e-05 -0.0007920169653292679
v -0.003313903734522231 -2.190961453520622e-05 -0.0009171205554056043
v -0.0030302738466052607 -0.0013364270030760683 -0.0009041547573174218
v -0.002177299808473145 -0.0024958034791990324 -0.0008902627030701331
v -0.0007387900187345593 -0.0032317658536486493 -0.0008746343655593463
v -1.0812282320582522e-05 -0.003317339048147072 -0.0008676016136794922
v 0.0013291203678595942 -0.0030449932133035373 -0.0008544152784105701
v 0.002560059967039676 -0.002127389860286044 -0.0008395802787040112
v 0.0031410693420230755 -0.0011143020291409927 -0.000828340035043507
v 0.0033359407632960222 3.719421486122424e-05 -0.0008170991953365685
v 0.0033359407632960222 3.719409378929225e-05 -0.0007920169653292679
v 0.0030757200030449043 -0.0012821569752211048 -0.0008049803792317127
v 0.0022434889768774297 -0.0024565118002181086 -0.0008188694532468292
v 0.0008182871158803903 -0.003217926549510808 -0.0008344942144790095
v 9.194612297536161e-05 -0.0033164259050095235 -0.0008415257742659947
v -0.0012526172119539114 -0.0030679395109130536 -0.0008547091293027447
v -0.0024996721185817105 -0.00217236052068262 -0.0008695411487771314
v -0.003098596265198375 -0.0011697599030339734 -0.0008807796042983322
v -0.003313903734522231 -2.1909228036346394e-05 -0.0008920180598195331
v 0.0033359407632960222 3.719464792621176e-05 -0.0010171288024530827
v 0.0030523096832861833 0.0013517121668522314 -0.0010041647925042034
v 0.002199336241200502 0.002511088791986804 -0.000990274526396218
v 0.0007608258554154819 0.003247050868413204 -0.000974648573071169
v 3.284931109437397e-05 0.0033326240629116266 -0.0009676164172377494
v -0.0013070845311786716 0.003060278228068092 -0.0009544318701081306
v -0.0025380241303587536 0.0021426745770273814 -0.0009395992545873094
v -0.0031190329092957185 0.0011295865968707214 -0.0009283596069732396
v -0.003313903734522231 -2.190961453520622e-05 -0.0009171205554056043
v -0.003313903734522231 -2.1909228036346394e-05 -0.0008920180598195331
v -0.0030536835703175473 0.0012974419899856593 -0.0009049814737219779
v -0.0022214519481036383 0.0024717966659710544 -0.0009188705477370944
v -0.0007962500871065987 0.0032332115642753623 -0.0009344965010621435
v -6.990909420157015e-05 0.003331710919774078 -0.0009415280608491289
v 0.0012746536446812684 0.003083224525677608 -0.0009547120119323132
v 0.002521709147355502 0.0021876455354471747 -0.0009695440314067
v 0.0031206332939721663 0.0011850448432927235 -0.0009807824869279007
v 0.0033359407632960222 3.719429868025408e-05 -0.000992021538495536
v -0.003313903734522231 -2.190947483682315e-05 -0.0011171287048504792
v -0.0030302738466052607 -0.0013364268540644597 -0.0011041658869944688
v -0.002177299808473145 -0.0024958034791990324 -0.0010902768129793523
v -0.0007387900187345593 -0.0032317658536486493 -0.001074652051747172
v -1.0812282320582522e-05 -0.003317339048147072 -0.0010676204919601868
v 0.001329121559952463 -0.0030449932133035373 -0.0010544371369234369
v 0.002560061159132545 -0.002127389562262827 -0.0010396057134954844
v 0.0031410693420230755 -0.0011143017311177755 -0.0010283672579742835
v 0.0033359407632960222 3.719464792621176e-05 -0.0010171288024530827
v 0.0033359407632960222 3.719429868025408e-05 -0.000992021538495536
v 0.0030757200030449043 -0.0012821568262094962 -0.0010049843563515464
v 0.0022434889768774297 -0.0024565116512065 -0.0010188734303666629
v 0.0008182871158803903 -0.003217926549510808 -0.0010344981915988431
v 9.194612297536161e-05 -0.0033164259050095235 -0.0010415297513858284
v -0.001252616615907477 -0.0030679395109130536 -0.0010547131064225785
v -0.0024996721185817105 -0.00217236052068262 -0.0010695445298505308
v -0.003098596265198375 -0.001169759828528169 -0.0010807829853717317
v -0.003313903734522231 -2.1909176813605935e-05 -0.0010920214408929325
v 0.0033359407632960222 3.719444769186269e-05 -0.001217128011201441
v 0.0030523096832861833 0.0013517118688290142 -0.0012041651933454307
v 0.002199336241200502 0.002511088493963587 -0.0011902767153767486
v 0.0007608258554154819 0.003247050868413204 -0.001174651358098134
v 3.284931109437397e-05 0.0033326240629116266 -0.0011676203943575831
v -0.0013070845311786716 0.003060278228068092 -0.0011544370393208332
v -0.0025380241303587536 0.00214267472603899 -0.0011396050198464464
v -0.0031190329092957185 0.00112958674588233 -0.00112836716037168
v -0.003313903734522231 -2.190947483682315e-05 -0.0011171287048504792
v -0.003313903734522231 -2.1909176813605935e-05 -0.0010920214408929325
v -0.0030536835703175473 0.0012974419899856593 -0.0011049842587489429
v -0.0022214519481036383 0.002471796814982663 -0.0011188733327640594
v -0.0007962500871065987 0.0032332115642753623 -0.0011344980939962397
v -6.990909420157015e-05 0.003331710919774078 -0.0011415296537832249
v 0.0012746536446812684 0.003083224525677608 -0.0011547130088199748
v 0.002521709147355502 0.002187645386435566 -0.0011695450282943616
v 0.0031206332939721663 0.0011850446197753106 -0.0011807834838155624
v 0.0033359407632960222 3.719403325332625e-05 -0.0011920219393367632
v 0.0028929769346197646 0.0018768606660471698 -0.0007105201323959201
v 0.0028929960081056664 0.0018768369732014012 -0.0006625717730245343
v 0.002135397148086195 0.002565538825864966 -0.000700909479687151
v 0.002135397148086195 0.0025655394219114003 -0.0006529122445081418
v 0.0028929685899696826 0.0018768143234368928 -0.0006625324339598618
v 0.0028007244437771054 0.0018169408630518413 -0.0005990379914856406
v 0.0021353923797147196 0.0025655316733077527 -0.0006529205891582238
v -0.003313903734522231 -2.1909400331018847e-05 -0.0004920744785947841
v -0.003170895505602014 -0.0009574511433217414 -0.0004920744785947841
v -0.0027701073265796764 -0.0018148065697817517 -0.0004920744785947841
v -0.0021440088269708574 -0.002524518314200974 -0.0004920744785947841
v -0.0013433229622992215 -0.003029089204316826 -0.0004920744785947841
v -0.00043291686997748473 -0.003287642226644405 -0.0004920744785947841
v 0.0005134546641978326 -0.0032792308193617115 -0.0004920744785947841
v 0.0014191221873658412 -0.0030045365615665176 -0.0004920744785947841
v 0.0022107123834480564 -0.002485813442934748 -0.0004920744785947841
v 0.0028240978086568917 -0.0017650854193027588 -0.0004920744785947841
v 0.0032095836875680765 -0.0009007414974106509 -0.0004920744785947841
v 0.0033359407632960222 3.71943266199307e-05 -0.0004920744785947841
v -0.003313903734522231 -2.1909581938916838e-05 -0.000717125518982287
v -0.0030302738466052607 -0.0013364270030760683 -0.0007041621050798422
v -0.002177299808473145 -0.0024958037772222497 -0.0006902724350182913
v -0.0007387900187345593 -0.0032317658536486493 -0.0006746464816932421
v -1.0812282320582522e-05 -0.003317339048147072 -0.0006676149219062569
v 0.001329121559952463 -0.0030449932133035373 -0.0006544309708230725
v 0.002560061159132545 -0.002127389562262827 -0.0006395983553022514
v 0.0031410693420230755 -0.0011143017311177755 -0.0006283593037346161
v 0.0033359407632960222 3.719458273363299e-05 -0.0006171208482134153
v -0.003313903734522231 -2.1909400331018847e-05 -0.0004920744785947841
v -0.003170895505602014 -0.0009574511433217414 -0.0004920744785947841
v -0.0027701073265796764 -0.0018148065697817517 -0.0004920744785947841
v -0.0021440088269708574 -0.002524518314200974 -0.0004920744785947841
v -0.0013433229622992215 -0.003029089204316826 -0.0004920744785947841
v -0.00043291686997748473 -0.003287642226644405 -0.0004920744785947841
v 0.0005134546641978326 -0.0032792308193617115 -0.0004920744785947841
v 0.0014191221873658412 -0.0030045365615665176 -0.0004920744785947841
v 0.0022107123834480564 -0.002485813442934748 -0.0004920744785947841
v 0.0028240978086568917 -0.0017650854193027588 -0.0004920744785947841
v 0.0032095836875680765 -0.0009007414974106509 -0.0004920744785947841
v 0.0033359407632960222 3.71943266199307e-05 -0.0004920744785947841
v 0.003192931342282937 0.0009727360090746873 -0.0004920744785947841
v 0.0027921437593070335 0.0018300915845463062 -0.0004920744785947841
v 0.002166045855744649 0.0025398033289655286 -0.0004920744785947841
v 0.001365359991073013 0.0030443742190813805 -0.0004920744785947841
v 0.0004549527066584073 0.0033029272414089594 -0.0004920744785947841
v -0.00049141882751691 0.003294515834126266 -0.0004920744785947841
v -0.0013970857546384842 0.003019821576331072 -0.0004920744785947841
v -0.002188676546767134 0.0025010984576993023 -0.0004920744785947841
v -0.0028020607798831003 0.0017803704340673132 -0.0004920744785947841
v -0.003187546658794285 0.0009160263631635968 -0.0004920744785947841
v 0.003066294124730809 3.479772169595087e-05 -0.0004920744785947841
v 0.0029251503290574936 -0.000910663733393019 -0.0004920744785947841
v 0.00249875063079408 -0.0017662347458399508 -0.0004920744785947841
v 0.0018288337775580492 -0.002448166554089637 -0.0004920744785947841
v 0.0009809767980655257 -0.002889706427834038 -0.0004920744785947841
v 3.8173197846713725e-05 -0.003047633997031285 -0.0004920744785947841
v -0.0009072875773767926 -0.002906489307288318 -0.0004920744785947841
v -0.0017628591858701596 -0.002480089460013296 -0.0004920744785947841
v -0.0024447905470850206 -0.0018101729048004833 -0.0004920744785947841
v -0.0028863310168758564 -0.0009623160743195691 -0.0004920744785947841
v -0.0030442582880498862 -1.9512796571192212e-05 -0.0004920744785947841
v -0.0029031138963301365 0.0009259485991459648 -0.0004920744785947841
v -0.0024767136020202884 0.0017815197606045052 -0.0004920744785947841
v -0.0018067973448306922 0.0024634515688541914 -0.0004920744785947841
v -0.0009589397692917343 0.0029049914425985923 -0.0004920744785947841
v -1.6137361165791133e-05 0.0030629190117958394 -0.0004920744785947841
v 0.0009293246061505841 0.0029217743220528725 -0.0004920744785947841
v 0.0017848956185975166 0.0024953744747778506 -0.0004920744785947841
v 0.002466827575858812 0.0018254579195650378 -0.0004920744785947841
v 0.002908366853556779 0.000977600940072515 -0.0004920744785947841
v -0.0030442582880498862 -1.9512796571192212e-05 -0.0004920744785947841
v -0.0029031138963301365 0.0009259485991459648 -0.0004920744785947841
v -0.0024767136020202884 0.0017815197606045052 -0.0004920744785947841
v -0.0018067973448306922 0.0024634515688541914 -0.0004920744785947841
v -0.0009589397692917343 0.0029049914425985923 -0.0004920744785947841
v -1.6137361165791133e-05 0.0030629190117958394 -0.0004920744785947841
v 0.0009293246061505841 0.0029217743220528725 -0.0004920744785947841
v 0.0017848956185975166 0.0024953744747778506 -0.0004920744785947841
v 0.002466827575858812 0.0018254579195650378 -0.0004920744785947841
v 0.002908366853556779 0.000977600940072515 -0.0004920744785947841
v 0.003066294124730809 3.479772169595087e-05 -0.0004920744785947841
v -0.002988442115744008 -1.9016706658153823e-05 -0.0004424142738637118
v 0.0030104791445177996 3.4301629454606096e-05 -0.0004424142738637118
v 0.002855436738086417 0.0009598810756233089 -0.0004424142738637118
v 0.0024219631607391733 0.0017922488944474846 -0.0004424142738637118
v 0.0017524897660503595 0.0024499269772337295 -0.0004424142738637118
v 0.0009125482832070827 0.0028685372426687783 -0.0004424142738637118
v -1.564145053234435e-05 0.0030071031375131785 -0.0004424142738637118
v -0.0009412205008889627 0.002852061029105013 -0.0004424142738637118
v -0.0017735880216899218 0.0024185873027461613 -0.0004424142738637118
v -0.002431266253487776 0.0017491134610225223 -0.0004424142738637118
v -0.002849876220899608 0.0009091723507082677 -0.0004424142738637118
v 0.003066294124730809 3.479772169595087e-05 -0.0004920744785947841
v 0.0029251503290574936 -0.000910663733393019 -0.0004920744785947841
v 0.00249875063079408 -0.0017662347458399508 -0.0004920744785947841
v 0.0018288337775580492 -0.002448166554089637 -0.0004920744785947841
v 0.0009809767980655257 -0.002889706427834038 -0.0004920744785947841
v 3.8173197846713725e-05 -0.003047633997031285 -0.0004920744785947841
v -0.0009072875773767926 -0.002906489307288318 -0.0004920744785947841
v -0.0017628591858701596 -0.002480089460013296 -0.0004920744785947841
v -0.0024447905470850206 -0.0018101729048004833 -0.0004920744785947841
v -0.0028863310168758564 -0.0009623160743195691 -0.0004920744785947841
v -0.0030442582880498862 -1.9512796571192212e-05 -0.0004920744785947841
v 0.0030104791445177996 3.4301629454606096e-05 -0.0004424142738637118
v -0.002988442115744008 -1.9016706658153823e-05 -0.0004424142738637118
v -0.00283340030535906 -0.0009445962098703631 -0.0004424142738637118
v -0.0023999267280118163 -0.0017769638796829301 -0.0004424142738637118
v -0.001730452737276568 -0.002434641962469175 -0.0004424142738637118
v -0.0008905112544332912 -0.002853252227904224 -0.0004424142738637118
v 3.767728721326694e-05 -0.002991818122748624 -0.0004424142738637118
v 0.0009632575296627541 -0.0028367760143404586 -0.0004424142738637118
v 0.0017956244544172788 -0.002403302287981607 -0.0004424142738637118
v 0.0024533032822615674 -0.0017338284462579678 -0.0004424142738637118
v 0.002871912653626965 -0.0008938874849553219 -0.0004424142738637118
v 0.002760909734049968 3.208346127532135e-05 0.0016879206518548582
v 0.00260343068979463 -0.0009099087660780075 0.0016879206518548582
v 0.0021332680702224067 -0.0017412307469271693 0.0016879206518548582
v 0.0014071309251979538 -0.002361612714194966 0.0016879206518548582
v 0.0005126011257037271 -0.00269622766905514 0.0016879206518548582
v -0.0004424261947924006 -0.0027047159663278753 0.0016879206518548582
v -0.0013427608905115529 -0.0023860537472504273 0.0016879206518548582
v -0.002079810453657573 -0.0017786764701006597 0.0016879206518548582
v -0.002564675154581477 -0.000955842786524233 0.0016879206518548582
v -0.0027388733013226107 -1.6798538478869076e-05 0.0016879206518548582
v -0.002988442115744008 -1.9016706658153823e-05 -0.0004424142738637118
v -0.00283340030535906 -0.0009445962098703631 -0.0004424142738637118
v -0.0023999267280118163 -0.0017769638796829301 -0.0004424142738637118
v -0.001730452737276568 -0.002434641962469175 -0.0004424142738637118
v -0.0008905112544332912 -0.002853252227904224 -0.0004424142738637118
v 3.767728721326694e-05 -0.002991818122748624 -0.0004424142738637118
v 0.0009632575296627541 -0.0028367760143404586 -0.0004424142738637118
v 0.0017956244544172788 -0.002403302287981607 -0.0004424142738637118
v 0.0024533032822615674 -0.0017338284462579678 -0.0004424142738637118
v 0.002871912653626965 -0.0008938874849553219 -0.0004424142738637118
v 0.0030104791445177996 3.4301629454606096e-05 -0.0004424142738637118
v 0.002713220058831125 -0.0008438797851529761 0.0009778088112665233
v 0.0027925657601826108 -0.000868883635054149 0.000267697566724623
v 0.002317830272365431 -0.0016372294358038275 0.0009778088112665233
v 0.0023855661812670647 -0.001685529015536702 0.000267697566724623
v 0.00169663306258694 -0.002269567647511489 0.0009778088112665233
v 0.0017461287585021094 -0.002336434967746548 0.000267697566724623
v 0.0009104358946434584 -0.0026789965626821677 0.0009778088112665233
v 0.0009368467121531062 -0.002757886288511313 0.000267697566724623
v 3.619909205587749e-05 -0.002825438615111142 0.0009778088112665233
v 3.693818963457222e-05 -0.0029086282199182745 0.000267697566724623
v -0.0008405041506773799 -0.00269455903706195 0.0009778088112665233
v -0.00086550829860177 -0.002773905632483087 0.000267697566724623
v -0.0016338538758340364 -0.0022991689525730385 0.0009778088112665233
v -0.0016821533065553022 -0.002366905457521107 0.000267697566724623
v -0.0022661917895184813 -0.0016779721898293742 0.0009778088112665233
v -0.002333059258765149 -0.0017274680347561522 0.000267697566724623
v -0.0026756208537007686 -0.0008917757669439363 0.0009778088112665233
v -0.0027545105795299145 -0.0009181859884071497 0.000267697566724623
v -0.0027388733013226107 -1.6798538478869076e-05 0.0016879206518548582
v -0.0025813936610208387 0.0009251936318309534 0.0016879206518548582
v -0.0021112310414486152 0.0017565157616917237 0.0016879206518548582
v -0.0013850938964241623 0.0023768977289595206 0.0016879206518548582
v -0.0004905652890228045 0.0027115126838196946 0.0016879206518548582
v 0.00046446203147332315 0.0027200009810924297 0.0016879206518548582
v 0.0013647973232389099 0.0024013387620149818 0.0016879206518548582
v 0.00210184688638493 0.0017939614848652141 0.0016879206518548582
v 0.002586711587308834 0.0009711276522771789 0.0016879206518548582
v 0.002760909734049968 3.208346127532135e-05 0.0016879206518548582
v 0.0030104791445177996 3.4301629454606096e-05 -0.0004424142738637118
v 0.002855436738086417 0.0009598810756233089 -0.0004424142738637118
v 0.0024219631607391733 0.0017922488944474846 -0.0004424142738637118
v 0.0017524897660503595 0.0024499269772337295 -0.0004424142738637118
v 0.0009125482832070827 0.0028685372426687783 -0.0004424142738637118
v -1.564145053234435e-05 0.0030071031375131785 -0.0004424142738637118
v -0.0009412205008889627 0.002852061029105013 -0.0004424142738637118
v -0.0017735880216899218 0.0024185873027461613 -0.0004424142738637118
v -0.002431266253487776 0.0017491134610225223 -0.0004424142738637118
v -0.002849876220899608 0.0009091723507082677 -0.0004424142738637118
v -0.002988442115744008 -1.9016706658153823e-05 -0.0004424142738637118
v -0.0026911830300573336 0.000859164650905922 0.0009778088112665233
v -0.002770529923501688 0.0008841685008070949 0.000267697566724623
v -0.0022957932435916394 0.001652514450568382 0.0009778088112665233
v -0.0023635297485397077 0.0017008140303012564 0.000267697566724623
v -0.001674596629859583 0.0022848526622760434 0.0009778088112665233
v -0.0017240923257747524 0.0023517199825111024 0.000267697566724623
v -0.0008884000579625358 0.002694281577446722 0.0009778088112665233
v -0.0009148096833793148 0.0027731713032758676 0.000267697566724623
v -1.4162063282086036e-05 0.0028407236298756966 0.0009778088112665233
v -1.4901160860780762e-05 0.002923913234682829 0.000267697566724623
v 0.0008625399873583025 0.0027098440518265043 0.0009778088112665233
v 0.0008875441352826926 0.0027891906472476413 0.000267697566724623
v 0.001655889712514959 0.002314453967337593 0.0009778088112665233
v 0.0017041897392826592 0.0023821904722856613 0.000267697566724623
v 0.0022882282222458383 0.0016932572045939287 0.0009778088112665233
v 0.0023550950954460714 0.0017427530495207066 0.000267697566724623
v 0.0026976572864281256 0.0009070606326968822 0.0009778088112665233
v 0.002776547608303706 0.0009334708541600956 0.000267697566724623
v 0.002760909734049968 3.208346127532135e-05 0.0021879207598882746
v 0.0027242481099609716 0.00045584044331668794 0.0021879207598882746
v 0.002622680605441021 0.0008688753649098713 0.0021879207598882746
v 0.0024586343215711203 0.0012613075689679176 0.0021879207598882746
v 0.002760909734049968 3.208346127532135e-05 0.0016879206518548582
v -0.0027388733013226107 -1.6798538478869076e-05 0.0016879206518548582
v -0.0025813936610208387 0.0009251936318309534 0.0016879206518548582
v -0.0021112310414486152 0.0017565157616917237 0.0016879206518548582
v -0.0013850938964241623 0.0023768977289595206 0.0016879206518548582
v -0.0004905652890228045 0.0027115126838196946 0.0016879206518548582
v 0.00046446203147332315 0.0027200009810924297 0.0016879206518548582
v 0.0013647973232389099 0.0024013387620149818 0.0016879206518548582
v 0.00210184688638493 0.0017939614848652141 0.0016879206518548582
v 0.002586711587308834 0.0009711276522771789 0.0016879206518548582
v -0.0027388733013226107 -1.6798538478869076e-05 0.0021879207598882746
v -0.0024875157515514856 0.0011564794669342154 0.0021879207598882746
v -0.0026285486825879966 0.0007791247044699329 0.0021879207598882746
v -0.002712938128867639 0.0003852143425073992 0.0021879207598882746
v -0.0024875157515514856 0.0011564794669342154 0.002687920271875256
v -0.0012426465471987458 0.0024552584635781083 0.002687920271875256
v -0.0017511230315762087 0.0021188880029569257 0.002687920271875256
v -0.0021729909887986416 0.0016787509244959586 0.002687920271875256
v -0.0012426465471987458 0.0024552584635781083 0.0021879207598882746
v 0.0011598551014098135 0.0025061767733206564 0.0021879207598882746
v 0.0003662359632647941 0.002734604118735995 0.0021879207598882746
v -0.0004594182865451661 0.002717105387513963 0.0021879207598882746
v 0.0011598551014098135 0.0025061767733206564 0.002687920271875256
v 0.0024586343215711203 0.0012613075689679176 0.002687920271875256
v 0.0021222638609499373 0.0017697839043337715 0.002687920271875256
v 0.0016821264844657528 0.0021916517125445956 0.002687920271875256
v 0.0025867258924232605 0.0012148511138219131 0.002687920271875256
v 0.0025867258924232605 0.0012148511138219131 0.0021879207598882746
v 0.002537845316428424 0.0012073759464761025 0.002687920271875256
v 0.0024913584629142637 0.0012242355669088156 0.002687920271875256
v 0.0024586343215711203 0.0012613075689679176 0.002687920271875256
v 0.0024586343215711203 0.0012613075689679176 0.0021879207598882746
v 0.0024913584629142637 0.0012242355669088156 0.0021879207598882746
v 0.002537845316428424 0.0012073759464761025 0.0021879207598882746
v 0.0025867258924232605 0.0012148511138219131 0.0021879207598882746
v 0.0028696095302043227 0.0013349817394841812 0.0021879207598882746
v 0.0028696095302043227 0.0013349817394841812 0.002687920271875256
v 0.0025867258924232605 0.0012148511138219131 0.002687920271875256
v 0.002918332749940469 -0.0012035140871216182 0.0021879207598882746
v 0.0026378535634759026 -0.0010902461165879784 0.0021879207598882746
v 0.003049262693913371 -0.0011462954175555234 0.0021879207598882746
v 0.0030184447090675385 -0.0011887179049391017 0.0021879207598882746
v 0.002970398598080906 -0.0012097150562022235 0.0021879207598882746
v 0.003239515947412344 -0.0003655876510086434 0.0021879207598882746
v 0.003197697329572649 -0.0006307729937708451 0.0021879207598882746
v 0.0031341349378049025 -0.0008916021684199082 0.0021879207598882746
v 0.0032323717348492513 0.000438198809962001 0.0021879207598882746
v 0.0030006872936929633 0.0012821532499308896 0.0021879207598882746
v 0.0031031739018148067 0.0010081786436994672 0.0021879207598882746
v 0.0031806110624832433 0.000726098774535236 0.0021879207598882746
v 0.0028696095302043227 0.0013349817394841812 0.0021879207598882746
v 0.002920823031943523 0.0013421998618051434 0.0021879207598882746
v 0.002968792848986548 0.001322866499657932 0.0021879207598882746
v 0.0025867258924232605 0.0012148511138219131 0.0021879207598882746
v 0.0024586343215711203 0.0012613075689679176 0.0021879207598882746
v 0.0024913584629142637 0.0012242355669088156 0.0021879207598882746
v 0.002537845316428424 0.0012073759464761025 0.0021879207598882746
v 0.002760909734049968 3.208346127532135e-05 0.0021879207598882746
v 0.0027242481099609716 0.00045584044331668794 0.0021879207598882746
v 0.002622680605441021 0.0008688753649098713 0.0021879207598882746
v 0.0025095521842788426 -0.0011411946011812696 0.0021879207598882746
v 0.0026505851153153536 -0.000763839838716987 0.0021879207598882746
v 0.002734974561594996 -0.00036992940224864906 0.0021879207598882746
v 0.0025880336183004026 -0.001083739152169097 0.0021879207598882746
v 0.0025413369564413224 -0.0011022823057558612 0.0021879207598882746
v 0.0026378535634759026 -0.0010902461165879784 0.002687920271875256
v 0.002918332749940469 -0.0012035140871216182 0.002687920271875256
v 0.002918332749940469 -0.0012035140871216182 0.0021879207598882746
v 0.0026378535634759026 -0.0010902461165879784 0.0021879207598882746
v 0.0012182271208265327 -0.00256806546670052 0.002687920271875256
v 0.0012107515064458962 -0.0025191845926824663 0.002687920271875256
v 0.001227611275890218 -0.0024726981862031316 0.002687920271875256
v 0.0012646829799261028 -0.002439973448813554 0.002687920271875256
v 0.0017731594643035657 -0.0021036029881923712 0.002687920271875256
v 0.002195028017572433 -0.0016634659097314042 0.002687920271875256
v 0.0025095521842788426 -0.0011411946011812696 0.002687920271875256
v 0.0025413369564413224 -0.0011022823057558612 0.002687920271875256
v 0.0025880336183004026 -0.001083739152169097 0.002687920271875256
v 0.0026378535634759026 -0.0010902461165879784 0.002687920271875256
v 0.002918332749940469 -0.0012035140871216182 0.002687920271875256
v 0.002970398598080906 -0.0012097150562022235 0.002687920271875256
v 0.0030184447090675385 -0.0011887179049391017 0.002687920271875256
v 0.003049262693913371 -0.0011462954175555234 0.002687920271875256
v 0.0031341349378049025 -0.0008916021684199082 0.002687920271875256
v 0.003197697329572649 -0.0006307729937708451 0.002687920271875256
v 0.003239515947412344 -0.0003655876510086434 0.002687920271875256
v 0.0032386099568320085 -0.000263682579315843 0.002687920271875256
v 0.002938622170568508 -0.0002663488626551136 0.002687920271875256
v 0.0028885053942686615 -0.00025339630797364607 0.002687920271875256
v 0.002851579125562778 -0.00021712053081868882 0.002687920271875256
v 0.002837737735262416 -0.0001672415770461802 0.002687920271875256
v 0.002834182914327468 0.00023274260984191414 0.002687920271875256
v 0.0028471350033476587 0.0002828597027914291 0.002687920271875256
v 0.0028834103893471434 0.0003197861018824702 0.002687920271875256
v 0.0029332899391660864 0.0003336274176770279 0.002687920271875256
v 0.0032332777254295867 0.00033629371964274957 0.002687920271875256
v 0.0032323717348492513 0.000438198809962001 0.002687920271875256
v 0.0031806110624832433 0.000726098774535236 0.002687920271875256
v 0.0031031739018148067 0.0010081786436994672 0.002687920271875256
v 0.0030006872936929633 0.0012821532499308896 0.002687920271875256
v 0.002968792848986548 0.001322866499657932 0.002687920271875256
v 0.002920823031943523 0.0013421998618051434 0.002687920271875256
v 0.0028696095302043227 0.0013349817394841812 0.002687920271875256
v 0.0025867258924232605 0.0012148511138219131 0.002687920271875256
v 0.002537845316428424 0.0012073759464761025 0.002687920271875256
v 0.0024913584629142637 0.0012242355669088156 0.002687920271875256
v 0.0024586343215711203 0.0012613075689679176 0.002687920271875256
v 0.0021222638609499373 0.0017697839043337715 0.002687920271875256
v 0.0016821264844657528 0.0021916517125445956 0.002687920271875256
v 0.0011598551014098135 0.0025061767733206564 0.002687920271875256
v 0.0011209428059844049 0.002537961247459919 0.002687920271875256
v 0.0011023998014092493 0.002584657611295782 0.002687920271875256
v 0.0011089062442875006 0.0026344781525177163 0.002687920271875256
v 0.0012221753324082052 0.002914956444912631 0.002687920271875256
v 0.0012283754074191588 0.002967022889099502 0.002687920271875256
v 0.0012073790757198843 0.003015069298109352 0.002687920271875256
v 0.001164956066795676 0.0030458866869087498 0.002687920271875256
v 0.0009102630411774733 0.0031307592288234987 0.002687920271875256
v 0.0006494331214703669 0.0031943219186144622 0.002687920271875256
v 0.0003842484865133059 0.0032361405364541573 0.002687920271875256
v -0.00041953801171024135 0.0032289963238910646 0.002687920271875256
v -0.0007074379762834766 0.0031772356515250566 0.002687920271875256
v -0.0009895181434709252 0.003099798192833403 0.002687920271875256
v -0.0012634926751965436 0.0029973115847115595 0.002687920271875256
v -0.0013042056269003688 0.00296541654395871 0.002687920271875256
v -0.0013235389890475801 0.0029174467269156845 0.002687920271875256
v -0.001316320866726618 0.002866233821222919 0.002687920271875256
v -0.0011961900920527413 0.0025833504814650743 0.002687920271875256
v -0.0011887150737185392 0.0025344696074470208 0.002687920271875256
v -0.001205574843162861 0.002487983200967686 0.002687920271875256
v -0.0012426465471987458 0.0024552584635781083 0.002687920271875256
v -0.0017511230315762087 0.0021188880029569257 0.002687920271875256
v -0.0021729909887986416 0.0016787509244959586 0.002687920271875256
v -0.0024875157515514856 0.0011564794669342154 0.002687920271875256
v -0.0025193005237139653 0.001117567171508807 0.002687920271875256
v -0.0025659971855730456 0.0010990240179220429 0.002687920271875256
v -0.0026158171307485456 0.0011055309823409243 0.002687920271875256
v -0.0028962957211666777 0.001218798952874564 0.002687920271875256
v -0.002948362165353549 0.0012249999219551694 0.002687920271875256
v -0.002996408872386616 0.0012040027706920475 0.002687920271875256
v -0.0030272256651395794 0.0011615802833084693 0.002687920271875256
v -0.0031120985050775455 0.0009068870341728541 0.002687920271875256
v -0.003175660896845292 0.0006460578595237909 0.002687920271875256
v -0.003217479514684987 0.00038087259126739353 0.002687920271875256
v -0.003216574120151086 0.0002789675195745932 0.002687920271875256
v -0.002916585737841151 0.00028163380291386375 0.002687920271875256
v -0.0028664689615413045 0.0002686812482323962 0.002687920271875256
v -0.0028295420967889865 0.00023240547107743897 0.002687920271875256
v -0.0028157007064886245 0.00018252651730493036 0.002687920271875256
v -0.0028121458855536767 -0.00021745766958316398 0.002687920271875256
v -0.0028250985706203017 -0.00026757476253267895 0.002687920271875256
v -0.0028613739566197864 -0.0003045011802501711 0.002687920271875256
v -0.002911252910392295 -0.00031834247741827776 0.002687920271875256
v -0.0032112412927022297 -0.0003210087793839994 0.002687920271875256
v -0.0032103353021218943 -0.00042291386970325084 0.002687920271875256
v -0.0031585746297558863 -0.0007108139087822901 0.002687920271875256
v -0.0030811374690874497 -0.0009928937779465213 0.002687920271875256
v -0.0029786508609656063 -0.0012668682351663352 0.002687920271875256
v -0.0029467558202127568 -0.0013075814848933776 0.002687920271875256
v -0.0028987860031697314 -0.001326914847040589 0.002687920271875256
v -0.0028475730974769657 -0.0013196967247196267 0.002687920271875256
v -0.002564690055742338 -0.0011995662480689673 0.002687920271875256
v -0.002515808883701067 -0.0011920910807231566 0.002687920271875256
v -0.002469322626233341 -0.0012089507011558698 0.002687920271875256
v -0.0024365978888437633 -0.0012460226287091675 0.002687920271875256
v -0.0021002274282225803 -0.001754498889569217 0.002687920271875256
v -0.0016600900517383958 -0.002176366697780041 0.002687920271875256
v -0.0011378186686824565 -0.002490891758556102 0.002687920271875256
v -0.0010989063732570479 -0.0025226762326953645 0.002687920271875256
v -0.0010803633686818923 -0.0025693725965312275 0.002687920271875256
v -0.001086870407606578 -0.002619193137753162 0.002687920271875256
v -0.0012001383036344137 -0.0028996714301480764 0.002687920271875256
v -0.0012063389746918018 -0.0029517378743349476 0.002687920271875256
v -0.0011853420469460929 -0.0029997842833447974 0.002687920271875256
v -0.001142919634068319 -0.0030306016721441953 0.002687920271875256
v -0.0008882260124036819 -0.003115474214058944 0.002687920271875256
v -0.0006273972847894443 -0.0031790369038499078 0.002687920271875256
v -0.00036221145773951446 -0.003220855521689603 0.002687920271875256
v 0.0004415750404840328 -0.00321371130912651 0.002687920271875256
v 0.000729475005057268 -0.003161950636760502 0.002687920271875256
v 0.0010115539801518478 -0.0030845131780688484 0.002687920271875256
v 0.0012855291079239006 -0.002982026569947005 0.002687920271875256
v 0.0013262426556741602 -0.0029501315291941554 0.002687920271875256
v 0.0013455760178213716 -0.00290216171215113 0.002687920271875256
v 0.0013383578955004094 -0.0028509488064583643 0.002687920271875256
v -0.001967877105596429 -9.945928828136719e-06 0.002687920271875256
v -0.001779535969059111 0.0008504063445983895 0.002687920271875256
v -0.0012365537605459897 0.0015438389433062305 0.002687920271875256
v -0.0004464745421750575 0.0019330089852286347 0.002687920271875256
v 0.0004342162512045448 0.0019408365650288029 0.002687920271875256
v 0.0012310886107886898 0.0015657713659307793 0.002687920271875256
v 0.0017863094407399875 0.0008820995491273798 0.002687920271875256
v 0.0019899141343702204 2.5230864430274107e-05 0.002687920271875256
v 0.0018015729978329024 -0.0008351214788454436 0.002687920271875256
v 0.0012585901932733467 -0.001528553928541676 0.002687920271875256
v 0.0004685115709488489 -0.0019177239704640803 0.002687920271875256
v -0.00041218041452362224 -0.0019255515502642484 0.002687920271875256
v -0.0012090515820148983 -0.0015504863511662248 0.002687920271875256
v -0.001764273604059065 -0.0008668146833744339 0.002687920271875256
v 0.0012182271208265327 -0.00256806546670052 0.0021879207598882746
v 0.0013383578955004094 -0.0028509488064583643 0.0021879207598882746
v 0.0013383578955004094 -0.0028509488064583643 0.002687920271875256
v 0.0012182271208265327 -0.00256806546670052 0.002687920271875256
v 0.0012855291079239006 -0.002982026569947005 0.0021879207598882746
v 0.0010115539801518478 -0.0030845131780688484 0.0021879207598882746
v 0.000729475005057268 -0.003161950636760502 0.0021879207598882746
v 0.0004415750404840328 -0.00321371130912651 0.0021879207598882746
v 0.0013383578955004094 -0.0028509488064583643 0.0021879207598882746
v 0.0013455760178213716 -0.00290216171215113 0.0021879207598882746
v 0.0013262426556741602 -0.0029501315291941554 0.0021879207598882746
v 0.0012182271208265327 -0.00256806546670052 0.0021879207598882746
v 0.0012646829799261028 -0.002439973448813554 0.0021879207598882746
v 0.001227611275890218 -0.0024726981862031316 0.0021879207598882746
v 0.0012107515064458962 -0.0025191845926824663 0.0021879207598882746
v -0.0011378186686824565 -0.002490891758556102 0.0021879207598882746
v -0.0003441989344910027 -0.0027193191039714404 0.0021879207598882746
v 0.0004814541232260887 -0.0027018203727494083 0.0021879207598882746
v -0.001086870407606578 -0.002619193137753162 0.0021879207598882746
v -0.0010803633686818923 -0.0025693725965312275 0.0021879207598882746
v -0.0010989063732570479 -0.0025226762326953645 0.0021879207598882746
v -0.0012001383036344137 -0.0028996714301480764 0.0021879207598882746
v -0.001142919634068319 -0.0030306016721441953 0.0021879207598882746
v -0.0011853420469460929 -0.0029997842833447974 0.0021879207598882746
v -0.0012063389746918018 -0.0029517378743349476 0.0021879207598882746
v -0.00036221145773951446 -0.003220855521689603 0.0021879207598882746
v -0.0006273972847894443 -0.0031790369038499078 0.0021879207598882746
v -0.0008882260124036819 -0.003115474214058944 0.0021879207598882746
v 0.0004415750404840328 -0.00321371130912651 0.002687920271875256
v 0.0004415750404840328 -0.00321371130912651 0.0021879207598882746
v 0.0012855291079239006 -0.002982026569947005 0.0021879207598882746
v 0.0010115539801518478 -0.0030845131780688484 0.0021879207598882746
v 0.000729475005057268 -0.003161950636760502 0.0021879207598882746
v 0.0012855291079239006 -0.002982026569947005 0.002687920271875256
v 0.000729475005057268 -0.003161950636760502 0.002687920271875256
v 0.0010115539801518478 -0.0030845131780688484 0.002687920271875256
v 0.0013383578955004094 -0.0028509488064583643 0.0021879207598882746
v 0.0013455760178213716 -0.00290216171215113 0.0021879207598882746
v 0.0013262426556741602 -0.0029501315291941554 0.0021879207598882746
v 0.0012855291079239006 -0.002982026569947005 0.0021879207598882746
v 0.0013383578955004094 -0.0028509488064583643 0.002687920271875256
v 0.0012855291079239006 -0.002982026569947005 0.002687920271875256
v 0.0013262426556741602 -0.0029501315291941554 0.002687920271875256
v 0.0013455760178213716 -0.00290216171215113 0.002687920271875256
v -0.00036221145773951446 -0.003220855521689603 0.002687920271875256
v 0.0004415750404840328 -0.00321371130912651 0.002687920271875256
v 0.0004415750404840328 -0.00321371130912651 0.0021879207598882746
v -0.00036221145773951446 -0.003220855521689603 0.0021879207598882746
v -0.00036221145773951446 -0.003220855521689603 0.0021879207598882746
v -0.00036221145773951446 -0.003220855521689603 0.002687920271875256
v -0.001142919634068319 -0.0030306016721441953 0.002687920271875256
v -0.0008882260124036819 -0.003115474214058944 0.002687920271875256
v -0.0006273972847894443 -0.0031790369038499078 0.002687920271875256
v -0.001142919634068319 -0.0030306016721441953 0.0021879207598882746
v -0.0006273972847894443 -0.0031790369038499078 0.0021879207598882746
v -0.0008882260124036819 -0.003115474214058944 0.0021879207598882746
v -0.0012001383036344137 -0.0028996714301480764 0.002687920271875256
v -0.0012063389746918018 -0.0029517378743349476 0.002687920271875256
v -0.0011853420469460929 -0.0029997842833447974 0.002687920271875256
v -0.001142919634068319 -0.0030306016721441953 0.002687920271875256
v -0.0012001383036344137 -0.0028996714301480764 0.0021879207598882746
v -0.001142919634068319 -0.0030306016721441953 0.0021879207598882746
v -0.0011853420469460929 -0.0029997842833447974 0.0021879207598882746
v -0.0012063389746918018 -0.0029517378743349476 0.0021879207598882746
v -0.001086870407606578 -0.002619193137753162 0.002687920271875256
v -0.0012001383036344137 -0.0028996714301480764 0.002687920271875256
v -0.0012001383036344137 -0.0028996714301480764 0.0021879207598882746
v -0.001086870407606578 -0.002619193137753162 0.0021879207598882746
v -0.0011378186686824565 -0.002490891758556102 0.0021879207598882746
v -0.0011378186686824565 -0.002490891758556102 0.002687920271875256
v -0.0010989063732570479 -0.0025226762326953645 0.002687920271875256
v -0.0010803633686818923 -0.0025693725965312275 0.002687920271875256
v -0.001086870407606578 -0.002619193137753162 0.002687920271875256
v -0.001086870407606578 -0.002619193137753162 0.0021879207598882746
v -0.0010803633686818923 -0.0025693725965312275 0.0021879207598882746
v -0.0010989063732570479 -0.0025226762326953645 0.0021879207598882746
v -0.0011378186686824565 -0.002490891758556102 0.0021879207598882746
v -0.0003441989344910027 -0.0027193191039714404 0.0021879207598882746
v 0.0004814541232260887 -0.0027018203727494083 0.0021879207598882746
v 0.0012646829799261028 -0.002439973448813554 0.0021879207598882746
v -0.0011378186686824565 -0.002490891758556102 0.002687920271875256
v -0.0024365978888437633 -0.0012460226287091675 0.002687920271875256
v -0.0021002274282225803 -0.001754498889569217 0.002687920271875256
v -0.0016600900517383958 -0.002176366697780041 0.002687920271875256
v -0.0024365978888437633 -0.0012460226287091675 0.0021879207598882746
v -0.0027388733013226107 -1.6798538478869076e-05 0.0021879207598882746
v -0.0027022116772336146 -0.0004405555030579378 0.0021879207598882746
v -0.0026006435766672297 -0.0008535904991569254 0.0021879207598882746
v -0.0027388733013226107 -1.6798538478869076e-05 0.0016879206518548582
v 0.002760909734049968 3.208346127532135e-05 0.0016879206518548582
v 0.00260343068979463 -0.0009099087660780075 0.0016879206518548582
v 0.0021332680702224067 -0.0017412307469271693 0.0016879206518548582
v 0.0014071309251979538 -0.002361612714194966 0.0016879206518548582
v 0.0005126011257037271 -0.00269622766905514 0.0016879206518548582
v -0.0004424261947924006 -0.0027047159663278753 0.0016879206518548582
v -0.0013427608905115529 -0.0023860537472504273 0.0016879206518548582
v -0.002079810453657573 -0.0017786764701006597 0.0016879206518548582
v -0.002564675154581477 -0.000955842786524233 0.0016879206518548582
v 0.002760909734049968 3.208346127532135e-05 0.0021879207598882746
v 0.0025095521842788426 -0.0011411946011812696 0.0021879207598882746
v 0.0026505851153153536 -0.000763839838716987 0.0021879207598882746
v 0.002734974561594996 -0.00036992940224864906 0.0021879207598882746
v 0.0025095521842788426 -0.0011411946011812696 0.002687920271875256
v 0.0012646829799261028 -0.002439973448813554 0.002687920271875256
v 0.0017731594643035657 -0.0021036029881923712 0.002687920271875256
v 0.002195028017572433 -0.0016634659097314042 0.002687920271875256
v 0.0012182271208265327 -0.00256806546670052 0.002687920271875256
v 0.0012182271208265327 -0.00256806546670052 0.0021879207598882746
v 0.0012107515064458962 -0.0025191845926824663 0.002687920271875256
v 0.001227611275890218 -0.0024726981862031316 0.002687920271875256
v 0.0012646829799261028 -0.002439973448813554 0.002687920271875256
v 0.0012646829799261028 -0.002439973448813554 0.0021879207598882746
v 0.001227611275890218 -0.0024726981862031316 0.0021879207598882746
v 0.0012107515064458962 -0.0025191845926824663 0.0021879207598882746
v 0.0025095521842788426 -0.0011411946011812696 0.0021879207598882746
v 0.0025095521842788426 -0.0011411946011812696 0.002687920271875256
v 0.0025413369564413224 -0.0011022823057558612 0.002687920271875256
v 0.0025880336183004026 -0.001083739152169097 0.002687920271875256
v 0.0026378535634759026 -0.0010902461165879784 0.002687920271875256
v 0.0026378535634759026 -0.0010902461165879784 0.0021879207598882746
v 0.0025880336183004026 -0.001083739152169097 0.0021879207598882746
v 0.0025413369564413224 -0.0011022823057558612 0.0021879207598882746
v -0.0028962957211666777 0.001218798952874564 0.0021879207598882746
v -0.0026158171307485456 0.0011055309823409243 0.0021879207598882746
v -0.0030272256651395794 0.0011615802833084693 0.0021879207598882746
v -0.002996408872386616 0.0012040027706920475 0.0021879207598882746
v -0.002948362165353549 0.0012249999219551694 0.0021879207598882746
v -0.003217479514684987 0.00038087259126739353 0.0021879207598882746
v -0.003175660896845292 0.0006460578595237909 0.0021879207598882746
v -0.0031120985050775455 0.0009068870341728541 0.0021879207598882746
v -0.0032103353021218943 -0.00042291386970325084 0.0021879207598882746
v -0.0029786508609656063 -0.0012668682351663352 0.0021879207598882746
v -0.0030811374690874497 -0.0009928937779465213 0.0021879207598882746
v -0.0031585746297558863 -0.0007108139087822901 0.0021879207598882746
v -0.0028475730974769657 -0.0013196967247196267 0.0021879207598882746
v -0.0028987860031697314 -0.001326914847040589 0.0021879207598882746
v -0.0029467558202127568 -0.0013075814848933776 0.0021879207598882746
v -0.002564690055742338 -0.0011995662480689673 0.0021879207598882746
v -0.0024365978888437633 -0.0012460226287091675 0.0021879207598882746
v -0.002469322626233341 -0.0012089507011558698 0.0021879207598882746
v -0.002515808883701067 -0.0011920910807231566 0.0021879207598882746
v -0.0027388733013226107 -1.6798538478869076e-05 0.0021879207598882746
v -0.0027022116772336146 -0.0004405555030579378 0.0021879207598882746
v -0.0026006435766672297 -0.0008535904991569254 0.0021879207598882746
v -0.0024875157515514856 0.0011564794669342154 0.0021879207598882746
v -0.0026285486825879966 0.0007791247044699329 0.0021879207598882746
v -0.002712938128867639 0.0003852143425073992 0.0021879207598882746
v -0.0025659971855730456 0.0010990240179220429 0.0021879207598882746
v -0.0025193005237139653 0.001117567171508807 0.0021879207598882746
v -0.0026158171307485456 0.0011055309823409243 0.002687920271875256
v -0.0028962957211666777 0.001218798952874564 0.002687920271875256
v -0.0028962957211666777 0.001218798952874564 0.0021879207598882746
v -0.0026158171307485456 0.0011055309823409243 0.0021879207598882746
v -0.0028962957211666777 0.001218798952874564 0.002687920271875256
v -0.002948362165353549 0.0012249999219551694 0.002687920271875256
v -0.002996408872386616 0.0012040027706920475 0.002687920271875256
v -0.0030272256651395794 0.0011615802833084693 0.002687920271875256
v -0.0028962957211666777 0.001218798952874564 0.0021879207598882746
v -0.0030272256651395794 0.0011615802833084693 0.0021879207598882746
v -0.002996408872386616 0.0012040027706920475 0.0021879207598882746
v -0.002948362165353549 0.0012249999219551694 0.0021879207598882746
v -0.003217479514684987 0.00038087259126739353 0.0021879207598882746
v -0.003217479514684987 0.00038087259126739353 0.002687920271875256
v -0.0030272256651395794 0.0011615802833084693 0.002687920271875256
v -0.0031120985050775455 0.0009068870341728541 0.002687920271875256
v -0.003175660896845292 0.0006460578595237909 0.002687920271875256
v -0.0030272256651395794 0.0011615802833084693 0.0021879207598882746
v -0.003175660896845292 0.0006460578595237909 0.0021879207598882746
v -0.0031120985050775455 0.0009068870341728541 0.0021879207598882746
v -0.003216574120151086 0.0002789675195745932 0.002637920320676558
v -0.003216574120151086 0.0002789675195745932 0.002687920271875256
v -0.0032112412927022297 -0.0003210087793839994 0.002637920320676558
v -0.0032112412927022297 -0.0003210087793839994 0.002687920271875256
v -0.0032103353021218943 -0.00042291386970325084 0.002687920271875256
v -0.0032103353021218943 -0.00042291386970325084 0.0021879207598882746
v -0.003217479514684987 0.00038087259126739353 0.0021879207598882746
v -0.003217479514684987 0.00038087259126739353 0.002687920271875256
v -0.002916585737841151 0.00028163380291386375 0.002687920271875256
v -0.003216574120151086 0.0002789675195745932 0.002687920271875256
v -0.002916585737841151 0.00028163380291386375 0.002637920320676558
v -0.003216574120151086 0.0002789675195745932 0.002637920320676558
v -0.0028157007064886245 0.00018252651730493036 0.002637920320676558
v -0.0028157007064886245 0.00018252651730493036 0.002687920271875256
v -0.0028295420967889865 0.00023240547107743897 0.002637920320676558
v -0.0028664689615413045 0.0002686812482323962 0.002637920320676558
v -0.002916585737841151 0.00028163380291386375 0.002637920320676558
v -0.002916585737841151 0.00028163380291386375 0.002687920271875256
v -0.0028664689615413045 0.0002686812482323962 0.002687920271875256
v -0.0028295420967889865 0.00023240547107743897 0.002687920271875256
v -0.0028157007064886245 0.00018252651730493036 0.002637920320676558
v -0.0028121458855536767 -0.00021745766958316398 0.002637920320676558
v -0.0028157007064886245 0.00018252651730493036 0.002687920271875256
v -0.0028121458855536767 -0.00021745766958316398 0.002687920271875256
v -0.003216574120151086 0.0002789675195745932 0.002637920320676558
v -0.0032112412927022297 -0.0003210087793839994 0.002637920320676558
v -0.002911252910392295 -0.00031834247741827776 0.002637920320676558
v -0.0028613739566197864 -0.0003045011802501711 0.002637920320676558
v -0.0028250985706203017 -0.00026757476253267895 0.002637920320676558
v -0.0028121458855536767 -0.00021745766958316398 0.002637920320676558
v -0.0028157007064886245 0.00018252651730493036 0.002637920320676558
v -0.0028295420967889865 0.00023240547107743897 0.002637920320676558
v -0.0028664689615413045 0.0002686812482323962 0.002637920320676558
v -0.002916585737841151 0.00028163380291386375 0.002637920320676558
v -0.0031627988108367004 -0.00014557131240730027 0.002637920320676558
v -0.0031631320007935474 -0.00010807279255823504 0.002637920320676558
v -0.0030867611671963084 -8.239303531364268e-05 0.002637920320676558
v -0.003087872197750088 4.2602027745499566e-05 0.002637920320676558
v -0.0031646870859409785 6.692028454869346e-05 0.002637920320676558
v -0.0031650202758978256 0.00010441880439775869 0.002637920320676558
v -0.0028641437844005883 7.08904276123547e-06 0.002637920320676558
v -0.0028636991337605026 -4.290897768939334e-05 0.002637920320676558
v -0.002911252910392295 -0.00031834247741827776 0.002637920320676558
v -0.002911252910392295 -0.00031834247741827776 0.002687920271875256
v -0.0028613739566197864 -0.0003045011802501711 0.002637920320676558
v -0.0028250985706203017 -0.00026757476253267895 0.002637920320676558
v -0.0028121458855536767 -0.00021745766958316398 0.002637920320676558
v -0.0028121458855536767 -0.00021745766958316398 0.002687920271875256
v -0.0028250985706203017 -0.00026757476253267895 0.002687920271875256
v -0.0028613739566197864 -0.0003045011802501711 0.002687920271875256
v -0.002911252910392295 -0.00031834247741827776 0.002637920320676558
v -0.0032112412927022297 -0.0003210087793839994 0.002637920320676558
v -0.002911252910392295 -0.00031834247741827776 0.002687920271875256
v -0.0032112412927022297 -0.0003210087793839994 0.002687920271875256
v -0.0031627988108367004 -0.00014557131240730027 0.0026679205298143507
v -0.0028636991337605026 -4.290897768939334e-05 0.0026679205298143507
v -0.0031627988108367004 -0.00014557131240730027 0.002637920320676558
v -0.0028636991337605026 -4.290897768939334e-05 0.002637920320676558
v -0.0028641437844005883 7.08904276123547e-06 0.0026679205298143507
v -0.0028636991337605026 -4.290897768939334e-05 0.0026679205298143507
v -0.0028636991337605026 -4.290897768939334e-05 0.002637920320676558
v -0.0028641437844005883 7.08904276123547e-06 0.002637920320676558
v -0.0028641437844005883 7.08904276123547e-06 0.0026679205298143507
v -0.0031650202758978256 0.00010441880439775869 0.0026679205298143507
v -0.0028641437844005883 7.08904276123547e-06 0.002637920320676558
v -0.0031650202758978256 0.00010441880439775869 0.002637920320676558
v -0.0031646870859409785 6.692028454869346e-05 0.0026679205298143507
v -0.0031650202758978256 0.00010441880439775869 0.0026679205298143507
v -0.0031650202758978256 0.00010441880439775869 0.002637920320676558
v -0.0031646870859409785 6.692028454869346e-05 0.002637920320676558
v -0.0031646870859409785 6.692028454869346e-05 0.0026679205298143507
v -0.003087872197750088 4.2602027745499566e-05 0.0026679205298143507
v -0.0031646870859409785 6.692028454869346e-05 0.002637920320676558
v -0.003087872197750088 4.2602027745499566e-05 0.002637920320676558
v -0.0030867611671963084 -8.239303531364268e-05 0.0026679205298143507
v -0.003087872197750088 4.2602027745499566e-05 0.0026679205298143507
v -0.003087872197750088 4.2602027745499566e-05 0.002637920320676558
v -0.0030867611671963084 -8.239303531364268e-05 0.002637920320676558
v -0.0030867611671963084 -8.239303531364268e-05 0.0026679205298143507
v -0.0031631320007935474 -0.00010807279255823504 0.0026679205298143507
v -0.0030867611671963084 -8.239303531364268e-05 0.002637920320676558
v -0.0031631320007935474 -0.00010807279255823504 0.002637920320676558
v -0.0031627988108367004 -0.00014557131240730027 0.0026679205298143507
v -0.0031631320007935474 -0.00010807279255823504 0.0026679205298143507
v -0.0031631320007935474 -0.00010807279255823504 0.002637920320676558
v -0.0031627988108367004 -0.00014557131240730027 0.002637920320676558
v -0.0031646870859409785 6.692028454869346e-05 0.0026679205298143507
v -0.0031650202758978256 0.00010441880439775869 0.0026679205298143507
v -0.003087872197750088 4.2602027745499566e-05 0.0026679205298143507
v -0.0030867611671963084 -8.239303531364268e-05 0.0026679205298143507
v -0.0031631320007935474 -0.00010807279255823504 0.0026679205298143507
v -0.0031627988108367004 -0.00014557131240730027 0.0026679205298143507
v -0.0028636991337605026 -4.290897768939334e-05 0.0026679205298143507
v -0.0028641437844005883 7.08904276123547e-06 0.0026679205298143507
v -0.003062285712459259 3.657919272975936e-05 0.0026679205298143507
v -0.0028894525120529728 -1.813688158496733e-05 0.0026679205298143507
v -0.0030612861425887176 -7.591636681743633e-05 0.0026679205298143507
v -0.003062285712459259 3.657919272975936e-05 0.0026679205298143507
v -0.0030612861425887176 -7.591636681743633e-05 0.0026679205298143507
v -0.0030612861425887176 -7.591636681743633e-05 0.002637920320676558
v -0.003062285712459259 3.657919272975936e-05 0.002637920320676558
v -0.003062285712459259 3.657919272975936e-05 0.0026679205298143507
v -0.0028894525120529728 -1.813688158496733e-05 0.0026679205298143507
v -0.003062285712459259 3.657919272975936e-05 0.002637920320676558
v -0.0028894525120529728 -1.813688158496733e-05 0.002637920320676558
v -0.0028894525120529728 -1.813688158496733e-05 0.0026679205298143507
v -0.0030612861425887176 -7.591636681743633e-05 0.0026679205298143507
v -0.0028894525120529728 -1.813688158496733e-05 0.002637920320676558
v -0.0030612861425887176 -7.591636681743633e-05 0.002637920320676558
v -0.003062285712459259 3.657919272975936e-05 0.002637920320676558
v -0.0030612861425887176 -7.591636681743633e-05 0.002637920320676558
v -0.0028894525120529728 -1.813688158496733e-05 0.002637920320676558
v -0.0032103353021218943 -0.00042291386970325084 0.002687920271875256
v -0.0032103353021218943 -0.00042291386970325084 0.0021879207598882746
v -0.0029786508609656063 -0.0012668682351663352 0.0021879207598882746
v -0.0030811374690874497 -0.0009928937779465213 0.0021879207598882746
v -0.0031585746297558863 -0.0007108139087822901 0.0021879207598882746
v -0.0029786508609656063 -0.0012668682351663352 0.002687920271875256
v -0.0031585746297558863 -0.0007108139087822901 0.002687920271875256
v -0.0030811374690874497 -0.0009928937779465213 0.002687920271875256
v -0.0028475730974769657 -0.0013196967247196267 0.0021879207598882746
v -0.0028987860031697314 -0.001326914847040589 0.0021879207598882746
v -0.0029467558202127568 -0.0013075814848933776 0.0021879207598882746
v -0.0029786508609656063 -0.0012668682351663352 0.0021879207598882746
v -0.0028475730974769657 -0.0013196967247196267 0.002687920271875256
v -0.0029786508609656063 -0.0012668682351663352 0.002687920271875256
v -0.0029467558202127568 -0.0013075814848933776 0.002687920271875256
v -0.0028987860031697314 -0.001326914847040589 0.002687920271875256
v -0.002564690055742338 -0.0011995662480689673 0.0021879207598882746
v -0.0028475730974769657 -0.0013196967247196267 0.0021879207598882746
v -0.0028475730974769657 -0.0013196967247196267 0.002687920271875256
v -0.002564690055742338 -0.0011995662480689673 0.002687920271875256
v -0.002564690055742338 -0.0011995662480689673 0.002687920271875256
v -0.002564690055742338 -0.0011995662480689673 0.0021879207598882746
v -0.002515808883701067 -0.0011920910807231566 0.002687920271875256
v -0.002469322626233341 -0.0012089507011558698 0.002687920271875256
v -0.0024365978888437633 -0.0012460226287091675 0.002687920271875256
v -0.0024365978888437633 -0.0012460226287091675 0.0021879207598882746
v -0.002469322626233341 -0.0012089507011558698 0.0021879207598882746
v -0.002515808883701067 -0.0011920910807231566 0.0021879207598882746
v -0.0024875157515514856 0.0011564794669342154 0.0021879207598882746
v -0.0024875157515514856 0.0011564794669342154 0.002687920271875256
v -0.0025193005237139653 0.001117567171508807 0.002687920271875256
v -0.0025659971855730456 0.0010990240179220429 0.002687920271875256
v -0.0026158171307485456 0.0011055309823409243 0.002687920271875256
v -0.0026158171307485456 0.0011055309823409243 0.0021879207598882746
v -0.0025659971855730456 0.0010990240179220429 0.0021879207598882746
v -0.0025193005237139653 0.001117567171508807 0.0021879207598882746
v -0.0011961900920527413 0.0025833504814650743 0.002687920271875256
v -0.0011961900920527413 0.0025833504814650743 0.0021879207598882746
v -0.0011887150737185392 0.0025344696074470208 0.002687920271875256
v -0.001205574843162861 0.002487983200967686 0.002687920271875256
v -0.0012426465471987458 0.0024552584635781083 0.002687920271875256
v -0.0012426465471987458 0.0024552584635781083 0.0021879207598882746
v -0.001205574843162861 0.002487983200967686 0.0021879207598882746
v -0.0011887150737185392 0.0025344696074470208 0.0021879207598882746
v -0.0011961900920527413 0.0025833504814650743 0.0021879207598882746
v -0.001316320866726618 0.002866233821222919 0.0021879207598882746
v -0.001316320866726618 0.002866233821222919 0.002687920271875256
v -0.0011961900920527413 0.0025833504814650743 0.002687920271875256
v 0.0012221753324082052 0.002914956444912631 0.0021879207598882746
v 0.0011089062442875006 0.0026344781525177163 0.0021879207598882746
v 0.001164956066795676 0.0030458866869087498 0.0021879207598882746
v 0.0012073790757198843 0.003015069298109352 0.0021879207598882746
v 0.0012283754074191588 0.002967022889099502 0.0021879207598882746
v 0.0003842484865133059 0.0032361405364541573 0.0021879207598882746
v 0.0006494331214703669 0.0031943219186144622 0.0021879207598882746
v 0.0009102630411774733 0.0031307592288234987 0.0021879207598882746
v -0.00041953801171024135 0.0032289963238910646 0.0021879207598882746
v -0.0012634926751965436 0.0029973115847115595 0.0021879207598882746
v -0.0009895181434709252 0.003099798192833403 0.0021879207598882746
v -0.0007074379762834766 0.0031772356515250566 0.0021879207598882746
v -0.001316320866726618 0.002866233821222919 0.0021879207598882746
v -0.0013235389890475801 0.0029174467269156845 0.0021879207598882746
v -0.0013042056269003688 0.00296541654395871 0.0021879207598882746
v -0.0011961900920527413 0.0025833504814650743 0.0021879207598882746
v -0.0012426465471987458 0.0024552584635781083 0.0021879207598882746
v -0.001205574843162861 0.002487983200967686 0.0021879207598882746
v -0.0011887150737185392 0.0025344696074470208 0.0021879207598882746
v 0.0011598551014098135 0.0025061767733206564 0.0021879207598882746
v 0.0003662359632647941 0.002734604118735995 0.0021879207598882746
v -0.0004594182865451661 0.002717105387513963 0.0021879207598882746
v 0.0011023998014092493 0.002584657611295782 0.0021879207598882746
v 0.0011209428059844049 0.002537961247459919 0.0021879207598882746
v 0.0011089062442875006 0.0026344781525177163 0.002687920271875256
v 0.0012221753324082052 0.002914956444912631 0.002687920271875256
v 0.0012221753324082052 0.002914956444912631 0.0021879207598882746
v 0.0011089062442875006 0.0026344781525177163 0.0021879207598882746
v 0.0012221753324082052 0.002914956444912631 0.002687920271875256
v 0.0012283754074191588 0.002967022889099502 0.002687920271875256
v 0.0012073790757198843 0.003015069298109352 0.002687920271875256
v 0.001164956066795676 0.0030458866869087498 0.002687920271875256
v 0.0012221753324082052 0.002914956444912631 0.0021879207598882746
v 0.001164956066795676 0.0030458866869087498 0.0021879207598882746
v 0.0012073790757198843 0.003015069298109352 0.0021879207598882746
v 0.0012283754074191588 0.002967022889099502 0.0021879207598882746
v 0.0003842484865133059 0.0032361405364541573 0.0021879207598882746
v 0.0003842484865133059 0.0032361405364541573 0.002687920271875256
v 0.001164956066795676 0.0030458866869087498 0.002687920271875256
v 0.0009102630411774733 0.0031307592288234987 0.002687920271875256
v 0.0006494331214703669 0.0031943219186144622 0.002687920271875256
v 0.001164956066795676 0.0030458866869087498 0.0021879207598882746
v 0.0006494331214703669 0.0031943219186144622 0.0021879207598882746
v 0.0009102630411774733 0.0031307592288234987 0.0021879207598882746
v 0.0003842484865133059 0.0032361405364541573 0.002687920271875256
v -0.00041953801171024135 0.0032289963238910646 0.002687920271875256
v -0.00041953801171024135 0.0032289963238910646 0.0021879207598882746
v 0.0003842484865133059 0.0032361405364541573 0.0021879207598882746
v -0.00041953801171024135 0.0032289963238910646 0.002687920271875256
v -0.00041953801171024135 0.0032289963238910646 0.0021879207598882746
v -0.0012634926751965436 0.0029973115847115595 0.0021879207598882746
v -0.0009895181434709252 0.003099798192833403 0.0021879207598882746
v -0.0007074379762834766 0.0031772356515250566 0.0021879207598882746
v -0.0012634926751965436 0.0029973115847115595 0.002687920271875256
v -0.0007074379762834766 0.0031772356515250566 0.002687920271875256
v -0.0009895181434709252 0.003099798192833403 0.002687920271875256
v -0.001316320866726618 0.002866233821222919 0.0021879207598882746
v -0.0013235389890475801 0.0029174467269156845 0.0021879207598882746
v -0.0013042056269003688 0.00296541654395871 0.0021879207598882746
v -0.0012634926751965436 0.0029973115847115595 0.0021879207598882746
v -0.001316320866726618 0.002866233821222919 0.002687920271875256
v -0.0012634926751965436 0.0029973115847115595 0.002687920271875256
v -0.0013042056269003688 0.00296541654395871 0.002687920271875256
v -0.0013235389890475801 0.0029174467269156845 0.002687920271875256
v 0.0011598551014098135 0.0025061767733206564 0.0021879207598882746
v 0.0011598551014098135 0.0025061767733206564 0.002687920271875256
v 0.0011209428059844049 0.002537961247459919 0.002687920271875256
v 0.0011023998014092493 0.002584657611295782 0.002687920271875256
v 0.0011089062442875006 0.0026344781525177163 0.002687920271875256
v 0.0011089062442875006 0.0026344781525177163 0.0021879207598882746
v 0.0011023998014092493 0.002584657611295782 0.0021879207598882746
v 0.0011209428059844049 0.002537961247459919 0.0021879207598882746
v 0.0028696095302043227 0.0013349817394841812 0.0021879207598882746
v 0.002920823031943523 0.0013421998618051434 0.0021879207598882746
v 0.002968792848986548 0.001322866499657932 0.0021879207598882746
v 0.0030006872936929633 0.0012821532499308896 0.0021879207598882746
v 0.0028696095302043227 0.0013349817394841812 0.002687920271875256
v 0.0030006872936929633 0.0012821532499308896 0.002687920271875256
v 0.002968792848986548 0.001322866499657932 0.002687920271875256
v 0.002920823031943523 0.0013421998618051434 0.002687920271875256
v 0.0032323717348492513 0.000438198809962001 0.002687920271875256
v 0.0032323717348492513 0.000438198809962001 0.0021879207598882746
v 0.0030006872936929633 0.0012821532499308896 0.0021879207598882746
v 0.0031031739018148067 0.0010081786436994672 0.0021879207598882746
v 0.0031806110624832433 0.000726098774535236 0.0021879207598882746
v 0.0030006872936929633 0.0012821532499308896 0.002687920271875256
v 0.0031806110624832433 0.000726098774535236 0.002687920271875256
v 0.0031031739018148067 0.0010081786436994672 0.002687920271875256
v 0.0032386099568320085 -0.000263682579315843 0.002637920320676558
v 0.0032386099568320085 -0.000263682579315843 0.002687920271875256
v 0.0032332777254295867 0.00033629371964274957 0.002637920320676558
v 0.0032332777254295867 0.00033629371964274957 0.002687920271875256
v 0.0032323717348492513 0.000438198809962001 0.002687920271875256
v 0.0032323717348492513 0.000438198809962001 0.0021879207598882746
v 0.003239515947412344 -0.0003655876510086434 0.0021879207598882746
v 0.003239515947412344 -0.0003655876510086434 0.002687920271875256
v 0.002938622170568508 -0.0002663488626551136 0.002687920271875256
v 0.0032386099568320085 -0.000263682579315843 0.002687920271875256
v 0.002938622170568508 -0.0002663488626551136 0.002637920320676558
v 0.0032386099568320085 -0.000263682579315843 0.002637920320676558
v 0.002837737735262416 -0.0001672415770461802 0.002637920320676558
v 0.002837737735262416 -0.0001672415770461802 0.002687920271875256
v 0.002851579125562778 -0.00021712053081868882 0.002637920320676558
v 0.0028885053942686615 -0.00025339630797364607 0.002637920320676558
v 0.002938622170568508 -0.0002663488626551136 0.002637920320676558
v 0.002938622170568508 -0.0002663488626551136 0.002687920271875256
v 0.0028885053942686615 -0.00025339630797364607 0.002687920271875256
v 0.002851579125562778 -0.00021712053081868882 0.002687920271875256
v 0.002837737735262416 -0.0001672415770461802 0.002637920320676558
v 0.002834182914327468 0.00023274260984191414 0.002637920320676558
v 0.002837737735262416 -0.0001672415770461802 0.002687920271875256
v 0.002834182914327468 0.00023274260984191414 0.002687920271875256
v 0.0032332777254295867 0.00033629371964274957 0.002637920320676558
v 0.0032386099568320085 -0.000263682579315843 0.002637920320676558
v 0.0029332899391660864 0.0003336274176770279 0.002637920320676558
v 0.0028834103893471434 0.0003197861018824702 0.002637920320676558
v 0.0028471350033476587 0.0002828597027914291 0.002637920320676558
v 0.002834182914327468 0.00023274260984191414 0.002637920320676558
v 0.002837737735262416 -0.0001672415770461802 0.002637920320676558
v 0.002851579125562778 -0.00021712053081868882 0.002637920320676558
v 0.0028885053942686615 -0.00025339630797364607 0.002637920320676558
v 0.002938622170568508 -0.0002663488626551136 0.002637920320676558
v 0.0031859456780714028 3.586118029368264e-05 0.002637920320676558
v 0.002937019997752757 3.364872577826545e-05 0.002637920320676558
v 0.0029820322323881347 -3.452685118779126e-06 0.002637920320676558
v 0.00293097012644328 -3.906522091704856e-06 0.002637920320676558
v 0.0028859578918079025 3.319488764118653e-05 0.002637920320676558
v 0.00288562529789749 7.069340749025176e-05 0.002637920320676558
v 0.00318561308416099 7.33596954861351e-05 0.002637920320676558
v 0.0029332899391660864 0.0003336274176770279 0.002637920320676558
v 0.0029332899391660864 0.0003336274176770279 0.002687920271875256
v 0.0028834103893471434 0.0003197861018824702 0.002637920320676558
v 0.0028471350033476587 0.0002828597027914291 0.002637920320676558
v 0.002834182914327468 0.00023274260984191414 0.002637920320676558
v 0.002834182914327468 0.00023274260984191414 0.002687920271875256
v 0.0028471350033476587 0.0002828597027914291 0.002687920271875256
v 0.0028834103893471434 0.0003197861018824702 0.002687920271875256
v 0.0029332899391660864 0.0003336274176770279 0.002637920320676558
v 0.0032332777254295867 0.00033629371964274957 0.002637920320676558
v 0.0029332899391660864 0.0003336274176770279 0.002687920271875256
v 0.0032332777254295867 0.00033629371964274957 0.002687920271875256
v 0.00318561308416099 7.33596954861351e-05 0.0026679205298143507
v 0.0031859456780714028 3.586118029368264e-05 0.0026679205298143507
v 0.0031859456780714028 3.586118029368264e-05 0.002637920320676558
v 0.00318561308416099 7.33596954861351e-05 0.002637920320676558
v 0.00288562529789749 7.069340749025176e-05 0.0026679205298143507
v 0.00318561308416099 7.33596954861351e-05 0.0026679205298143507
v 0.00318561308416099 7.33596954861351e-05 0.002637920320676558
v 0.00288562529789749 7.069340749025176e-05 0.002637920320676558
v 0.0028859578918079025 3.319488764118653e-05 0.0026679205298143507
v 0.00288562529789749 7.069340749025176e-05 0.0026679205298143507
v 0.00288562529789749 7.069340749025176e-05 0.002637920320676558
v 0.0028859578918079025 3.319488764118653e-05 0.002637920320676558
v 0.0028859578918079025 3.319488764118653e-05 0.0026679205298143507
v 0.00293097012644328 -3.906522091704856e-06 0.0026679205298143507
v 0.0028859578918079025 3.319488764118653e-05 0.002637920320676558
v 0.00293097012644328 -3.906522091704856e-06 0.002637920320676558
v 0.0029820322323881347 -3.452685118779126e-06 0.0026679205298143507
v 0.00293097012644328 -3.906522091704856e-06 0.0026679205298143507
v 0.00293097012644328 -3.906522091704856e-06 0.002637920320676558
v 0.0029820322323881347 -3.452685118779126e-06 0.002637920320676558
v 0.0029820322323881347 -3.452685118779126e-06 0.0026679205298143507
v 0.002937019997752757 3.364872577826545e-05 0.0026679205298143507
v 0.0029820322323881347 -3.452685118779126e-06 0.002637920320676558
v 0.002937019997752757 3.364872577826545e-05 0.002637920320676558
v 0.0031859456780714028 3.586118029368264e-05 0.0026679205298143507
v 0.002937019997752757 3.364872577826545e-05 0.0026679205298143507
v 0.002937019997752757 3.364872577826545e-05 0.002637920320676558
v 0.0031859456780714028 3.586118029368264e-05 0.002637920320676558
v 0.0028859578918079025 3.319488764118653e-05 0.0026679205298143507
v 0.00293097012644328 -3.906522091704856e-06 0.0026679205298143507
v 0.0029820322323881347 -3.452685118779126e-06 0.0026679205298143507
v 0.002937019997752757 3.364872577826545e-05 0.0026679205298143507
v 0.0031859456780714028 3.586118029368264e-05 0.0026679205298143507
v 0.00318561308416099 7.33596954861351e-05 0.0026679205298143507
v 0.00288562529789749 7.069340749025176e-05 0.0026679205298143507
v 0.003239515947412344 -0.0003655876510086434 0.0021879207598882746
v 0.003239515947412344 -0.0003655876510086434 0.002687920271875256
v 0.003049262693913371 -0.0011462954175555234 0.002687920271875256
v 0.0031341349378049025 -0.0008916021684199082 0.002687920271875256
v 0.003197697329572649 -0.0006307729937708451 0.002687920271875256
v 0.003049262693913371 -0.0011462954175555234 0.0021879207598882746
v 0.003197697329572649 -0.0006307729937708451 0.0021879207598882746
v 0.0031341349378049025 -0.0008916021684199082 0.0021879207598882746
v 0.002918332749940469 -0.0012035140871216182 0.002687920271875256
v 0.002970398598080906 -0.0012097150562022235 0.002687920271875256
v 0.0030184447090675385 -0.0011887179049391017 0.002687920271875256
v 0.003049262693913371 -0.0011462954175555234 0.002687920271875256
v 0.002918332749940469 -0.0012035140871216182 0.0021879207598882746
v 0.003049262693913371 -0.0011462954175555234 0.0021879207598882746
v 0.0030184447090675385 -0.0011887179049391017 0.0021879207598882746
v 0.002970398598080906 -0.0012097150562022235 0.0021879207598882746
v 0.0019899141343702204 2.5230859773661338e-05 0.002687920271875256
v 0.0018015729978329024 -0.0008351214788454436 0.002687920271875256
v 0.0012585901932733467 -0.001528553928541676 0.002687920271875256
v 0.0004685115709488489 -0.0019177239704640803 0.002687920271875256
v -0.00041218041452362224 -0.0019255515502642484 0.002687920271875256
v -0.0012090515820148983 -0.0015504863511662248 0.002687920271875256
v -0.001764273604059065 -0.0008668146833744339 0.002687920271875256
v -0.001967877105596429 -9.94593464890268e-06 0.002687920271875256
v -0.001967877105596429 -9.94593464890268e-06 0.0026679205298143507
v -0.001764273604059065 -0.0008668146833744339 0.0026679205298143507
v -0.0012090515820148983 -0.0015504863511662248 0.0026679205298143507
v -0.00041218041452362224 -0.0019255515502642484 0.0026679205298143507
v 0.0004685115709488489 -0.0019177239704640803 0.0026679205298143507
v 0.0012585901932733467 -0.001528553928541676 0.0026679205298143507
v 0.0018015729978329024 -0.0008351214788454436 0.0026679205298143507
v 0.0019899141343702204 2.5230859773661338e-05 0.0026679205298143507
v 0.0019899141343702204 2.5230859773661338e-05 0.0026679205298143507
v 0.0017863106328328564 0.0008820995491273798 0.0026679205298143507
v 0.0012310886107886898 0.0015657713659307793 0.0026679205298143507
v 0.0004342162512045448 0.0019408365650288029 0.0026679205298143507
v -0.0004464745421750575 0.0019330089852286347 0.0026679205298143507
v -0.0012365537605459897 0.0015438389433062305 0.0026679205298143507
v -0.001779535969059111 0.0008504063445983895 0.0026679205298143507
v -0.001967877105596429 -9.94593464890268e-06 0.0026679205298143507
v -0.001967877105596429 -9.945928828136719e-06 0.002687920271875256
v -0.001779535969059111 0.0008504063445983895 0.002687920271875256
v -0.0012365537605459897 0.0015438389433062305 0.002687920271875256
v -0.0004464745421750575 0.0019330089852286347 0.002687920271875256
v 0.0004342162512045448 0.0019408365650288029 0.002687920271875256
v 0.0012310886107886898 0.0015657713659307793 0.002687920271875256
v 0.0017863094407399875 0.0008820995491273798 0.002687920271875256
v 0.0019899141343702204 2.5230859773661338e-05 0.002687920271875256
v 0.0014281356015473103 2.0237783449043693e-05 0.00220480794746858
v 0.0011500870924423545 0.0008507928807111181 0.00220480794746858
v 0.000436953296431453 0.0013592932814517622 0.00220480794746858
v -0.00043887375804319044 0.0013515089150180903 0.00220480794746858
v -0.0011428570491927037 0.000830413233554067 0.00220480794746858
v -0.0014060991688199533 -4.9528583242850355e-06 0.00220480794746858
v -0.001967877105596429 -9.94593464890268e-06 0.0026679205298143507
v 0.0019899141343702204 2.5230859773661338e-05 0.0026679205298143507
v 0.0017863106328328564 0.0008820995491273798 0.0026679205298143507
v 0.0012310886107886898 0.0015657713659307793 0.0026679205298143507
v 0.0004342162512045448 0.0019408365650288029 0.0026679205298143507
v -0.0004464745421750575 0.0019330089852286347 0.0026679205298143507
v -0.0012365537605459897 0.0015438389433062305 0.0026679205298143507
v -0.001779535969059111 0.0008504063445983895 0.0026679205298143507
v 0.0013721215418252008 1.973992635145947e-05 0.002124808383178524
v 0.001105062936878288 0.000817465689387939 0.002124808383178524
v 0.0004201173688445085 0.0013058665102899103 0.002124808383178524
v -0.00042109130871836913 0.0012983898528280136 0.002124808383178524
v -0.0010972475760300257 0.0007978915244812174 0.002124808383178524
v -0.0013500845130514094 -4.455002390854005e-06 0.002124808383178524
v -0.0014060991688199533 -4.9528583242850355e-06 0.00220480794746858
v 0.0014281356015473103 2.0237783449043693e-05 0.00220480794746858
v 0.0011500870924423545 0.0008507928807111181 0.00220480794746858
v 0.000436953296431453 0.0013592932814517622 0.00220480794746858
v -0.00043887375804319044 0.0013515089150180903 0.00220480794746858
v -0.0011428570491927037 0.000830413233554067 0.00220480794746858
v -0.0013700836590658805 -4.632755777625236e-06 0.002124808383178524
v -0.0011135321606651214 0.0008095029560587635 0.002124808383178524
v -0.0004274403953379306 0.0013173553053135723 0.002124808383178524
v 0.000426127901089313 0.001324941784331013 0.002124808383178524
v 0.0011211383092148983 0.0008293647133700982 0.002124808383178524
v 0.0013921200917932377 1.991767857407751e-05 0.002124808383178524
v 0.0011355685933924786 -0.0007942180903058177 0.002124808383178524
v 0.00044947623201885316 -0.0013020702905490178 0.002124808383178524
v -0.00040409087231552154 -0.0013096567695664585 0.002124808383178524
v -0.0010991012804411069 -0.0008140798476171524 0.002124808383178524
v -0.0013500845130514094 -4.455002390854005e-06 0.002124808383178524
v -0.001083026504150931 -0.0008021808236349931 0.002124808383178524
v -0.000398080340070717 -0.0012905814955253558 0.002124808383178524
v 0.0004431271453992917 -0.001283104838063459 0.002124808383178524
v 0.0011192846048038172 -0.0007826066587282715 0.002124808383178524
v 0.0013721215418252008 1.973992635145947e-05 0.002124808383178524
v 0.001105062936878288 0.000817465689387939 0.002124808383178524
v 0.0004201173688445085 0.0013058665102899103 0.002124808383178524
v -0.00042109130871836913 0.0012983898528280136 0.002124808383178524
v -0.0010972475760300257 0.0007978915244812174 0.002124808383178524
v 0.001426759926376643 2.0225555183912315e-05 0.002104808045071184
v 0.0011489808302600501 0.0008499744344508398 0.002104808045071184
v 0.00043653964020595775 0.0013579812342379705 0.002104808045071184
v -0.0004384374520531868 0.0013502044673963376 0.002104808045071184
v -0.0011417370779424074 0.0008296146058377335 0.002104808045071184
v -0.001404723493649286 -4.940632387460042e-06 0.002104808045071184
v -0.0013700836590658805 -4.632755777625236e-06 0.002124808383178524
v -0.0011135321606651214 0.0008095029560587635 0.002124808383178524
v -0.0004274403953379306 0.0013173553053135723 0.002124808383178524
v 0.000426127901089313 0.001324941784331013 0.002124808383178524
v 0.0011211383092148983 0.0008293647133700982 0.002124808383178524
v 0.0013921200917932377 1.991767857407751e-05 0.002124808383178524
v 0.001426759926376643 2.0225555183912315e-05 0.002104808045071184
v 0.0011489808302600501 0.0008499744344508398 0.002104808045071184
v 0.00043653964020595775 0.0013579812342379705 0.002104808045071184
v -0.0004384374520531868 0.0013502044673963376 0.002104808045071184
v -0.0011417370779424074 0.0008296146058377335 0.002104808045071184
v -0.001404723493649286 -4.940632387460042e-06 0.002104808045071184
v -0.0011269443975326931 -0.0008346895686978939 0.002104808045071184
v -0.0004145026114321663 -0.001342696219473416 0.002104808045071184
v 0.00046047328873410936 -0.0013349194526317831 0.002104808045071184
v 0.0011637735106697644 -0.0008143297400847876 0.002104808045071184
v 0.0013619565659324106 1.9649581078821834e-05 0.002104808045071184
v 0.0011110079040153051 -0.000776704979463555 0.002104808045071184
v 0.000439900150003281 -0.00127346527710262 0.002104808045071184
v -0.00039502500604782253 -0.0012808862042228975 0.002104808045071184
v -0.0010748558996277477 -0.000796132889476428 0.002104808045071184
v -0.0013399195371586192 -4.364657118216368e-06 0.002104808045071184
v -0.0010889708752415137 0.0007919898452165008 0.002104808045071184
v -0.00041786431332235845 0.0012887502918671745 0.002104808045071184
v 0.000417062034821614 0.001296171218987452 0.002104808045071184
v 0.0010968923323551047 0.0008114177552293739 0.002104808045071184
v 0.0013921200917932377 1.991767857407751e-05 0.002124808383178524
v 0.0011355685933924786 -0.0007942180903058177 0.002124808383178524
v 0.00044947623201885316 -0.0013020702905490178 0.002124808383178524
v -0.00040409087231552154 -0.0013096567695664585 0.002124808383178524
v -0.0010991012804411069 -0.0008140798476171524 0.002124808383178524
v -0.0013700836590658805 -4.632755777625236e-06 0.002124808383178524
v -0.001404723493649286 -4.940632387460042e-06 0.002104808045071184
v -0.0011269443975326931 -0.0008346895686978939 0.002104808045071184
v -0.0004145026114321663 -0.001342696219473416 0.002104808045071184
v 0.00046047328873410936 -0.0013349194526317831 0.002104808045071184
v 0.0011637735106697644 -0.0008143297400847876 0.002104808045071184
v 0.001426759926376643 2.0225555183912315e-05 0.002104808045071184
v -0.001304229468757746 -4.0474416714733445e-06 0.002119792652432785
v -0.001059910631330819 0.0007712682164176948 0.002119792652432785
v -0.00040653347060382077 0.0012549048381692574 0.002119792652432785
v 0.00040633439109472074 0.001262129666012607 0.002119792652432785
v 0.0010682046174659296 0.0007901828559447183 0.002119792652432785
v 0.0013262653054386686 1.933236563207881e-05 0.002119792652432785
v -0.0013146453801994318 -4.140017461627329e-06 0.0021116673474386185
v -0.001326825589087034 -4.2482743952809016e-06 0.0021065532690311985
v -0.0013399195371586192 -4.364657118216368e-06 0.002104808045071184
v -0.0010889708752415137 0.0007919898452165008 0.002104808045071184
v -0.00041786431332235845 0.0012887502918671745 0.002104808045071184
v 0.000417062034821614 0.001296171218987452 0.002104808045071184
v 0.0010968923323551047 0.0008114177552293739 0.002104808045071184
v 0.0013619565659324106 1.9649581078821834e-05 0.002104808045071184
v 0.0013366818129267888 1.9424941422232795e-05 0.0021116673474386185
v 0.0013488614257679565 1.9533198355886367e-05 0.0021065532690311985
v 0.0010765766856839507 0.0007963800252293041 0.0021116673474386185
v 0.001086367344415918 0.0008036269812965319 0.0021065532690311985
v 0.00040946482696835356 0.0012720642699584894 0.0021116673474386185
v 0.0004131257441686302 0.0012836818110119885 0.0021065532690311985
v -0.00040984033622204523 0.001264782370669043 0.0021116673474386185
v -0.0004137062933957662 0.0012763328564986687 0.0021065532690311985
v -0.001068391776046341 0.0007773156290356298 0.0021116673474386185
v -0.0010783093926688423 0.0007843873474511348 0.0021065532690311985
v 0.0012909674355916511 1.901863682414657e-05 0.0021557735914936606
v 0.0013262653054386686 1.933236563207881e-05 0.002119792652432785
v -0.001304229468757746 -4.0474416714733445e-06 0.002119792652432785
v -0.001059910631330819 0.0007712682164176948 0.002119792652432785
v -0.00040653347060382077 0.0012549048381692574 0.002119792652432785
v 0.00040633439109472074 0.001262129666012607 0.002119792652432785
v 0.0010682046174659296 0.0007901828559447183 0.002119792652432785
v -0.0012689310028642941 -3.733712863541105e-06 0.0021557735914936606
v 0.001039832807187003 0.0007691813088391425 0.0021557735914936606
v 0.0003957247645618448 0.0012284621321753675 0.0021557735914936606
v -0.0003953277976365136 0.001221431242940621 0.0021557735914936606
v -0.0010311692722625452 0.0007507742773568415 0.0021557735914936606
v 0.001285967798099642 1.897419760433887e-05 0.0021608793252509985
v 0.0012909674355916511 1.901863682414657e-05 0.0021557735914936606
v 0.001039832807187003 0.0007691813088391425 0.0021557735914936606
v 0.0003957247645618448 0.0012284621321753675 0.0021557735914936606
v -0.0003953277976365136 0.001221431242940621 0.0021557735914936606
v -0.0010311692722625452 0.0007507742773568415 0.0021557735914936606
v -0.0012689310028642941 -3.733712863541105e-06 0.0021557735914936606
v -0.001263931365372285 -3.6892736437334032e-06 0.0021608793252509985
v 0.0010358130700331989 0.0007662065900965048 0.0021608793252509985
v 0.0003942227275470781 0.0012236932391592875 0.0021608793252509985
v -0.0003937399299351888 0.0012166898425663292 0.0021608793252509985
v -0.0010270982751153799 0.0007478714567153572 0.0021608793252509985
v 1.1018514386895727e-05 7.642461980302733e-06 0.002618306816705164
v 0.001285967798099642 1.897419760433887e-05 0.0021608793252509985
v 1.1018514386895727e-05 7.642461980302733e-06 0.002618306816705164
v -0.001263931365372285 -3.6892736437334032e-06 0.0021608793252509985
v 0.0010358130700331989 0.0007662065900965048 0.0021608793252509985
v 0.0003942227275470781 0.0012236932391592875 0.0021608793252509985
v -0.0003937399299351888 0.0012166898425663292 0.0021608793252509985
v -0.0010270982751153799 0.0007478714567153572 0.0021608793252509985
v -0.001263931365372285 -3.6892736437334032e-06 0.0021608793252509985
v -0.0010137772333522763 -0.000750921724343559 0.0021608793252509985
v -0.00037218569877328666 -0.0012084083734063417 0.0021608793252509985
v 0.0004157769587089803 -0.0012014049768133833 0.0021608793252509985
v 0.0010491347078427369 -0.0007325865909624113 0.0021608793252509985
v 0.001285967798099642 1.897419760433887e-05 0.0021608793252509985
v 1.1018514386895727e-05 7.642461980302733e-06 0.002618306816705164
v 1.1018514386895727e-05 7.642461980302733e-06 0.002618306816705164
v 0.001285967798099642 1.897419760433887e-05 0.0021608793252509985
v 0.0012909674355916511 1.901863682414657e-05 0.0021557735914936606
v -0.001263931365372285 -3.6892736437334032e-06 0.0021608793252509985
v -0.0010137772333522763 -0.000750921724343559 0.0021608793252509985
v -0.00037218569877328666 -0.0012084083734063417 0.0021608793252509985
v 0.0004157769587089803 -0.0012014049768133833 0.0021608793252509985
v 0.0010491347078427369 -0.0007325865909624113 0.0021608793252509985
v -0.0012689310028642941 -3.733712863541105e-06 0.0021557735914936606
v 0.0010532057049899022 -0.0007354894116038957 0.0021557735914936606
v 0.0004173636343174362 -0.0012061463771876751 0.0021557735914936606
v -0.0003736889278809222 -0.0012131772664224216 0.0021557735914936606
v -0.0010177957784132117 -0.0007538964430861966 0.0021557735914936606
v 0.0012909674355916511 1.901863682414657e-05 0.0021557735914936606
v 0.0013262653054386686 1.933236563207881e-05 0.002119792652432785
v 0.0010532057049899022 -0.0007354894116038957 0.0021557735914936606
v 0.0004173636343174362 -0.0012061463771876751 0.0021557735914936606
v -0.0003736889278809222 -0.0012131772664224216 0.0021557735914936606
v -0.0010177957784132117 -0.0007538964430861966 0.0021557735914936606
v -0.0012689310028642941 -3.733712863541105e-06 0.0021557735914936606
v -0.001304229468757746 -4.0474416714733445e-06 0.002119792652432785
v 0.001081947064058176 -0.000755983350664749 0.002119792652432785
v 0.00042856930728474334 -0.0012396199724163115 0.002119792652432785
v -0.00038429736232092925 -0.0012468447257538567 0.002119792652432785
v -0.0010461681847385726 -0.0007748979901917724 0.002119792652432785
v 0.0013619565659324106 1.9649581078821834e-05 0.002104808045071184
v 0.0011110079040153051 -0.000776704979463555 0.002104808045071184
v 0.000439900150003281 -0.00127346527710262 0.002104808045071184
v -0.00039502500604782253 -0.0012808862042228975 0.002104808045071184
v -0.0010748558996277477 -0.000796132889476428 0.002104808045071184
v -0.0013399195371586192 -4.364657118216368e-06 0.002104808045071184
v -0.001304229468757746 -4.0474416714733445e-06 0.002119792652432785
v -0.0013146453801994318 -4.140017461627329e-06 0.0021116673474386185
v -0.001326825589087034 -4.2482743952809016e-06 0.0021065532690311985
v 0.0013262653054386686 1.933236563207881e-05 0.002119792652432785
v 0.001081947064058176 -0.000755983350664749 0.002119792652432785
v 0.00042856930728474334 -0.0012396199724163115 0.002119792652432785
v -0.00038429736232092925 -0.0012468447257538567 0.002119792652432785
v -0.0010461681847385726 -0.0007748979901917724 0.002119792652432785
v 0.0013366818129267888 1.9424941422232795e-05 0.0021116673474386185
v 0.0013488614257679565 1.9533198355886367e-05 0.0021065532690311985
v -0.0010545402529565937 -0.0007810951594763582 0.0021116673474386185
v -0.001064330911688561 -0.000788342115543586 0.0021065532690311985
v -0.00038742899028743093 -0.001256779255193935 0.0021116673474386185
v -0.00039108990748770755 -0.001268396796247434 0.0021065532690311985
v 0.0004318761729029678 -0.001249497430410293 0.0021116673474386185
v 0.0004357433221695576 -0.0012610478417341142 0.0021065532690311985
v 0.0010904276127272636 -0.0007620307632826839 0.0021116673474386185
v 0.0011003458253961993 -0.000769102481698189 0.0021065532690311985
v 0.0014281356015473103 2.0237783449043693e-05 0.00220480794746858
v 0.001164894077966495 -0.0008151283678011212 0.00220480794746858
v 0.0004609107868169819 -0.0013362239002535359 0.00220480794746858
v -0.0004149162676576616 -0.0013440082666872077 0.00220480794746858
v -0.001128050063668563 -0.0008355080149581723 0.00220480794746858
v -0.0014060991688199533 -4.9528583242850355e-06 0.00220480794746858
v -0.0013500845130514094 -4.455002390854005e-06 0.002124808383178524
v -0.001083026504150931 -0.0008021808236349931 0.002124808383178524
v -0.000398080340070717 -0.0012905814955253558 0.002124808383178524
v 0.0004431271453992917 -0.001283104838063459 0.002124808383178524
v 0.0011192846048038172 -0.0007826066587282715 0.002124808383178524
v 0.0013721215418252008 1.973992635145947e-05 0.002124808383178524
v -0.001967877105596429 -9.94593464890268e-06 0.0026679205298143507
v -0.001764273604059065 -0.0008668146833744339 0.0026679205298143507
v -0.0012090515820148983 -0.0015504863511662248 0.0026679205298143507
v -0.00041218041452362224 -0.0019255515502642484 0.0026679205298143507
v 0.0004685115709488489 -0.0019177239704640803 0.0026679205298143507
v 0.0012585901932733467 -0.001528553928541676 0.0026679205298143507
v 0.0018015729978329024 -0.0008351214788454436 0.0026679205298143507
v 0.0019899141343702204 2.5230859773661338e-05 0.0026679205298143507
v -0.0014060991688199533 -4.9528583242850355e-06 0.00220480794746858
v 0.0014281356015473103 2.0237783449043693e-05 0.00220480794746858
v 0.001164894077966495 -0.0008151283678011212 0.00220480794746858
v 0.0004609107868169819 -0.0013362239002535359 0.00220480794746858
v -0.0004149162676576616 -0.0013440082666872077 0.00220480794746858
v -0.001128050063668563 -0.0008355080149581723 0.00220480794746858
v 0.0033359407632960222 3.71943266199307e-05 -0.0016920744994564094
v 0.0032095836875680765 -0.0009007414974106509 -0.0016920744994564094
v 0.0028240978086568917 -0.0017650854193027588 -0.0016920744994564094
v 0.0022107123834480564 -0.002485813442934748 -0.0016920744994564094
v 0.0014191221873658412 -0.0030045365615665176 -0.0016920744994564094
v 0.0005134546641978326 -0.0032792308193617115 -0.0016920744994564094
v -0.00043291686997748473 -0.003287642226644405 -0.0016920744994564094
v -0.0013433229622992215 -0.003029089204316826 -0.0016920744994564094
v -0.0021440088269708574 -0.002524518314200974 -0.0016920744994564094
v -0.0027701073265796764 -0.0018148065697817517 -0.0016920744994564094
v -0.003170895505602014 -0.0009574511433217414 -0.0016920744994564094
v -0.003313903734522231 -2.1909400331018847e-05 -0.0016920744994564094
v 0.0033359407632960222 3.719415898187101e-05 -0.0013920211480851214
v 0.0030757200030449043 -0.0012821569752211048 -0.0014049845619875663
v 0.0022434889768774297 -0.0024565116512065 -0.0014188730399562483
v 0.0008182871158803903 -0.003217926549510808 -0.001434498397234863
v 9.194612297536161e-05 -0.0033164259050095235 -0.0014415293609754138
v -0.0012526172119539114 -0.0030679395109130536 -0.0014547133120585982
v -0.0024996721185817105 -0.0021723603716710116 -0.0014695447354865507
v -0.003098596265198375 -0.0011697597540223648 -0.0014807831910077516
v -0.003313903734522231 -2.1909092994576093e-05 -0.0014920216465289524
v 0.0033359407632960222 3.71943266199307e-05 -0.0016920744994564094
v 0.0032095836875680765 -0.0009007414974106509 -0.0016920744994564094
v 0.0028240978086568917 -0.0017650854193027588 -0.0016920744994564094
v 0.0022107123834480564 -0.002485813442934748 -0.0016920744994564094
v 0.0014191221873658412 -0.0030045365615665176 -0.0016920744994564094
v 0.0005134546641978326 -0.0032792308193617115 -0.0016920744994564094
v -0.00043291686997748473 -0.003287642226644405 -0.0016920744994564094
v -0.0013433229622992215 -0.003029089204316826 -0.0016920744994564094
v -0.0021440088269708574 -0.002524518314200974 -0.0016920744994564094
v -0.0027701073265796764 -0.0018148065697817517 -0.0016920744994564094
v -0.003170895505602014 -0.0009574511433217414 -0.0016920744994564094
v -0.003313903734522231 -2.1909400331018847e-05 -0.0016920744994564094
v -0.003187546658794285 0.0009160263631635968 -0.0016920744994564094
v -0.0028020607798831003 0.0017803704340673132 -0.0016920744994564094
v -0.002188676546767134 0.0025010984576993023 -0.0016920744994564094
v -0.0013970857546384842 0.003019821576331072 -0.0016920744994564094
v -0.00049141882751691 0.003294515834126266 -0.0016920744994564094
v 0.0004549527066584073 0.0033029272414089594 -0.0016920744994564094
v 0.001365359991073013 0.0030443742190813805 -0.0016920744994564094
v 0.002166045855744649 0.0025398033289655286 -0.0016920744994564094
v 0.0027921437593070335 0.0018300915845463062 -0.0016920744994564094
v 0.003192931342282937 0.0009727360090746873 -0.0016920744994564094
v 0.0033159410212351167 3.701657439731266e-05 -0.0016920744994564094
v 0.00317379229127335 0.0009669310383439572 -0.0016920744994564094
v 0.0027754151200782866 0.0018191296945706814 -0.0016920744994564094
v 0.0021530830378886385 0.0025245725544265074 -0.0016920744994564094
v 0.001357213228407207 0.0030261083760982355 -0.0016920744994564094
v 0.0004522824186321554 0.0032831063132783833 -0.0016920744994564094
v -0.0004883968720943437 0.0032747455699426165 -0.0016920744994564094
v -0.0013886159348052165 0.003001703552863666 -0.0016920744994564094
v -0.0021754455080156294 0.0024861004392929265 -0.0016920744994564094
v -0.0027851402137024665 0.0017697076103901643 -0.0016920744994564094
v -0.003168307471983714 0.00091056248000497 -0.0016920744994564094
v -0.0032939045885077597 -2.173164810840081e-05 -0.0016920744994564094
v -0.0031517564545924274 -0.0009516461725910114 -0.0016920744994564094
v -0.0027533786873509295 -0.001803844679806127 -0.0016920744994564094
v -0.0021310466051612815 -0.002509287539661953 -0.0016920744994564094
v -0.00133517679567985 -0.003010823361333681 -0.0016920744994564094
v -0.0004302465819512328 -0.003267821298513829 -0.0016920744994564094
v 0.0005104327087752662 -0.003259460555178062 -0.0016920744994564094
v 0.0014106523675325735 -0.0029864185380991115 -0.0016920744994564094
v 0.002197481344696552 -0.002470815424528372 -0.0016920744994564094
v 0.002807177242476258 -0.0017544225956256099 -0.0016920744994564094
v 0.0031903445007575052 -0.0008952776142520241 -0.0016920744994564094
v 0.0033159410212351167 3.701657439731266e-05 -0.0016920744994564094
v 0.0033159410212351167 3.701657439731266e-05 -0.0024620747015906565
v -0.0032939045885077597 -2.173164810840081e-05 -0.0024620747015906565
v -0.003168307471983714 0.00091056248000497 -0.0024620747015906565
v -0.0027851402137024665 0.0017697076103901643 -0.0024620747015906565
v -0.0021754455080156294 0.0024861004392929265 -0.0024620747015906565
v -0.0013886159348052165 0.003001703552863666 -0.0024620747015906565
v -0.0004883968720943437 0.0032747455699426165 -0.0024620747015906565
v 0.0004522824186321554 0.0032831063132783833 -0.0024620747015906565
v 0.001357213228407207 0.0030261083760982355 -0.0024620747015906565
v 0.0021530830378886385 0.0025245725544265074 -0.0024620747015906565
v 0.0027754151200782866 0.0018191296945706814 -0.0024620747015906565
v 0.00317379229127335 0.0009669310383439572 -0.0024620747015906565
v -0.0032939045885077597 -2.173164810840081e-05 -0.0016920744994564094
v 0.00317379229127335 0.0009669310383439572 -0.0016920744994564094
v 0.0027754151200782866 0.0018191296945706814 -0.0016920744994564094
v 0.0021530830378886385 0.0025245725544265074 -0.0016920744994564094
v 0.001357213228407207 0.0030261083760982355 -0.0016920744994564094
v 0.0004522824186321554 0.0032831063132783833 -0.0016920744994564094
v -0.0004883968720943437 0.0032747455699426165 -0.0016920744994564094
v -0.0013886159348052165 0.003001703552863666 -0.0016920744994564094
v -0.0021754455080156294 0.0024861004392929265 -0.0016920744994564094
v -0.0027851402137024665 0.0017697076103901643 -0.0016920744994564094
v -0.003168307471983714 0.00091056248000497 -0.0016920744994564094
v 0.0033159410212351167 3.701657439731266e-05 -0.0016920744994564094
v 0.0033159410212351167 3.701657439731266e-05 -0.0024620747015906565
v -0.0032939045885077597 -2.173164810840081e-05 -0.0016920744994564094
v -0.0031517564545924274 -0.0009516461725910114 -0.0016920744994564094
v -0.0027533786873509295 -0.001803844679806127 -0.0016920744994564094
v -0.0021310466051612815 -0.002509287539661953 -0.0016920744994564094
v -0.00133517679567985 -0.003010823361333681 -0.0016920744994564094
v -0.0004302465819512328 -0.003267821298513829 -0.0016920744994564094
v 0.0005104327087752662 -0.003259460555178062 -0.0016920744994564094
v 0.0014106523675325735 -0.0029864185380991115 -0.0016920744994564094
v 0.002197481344696552 -0.002470815424528372 -0.0016920744994564094
v 0.002807177242476258 -0.0017544225956256099 -0.0016920744994564094
v 0.0031903445007575052 -0.0008952776142520241 -0.0016920744994564094
v -0.0032939045885077597 -2.173164810840081e-05 -0.0024620747015906565
v 0.0031903445007575052 -0.0008952776142520241 -0.0024620747015906565
v 0.002807177242476258 -0.0017544225956256099 -0.0024620747015906565
v 0.002197481344696552 -0.002470815424528372 -0.0024620747015906565
v 0.0014106523675325735 -0.0029864185380991115 -0.0024620747015906565
v 0.0005104327087752662 -0.003259460555178062 -0.0024620747015906565
v -0.0004302465819512328 -0.003267821298513829 -0.0024620747015906565
v -0.00133517679567985 -0.003010823361333681 -0.0024620747015906565
v -0.0021310466051612815 -0.002509287539661953 -0.0024620747015906565
v -0.0027533786873509295 -0.001803844679806127 -0.0024620747015906565
v -0.0031517564545924274 -0.0009516461725910114 -0.0024620747015906565
v 0.0033159410212351167 3.701657439731266e-05 -0.0024620747015906565
v 0.0031903445007575052 -0.0008952776142520241 -0.0024620747015906565
v 0.002807177242476258 -0.0017544225956256099 -0.0024620747015906565
v 0.002197481344696552 -0.002470815424528372 -0.0024620747015906565
v 0.0014106523675325735 -0.0029864185380991115 -0.0024620747015906565
v 0.0005104327087752662 -0.003259460555178062 -0.0024620747015906565
v -0.0004302465819512328 -0.003267821298513829 -0.0024620747015906565
v -0.00133517679567985 -0.003010823361333681 -0.0024620747015906565
v -0.0021310466051612815 -0.002509287539661953 -0.0024620747015906565
v -0.0027533786873509295 -0.001803844679806127 -0.0024620747015906565
v -0.0031517564545924274 -0.0009516461725910114 -0.0024620747015906565
v -0.0032939045885077597 -2.173164810840081e-05 -0.0024620747015906565
v -0.003168307471983714 0.00091056248000497 -0.0024620747015906565
v -0.0027851402137024665 0.0017697076103901643 -0.0024620747015906565
v -0.0021754455080156294 0.0024861004392929265 -0.0024620747015906565
v -0.0013886159348052165 0.003001703552863666 -0.0024620747015906565
v -0.0004883968720943437 0.0032747455699426165 -0.0024620747015906565
v 0.0004522824186321554 0.0032831063132783833 -0.0024620747015906565
v 0.001357213228407207 0.0030261083760982355 -0.0024620747015906565
v 0.0021530830378886385 0.0025245725544265074 -0.0024620747015906565
v 0.0027754151200782866 0.0018191296945706814 -0.0024620747015906565
v 0.00317379229127335 0.0009669310383439572 -0.0024620747015906565
v 0.0030959498190295002 3.506129529190147e-05 -0.0024620747015906565
v 0.0029364895164261133 0.0009870154935043562 -0.0024620747015906565
v 0.002490663472771717 0.0018431019371054624 -0.0024620747015906565
v 0.0018021130159024971 0.0025195207628714855 -0.0024620747015906565
v 0.0009382378845310688 0.0029500594075755893 -0.0024620747015906565
v -1.6400813689809737e-05 0.003092573812024879 -0.0024620747015906565
v -0.00096835491877001 0.0029331138074447094 -0.0024620747015906565
v -0.0018244415113827254 0.0024872880618135307 -0.0024620747015906565
v -0.002500860039125532 0.001798737455932703 -0.0024620747015906565
v -0.002931398683829636 0.0009348618030206451 -0.0024620747015906565
v -0.0030739133863021432 -1.9776369002989617e-05 -0.0024620747015906565
v -0.0030705302267403116 -0.00013937511169817042 -0.0024620747015906565
v -0.0030625116140579082 -0.00025875271650956447 -0.0024620747015906565
v -0.0030498706612764907 -0.00037772963841863766 -0.0024620747015906565
v -0.0030326258458355264 -0.0004961269237966776 -0.0024620747015906565
v -0.00301080339377813 -0.0006137665223978489 -0.0024620747015906565
v -0.0029844354916117614 -0.0007304714456840278 -0.0024620747015906565
v -0.002953562074447527 -0.0008460661579802742 -0.0024620747015906565
v -0.0029182296339073125 -0.0009603768372451471 -0.0024620747015906565
v -0.0028784912181237824 -0.0010732315240823131 -0.0024620747015906565
v -0.0028344070277868142 -0.001184460494269568 -0.0024620747015906565
v -0.0027860426280041954 -0.0012938962587588365 -0.0024620747015906565
v -0.0027334713324873605 -0.0014013746067574329 -0.0024620747015906565
v -0.0026767724154120897 -0.0015067335626468004 -0.0024620747015906565
v -0.002616030515372072 -0.001609814727086989 -0.0024620747015906565
v -0.0025513374235182095 -0.0017104631280050464 -0.0024620747015906565
v -0.002482790295419315 -0.0018085273696066273 -0.0024620747015906565
v -0.0024104922471085443 -0.0019038597813876013 -0.0024620747015906565
v -0.0023345517590369646 -0.001996317163192096 -0.0024620747015906565
v -0.0022550832721199864 -0.002085760487189281 -0.0024620747015906565
v -0.00217220659169093 -0.002172055046884974 -0.0024620747015906565
v -0.0020860462914545925 -0.002255071202179687 -0.0024620747015906565
v -0.001996731713487245 -0.002334684081345406 -0.0024620747015906565
v -0.0019043969682366341 -0.0024107737300372023 -0.0024620747015906565
v -0.001809181530568417 -0.0024832258563512732 -0.0024620747015906565
v -0.0017112284516268576 -0.0025519316818133353 -0.0024620747015906565
v -0.0016106849548812598 -0.0026167874943437974 -0.0024620747015906565
v -0.0015077018400795352 -0.0026776959893622387 -0.0024620747015906565
v -0.00140243467534107 -0.002734565375717757 -0.0024620747015906565
v -0.001295042009017423 -0.002787310120747011 -0.0024620747015906565
v -0.0011856841775994564 -0.0028358512482974385 -0.0024620747015906565
v -0.0010745268819959417 -0.002880115444657605 -0.0024620747015906565
v -0.0009617364191620856 -0.0029200359526268538 -0.0024620747015906565
v -0.0008474826623317008 -0.002955553167561742 -0.0024620747015906565
v -0.0007319378689243379 -0.0029866134452831705 -0.0024620747015906565
v -0.0006152760844988508 -0.0030131699961460368 -0.0024620747015906565
v -0.0004976725467069625 -0.003035183183062451 -0.0024620747015906565
v -0.00037930249320039554 -0.0030526193294088677 -0.0024620747015906565
v -0.00026034712209521715 -0.0030654528051886065 -0.0024620747015906565
v -0.0001409816710431501 -0.003073663940869331 -0.0024620747015906565
v -2.1388530253130273e-05 -0.0030772405174991357 -0.0024620747015906565
v 9.825229425164403e-05 -0.0030761771706601104 -0.0024620747015906565
v 0.00021776318063371233 -0.0030704753904683413 -0.0024620747015906565
v 0.0003369629307770075 -0.0030601438195971276 -0.0024620747015906565
v 0.00045567273075120023 -0.0030451982532769817 -0.0024620747015906565
v 0.0005737137666259612 -0.0030256607452259776 -0.0024620747015906565
v 0.0006909072244709609 -0.0030015607997426197 -0.0024620747015906565
v 0.0008070790587273453 -0.0029729347756594082 -0.0024620747015906565
v 0.0009220540317433919 -0.0029398255883196223 -0.0024620747015906565
v 0.0010356580979602467 -0.002902283305623754 -0.0024620747015906565
v 0.0011477207880976625 -0.00286036395593664 -0.0024620747015906565
v 0.0012580740170611293 -0.0028141313162267645 -0.0024620747015906565
v 0.0013665508918490066 -0.002763653931834087 -0.0024620747015906565
v 0.0014729892878311292 -0.002709008692748649 -0.0024620747015906565
v 0.0015772294645630693 -0.0026502769593087505 -0.0024620747015906565
v 0.0016791128736932685 -0.002587547840456339 -0.0024620747015906565
v 0.001778488119427381 -0.00252091491548162 -0.0024620747015906565
v 0.0018752049980639302 -0.00245047921425523 -0.0024620747015906565
v 0.001969118074272915 -0.002376345938972846 -0.0024620747015906565
v 0.0020600854890029403 -0.0022986271463641406 -0.0024620747015906565
v 0.0021479701515740874 -0.0022174393635070455 -0.0024620747015906565
v 0.00223264212386365 -0.0021329049289322277 -0.0024620747015906565
v 0.002313971467748923 -0.002045150800530221 -0.0024620747015906565
v 0.00239183778185015 -0.0019543091515978606 -0.0024620747015906565
v 0.0024661218568804454 -0.001860516476768631 -0.0024620747015906565
v 0.0025367140202958737 -0.0017639140390474928 -0.0024620747015906565
v 0.0026035081758311062 -0.0016646469757412297 -0.0024620747015906565
v 0.0026664018034994207 -0.0015628645964816668 -0.0024620747015906565
v 0.002725301920057046 -0.0014587199361908443 -0.0024620747015906565
v 0.002780119118538818 -0.0013523697550810176 -0.0024620747015906565
v 0.0028307711445367837 -0.001243974166125636 -0.0024620747015906565
v 0.002877182896200206 -0.0011336958900012989 -0.0024620747015906565
v 0.0029192828479569525 -0.0010217010001458 -0.0024620747015906565
v 0.002957009010977843 -0.0009081578051710615 -0.0024620747015906565
v 0.0029903041648051713 -0.0007932372213921568 -0.0024620747015906565
v 0.003019118241538446 -0.0006771119532634623 -0.0024620747015906565
v 0.0030434071337415184 -0.0005599567541489728 -0.0024620747015906565
v 0.003063136270721192 -0.00044194786752876913 -0.0024620747015906565
v 0.0030782734659700077 -0.00032326276622870326 -0.0024620747015906565
v 0.0030887984539091943 -0.00020407994752943623 -0.0024620747015906565
v 0.003094693353145719 -8.457869102257431e-05 -0.0024620747015906565
v -0.00036159872200491915 -0.0030749719647696905 -0.0024620747015906565
v -0.00048139213439690786 -0.003058117857766496 -0.0024620747015906565
v -0.0006004381045601198 -0.0030366104162496965 -0.0024620747015906565
v -0.0007185566264713567 -0.003010482124749969 -0.0024620747015906565
v -0.0008355665020145516 -0.0029797726203552033 -0.0024620747015906565
v -0.0009512924935379816 -0.002944528692710502 -0.0024620747015906565
v -0.001065556979204186 -0.0029048033899485293 -0.0024620747015906565
v -0.0011781877015936148 -0.0028606575088055974 -0.0024620747015906565
v -0.0012890129993331511 -0.0028121578064823627 -0.0024620747015906565
v -0.0013978653833747203 -0.0027593778947134773 -0.0024620747015906565
v -0.00150457915280955 -0.0027023982397675894 -0.0024620747015906565
v -0.0016089921830074751 -0.002641304672331257 -0.0024620747015906565
v -0.0017109465216633717 -0.002576190473671469 -0.0024620747015906565
v -0.001810287196704287 -0.0025071542894731236 -0.0024620747015906565
v -0.0019068628123358761 -0.0024343010239086804 -0.0024620747015906565
v -0.002000527337181703 -0.002357741094580118 -0.0024620747015906565
v -0.002091138912190373 -0.0022775907305421506 -0.0024620747015906565
v -0.0021785598506355325 -0.002193971525267402 -0.0024620747015906565
v -0.0022626566381158696 -0.002107010734669623 -0.0024620747015906565
v -0.0023433023167408495 -0.002016839935999215 -0.0024620747015906565
v -0.002420374696991414 -0.0019235963689477054 -0.0024620747015906565
v -0.0024937563577199806 -0.0018274212965200543 -0.0024620747015906565
v -0.0025633364342897446 -0.0017284607500926974 -0.0024620747015906565
v -0.002629008234388943 -0.00162686508237872 -0.0024620747015906565
v -0.002690673410355895 -0.0015227883713814228 -0.0024620747015906565
v -0.0027482371908075253 -0.0014163885694059297 -0.0024620747015906565
v -0.0028016131490108424 -0.0013078273540475804 -0.0024620747015906565
v -0.002850719626604328 -0.0011972694576396908 -0.0024620747015906565
v -0.002895482117783679 -0.001084882592747749 -0.0024620747015906565
v -0.0029358332693018045 -0.0009708373031578066 -0.0024620747015906565
v -0.0029717110923295235 -0.0008553068893706745 -0.0024620747015906565
v -0.003003061346641303 -0.0007384665145322711 -0.0024620747015906565
v -0.0030298369445688226 -0.0006204936887213505 -0.0024620747015906565
v -0.003051996758908107 -0.0005015673748798508 -0.0024620747015906565
v -0.0030695074110588276 -0.00038186817507740445 -0.0024620747015906565
v -0.003082341482885001 -0.00026157771583845343 -0.0024620747015906565
v -0.0030904810929935937 -0.00014087864814224874 -0.0024620747015906565
v -0.0030939125323166143 -1.9954121225607656e-05 -0.0024620747015906565
v -0.0003599870124462171 -0.003256393300226479 -0.0024620747015906565
v -0.0032739054424932887 -2.155389588578277e-05 -0.0024620747015906565
v -0.0031286364094472744 -0.0009588683927312103 -0.0024620747015906565
v -0.002721623717510171 -0.0018156076561896273 -0.0024620747015906565
v -0.002086799098101279 -0.002520348075322476 -0.0024620747015906565
v -0.0012770855141337478 -0.0030143373530878703 -0.0024620747015906565
v 0.0032959412791742112 3.683882217469462e-05 -0.0024620747015906565
v 0.003154653240263763 0.0009611260676132272 -0.0024620747015906565
v 0.0027586864808495397 0.0018081678045950567 -0.0024620747015906565
v 0.002140120220032628 0.002509341481864269 -0.0024620747015906565
v 0.0013490664657414009 0.0030078425331150904 -0.0024620747015906565
v 0.0004496121306059035 0.003263285385147807 -0.0024620747015906565
v -0.00048537372457890847 0.003254975305758967 -0.0024620747015906565
v -0.0013801461149719487 0.00298358552939626 -0.0024620747015906565
v -0.002162214469264125 0.0024711025698981592 -0.0024620747015906565
v -0.002768220243568267 0.0017590446377014068 -0.0024620747015906565
v -0.0031490682851731426 0.0009050986713521475 -0.0024620747015906565
v 0.00043998121231836367 -0.003249283360333366 -0.0024620747015906565
v 0.0013526332076050373 -0.0029909645842545185 -0.0024620747015906565
v 0.0021534382815635595 -0.002482660953343041 -0.0024620747015906565
v 0.002775636849351895 -0.0017667480908316047 -0.0024620747015906565
v 0.0031673561818743616 -0.0009029096908216988 -0.0024620747015906565
v 0.0004383695027596616 -0.0030678617268533603 -0.0024620747015906565
v 0.003115948368997537 3.5239047514519506e-05 -0.0024620747015906565
v 0.0031146668691635097 -8.572736563397867e-05 -0.0024620747015906565
v 0.003108675410404607 -0.00020655205011623975 -0.0024620747015906565
v 0.003097979953185173 -0.0003270516098949697 -0.0024620747015906565
v 0.0030826007630839784 -0.00044704313322060235 -0.0024620747015906565
v 0.003062558105679794 -0.000566344509280968 -0.0024620747015906565
v 0.0030378841674800787 -0.0006847746517187059 -0.0024620747015906565
v 0.0030086147112708987 -0.0008021537780280308 -0.0024620747015906565
v 0.0029747962286741396 -0.0009183037075779499 -0.0024620747015906565
v 0.0029364787875902935 -0.0010330481596354801 -0.0024620747015906565
v 0.002893720800569935 -0.001146212939630159 -0.0024620747015906565
v 0.002846586640627982 -0.0012576262371772617 -0.0024620747015906565
v 0.0027951490254294357 -0.001367119073112627 -0.0024620747015906565
v 0.0027394854410107716 -0.0014745251504810486 -0.0024620747015906565
v 0.0026796805259656797 -0.0015796814505827095 -0.0024620747015906565
v 0.002615824879352193 -0.0016824283819847907 -0.0024620747015906565
v 0.00254801506069269 -0.0017826100785446886 -0.0024620747015906565
v 0.002476354782066761 -0.0018800742503984058 -0.0024620747015906565
v 0.0024009513318326036 -0.0019746730780302035 -0.0024620747015906565
v 0.002321921535091367 -0.0020662630632609924 -0.0024620747015906565
v 0.0022393834090370674 -0.002154704880236724 -0.0024620747015906565
v 0.0021534621234209367 -0.002239864716532869 -0.0024620747015906565
v 0.002064290000551418 -0.002321612932049938 -0.0024620747015906565
v 0.0019720005548298242 -0.002399825698141178 -0.0024620747015906565
v 0.0018767356453075496 -0.0024743841035429204 -0.0024620747015906565
v 0.0017786371310359887 -0.00254517519745584 -0.0024620747015906565
v 0.0016778564078094875 -0.0026120912444869138 -0.0024620747015906565
v 0.00157454606351526 -0.0026750310657538967 -0.0024620747015906565
v 0.0014688622623191274 -0.0027338986977808455 -0.0024620747015906565
v 0.001360964744665517 -0.0027886047336025954 -0.0024620747015906565
v 0.0012510192114632012 -0.0028390666207879778 -0.0024620747015906565
v 0.0011391913636209516 -0.002885207767370168 -0.0024620747015906565
v 0.0010256504783261464 -0.0029269575418466864 -0.0024620747015906565
v 0.000910569409044771 -0.0029642530613187 -0.0024620747015906565
v 0.0007941233934285481 -0.002997037403351721 -0.0024620747015906565
v 0.0006764888612220693 -0.0030252610960916915 -0.0024620747015906565
v 0.0005578434342627951 -0.0030488812241953323 -0.0024620747015906565
v -0.002950473957870739 0.0009408728568060798 -0.0024620747015906565
v -0.002517144027714193 0.0018103488875102491 -0.0024620747015906565
v -0.001836340386353276 0.0025033631361269237 -0.0024620747015906565
v -0.0009747040053895714 0.0029520791109186595 -0.0024620747015906565
v -1.6578435527270244e-05 0.0031125732560625674 -0.0024620747015906565
v 0.0009442484167758733 0.002969134979639909 -0.0024620747015906565
v 0.0018137251925380864 0.002535805049483364 -0.0024620747015906565
v 0.002506738845108327 0.0018550011100992303 -0.0024620747015906565
v 0.002955454521876846 0.000993364654629722 -0.0024620747015906565
v 0.0030959498190295002 3.506129529190147e-05 -0.0024620747015906565
v 0.0029364895164261133 0.0009870154935043562 -0.0024620747015906565
v 0.002490663472771717 0.0018431019371054624 -0.0024620747015906565
v 0.0018021130159024971 0.0025195207628714855 -0.0024620747015906565
v 0.0009382378845310688 0.0029500594075755893 -0.0024620747015906565
v -1.6400813689809737e-05 0.003092573812024879 -0.0024620747015906565
v -0.00096835491877001 0.0029331138074447094 -0.0024620747015906565
v -0.0018244415113827254 0.0024872880618135307 -0.0024620747015906565
v -0.002500860039125532 0.001798737455932703 -0.0024620747015906565
v -0.002931398683829636 0.0009348618030206451 -0.0024620747015906565
v -0.0030739133863021432 -1.9776369002989617e-05 -0.0024620747015906565
v -0.003041818669993759 -1.9491115382139776e-05 -0.0018496548716056002
v 0.003063855102721116 3.4776040506898434e-05 -0.0018496548716056002
v 0.002906054193391186 0.0009768265267425802 -0.0018496548716056002
v 0.0024648665830895333 0.0018240066955088063 -0.0018496548716056002
v 0.001783479412269308 0.002493388299046717 -0.0018496548716056002
v 0.0009285914690362337 0.0029194479528192874 -0.0018496548716056002
v -1.6114711401282747e-05 0.0030604796917629296 -0.0018496548716056002
v -0.0009581661010198425 0.002902678484409782 -0.0018496548716056002
v -0.0018053459717628521 0.00246149087410813 -0.0018496548716056002
v -0.0024747275753007635 0.0017801037032879052 -0.0018496548716056002
v -0.002900786931050117 0.0009252154620316144 -0.0018496548716056002
v 0.003063855102721116 3.4776040506898434e-05 -0.0018496548716056002
v 0.002922823363777474 -0.0009099305962786686 -0.0018496548716056002
v 0.002496764604074555 -0.0017648186885233508 -0.0018496548716056002
v 0.0018273830005366436 -0.0024462058593435754 -0.0018496548716056002
v 0.0009802019377007651 -0.0028873934696452275 -0.0018496548716056002
v 3.81517401750742e-05 -0.003045194676998375 -0.0018496548716056002
v -0.0009065544402624422 -0.002904162938054733 -0.0018496548716056002
v -0.001761442979541951 -0.0024781032842821626 -0.0018496548716056002
v -0.0024428301503621763 -0.0018087216807442519 -0.0018496548716056002
v -0.002884017760663829 -0.0009615416609896343 -0.0018496548716056002
v -0.003041818669993759 -1.9491115382139776e-05 -0.0018496548716056002
v -0.0030739133863021432 -1.9776369002989617e-05 -0.0024620747015906565
v -0.0030705302267403116 -0.00013937511169817042 -0.0024620747015906565
v -0.0030625116140579082 -0.00025875271650956447 -0.0024620747015906565
v -0.0030498706612764907 -0.00037772963841863766 -0.0024620747015906565
v -0.0030326258458355264 -0.0004961269237966776 -0.0024620747015906565
v -0.00301080339377813 -0.0006137665223978489 -0.0024620747015906565
v -0.0029844354916117614 -0.0007304714456840278 -0.0024620747015906565
v -0.002953562074447527 -0.0008460661579802742 -0.0024620747015906565
v -0.0029182296339073125 -0.0009603768372451471 -0.0024620747015906565
v -0.0028784912181237824 -0.0010732315240823131 -0.0024620747015906565
v -0.0028344070277868142 -0.001184460494269568 -0.0024620747015906565
v -0.0027860426280041954 -0.0012938962587588365 -0.0024620747015906565
v -0.0027334713324873605 -0.0014013746067574329 -0.0024620747015906565
v -0.0026767724154120897 -0.0015067335626468004 -0.0024620747015906565
v -0.002616030515372072 -0.001609814727086989 -0.0024620747015906565
v -0.0025513374235182095 -0.0017104631280050464 -0.0024620747015906565
v -0.002482790295419315 -0.0018085273696066273 -0.0024620747015906565
v -0.0024104922471085443 -0.0019038597813876013 -0.0024620747015906565
v -0.0023345517590369646 -0.001996317163192096 -0.0024620747015906565
v -0.0022550832721199864 -0.002085760487189281 -0.0024620747015906565
v -0.00217220659169093 -0.002172055046884974 -0.0024620747015906565
v -0.0020860462914545925 -0.002255071202179687 -0.0024620747015906565
v -0.001996731713487245 -0.002334684081345406 -0.0024620747015906565
v -0.0019043969682366341 -0.0024107737300372023 -0.0024620747015906565
v -0.001809181530568417 -0.0024832258563512732 -0.0024620747015906565
v -0.0017112284516268576 -0.0025519316818133353 -0.0024620747015906565
v -0.0016106849548812598 -0.0026167874943437974 -0.0024620747015906565
v -0.0015077018400795352 -0.0026776959893622387 -0.0024620747015906565
v -0.00140243467534107 -0.002734565375717757 -0.0024620747015906565
v -0.001295042009017423 -0.002787310120747011 -0.0024620747015906565
v -0.0011856841775994564 -0.0028358512482974385 -0.0024620747015906565
v -0.0010745268819959417 -0.002880115444657605 -0.0024620747015906565
v -0.0009617364191620856 -0.0029200359526268538 -0.0024620747015906565
v -0.0008474826623317008 -0.002955553167561742 -0.0024620747015906565
v -0.0007319378689243379 -0.0029866134452831705 -0.0024620747015906565
v -0.0006152760844988508 -0.0030131699961460368 -0.0024620747015906565
v -0.0004976725467069625 -0.003035183183062451 -0.0024620747015906565
v -0.00037930249320039554 -0.0030526193294088677 -0.0024620747015906565
v -0.00026034712209521715 -0.0030654528051886065 -0.0024620747015906565
v -0.0001409816710431501 -0.003073663940869331 -0.0024620747015906565
v -2.1388530253130273e-05 -0.0030772405174991357 -0.0024620747015906565
v 9.825229425164403e-05 -0.0030761771706601104 -0.0024620747015906565
v 0.00021776318063371233 -0.0030704753904683413 -0.0024620747015906565
v 0.0003369629307770075 -0.0030601438195971276 -0.0024620747015906565
v 0.00045567273075120023 -0.0030451982532769817 -0.0024620747015906565
v 0.0005737137666259612 -0.0030256607452259776 -0.0024620747015906565
v 0.0006909072244709609 -0.0030015607997426197 -0.0024620747015906565
v 0.0008070790587273453 -0.0029729347756594082 -0.0024620747015906565
v 0.0009220540317433919 -0.0029398255883196223 -0.0024620747015906565
v 0.0010356580979602467 -0.002902283305623754 -0.0024620747015906565
v 0.0011477207880976625 -0.00286036395593664 -0.0024620747015906565
v 0.0012580740170611293 -0.0028141313162267645 -0.0024620747015906565
v 0.0013665508918490066 -0.002763653931834087 -0.0024620747015906565
v 0.0014729892878311292 -0.002709008692748649 -0.0024620747015906565
v 0.0015772294645630693 -0.0026502769593087505 -0.0024620747015906565
v 0.0016791128736932685 -0.002587547840456339 -0.0024620747015906565
v 0.001778488119427381 -0.00252091491548162 -0.0024620747015906565
v 0.0018752049980639302 -0.00245047921425523 -0.0024620747015906565
v 0.001969118074272915 -0.002376345938972846 -0.0024620747015906565
v 0.0020600854890029403 -0.0022986271463641406 -0.0024620747015906565
v 0.0021479701515740874 -0.0022174393635070455 -0.0024620747015906565
v 0.00223264212386365 -0.0021329049289322277 -0.0024620747015906565
v 0.002313971467748923 -0.002045150800530221 -0.0024620747015906565
v 0.00239183778185015 -0.0019543091515978606 -0.0024620747015906565
v 0.0024661218568804454 -0.001860516476768631 -0.0024620747015906565
v 0.0025367140202958737 -0.0017639140390474928 -0.0024620747015906565
v 0.0026035081758311062 -0.0016646469757412297 -0.0024620747015906565
v 0.0026664018034994207 -0.0015628645964816668 -0.0024620747015906565
v 0.002725301920057046 -0.0014587199361908443 -0.0024620747015906565
v 0.002780119118538818 -0.0013523697550810176 -0.0024620747015906565
v 0.0028307711445367837 -0.001243974166125636 -0.0024620747015906565
v 0.002877182896200206 -0.0011336958900012989 -0.0024620747015906565
v 0.0029192828479569525 -0.0010217010001458 -0.0024620747015906565
v 0.002957009010977843 -0.0009081578051710615 -0.0024620747015906565
v 0.0029903041648051713 -0.0007932372213921568 -0.0024620747015906565
v 0.003019118241538446 -0.0006771119532634623 -0.0024620747015906565
v 0.0030434071337415184 -0.0005599567541489728 -0.0024620747015906565
v 0.003063136270721192 -0.00044194786752876913 -0.0024620747015906565
v 0.0030782734659700077 -0.00032326276622870326 -0.0024620747015906565
v 0.0030887984539091943 -0.00020407994752943623 -0.0024620747015906565
v 0.003094693353145719 -8.457869102257431e-05 -0.0024620747015906565
v 0.0030959498190295002 3.506129529190147e-05 -0.0024620747015906565
v -0.002938880258674617 -1.857620040343253e-05 -0.001746712287961417
v -0.002786400255864854 -0.0009288618506000518 -0.001746712287961417
v -0.0023600887724737362 -0.0017474758234439225 -0.001746712287961417
v -0.0017016774035615316 -0.0023942866386260087 -0.001746712287961417
v -0.000875614861943986 -0.002805979785189483 -0.001746712287961417
v 3.7237404944656694e-05 -0.002942256265679233 -0.001746712287961417
v 0.0009475230958866385 -0.002789775964846253 -0.001746712287961417
v 0.001766136845213097 -0.0023634647794783525 -0.001746712287961417
v 0.0024129473623719666 -0.0017050531125429313 -0.001746712287961417
v 0.002824640210912224 -0.000878990943454408 -0.001746712287961417
v 0.002960916691401974 3.38611231998848e-05 -0.001746712287961417
v -0.003041818669993759 -1.9491115382139776e-05 -0.0018496548716056002
v 0.003063855102721116 3.4776040506898434e-05 -0.0018496548716056002
v 0.002922823363777474 -0.0009099305962786686 -0.0018496548716056002
v 0.002496764604074555 -0.0017648186885233508 -0.0018496548716056002
v 0.0018273830005366436 -0.0024462058593435754 -0.0018496548716056002
v 0.0009802019377007651 -0.0028873934696452275 -0.0018496548716056002
v 3.81517401750742e-05 -0.003045194676998375 -0.0018496548716056002
v -0.0009065544402624422 -0.002904162938054733 -0.0018496548716056002
v -0.001761442979541951 -0.0024781032842821626 -0.0018496548716056002
v -0.0024428301503621763 -0.0018087216807442519 -0.0018496548716056002
v -0.002884017760663829 -0.0009615416609896343 -0.0018496548716056002
v 0.002960916691401974 3.38611231998848e-05 -0.001746712287961417
v 0.002960916691401974 3.38611231998848e-05 -0.0017967122391601151
v -0.002938880258674617 -1.857620040343253e-05 -0.001746712287961417
v -0.002786400255864854 -0.0009288618506000518 -0.001746712287961417
v -0.0023600887724737362 -0.0017474758234439225 -0.001746712287961417
v -0.0017016774035615316 -0.0023942866386260087 -0.001746712287961417
v -0.000875614861943986 -0.002805979785189483 -0.001746712287961417
v 3.7237404944656694e-05 -0.002942256265679233 -0.001746712287961417
v 0.0009475230958866385 -0.002789775964846253 -0.001746712287961417
v 0.001766136845213097 -0.0023634647794783525 -0.001746712287961417
v 0.0024129473623719666 -0.0017050531125429313 -0.001746712287961417
v 0.002824640210912224 -0.000878990943454408 -0.001746712287961417
v -0.002938880258674617 -1.857620040343253e-05 -0.0017967122391601151
v 0.002824640210912224 -0.000878990943454408 -0.0017967122391601151
v 0.0024129473623719666 -0.0017050531125429313 -0.0017967122391601151
v 0.001766136845213097 -0.0023634647794783525 -0.0017967122391601151
v 0.0009475230958866385 -0.002789775964846253 -0.0017967122391601151
v 3.7237404944656694e-05 -0.002942256265679233 -0.0017967122391601151
v -0.000875614861943986 -0.002805979785189483 -0.0017967122391601151
v -0.0017016774035615316 -0.0023942866386260087 -0.0017967122391601151
v -0.0023600887724737362 -0.0017474758234439225 -0.0017967122391601151
v -0.002786400255864854 -0.0009288618506000518 -0.0017967122391601151
v 0.002960916691401974 3.38611231998848e-05 -0.0017967122391601151
v 0.002824640210912224 -0.000878990943454408 -0.0017967122391601151
v 0.0024129473623719666 -0.0017050531125429313 -0.0017967122391601151
v 0.001766136845213097 -0.0023634647794783525 -0.0017967122391601151
v 0.0009475230958866385 -0.002789775964846253 -0.0017967122391601151
v 3.7237404944656694e-05 -0.002942256265679233 -0.0017967122391601151
v -0.000875614861943986 -0.002805979785189483 -0.0017967122391601151
v -0.0017016774035615316 -0.0023942866386260087 -0.0017967122391601151
v -0.0023600887724737362 -0.0017474758234439225 -0.0017967122391601151
v -0.002786400255864854 -0.0009288618506000518 -0.0017967122391601151
v -0.002938880258674617 -1.857620040343253e-05 -0.0017967122391601151
v -0.0028026043742313015 0.0008942758092073538 -0.0017967122391601151
v -0.0023909109296446096 0.0017203381273074858 -0.0017967122391601151
v -0.0017440998164393055 0.002378749794242907 -0.0017967122391601151
v -0.000925486067112847 0.0028050609796108072 -0.0017967122391601151
v -1.520037617086524e-05 0.0029575412804437873 -0.0017967122391601151
v 0.0008976518907177774 0.0028212647999540374 -0.0017967122391601151
v 0.0017237138362888886 0.002409571653390563 -0.0017967122391601151
v 0.0023821258012475277 0.001762760838208477 -0.0017967122391601151
v 0.0028084360925457767 0.0009441467163529976 -0.0017967122391601151
v 0.002933615380519286 3.3618467108492527e-05 -0.0017967122391601151
v 0.002782546219619822 0.0009354791581151073 -0.0017967122391601151
v 0.0023601805636246386 0.0017465169337425313 -0.0017967122391601151
v 0.0017078625774116245 0.0023873413565604074 -0.0017967122391601151
v 0.0008894455234085282 0.0027952244253033887 -0.0017967122391601151
v -1.4957189225617298e-05 0.002930239373514665 -0.0017967122391601151
v -0.000916818359863348 0.0027791702126152007 -0.0017967122391601151
v -0.0017278563590081856 0.0023568047056316266 -0.0017967122391601151
v -0.0023686807818260624 0.0017044868684302217 -0.0017967122391601151
v -0.0027765637015574355 0.0008860698889329305 -0.0017967122391601151
v -0.0029115783517454944 -1.833354198373387e-05 -0.0017967122391601151
v -0.0027605097868924648 -0.0009201942923621614 -0.0017967122391601151
v -0.0023381441308972816 -0.0017312319189779768 -0.0017967122391601151
v -0.0016858261446842675 -0.002372056341795853 -0.0017967122391601151
v -0.0008674096867276056 -0.002779939410538834 -0.0017967122391601151
v 3.699421799940875e-05 -0.0029149543587501103 -0.0017967122391601151
v 0.0009388553886371396 -0.0027638851978506462 -0.0017967122391601151
v 0.0017498921956891082 -0.002341519690867072 -0.0017967122391601151
v 0.0023907172145534194 -0.0016892018536656672 -0.0017967122391601151
v 0.0027986001342847925 -0.0008707850231799846 -0.0017967122391601151
v 0.002960916691401974 3.38611231998848e-05 -0.001746712287961417
v 0.002960916691401974 3.38611231998848e-05 -0.0017967122391601151
v -0.002938880258674617 -1.857620040343253e-05 -0.0017967122391601151
v -0.0028026043742313015 0.0008942758092073538 -0.0017967122391601151
v -0.0023909109296446096 0.0017203381273074858 -0.0017967122391601151
v -0.0017440998164393055 0.002378749794242907 -0.0017967122391601151
v -0.000925486067112847 0.0028050609796108072 -0.0017967122391601151
v -1.520037617086524e-05 0.0029575412804437873 -0.0017967122391601151
v 0.0008976518907177774 0.0028212647999540374 -0.0017967122391601151
v 0.0017237138362888886 0.002409571653390563 -0.0017967122391601151
v 0.0023821258012475277 0.001762760838208477 -0.0017967122391601151
v 0.0028084360925457767 0.0009441467163529976 -0.0017967122391601151
v -0.002938880258674617 -1.857620040343253e-05 -0.001746712287961417
v 0.0028084360925457767 0.0009441467163529976 -0.001746712287961417
v 0.0023821258012475277 0.001762760838208477 -0.001746712287961417
v 0.0017237138362888886 0.002409571653390563 -0.001746712287961417
v 0.0008976518907177774 0.0028212647999540374 -0.001746712287961417
v -1.520037617086524e-05 0.0029575412804437873 -0.001746712287961417
v -0.000925486067112847 0.0028050609796108072 -0.001746712287961417
v -0.0017440998164393055 0.002378749794242907 -0.001746712287961417
v -0.0023909109296446096 0.0017203381273074858 -0.001746712287961417
v -0.0028026043742313015 0.0008942758092073538 -0.001746712287961417
v 0.003063855102721116 3.4776040506898434e-05 -0.0018496548716056002
v 0.002906054193391186 0.0009768265267425802 -0.0018496548716056002
v 0.0024648665830895333 0.0018240066955088063 -0.0018496548716056002
v 0.001783479412269308 0.002493388299046717 -0.0018496548716056002
v 0.0009285914690362337 0.0029194479528192874 -0.0018496548716056002
v -1.6114711401282747e-05 0.0030604796917629296 -0.0018496548716056002
v -0.0009581661010198425 0.002902678484409782 -0.0018496548716056002
v -0.0018053459717628521 0.00246149087410813 -0.0018496548716056002
v -0.0024747275753007635 0.0017801037032879052 -0.0018496548716056002
v -0.002900786931050117 0.0009252154620316144 -0.0018496548716056002
v -0.003041818669993759 -1.9491115382139776e-05 -0.0018496548716056002
v -0.002938880258674617 -1.857620040343253e-05 -0.001746712287961417
v 0.002960916691401974 3.38611231998848e-05 -0.001746712287961417
v 0.0028084360925457767 0.0009441467163529976 -0.001746712287961417
v 0.0023821258012475277 0.001762760838208477 -0.001746712287961417
v 0.0017237138362888886 0.002409571653390563 -0.001746712287961417
v 0.0008976518907177774 0.0028212647999540374 -0.001746712287961417
v -1.520037617086524e-05 0.0029575412804437873 -0.001746712287961417
v -0.000925486067112847 0.0028050609796108072 -0.001746712287961417
v -0.0017440998164393055 0.002378749794242907 -0.001746712287961417
v -0.0023909109296446096 0.0017203381273074858 -0.001746712287961417
v -0.0028026043742313015 0.0008942758092073538 -0.001746712287961417
v 0.002933615380519286 3.3618467108492527e-05 -0.0017967122391601151
v 0.0028639184788483733 3.299899791183326e-05 -0.0018964123302009927
v -0.002841881450074582 -1.7714075115380984e-05 -0.0018964123302009927
v -0.0026785027382112436 0.0009595642024376044 -0.0018964123302009927
v -0.0021907287346408805 0.0018220267782652344 -0.0018964123302009927
v -0.0014373910105811584 0.002465647850953462 -0.0018964123302009927
v -0.0005093538647289457 0.00281279706628329 -0.0018964123302009927
v 0.0004814481627617444 0.0028216033543287944 -0.0018964123302009927
v 0.0014155089538803191 0.0024910044113322094 -0.0018964123302009927
v 0.0021801673878691936 0.0018608752967221587 -0.0018964123302009927
v 0.0026831948157430862 0.0010072189344342286 -0.0018964123302009927
v -0.0029115783517454944 -1.833354198373387e-05 -0.0017967122391601151
v 0.002782546219619822 0.0009354791581151073 -0.0017967122391601151
v 0.0023601805636246386 0.0017465169337425313 -0.0017967122391601151
v 0.0017078625774116245 0.0023873413565604074 -0.0017967122391601151
v 0.0008894455234085282 0.0027952244253033887 -0.0017967122391601151
v -1.4957189225617298e-05 0.002930239373514665 -0.0017967122391601151
v -0.000916818359863348 0.0027791702126152007 -0.0017967122391601151
v -0.0017278563590081856 0.0023568047056316266 -0.0017967122391601151
v -0.0023686807818260624 0.0017044868684302217 -0.0017967122391601151
v -0.0027765637015574355 0.0008860698889329305 -0.0017967122391601151
v 0.002933615380519286 3.3618467108492527e-05 -0.0017967122391601151
v 0.0028639184788483733 3.299899791183326e-05 -0.0018964123302009927
v -0.0029115783517454944 -1.833354198373387e-05 -0.0017967122391601151
v -0.0027605097868924648 -0.0009201942923621614 -0.0017967122391601151
v -0.0023381441308972816 -0.0017312319189779768 -0.0017967122391601151
v -0.0016858261446842675 -0.002372056341795853 -0.0017967122391601151
v -0.0008674096867276056 -0.002779939410538834 -0.0017967122391601151
v 3.699421799940875e-05 -0.0029149543587501103 -0.0017967122391601151
v 0.0009388553886371396 -0.0027638851978506462 -0.0017967122391601151
v 0.0017498921956891082 -0.002341519690867072 -0.0017967122391601151
v 0.0023907172145534194 -0.0016892018536656672 -0.0017967122391601151
v 0.0027986001342847925 -0.0008707850231799846 -0.0017967122391601151
v -0.002841881450074582 -1.7714075115380984e-05 -0.0018964123302009927
v 0.002700539766985035 -0.0009442793366846586 -0.0018964123302009927
v 0.0022127651673682375 -0.00180674176350068 -0.0018964123302009927
v 0.0014594280393549499 -0.0024503628361889074 -0.0018964123302009927
v 0.0005313908935027372 -0.0027975120515187357 -0.0018964123302009927
v -0.0004594111339879529 -0.00280631833956424 -0.0018964123302009927
v -0.0013934719251065277 -0.002475719396567655 -0.0018964123302009927
v -0.0021581309551418366 -0.0018455902819576042 -0.0018964123302009927
v -0.002661157786969295 -0.0009919340686812828 -0.0018964123302009927
v 0.0028639184788483733 3.299899791183326e-05 -0.0018964123302009927
v 0.002700539766985035 -0.0009442793366846586 -0.0018964123302009927
v 0.0022127651673682375 -0.00180674176350068 -0.0018964123302009927
v 0.0014594280393549499 -0.0024503628361889074 -0.0018964123302009927
v 0.0005313908935027372 -0.0027975120515187357 -0.0018964123302009927
v -0.0004594111339879529 -0.00280631833956424 -0.0018964123302009927
v -0.0013934719251065277 -0.002475719396567655 -0.0018964123302009927
v -0.0021581309551418366 -0.0018455902819576042 -0.0018964123302009927
v -0.002661157786969295 -0.0009919340686812828 -0.0018964123302009927
v -0.002841881450074582 -1.7714075115380984e-05 -0.0018964123302009927
v -0.0026785027382112436 0.0009595642024376044 -0.0018964123302009927
v -0.0021907287346408805 0.0018220267782652344 -0.0018964123302009927
v -0.0014373910105811584 0.002465647850953462 -0.0018964123302009927
v -0.0005093538647289457 0.00281279706628329 -0.0018964123302009927
v 0.0004814481627617444 0.0028216033543287944 -0.0018964123302009927
v 0.0014155089538803191 0.0024910044113322094 -0.0018964123302009927
v 0.0021801673878691936 0.0018608752967221587 -0.0018964123302009927
v 0.0026831948157430862 0.0010072189344342286 -0.0018964123302009927
v 0.0025359188943523425 3.008374411425565e-05 -0.0018964123302009927
v 0.0023351335003569695 0.0009946129248750296 -0.0018964123302009927
v 0.001780524214047398 0.001808884997467286 -0.0018964123302009927
v 0.0009565222049536812 0.002348934061476571 -0.0018964123302009927
v -1.1422633869440101e-05 0.0025325425893245046 -0.0018964123302009927
v -0.0009759521266232704 0.002331758238410392 -0.0018964123302009927
v -0.0017902242737213318 0.001777148207042778 -0.0018964123302009927
v -0.0023302733377306172 0.0009531468685013006 -0.0018964123302009927
v -0.002513881865578551 -1.4798818989496991e-05 -0.0018964123302009927
v -0.002313097663676047 -0.0009793280591220838 -0.0018964123302009927
v -0.0017584871852736066 -0.0017935999827027316 -0.0018964123302009927
v -0.0009344863682727585 -0.0023336490467120163 -0.0018964123302009927
v 3.345966264323155e-05 -0.00251725757455995 -0.0018964123302009927
v 0.0009979891553970619 -0.0023164732236458374 -0.0018964123302009927
v 0.0018122613024951233 -0.0017618631922782235 -0.0018964123302009927
v 0.0023523103665044087 -0.0009378620027483547 -0.0018964123302009927
v 0.0025359188943523425 3.008374411425565e-05 -0.0018964123302009927
v 0.0023351335003569695 0.0009946129248750296 -0.0018964123302009927
v 0.001780524214047398 0.001808884997467286 -0.0018964123302009927
v 0.0009565222049536812 0.002348934061476571 -0.0018964123302009927
v -1.1422633869440101e-05 0.0025325425893245046 -0.0018964123302009927
v -0.0009759521266232704 0.002331758238410392 -0.0018964123302009927
v -0.0017902242737213318 0.001777148207042778 -0.0018964123302009927
v -0.0023302733377306172 0.0009531468685013006 -0.0018964123302009927
v -0.002513881865578551 -1.4798818989496991e-05 -0.0018964123302009927
v -0.0013243037166229554 -4.22586561048331e-06 -0.0024376457384754926
v 1.1018514386895727e-05 7.642461980302733e-06 -0.002158957075499958
v 1.1018514386895727e-05 7.642461980302733e-06 -0.002158957075499958
v 0.0013463401493503124 1.9510789571088776e-05 -0.0024376457384754926
v 0.00124015328496352 0.0005296130732533391 -0.0024376457384754926
v 0.0009468412187656492 0.0009602500283662219 -0.0024376457384754926
v 0.000511058557531419 0.0012458611001254366 -0.0024376457384754926
v -8.499622154989347e-07 0.0013429647383921273 -0.0024376457384754926
v -0.0005109524612660903 0.0012367775014763133 -0.0024376457384754926
v -0.0009415888575854412 0.0009434656587958556 -0.0024376457384754926
v -0.0012272005998968949 0.000507683258331941 -0.0024376457384754926
v 0.002289564558351833 0.0002525257449032571 -0.0021454542395743527
v 0.002198008249744589 0.0006923426532966792 -0.0021454542395743527
v 0.0018555342736348306 0.0007909436347124654 -0.002328973360457122
v 0.0019729065454101597 0.00041604558938639763 -0.002328973360457122
v 0.0020224082017896734 0.0011058469614569771 -0.0021454542395743527
v 0.001667277775691202 0.0011357398822365722 -0.002328973360457122
v 0.001678208075205802 0.00018682114362371383 -0.002426179593216339
v 0.0017695104680319777 0.0014771480528157632 -0.0021454542395743527
v 0.0014153718632004 0.001437184033456801 -0.002328973360457122
v 0.001611217224347207 0.0005086308604039802 -0.002426179593216339
v 0.001449035373724207 0.0017919766502385581 -0.0021454542395743527
v 0.0011094987144433252 0.0016836917024025677 -0.002328973360457122
v 0.0015544068465886975 0.0006630653739780473 -0.002426179593216339
v 0.0014827322628483421 0.000811187830317292 -0.002426179593216339
v 0.00107329723820171 0.0020382344267166896 -0.0021454542395743527
v 0.0007614099809212245 0.0018657896995740442 -0.002328973360457122
v 0.0012976896472791666 0.0010828650500730036 -0.002426179593216339
v 0.0006567370744778872 0.0022064575059758673 -0.0021454542395743527
v 0.0003844857129942095 0.0019764801418077904 -0.002328973360457122
v 0.001186103794289296 0.0012038033931597303 -0.002426179593216339
v 0.0010632014036953139 0.0013132221703256175 -0.002426179593216339
v 0.00021536230559582333 0.0022901814664114672 -0.0021454542395743527
v -6.7925451667783025e-06 0.0020115091947128794 -0.002328973360457122
v 0.0007882773699996466 0.0014934064114077439 -0.002426179593216339
v -0.00023386477901343757 0.0022861888493704297 -0.0021454542395743527
v -0.0003973853499281702 0.0019695308364287567 -0.002328973360457122
v 0.0006389045572525737 0.0015624367841533537 -0.002426179593216339
v 0.0004834842573817615 0.001616493725408008 -0.002426179593216339
v -0.0006736814825158982 0.0021946328387864034 -0.0021454542395743527
v -0.000772283059978119 0.0018521582666302105 -0.002328973360457122
v 0.00016053557037110102 0.0016777537388111552 -0.002426179593216339
v -0.0010871863122168266 0.0020190320457734445 -0.0021454542395743527
v -0.0011170792329964216 0.0016639019176981906 -0.002328973360457122
v -3.883838566753898e-06 0.0016843668740011697 -0.002426179593216339
v -0.00016816019636034532 0.0016748322172127905 -0.002426179593216339
v -0.0014584874780814174 0.0017661346100389663 -0.0021454542395743527
v -0.0014185231606992379 0.0014119964522422146 -0.002328973360457122
v -0.0004899704346812421 0.001607841664377413 -0.002426179593216339
v -0.0017733156284693867 0.0014456593667195872 -0.0021454542395743527
v -0.0016650306806333963 0.0011061224094154887 -0.002328973360457122
v -0.000644404873749505 0.0015510308395840777 -0.002426179593216339
v -0.0007925271810771412 0.0014793562558437223 -0.002426179593216339
v -0.0020195734049475184 0.0010699219017493294 -0.0021454542395743527
v -0.0018471288268164813 0.0007580344209514311 -0.002328973360457122
v -0.0010642045498444616 0.0012943137892861556 -0.002426179593216339
v -0.0021877967822299133 0.0006533616635197026 -0.0021454542395743527
v -0.0019578194180618364 0.0003811093334605692 -0.002328973360457122
v -0.0011851429674369929 0.0011827277872846764 -0.002426179593216339
v -0.0012945615955912715 0.0010598251731732816 -0.002426179593216339
v -0.0022715204446422965 0.000211986876011188 -0.0021454542395743527
v -0.001474745836673398 0.0007849018100298533 -0.002426179593216339
v -0.0015437763584306165 0.0006355287737653675 -0.002426179593216339
v -0.0015978330016620536 0.000480108846423577 -0.002426179593216339
v -0.0016590928660535924 0.0001571592467168141 -0.002426179593216339
v 0.0018516099039105353 0.00011447069910606664 -0.0023892437877675045
v 0.002003489687960826 0.0002217803287108168 -0.002328973360457122
v -0.0021413111208086217 9.421194692972416e-05 -0.002246823856678072
v -0.0019849448952463673 0.00018633117482816028 -0.002328973360457122
v 0.0022342442966794013 8.199584487089857e-05 -0.0021983330950513537
v -0.0017496341075829995 3.5209380234568245e-05 -0.0024105852303523147
v 0.0018130743098316875 4.5778936614566945e-05 -0.0024006479441974773
v -0.002178637932718443 1.5052490298394323e-05 -0.0022231554488132423
v 0.0022179388504191006 4.080100825128684e-05 -0.002210885236914041
v -0.0017706811032292007 2.739514977905563e-06 -0.002405797785390963
v 0.0018029844357896356 2.9067713117576083e-05 -0.002403268164323237
v -0.002187388490422328 -5.151951803223373e-06 -0.002217055509603273
v 0.0022137116891061143 3.0599175268430055e-05 -0.0022139793139551735
v -0.0017758363088405964 -5.497895058291513e-06 -0.002404544299739354
v 0.00180043335705027 2.4919346349253947e-05 -0.002403909510286685
v -0.002189539025957756 -1.0228135860082446e-05 -0.002215519497941744
v 0.0022126459580813513 2.8054881213868815e-05 -0.002214750001994893
v -0.0017771178086746235 -7.564677920609457e-06 -0.0024042277990826712
v 0.0017997943952725597 2.3884104496595896e-05 -0.002404068654684678
v -0.002190074275655875 -1.1498735727770567e-05 -0.0022151350479915357
v 0.0025359188943523425 3.008374411425565e-05 -0.0018964123302009927
v 0.0013463401493503124 1.9510789571088776e-05 -0.0024376457384754926
v 1.1018514386895727e-05 7.642461980302733e-06 -0.002158957075499958
v 1.1018514386895727e-05 7.642461980302733e-06 -0.002158957075499958
v -0.002513881865578551 -1.4798818989496991e-05 -0.0018964123302009927
v -0.0013243037166229554 -4.22586561048331e-06 -0.0024376457384754926
v -0.002313097663676047 -0.0009793280591220838 -0.0018964123302009927
v -0.0017584871852736066 -0.0017935999827027316 -0.0018964123302009927
v -0.0009344863682727585 -0.0023336490467120163 -0.0018964123302009927
v 3.345966264323155e-05 -0.00251725757455995 -0.0018964123302009927
v 0.0009979891553970619 -0.0023164732236458374 -0.0018964123302009927
v 0.0018122613024951233 -0.0017618631922782235 -0.0018964123302009927
v 0.0023523103665044087 -0.0009378620027483547 -0.0018964123302009927
v -0.001218116852236163 -0.000514328132994589 -0.0024376457384754926
v -0.0009248053820847265 -0.000944965162613276 -0.0024376457384754926
v -0.0004890227208504965 -0.0012305762343724908 -0.0024376457384754926
v 2.2886990989290388e-05 -0.0013276797236275728 -0.0024376457384754926
v 0.0005329882979470128 -0.0012214926357233674 -0.0024376457384754926
v 0.0009636258863592326 -0.0009281807930429098 -0.0024376457384754926
v 0.0012492370326242519 -0.0004923983180731908 -0.0024376457384754926
v -0.002175971817017232 -0.0006770577875437334 -0.0021454542395743527
v -0.002267528125624476 -0.00023724080464450695 -0.0021454542395743527
v -0.0018334972448610391 -0.0007756587689595196 -0.002328973360457122
v -0.0019508701126828027 -0.00040076064912764747 -0.002328973360457122
v -0.002000371173015882 -0.0010905620957040313 -0.0021454542395743527
v -0.001645241342963845 -0.0011204550164836263 -0.002328973360457122
v -0.0017474740353046207 -0.0014618630380512088 -0.0021454542395743527
v -0.001393335430473043 -0.0014218990186922464 -0.002328973360457122
v -0.00158918079161985 -0.00049334592014523 -0.002426179593216339
v -0.001656171642478445 -0.00017153620336496367 -0.002426179593216339
v -0.0014269983449504155 -0.0017766916354740037 -0.0021454542395743527
v -0.0010874616856695338 -0.0016684066876380133 -0.002328973360457122
v -0.001532369817814906 -0.0006477805082251015 -0.002426179593216339
v -0.0014606952340745507 -0.0007959029645643462 -0.002426179593216339
v -0.0010512614015207875 -0.002022949411952135 -0.0021454542395743527
v -0.0007393741442403019 -0.0018505046848094897 -0.002328973360457122
v -0.0012756532145518096 -0.0010675801843200577 -0.002426179593216339
v -0.0006347012377969646 -0.002191172491211313 -0.0021454542395743527
v -0.0003624486842204181 -0.001961195127043236 -0.002328973360457122
v -0.001164067361561939 -0.0011885185274067844 -0.002426179593216339
v -0.0010411643749215225 -0.001297937155561063 -0.002426179593216339
v -0.00019332646891490074 -0.002274896451646913 -0.0021454542395743527
v 2.8828381847700892e-05 -0.001996224179948325 -0.002328973360457122
v -0.000766241533318724 -0.0014781213966431894 -0.002426179593216339
v 0.00025590180778722904 -0.002270903834605875 -0.0021454542395743527
v 0.0004194211866090928 -0.0019542458216642022 -0.002328973360457122
v -0.0006168675284787822 -0.0015471517693887993 -0.002426179593216339
v -0.00046144842070083885 -0.0016012087106434536 -0.002426179593216339
v 0.0006957185112896897 -0.002179347824021849 -0.0021454542395743527
v 0.0007943188966590415 -0.001836873251865656 -0.002328973360457122
v -0.00013849854159730956 -0.0016624687240466007 -0.002426179593216339
v 0.001109223340990618 -0.00200374703100889 -0.0021454542395743527
v 0.0011391162617702133 -0.0016486169029336362 -0.002328973360457122
v 2.5920867340545352e-05 -0.0016690818592366152 -0.002426179593216339
v 0.00019019722513413678 -0.001659547202448236 -0.002426179593216339
v 0.00148052331476234 -0.0017508495952744119 -0.0021454542395743527
v 0.0014405595934265949 -0.0013967114374776601 -0.002328973360457122
v 0.0005120062713621647 -0.0015925566496128585 -0.002426179593216339
v 0.0017953526572431781 -0.0014303743519550327 -0.0021454542395743527
v 0.0016870677094071877 -0.0010908375436625428 -0.002328973360457122
v 0.0006664407104304276 -0.0015357458248195233 -0.002426179593216339
v 0.0008145642098509328 -0.0014640712410791679 -0.002426179593216339
v 0.00204161043372131 -0.0010546370359963836 -0.0021454542395743527
v 0.0018691658555902728 -0.0007427495551984853 -0.002328973360457122
v 0.0010862409825718186 -0.0012790287745216011 -0.002426179593216339
v 0.0022098338110037048 -0.0006380767977667567 -0.0021454542395743527
v 0.001979856446835628 -0.00036582439320181903 -0.002328973360457122
v 0.0012071788041179154 -0.0011674429215317306 -0.002426179593216339
v 0.001316597432272194 -0.0010445403074203358 -0.002426179593216339
v 0.0022935568773696535 -0.00019670193575243786 -0.0021454542395743527
v 0.001496782269400755 -0.0007696169442769074 -0.002426179593216339
v 0.0015658127911579735 -0.0006202438707595195 -0.002426179593216339
v 0.0016198694343894106 -0.00046482390616482683 -0.002426179593216339
v 0.0016811298948273838 -0.00014187432508451503 -0.002426179593216339
v -0.0021394323824472945 -0.00011717007233567368 -0.002246823856678072
v -0.0019814538512799035 -0.00020649538845206664 -0.002328973360457122
v 0.002163348149582413 -7.892702529742508e-05 -0.002246823856678072
v 0.0020069813279737243 -0.00017104623456941012 -0.002328973360457122
v -0.0017488658037290176 -5.121494528915853e-05 -0.0024105852303523147
v 0.0017716705403103565 -1.9924458602269164e-05 -0.0024105852303523147
v -0.0021781604995244636 -3.8686598717720816e-05 -0.0022231554488132423
v 0.0022006749614922345 2.3243366221114246e-07 -0.0022231554488132423
v -0.001770486792091576 -1.912430933771335e-05 -0.002405797785390963
v 0.001792718132002992 1.2545408400623306e-05 -0.002405797785390963
v -0.0021872686850890073 -1.8640880754793856e-05 -0.002217055509603273
v 0.002209424923149685 2.043687692798203e-05 -0.002217055509603273
v -0.001775787433032973 -1.0979826083857723e-05 -0.002404544299739354
v 0.0017978727415679534 2.078281901889698e-05 -0.002404544299739354
v -0.0021895092236360342 -1.36037272620113e-05 -0.002215519497941744
v 0.002211575458685113 2.551305982068791e-05 -0.002215519497941744
v -0.0017771058877459349 -8.93615631901868e-06 -0.0024042277990826712
v 0.0017991542414019805 2.2849603045368115e-05 -0.0024042277990826712
v -0.002190067123098662 -1.2342842252712491e-05 -0.0022151350479915357
v 0.002212110708383232 2.678365852422284e-05 -0.0022151350479915357
v -0.00036159872200491915 -0.0030749719647696905 -0.0024620747015906565
v -0.00048139213439690786 -0.003058117857766496 -0.0024620747015906565
v -0.0006004381045601198 -0.0030366104162496965 -0.0024620747015906565
v -0.0007185566264713567 -0.003010482124749969 -0.0024620747015906565
v -0.0008355665020145516 -0.0029797726203552033 -0.0024620747015906565
v -0.0009512924935379816 -0.002944528692710502 -0.0024620747015906565
v -0.001065556979204186 -0.0029048033899485293 -0.0024620747015906565
v -0.0011781877015936148 -0.0028606575088055974 -0.0024620747015906565
v -0.0012890129993331511 -0.0028121578064823627 -0.0024620747015906565
v -0.0013978653833747203 -0.0027593778947134773 -0.0024620747015906565
v -0.00150457915280955 -0.0027023982397675894 -0.0024620747015906565
v -0.0016089921830074751 -0.002641304672331257 -0.0024620747015906565
v -0.0017109465216633717 -0.002576190473671469 -0.0024620747015906565
v -0.001810287196704287 -0.0025071542894731236 -0.0024620747015906565
v -0.0019068628123358761 -0.0024343010239086804 -0.0024620747015906565
v -0.002000527337181703 -0.002357741094580118 -0.0024620747015906565
v -0.002091138912190373 -0.0022775907305421506 -0.0024620747015906565
v -0.0021785598506355325 -0.002193971525267402 -0.0024620747015906565
v -0.0022626566381158696 -0.002107010734669623 -0.0024620747015906565
v -0.0023433023167408495 -0.002016839935999215 -0.0024620747015906565
v -0.002420374696991414 -0.0019235963689477054 -0.0024620747015906565
v -0.0024937563577199806 -0.0018274212965200543 -0.0024620747015906565
v -0.0025633364342897446 -0.0017284607500926974 -0.0024620747015906565
v -0.002629008234388943 -0.00162686508237872 -0.0024620747015906565
v -0.002690673410355895 -0.0015227883713814228 -0.0024620747015906565
v -0.0027482371908075253 -0.0014163885694059297 -0.0024620747015906565
v -0.0028016131490108424 -0.0013078273540475804 -0.0024620747015906565
v -0.002850719626604328 -0.0011972694576396908 -0.0024620747015906565
v -0.002895482117783679 -0.001084882592747749 -0.0024620747015906565
v -0.0029358332693018045 -0.0009708373031578066 -0.0024620747015906565
v -0.0029717110923295235 -0.0008553068893706745 -0.0024620747015906565
v -0.003003061346641303 -0.0007384665145322711 -0.0024620747015906565
v -0.0030298369445688226 -0.0006204936887213505 -0.0024620747015906565
v -0.003051996758908107 -0.0005015673748798508 -0.0024620747015906565
v -0.0030695074110588276 -0.00038186817507740445 -0.0024620747015906565
v -0.003082341482885001 -0.00026157771583845343 -0.0024620747015906565
v -0.0030904810929935937 -0.00014087864814224874 -0.0024620747015906565
v -0.0030939125323166143 -1.9954121225607656e-05 -0.0024620747015906565
v -0.0030939125323166143 -1.9954121225607656e-05 -0.0024920743146820148
v -0.0029579001003973175 -0.0009016860819976158 -0.0024920743146820148
v -0.0025767868181291198 -0.0017083476101976414 -0.0024920743146820148
v -0.0019820344005070396 -0.0023733441001174416 -0.0024920743146820148
v -0.0012227439607066526 -0.002841776247878902 -0.0024920743146820148
v -0.00036159872200491915 -0.0030749719647696905 -0.0024920743146820148
v 0.003115948368997537 3.5239047514519506e-05 -0.0024920743146820148
v 0.002955454521876846 0.000993364654629722 -0.0024920743146820148
v 0.002506738845108327 0.0018550011100992303 -0.0024920743146820148
v 0.0018137251925380864 0.002535805049483364 -0.0024920743146820148
v 0.0009442484167758733 0.002969134979639909 -0.0024920743146820148
v -1.6578435527270244e-05 0.0031125732560625674 -0.0024920743146820148
v -0.0009747040053895714 0.0029520791109186595 -0.0024920743146820148
v -0.001836340386353276 0.0025033631361269237 -0.0024920743146820148
v -0.002517144027714193 0.0018103488875102491 -0.0024920743146820148
v -0.002950473957870739 0.0009408728568060798 -0.0024920743146820148
v -0.0030939125323166143 -1.9954121225607656e-05 -0.0024920743146820148
v -0.0030939125323166143 -1.9954121225607656e-05 -0.0024620747015906565
v -0.002950473957870739 0.0009408728568060798 -0.0024620747015906565
v -0.002517144027714193 0.0018103488875102491 -0.0024620747015906565
v -0.001836340386353276 0.0025033631361269237 -0.0024620747015906565
v -0.0009747040053895714 0.0029520791109186595 -0.0024620747015906565
v -1.6578435527270244e-05 0.0031125732560625674 -0.0024620747015906565
v 0.0009442484167758733 0.002969134979639909 -0.0024620747015906565
v 0.0018137251925380864 0.002535805049483364 -0.0024620747015906565
v 0.002506738845108327 0.0018550011100992303 -0.0024620747015906565
v 0.002955454521876846 0.000993364654629722 -0.0024620747015906565
v 0.003115948368997537 3.5239047514519506e-05 -0.0024620747015906565
v 0.0004383695027596616 -0.0030678617268533603 -0.0024920743146820148
v 0.001295232743876441 -0.0028193964924053128 -0.0024920743146820148
v 0.0020460772057009375 -0.0023375422730101125 -0.0024920743146820148
v 0.002628915251145172 -0.0016620793567133085 -0.0024920743146820148
v 0.0029956304357432488 -0.0008487711657113317 -0.0024920743146820148
v 0.003115948368997537 3.5239047514519506e-05 -0.0024920743146820148
v 0.00043998121231836367 -0.003249283360333366 -0.0024920743146820148
v 0.0032959412791742112 3.683882217469462e-05 -0.0024920743146820148
v 0.0031673561818743616 -0.0009029096908216988 -0.0024920743146820148
v 0.002775636849351895 -0.0017667480908316047 -0.0024920743146820148
v 0.0021534382815635595 -0.002482660953343041 -0.0024920743146820148
v 0.0013526332076050373 -0.0029909645842545185 -0.0024920743146820148
v -0.0032739054424932887 -2.155389588578277e-05 -0.0024920743146820148
v -0.0031490682851731426 0.0009050986713521475 -0.0024920743146820148
v -0.002768220243568267 0.0017590446377014068 -0.0024920743146820148
v -0.002162214469264125 0.0024711025698981592 -0.0024920743146820148
v -0.0013801461149719487 0.00298358552939626 -0.0024920743146820148
v -0.00048537372457890847 0.003254975305758967 -0.0024920743146820148
v 0.0004496121306059035 0.003263285385147807 -0.0024920743146820148
v 0.0013490664657414009 0.0030078425331150904 -0.0024920743146820148
v 0.002140120220032628 0.002509341481864269 -0.0024920743146820148
v 0.0027586864808495397 0.0018081678045950567 -0.0024920743146820148
v 0.003154653240263763 0.0009611260676132272 -0.0024920743146820148
v -0.0003599870124462171 -0.003256393300226479 -0.0024920743146820148
v -0.0012770855141337478 -0.0030143373530878703 -0.0024920743146820148
v -0.002086799098101279 -0.002520348075322476 -0.0024920743146820148
v -0.002721623717510171 -0.0018156076561896273 -0.0024920743146820148
v -0.0031286364094472744 -0.0009588683927312103 -0.0024920743146820148
v -0.00036159872200491915 -0.0030749719647696905 -0.0024920743146820148
v -0.0030939125323166143 -1.9954121225607656e-05 -0.0024920743146820148
v -0.0029579001003973175 -0.0009016860819976158 -0.0024920743146820148
v -0.0025767868181291198 -0.0017083476101976414 -0.0024920743146820148
v -0.0019820344005070396 -0.0023733441001174416 -0.0024920743146820148
v -0.0012227439607066526 -0.002841776247878902 -0.0024920743146820148
v 0.002955454521876846 0.000993364654629722 -0.0024920743146820148
v 0.002506738845108327 0.0018550011100992303 -0.0024920743146820148
v 0.0018137251925380864 0.002535805049483364 -0.0024920743146820148
v 0.0009442484167758733 0.002969134979639909 -0.0024920743146820148
v -1.6578435527270244e-05 0.0031125732560625674 -0.0024920743146820148
v -0.0009747040053895714 0.0029520791109186595 -0.0024920743146820148
v -0.001836340386353276 0.0025033631361269237 -0.0024920743146820148
v -0.002517144027714193 0.0018103488875102491 -0.0024920743146820148
v -0.002950473957870739 0.0009408728568060798 -0.0024920743146820148
v 0.0004383695027596616 -0.0030678617268533603 -0.0024920743146820148
v 0.001295232743876441 -0.0028193964924053128 -0.0024920743146820148
v 0.0020460772057009375 -0.0023375422730101125 -0.0024920743146820148
v 0.002628915251145172 -0.0016620793567133085 -0.0024920743146820148
v 0.0029956304357432488 -0.0008487711657113317 -0.0024920743146820148
v 0.003115948368997537 3.5239047514519506e-05 -0.0024920743146820148
v 0.003115948368997537 3.5239047514519506e-05 -0.0024620747015906565
v 0.0031146668691635097 -8.572736563397867e-05 -0.0024620747015906565
v 0.003108675410404607 -0.00020655205011623975 -0.0024620747015906565
v 0.003097979953185173 -0.0003270516098949697 -0.0024620747015906565
v 0.0030826007630839784 -0.00044704313322060235 -0.0024620747015906565
v 0.003062558105679794 -0.000566344509280968 -0.0024620747015906565
v 0.0030378841674800787 -0.0006847746517187059 -0.0024620747015906565
v 0.0030086147112708987 -0.0008021537780280308 -0.0024620747015906565
v 0.0029747962286741396 -0.0009183037075779499 -0.0024620747015906565
v 0.0029364787875902935 -0.0010330481596354801 -0.0024620747015906565
v 0.002893720800569935 -0.001146212939630159 -0.0024620747015906565
v 0.002846586640627982 -0.0012576262371772617 -0.0024620747015906565
v 0.0027951490254294357 -0.001367119073112627 -0.0024620747015906565
v 0.0027394854410107716 -0.0014745251504810486 -0.0024620747015906565
v 0.0026796805259656797 -0.0015796814505827095 -0.0024620747015906565
v 0.002615824879352193 -0.0016824283819847907 -0.0024620747015906565
v 0.00254801506069269 -0.0017826100785446886 -0.0024620747015906565
v 0.002476354782066761 -0.0018800742503984058 -0.0024620747015906565
v 0.0024009513318326036 -0.0019746730780302035 -0.0024620747015906565
v 0.002321921535091367 -0.0020662630632609924 -0.0024620747015906565
v 0.0022393834090370674 -0.002154704880236724 -0.0024620747015906565
v 0.0021534621234209367 -0.002239864716532869 -0.0024620747015906565
v 0.002064290000551418 -0.002321612932049938 -0.0024620747015906565
v 0.0019720005548298242 -0.002399825698141178 -0.0024620747015906565
v 0.0018767356453075496 -0.0024743841035429204 -0.0024620747015906565
v 0.0017786371310359887 -0.00254517519745584 -0.0024620747015906565
v 0.0016778564078094875 -0.0026120912444869138 -0.0024620747015906565
v 0.00157454606351526 -0.0026750310657538967 -0.0024620747015906565
v 0.0014688622623191274 -0.0027338986977808455 -0.0024620747015906565
v 0.001360964744665517 -0.0027886047336025954 -0.0024620747015906565
v 0.0012510192114632012 -0.0028390666207879778 -0.0024620747015906565
v 0.0011391913636209516 -0.002885207767370168 -0.0024620747015906565
v 0.0010256504783261464 -0.0029269575418466864 -0.0024620747015906565
v 0.000910569409044771 -0.0029642530613187 -0.0024620747015906565
v 0.0007941233934285481 -0.002997037403351721 -0.0024620747015906565
v 0.0006764888612220693 -0.0030252610960916915 -0.0024620747015906565
v 0.0005578434342627951 -0.0030488812241953323 -0.0024620747015906565
v 0.0004383695027596616 -0.0030678617268533603 -0.0024620747015906565
v 0.0004383695027596616 -0.0030678617268533603 -0.0024920743146820148
v 0.00043998121231836367 -0.003249283360333366 -0.0024920743146820148
v 0.0004383695027596616 -0.0030678617268533603 -0.0024620747015906565
v 0.00043998121231836367 -0.003249283360333366 -0.0024620747015906565
v 0.00043998121231836367 -0.003249283360333366 -0.0024620747015906565
v 0.0013526332076050373 -0.0029909645842545185 -0.0024620747015906565
v 0.0021534382815635595 -0.002482660953343041 -0.0024620747015906565
v 0.002775636849351895 -0.0017667480908316047 -0.0024620747015906565
v 0.0031673561818743616 -0.0009029096908216988 -0.0024620747015906565
v 0.0032959412791742112 3.683882217469462e-05 -0.0024620747015906565
v 0.00043998121231836367 -0.003249283360333366 -0.0024920743146820148
v 0.0032959412791742112 3.683882217469462e-05 -0.0024920743146820148
v 0.0031673561818743616 -0.0009029096908216988 -0.0024920743146820148
v 0.002775636849351895 -0.0017667480908316047 -0.0024920743146820148
v 0.0021534382815635595 -0.002482660953343041 -0.0024920743146820148
v 0.0013526332076050373 -0.0029909645842545185 -0.0024920743146820148
v 0.0032959412791742112 3.683882217469462e-05 -0.0024620747015906565
v 0.003154653240263763 0.0009611260676132272 -0.0024620747015906565
v 0.0027586864808495397 0.0018081678045950567 -0.0024620747015906565
v 0.002140120220032628 0.002509341481864269 -0.0024620747015906565
v 0.0013490664657414009 0.0030078425331150904 -0.0024620747015906565
v 0.0004496121306059035 0.003263285385147807 -0.0024620747015906565
v -0.00048537372457890847 0.003254975305758967 -0.0024620747015906565
v -0.0013801461149719487 0.00298358552939626 -0.0024620747015906565
v -0.002162214469264125 0.0024711025698981592 -0.0024620747015906565
v -0.002768220243568267 0.0017590446377014068 -0.0024620747015906565
v -0.0031490682851731426 0.0009050986713521475 -0.0024620747015906565
v -0.0032739054424932887 -2.155389588578277e-05 -0.0024620747015906565
v 0.0032959412791742112 3.683882217469462e-05 -0.0024920743146820148
v -0.0032739054424932887 -2.155389588578277e-05 -0.0024920743146820148
v -0.0031490682851731426 0.0009050986713521475 -0.0024920743146820148
v -0.002768220243568267 0.0017590446377014068 -0.0024920743146820148
v -0.002162214469264125 0.0024711025698981592 -0.0024920743146820148
v -0.0013801461149719487 0.00298358552939626 -0.0024920743146820148
v -0.00048537372457890847 0.003254975305758967 -0.0024920743146820148
v 0.0004496121306059035 0.003263285385147807 -0.0024920743146820148
v 0.0013490664657414009 0.0030078425331150904 -0.0024920743146820148
v 0.002140120220032628 0.002509341481864269 -0.0024920743146820148
v 0.0027586864808495397 0.0018081678045950567 -0.0024920743146820148
v 0.003154653240263763 0.0009611260676132272 -0.0024920743146820148
v -0.0003599870124462171 -0.003256393300226479 -0.0024920743146820148
v -0.0012770855141337478 -0.0030143373530878703 -0.0024920743146820148
v -0.002086799098101279 -0.002520348075322476 -0.0024920743146820148
v -0.002721623717510171 -0.0018156076561896273 -0.0024920743146820148
v -0.0031286364094472744 -0.0009588683927312103 -0.0024920743146820148
v -0.0032739054424932887 -2.155389588578277e-05 -0.0024920743146820148
v -0.0003599870124462171 -0.003256393300226479 -0.0024620747015906565
v -0.0032739054424932887 -2.155389588578277e-05 -0.0024620747015906565
v -0.0031286364094472744 -0.0009588683927312103 -0.0024620747015906565
v -0.002721623717510171 -0.0018156076561896273 -0.0024620747015906565
v -0.002086799098101279 -0.002520348075322476 -0.0024620747015906565
v -0.0012770855141337478 -0.0030143373530878703 -0.0024620747015906565
v -0.00036159872200491915 -0.0030749719647696905 -0.0024620747015906565
v -0.0003599870124462171 -0.003256393300226479 -0.0024620747015906565
v -0.00036159872200491915 -0.0030749719647696905 -0.0024920743146820148
v -0.0003599870124462171 -0.003256393300226479 -0.0024920743146820148
usemtl front_cover
f 17 1 2
f 17 18 1
f 16 17 2
f 3 16 2
f 15 16 3
f 4 15 3
f 14 4 5
f 14 15 4
f 13 14 5
f 6 13 5
f 12 13 6
f 7 12 6
f 11 7 8
f 11 12 7
f 10 8 9
f 10 11 8
f 49 28 29
f 49 29 40
f 50 28 49
f 27 28 50
f 48 40 39
f 48 49 40
f 38 48 39
f 26 27 51
f 37 47 38
f 25 26 52
f 36 46 37
f 24 53 54
f 24 25 53
f 34 45 35
f 44 34 33
f 43 44 33
f 32 43 33
f 22 23 55
f 42 32 31
f 21 22 56
f 30 42 31
f 41 42 30
f 19 21 57
f 42 43 32
f 44 45 34
f 45 46 36
f 45 36 35
f 46 47 37
f 47 48 38
f 50 51 27
f 51 52 26
f 52 53 25
f 54 55 24
f 24 55 23
f 55 56 22
f 56 57 21
f 57 20 19
f 130 129 128
f 127 130 128
f 126 130 127
f 131 130 126
f 125 131 126
f 125 132 131
f 133 132 125
f 124 133 125
f 123 133 124
f 134 133 123
f 122 134 123
f 122 135 134
f 121 135 122
f 121 136 135
f 137 136 121
f 120 137 121
f 119 137 120
f 138 137 119
f 118 138 119
f 139 138 118
f 117 139 118
f 140 139 117
f 116 140 117
f 141 140 116
f 115 141 116
f 142 141 115
f 114 142 115
f 143 142 114
f 113 143 114
f 144 143 113
f 112 144 113
f 111 144 112
f 111 145 144
f 110 145 111
f 110 146 145
f 109 146 110
f 147 146 109
f 108 147 109
f 148 147 108
f 107 148 108
f 149 148 107
f 106 149 107
f 150 149 106
f 105 150 106
f 151 150 105
f 104 151 105
f 152 151 104
f 103 152 104
f 153 152 103
f 153 103 102
f 101 153 102
f 154 153 101
f 100 154 101
f 155 154 100
f 99 155 100
f 156 155 99
f 98 156 99
f 157 156 98
f 97 157 98
f 158 157 97
f 96 158 97
f 159 158 96
f 95 159 96
f 160 159 95
f 94 160 95
f 161 160 94
f 93 161 94
f 162 161 93
f 92 162 93
f 91 163 162
f 91 162 92
f 164 163 91
f 90 164 91
f 165 164 90
f 89 165 90
f 166 89 88
f 166 165 89
f 87 167 166
f 87 166 88
f 168 167 87
f 86 168 87
f 85 168 86
f 169 168 85
f 84 169 85
f 170 169 84
f 83 170 84
f 171 170 83
f 82 171 83
f 172 171 82
f 81 172 82
f 173 172 81
f 80 173 81
f 174 173 80
f 79 174 80
f 175 79 78
f 175 174 79
f 176 175 78
f 77 176 78
f 177 176 77
f 76 177 77
f 178 177 76
f 75 178 76
f 74 178 75
f 179 178 74
f 73 179 74
f 180 179 73
f 72 180 73
f 181 180 72
f 71 181 72
f 182 181 71
f 70 182 71
f 183 182 70
f 69 183 70
f 184 183 69
f 68 184 69
f 185 184 68
f 67 185 68
f 186 185 67
f 66 186 67
f 187 66 65
f 187 186 66
f 64 187 65
f 188 187 64
f 63 189 188
f 63 188 64
f 62 189 63
f 190 189 62
f 61 190 62
f 191 190 61
f 60 191 61
f 192 191 60
f 59 192 60
f 59 193 192
f 194 193 59
f 58 194 59
f 264 265 336
f 335 264 336
f 263 264 335
f 334 263 335
f 262 263 334
f 333 262 334
f 261 262 333
f 332 261 333
f 260 261 332
f 331 260 332
f 259 260 331
f 330 259 331
f 258 259 330
f 329 258 330
f 257 258 329
f 328 257 329
f 256 257 328
f 327 256 328
f 255 256 327
f 326 255 327
f 254 255 326
f 325 254 326
f 253 254 325
f 324 253 325
f 252 253 324
f 323 252 324
f 251 252 323
f 322 251 323
f 321 251 322
f 321 250 251
f 320 250 321
f 320 249 250
f 319 249 320
f 319 248 249
f 318 248 319
f 247 248 318
f 317 247 318
f 246 247 317
f 316 246 317
f 245 246 316
f 315 245 316
f 244 245 315
f 314 244 315
f 243 244 314
f 313 243 314
f 313 242 243
f 241 242 313
f 312 241 313
f 240 241 312
f 311 240 312
f 239 240 311
f 310 239 311
f 238 239 310
f 309 238 310
f 237 238 309
f 308 237 309
f 236 237 308
f 307 236 308
f 235 236 307
f 306 235 307
f 234 235 306
f 305 234 306
f 233 234 305
f 304 233 305
f 232 233 304
f 303 232 304
f 231 232 303
f 302 231 303
f 230 231 302
f 301 230 302
f 229 230 301
f 300 229 301
f 228 229 300
f 299 228 300
f 227 228 299
f 298 227 299
f 226 227 298
f 297 226 298
f 225 226 297
f 296 225 297
f 224 225 296
f 295 224 296
f 223 224 295
f 294 223 295
f 293 223 294
f 293 222 223
f 292 222 293
f 292 221 222
f 291 221 292
f 220 221 291
f 290 220 291
f 219 220 290
f 289 219 290
f 218 219 289
f 288 218 289
f 217 218 288
f 287 217 288
f 216 217 287
f 286 216 287
f 215 216 286
f 285 215 286
f 214 215 285
f 284 214 285
f 213 214 284
f 283 213 284
f 212 213 283
f 282 211 212
f 282 212 283
f 210 211 282
f 281 210 282
f 209 210 281
f 280 209 281
f 208 209 280
f 279 208 280
f 207 208 279
f 278 207 279
f 206 207 278
f 277 206 278
f 205 206 277
f 276 205 277
f 204 205 276
f 275 204 276
f 203 204 275
f 274 203 275
f 202 203 274
f 273 202 274
f 201 202 273
f 272 201 273
f 200 201 272
f 271 200 272
f 199 200 271
f 270 199 271
f 198 199 270
f 269 198 270
f 197 198 269
f 268 197 269
f 196 197 268
f 267 196 268
f 195 196 267
f 266 195 267
f 415 345 344
f 343 415 344
f 414 415 343
f 342 414 343
f 413 414 342
f 341 413 342
f 412 413 341
f 340 412 341
f 411 412 340
f 339 411 340
f 410 411 339
f 338 410 339
f 409 338 337
f 409 410 338
f 473 409 337
f 408 409 473
f 407 408 473
f 472 407 473
f 406 407 472
f 471 406 472
f 405 406 471
f 470 405 471
f 404 405 470
f 469 404 470
f 403 404 469
f 468 403 469
f 402 403 468
f 467 402 468
f 401 402 467
f 466 401 467
f 466 400 401
f 465 400 466
f 399 400 465
f 464 399 465
f 398 399 464
f 397 398 464
f 463 397 464
f 396 397 463
f 462 396 463
f 395 396 462
f 395 462 461
f 394 395 461
f 460 394 461
f 393 394 460
f 459 393 460
f 392 393 459
f 458 392 459
f 391 392 458
f 457 391 458
f 390 391 457
f 456 390 457
f 389 390 456
f 455 389 456
f 388 389 455
f 454 387 388
f 454 388 455
f 453 387 454
f 386 387 453
f 452 386 453
f 385 386 452
f 451 384 385
f 451 385 452
f 383 384 451
f 450 383 451
f 382 383 450
f 449 382 450
f 381 382 449
f 448 381 449
f 380 381 448
f 447 380 448
f 379 380 447
f 446 379 447
f 378 379 446
f 445 378 446
f 377 378 445
f 444 376 377
f 444 377 445
f 443 376 444
f 375 376 443
f 442 375 443
f 442 374 375
f 373 374 442
f 441 373 442
f 372 373 441
f 440 372 441
f 371 372 440
f 439 371 440
f 370 371 439
f 438 370 439
f 369 370 438
f 437 369 438
f 368 369 437
f 436 368 437
f 367 368 436
f 435 366 367
f 435 367 436
f 365 366 435
f 434 365 435
f 433 365 434
f 364 365 433
f 363 364 433
f 432 363 433
f 362 363 432
f 431 362 432
f 361 362 431
f 430 361 431
f 429 361 430
f 360 361 429
f 359 360 429
f 428 359 429
f 358 359 428
f 427 358 428
f 357 358 427
f 426 357 427
f 356 357 426
f 425 356 426
f 355 356 425
f 424 355 425
f 354 355 424
f 423 354 424
f 353 354 423
f 422 352 353
f 422 353 423
f 421 352 422
f 351 352 421
f 420 351 421
f 350 351 420
f 349 350 420
f 419 349 420
f 348 349 419
f 418 348 419
f 347 348 418
f 417 347 418
f 416 347 417
f 416 346 347
f 476 475 474
f 480 478 479
f 477 478 480
f 481 483 482
f 484 486 485
f 514 515 487
f 488 514 487
f 509 497 508
f 498 497 509
f 510 498 509
f 489 513 488
f 499 498 510
f 512 513 489
f 500 510 511
f 500 499 510
f 490 512 489
f 501 511 512
f 501 500 511
f 501 512 490
f 502 490 491
f 502 501 490
f 503 502 491
f 492 503 491
f 504 503 492
f 505 492 493
f 505 504 492
f 506 493 494
f 506 505 493
f 507 506 494
f 495 507 494
f 496 507 495
f 513 514 488
f 532 516 517
f 532 533 516
f 531 532 517
f 518 531 517
f 530 531 518
f 519 530 518
f 529 519 520
f 529 530 519
f 528 529 520
f 521 528 520
f 527 528 521
f 522 527 521
f 526 522 523
f 526 527 522
f 525 523 524
f 525 526 523
f 550 534 535
f 550 551 534
f 549 550 535
f 536 549 535
f 548 549 536
f 537 548 536
f 547 537 538
f 547 548 537
f 546 547 538
f 539 546 538
f 545 546 539
f 540 545 539
f 544 540 541
f 544 545 540
f 543 541 542
f 543 544 541
f 568 552 553
f 568 569 552
f 567 568 553
f 554 567 553
f 566 567 554
f 555 566 554
f 565 555 556
f 565 566 555
f 564 565 556
f 557 564 556
f 563 564 557
f 558 563 557
f 562 558 559
f 562 563 558
f 561 559 560
f 561 562 559
f 586 570 571
f 586 587 570
f 585 586 571
f 572 585 571
f 584 585 572
f 573 584 572
f 583 573 574
f 583 584 573
f 582 583 574
f 575 582 574
f 581 582 575
f 576 581 575
f 580 576 577
f 580 581 576
f 579 577 578
f 579 580 577
f 590 589 588
f 591 589 590
f 594 593 592
f 596 595 607
f 596 607 608
f 597 596 608
f 609 597 608
f 598 597 609
f 599 609 610
f 599 598 609
f 600 610 611
f 600 599 610
f 601 600 611
f 612 601 611
f 602 601 612
f 603 612 613
f 603 602 612
f 604 603 613
f 614 604 613
f 605 604 614
f 615 605 614
f 606 605 615
f 655 630 631
f 656 629 630
f 656 630 655
f 654 655 631
f 657 628 629
f 657 629 656
f 632 654 631
f 653 654 632
f 638 627 628
f 638 628 657
f 633 653 632
f 626 627 638
f 652 653 633
f 639 626 638
f 634 652 633
f 625 626 639
f 651 652 634
f 640 625 639
f 635 651 634
f 624 625 640
f 650 651 635
f 641 624 640
f 636 650 635
f 623 624 641
f 649 650 636
f 642 623 641
f 637 649 636
f 622 623 642
f 648 649 637
f 643 622 642
f 616 648 637
f 621 622 643
f 644 621 643
f 617 648 616
f 617 647 648
f 620 621 644
f 620 644 645
f 618 647 617
f 618 646 647
f 619 620 645
f 619 646 618
f 619 645 646
f 659 658 669
f 659 669 679
f 660 679 678
f 660 659 679
f 661 678 677
f 661 660 678
f 662 677 676
f 662 661 677
f 663 676 675
f 663 662 676
f 664 675 674
f 664 663 675
f 665 674 673
f 665 664 674
f 666 673 672
f 666 665 673
f 667 672 671
f 667 666 672
f 668 671 670
f 668 667 671
f 701 680 691
f 681 680 701
f 700 681 701
f 682 681 700
f 699 682 700
f 683 682 699
f 698 683 699
f 684 683 698
f 697 684 698
f 685 684 697
f 696 685 697
f 686 685 696
f 695 686 696
f 687 686 695
f 694 687 695
f 688 687 694
f 693 688 694
f 689 688 693
f 692 689 693
f 690 689 692
f 723 702 703
f 723 722 702
f 724 721 722
f 724 722 723
f 725 703 704
f 725 723 703
f 726 720 721
f 726 723 725
f 726 721 724
f 726 724 723
f 727 704 705
f 727 725 704
f 728 719 720
f 728 720 726
f 728 726 725
f 728 725 727
f 729 705 706
f 729 727 705
f 730 718 719
f 730 727 729
f 730 728 727
f 730 719 728
f 731 706 707
f 731 729 706
f 732 717 718
f 732 718 730
f 732 730 729
f 732 729 731
f 733 707 708
f 733 731 707
f 734 716 717
f 734 717 732
f 734 732 731
f 734 731 733
f 735 708 709
f 735 733 708
f 736 715 716
f 736 716 734
f 736 734 733
f 736 733 735
f 737 709 710
f 737 735 709
f 738 714 715
f 738 715 736
f 738 736 735
f 738 735 737
f 739 710 711
f 739 737 710
f 740 711 712
f 740 712 713
f 740 713 714
f 740 739 711
f 740 714 738
f 740 738 737
f 740 737 739
f 762 741 742
f 763 760 761
f 763 761 741
f 763 741 762
f 764 742 743
f 764 762 742
f 765 759 760
f 765 762 764
f 765 760 763
f 765 763 762
f 766 743 744
f 766 764 743
f 767 758 759
f 767 759 765
f 767 765 764
f 767 764 766
f 768 744 745
f 768 766 744
f 769 757 758
f 769 767 766
f 769 766 768
f 769 758 767
f 770 745 746
f 770 768 745
f 771 756 757
f 771 757 769
f 771 769 768
f 771 768 770
f 772 746 747
f 772 770 746
f 773 755 756
f 773 756 771
f 773 771 770
f 773 770 772
f 774 747 748
f 774 772 747
f 775 754 755
f 775 755 773
f 775 773 772
f 775 772 774
f 776 748 749
f 776 774 748
f 777 753 754
f 777 754 775
f 777 775 774
f 777 774 776
f 778 749 750
f 778 776 749
f 779 750 751
f 779 751 752
f 779 752 753
f 779 778 750
f 779 753 777
f 779 777 776
f 779 776 778
f 781 780 784
f 793 781 784
f 782 781 793
f 783 782 793
f 792 783 793
f 808 807 783
f 808 783 792
f 809 792 791
f 809 808 792
f 803 809 791
f 790 803 791
f 806 809 803
f 804 803 790
f 789 804 790
f 805 804 789
f 802 789 788
f 802 805 789
f 800 788 787
f 800 799 802
f 800 802 788
f 801 800 787
f 795 787 786
f 795 801 787
f 796 795 786
f 798 801 795
f 797 786 785
f 797 796 786
f 794 797 785
f 811 812 810
f 817 813 812
f 817 812 811
f 816 814 813
f 816 813 817
f 815 814 816
f 821 819 818
f 820 819 821
f 834 835 836
f 834 836 831
f 832 834 831
f 843 832 833
f 843 837 834
f 843 838 839
f 843 839 840
f 843 840 837
f 843 834 832
f 842 833 830
f 842 843 833
f 841 830 827
f 841 842 830
f 846 827 828
f 846 841 827
f 845 828 829
f 845 846 828
f 826 824 825
f 822 829 824
f 822 845 829
f 822 824 826
f 823 845 822
f 847 845 823
f 848 845 847
f 844 845 848
f 850 852 851
f 849 852 850
f 898 899 900
f 886 883 884
f 886 884 885
f 897 898 900
f 882 883 886
f 901 897 900
f 887 882 886
f 896 901 902
f 896 897 901
f 895 896 902
f 878 879 880
f 878 880 881
f 877 881 882
f 877 887 888
f 877 882 887
f 877 878 881
f 876 877 888
f 974 891 892
f 974 892 893
f 975 888 889
f 975 889 890
f 975 890 891
f 975 876 888
f 975 891 974
f 871 869 870
f 868 871 872
f 868 869 871
f 973 893 894
f 973 894 895
f 973 902 903
f 973 895 902
f 973 974 893
f 867 868 872
f 976 873 874
f 976 874 875
f 976 875 876
f 976 876 975
f 864 865 866
f 863 866 867
f 863 864 866
f 910 906 907
f 910 907 908
f 910 908 909
f 862 863 867
f 862 867 872
f 972 973 903
f 972 903 904
f 972 904 905
f 861 872 873
f 861 862 872
f 911 906 910
f 911 905 906
f 860 861 873
f 912 972 905
f 912 905 911
f 913 972 912
f 914 972 913
f 977 859 860
f 977 860 873
f 977 873 976
f 858 859 977
f 971 914 915
f 971 972 914
f 978 858 977
f 857 858 978
f 916 971 915
f 970 971 916
f 856 857 978
f 917 970 916
f 918 970 917
f 979 854 855
f 979 855 856
f 979 856 978
f 966 967 968
f 965 966 968
f 924 921 922
f 924 922 923
f 964 968 853
f 964 965 968
f 925 921 924
f 925 920 921
f 963 853 854
f 963 854 979
f 963 964 853
f 930 920 925
f 930 919 920
f 930 925 926
f 931 969 970
f 931 919 930
f 931 918 919
f 931 970 918
f 929 930 926
f 932 969 931
f 927 929 926
f 962 963 979
f 928 929 927
f 933 969 932
f 934 982 969
f 934 969 933
f 961 962 979
f 961 979 980
f 938 936 937
f 951 980 981
f 951 952 980
f 953 980 952
f 948 982 947
f 946 982 934
f 946 947 982
f 946 934 935
f 945 946 935
f 960 953 954
f 960 961 980
f 960 980 953
f 950 951 981
f 939 936 938
f 939 935 936
f 949 981 982
f 949 950 981
f 949 982 948
f 959 960 954
f 940 945 935
f 940 935 939
f 955 959 954
f 944 945 940
f 958 955 956
f 958 959 955
f 957 958 956
f 941 944 940
f 942 944 941
f 942 943 944
f 986 984 983
f 985 984 986
f 993 991 992
f 987 991 993
f 988 994 991
f 988 991 987
f 1000 995 996
f 1000 996 997
f 1000 997 994
f 1000 994 988
f 989 1000 988
f 990 1000 989
f 999 1000 990
f 1008 999 990
f 998 999 1003
f 1002 1003 999
f 1001 1002 999
f 1009 999 1008
f 1010 1001 999
f 1010 999 1009
f 1004 1001 1010
f 1005 1007 1004
f 1005 1004 1010
f 1006 1007 1005
f 1017 1011 1012
f 1017 1012 1015
f 1018 1014 1013
f 1018 1015 1014
f 1018 1017 1015
f 1016 1018 1013
f 1024 1022 1021
f 1025 1021 1020
f 1025 1024 1021
f 1026 1025 1020
f 1023 1020 1019
f 1023 1026 1020
f 1030 1029 1028
f 1027 1030 1028
f 1033 1036 1038
f 1034 1038 1037
f 1034 1033 1038
f 1035 1037 1031
f 1035 1034 1037
f 1032 1035 1031
f 1044 1042 1041
f 1045 1041 1040
f 1045 1044 1041
f 1046 1040 1039
f 1046 1045 1040
f 1043 1046 1039
f 1048 1050 1049
f 1047 1050 1048
f 1051 1053 1052
f 1058 1054 1053
f 1058 1053 1051
f 1057 1055 1054
f 1057 1054 1058
f 1056 1055 1057
f 1069 1068 1071
f 1080 1069 1071
f 1070 1069 1080
f 1067 1070 1080
f 1079 1067 1080
f 1065 1064 1067
f 1065 1067 1079
f 1066 1079 1078
f 1066 1065 1079
f 1059 1066 1078
f 1077 1059 1078
f 1063 1066 1059
f 1060 1059 1077
f 1076 1060 1077
f 1061 1060 1076
f 1062 1076 1075
f 1062 1061 1076
f 1087 1075 1074
f 1087 1086 1062
f 1087 1062 1075
f 1088 1087 1074
f 1082 1074 1073
f 1082 1088 1074
f 1083 1082 1073
f 1085 1088 1082
f 1084 1073 1072
f 1084 1083 1073
f 1081 1084 1072
f 1090 1091 1089
f 1096 1092 1091
f 1096 1091 1090
f 1095 1093 1092
f 1095 1092 1096
f 1094 1093 1095
f 1097 1099 1098
f 1104 1100 1099
f 1104 1099 1097
f 1103 1101 1100
f 1103 1100 1104
f 1102 1101 1103
f 1128 1105 1106
f 1128 1106 1130
f 1128 1130 1131
f 1128 1131 1127
f 1107 1108 1109
f 1107 1109 1105
f 1112 1105 1128
f 1112 1107 1105
f 1111 1128 1129
f 1111 1112 1128
f 1110 1129 1124
f 1110 1111 1129
f 1113 1124 1125
f 1113 1110 1124
f 1121 1122 1126
f 1123 1126 1122
f 1120 1126 1123
f 1116 1125 1126
f 1116 1113 1125
f 1115 1116 1126
f 1117 1126 1120
f 1117 1115 1126
f 1114 1115 1117
f 1119 1117 1118
f 1119 1114 1117
f 1133 1135 1134
f 1132 1135 1133
f 1141 1139 1138
f 1142 1138 1137
f 1142 1141 1138
f 1143 1137 1136
f 1143 1142 1137
f 1140 1143 1136
f 1146 1149 1151
f 1147 1151 1150
f 1147 1146 1151
f 1148 1150 1144
f 1148 1147 1150
f 1145 1148 1144
f 1154 1157 1156
f 1155 1154 1156
f 1158 1157 1154
f 1152 1158 1154
f 1159 1152 1153
f 1159 1158 1152
f 1161 1162 1160
f 1161 1163 1162
f 1167 1169 1168
f 1167 1170 1169
f 1166 1171 1170
f 1166 1170 1167
f 1164 1165 1171
f 1164 1171 1166
f 1174 1172 1173
f 1174 1173 1175
f 1181 1178 1179
f 1181 1179 1180
f 1192 1193 1181
f 1182 1192 1181
f 1186 1177 1178
f 1189 1187 1188
f 1184 1182 1183
f 1185 1182 1184
f 1190 1187 1189
f 1176 1191 1185
f 1176 1177 1187
f 1187 1177 1186
f 1176 1187 1190
f 1176 1190 1191
f 1191 1192 1182
f 1191 1182 1185
f 1193 1186 1181
f 1181 1186 1178
f 1197 1199 1198
f 1197 1200 1199
f 1197 1201 1200
f 1196 1201 1197
f 1194 1195 1201
f 1194 1201 1196
f 1202 1203 1205
f 1204 1202 1205
f 1207 1206 1208
f 1207 1208 1209
f 1213 1211 1212
f 1210 1211 1213
f 1217 1214 1216
f 1215 1214 1217
f 1221 1219 1220
f 1218 1219 1221
f 1223 1222 1224
f 1223 1224 1225
f 1229 1227 1228
f 1226 1227 1229
f 1233 1230 1232
f 1231 1230 1233
f 1234 1235 1236
f 1234 1236 1237
f 1247 1244 1245
f 1248 1244 1247
f 1243 1244 1248
f 1243 1248 1241
f 1242 1243 1241
f 1246 1247 1245
f 1246 1241 1248
f 1240 1241 1246
f 1239 1238 1240
f 1239 1246 1245
f 1239 1240 1246
f 1252 1250 1251
f 1249 1250 1252
f 1256 1253 1255
f 1254 1253 1256
f 1258 1257 1259
f 1258 1259 1260
f 1261 1262 1263
f 1270 1264 1265
f 1270 1265 1268
f 1271 1268 1267
f 1271 1270 1268
f 1269 1267 1266
f 1269 1271 1267
f 1278 1274 1273
f 1278 1275 1274
f 1278 1277 1275
f 1279 1278 1273
f 1276 1273 1272
f 1276 1279 1273
f 1283 1281 1280
f 1282 1281 1283
f 1285 1286 1284
f 1291 1287 1286
f 1291 1286 1285
f 1290 1288 1287
f 1290 1287 1291
f 1289 1288 1290
f 1292 1294 1293
f 1299 1295 1294
f 1299 1294 1292
f 1298 1296 1295
f 1298 1295 1299
f 1297 1296 1298
f 1301 1302 1300
f 1307 1303 1302
f 1307 1302 1301
f 1306 1304 1303
f 1306 1303 1307
f 1305 1304 1306
f 1311 1309 1308
f 1310 1309 1311
f 1316 1314 1315
f 1312 1314 1316
f 1319 1314 1312
f 1313 1319 1312
f 1332 1317 1318
f 1332 1318 1319
f 1332 1313 1334
f 1332 1334 1335
f 1332 1335 1331
f 1332 1319 1313
f 1320 1317 1332
f 1333 1323 1320
f 1333 1320 1332
f 1322 1323 1333
f 1324 1321 1322
f 1324 1325 1326
f 1324 1326 1321
f 1327 1322 1333
f 1327 1324 1322
f 1330 1327 1333
f 1329 1330 1333
f 1328 1329 1333
f 1337 1339 1338
f 1336 1339 1337
f 1345 1343 1342
f 1346 1342 1341
f 1346 1345 1342
f 1347 1341 1340
f 1347 1346 1341
f 1344 1347 1340
f 1350 1353 1355
f 1351 1355 1354
f 1351 1350 1355
f 1352 1354 1348
f 1352 1351 1354
f 1349 1352 1348
f 1359 1358 1357
f 1356 1359 1357
f 1366 1360 1361
f 1366 1361 1364
f 1367 1364 1363
f 1367 1366 1364
f 1365 1363 1362
f 1365 1367 1363
f 1374 1370 1369
f 1374 1371 1370
f 1374 1373 1371
f 1375 1374 1369
f 1372 1369 1368
f 1372 1375 1369
f 1376 1378 1377
f 1383 1379 1378
f 1383 1378 1376
f 1382 1380 1379
f 1382 1379 1383
f 1381 1380 1382
f 1390 1386 1385
f 1390 1387 1386
f 1390 1389 1387
f 1391 1390 1385
f 1388 1385 1384
f 1388 1391 1385
f 1398 1392 1393
f 1398 1393 1396
f 1399 1396 1395
f 1399 1398 1396
f 1397 1395 1394
f 1397 1399 1395
f 1402 1405 1404
f 1403 1402 1404
f 1406 1405 1402
f 1400 1406 1402
f 1407 1400 1401
f 1407 1406 1400
f 1409 1410 1408
f 1409 1411 1410
f 1415 1417 1416
f 1415 1418 1417
f 1414 1419 1418
f 1414 1418 1415
f 1412 1413 1419
f 1412 1419 1414
f 1422 1420 1421
f 1422 1421 1423
f 1430 1431 1432
f 1430 1432 1433
f 1436 1433 1425
f 1436 1425 1434
f 1436 1430 1433
f 1437 1430 1436
f 1424 1440 1434
f 1424 1434 1425
f 1438 1430 1437
f 1426 1440 1424
f 1429 1439 1426
f 1428 1426 1427
f 1428 1429 1426
f 1429 1430 1438
f 1429 1438 1439
f 1434 1435 1436
f 1439 1440 1426
f 1444 1446 1445
f 1444 1447 1446
f 1444 1448 1447
f 1443 1442 1448
f 1443 1448 1444
f 1441 1442 1443
f 1449 1450 1452
f 1451 1449 1452
f 1456 1454 1455
f 1453 1454 1456
f 1457 1458 1459
f 1457 1459 1460
f 1461 1462 1463
f 1461 1463 1464
f 1468 1465 1467
f 1466 1465 1468
f 1472 1470 1471
f 1469 1470 1472
f 1474 1473 1475
f 1474 1475 1476
f 1480 1478 1479
f 1477 1478 1480
f 1484 1482 1483
f 1481 1482 1484
f 1487 1484 1486
f 1487 1481 1484
f 1484 1485 1486
f 1490 1493 1495
f 1491 1495 1494
f 1491 1490 1495
f 1492 1494 1488
f 1492 1491 1494
f 1489 1492 1488
f 1501 1499 1498
f 1502 1498 1497
f 1502 1501 1498
f 1503 1497 1496
f 1503 1502 1497
f 1500 1503 1496
f 1510 1512 1511
f 1510 1513 1512
f 1509 1514 1513
f 1509 1513 1510
f 1508 1515 1514
f 1508 1514 1509
f 1507 1516 1515
f 1507 1517 1516
f 1507 1515 1508
f 1506 1518 1517
f 1506 1517 1507
f 1505 1519 1518
f 1505 1518 1506
f 1504 1519 1505
f 1535 1521 1520
f 1534 1522 1521
f 1534 1521 1535
f 1533 1523 1522
f 1533 1522 1534
f 1532 1523 1533
f 1531 1524 1523
f 1531 1523 1532
f 1530 1525 1524
f 1530 1524 1531
f 1529 1526 1525
f 1529 1525 1530
f 1528 1527 1526
f 1528 1526 1529
f 1544 1537 1536
f 1544 1536 1543
f 1545 1538 1537
f 1545 1537 1544
f 1546 1538 1545
f 1547 1539 1538
f 1547 1538 1546
f 1548 1540 1539
f 1548 1539 1547
f 1549 1540 1548
f 1541 1540 1549
f 1542 1541 1549
f 1558 1551 1550
f 1558 1550 1557
f 1559 1552 1551
f 1559 1551 1558
f 1560 1553 1552
f 1560 1552 1559
f 1561 1554 1553
f 1561 1553 1560
f 1556 1555 1554
f 1556 1554 1561
f 1579 1565 1566
f 1579 1566 1578
f 1567 1578 1566
f 1577 1578 1567
f 1580 1564 1565
f 1580 1565 1579
f 1576 1567 1568
f 1576 1577 1567
f 1563 1580 1581
f 1563 1564 1580
f 1569 1575 1576
f 1569 1576 1568
f 1562 1581 1572
f 1562 1563 1581
f 1570 1574 1575
f 1570 1575 1569
f 1571 1572 1573
f 1571 1573 1574
f 1571 1562 1572
f 1571 1574 1570
f 1586 1588 1587
f 1586 1589 1588
f 1585 1590 1589
f 1585 1589 1586
f 1584 1591 1590
f 1584 1590 1585
f 1583 1592 1591
f 1583 1591 1584
f 1593 1592 1583
f 1582 1593 1583
f 1596 1613 1595
f 1612 1613 1596
f 1604 1594 1595
f 1604 1595 1613
f 1597 1612 1596
f 1611 1612 1597
f 1605 1603 1594
f 1605 1594 1604
f 1598 1610 1611
f 1598 1611 1597
f 1606 1603 1605
f 1602 1603 1606
f 1599 1609 1610
f 1599 1610 1598
f 1607 1602 1606
f 1601 1602 1607
f 1600 1607 1608
f 1600 1608 1609
f 1600 1609 1599
f 1600 1601 1607
f 1624 1615 1614
f 1624 1614 1625
f 1623 1616 1615
f 1623 1615 1624
f 1622 1617 1616
f 1622 1616 1623
f 1621 1618 1617
f 1621 1617 1622
f 1620 1619 1618
f 1620 1618 1621
f 1634 1633 1635
f 1642 1630 1631
f 1642 1631 1640
f 1643 1639 1638
f 1643 1640 1641
f 1643 1641 1639
f 1643 1642 1640
f 1644 1629 1630
f 1644 1630 1642
f 1645 1638 1637
f 1645 1642 1643
f 1645 1643 1638
f 1645 1644 1642
f 1646 1628 1629
f 1646 1629 1644
f 1647 1637 1636
f 1647 1644 1645
f 1647 1645 1637
f 1647 1646 1644
f 1648 1626 1627
f 1648 1627 1628
f 1648 1632 1626
f 1648 1628 1646
f 1649 1633 1632
f 1649 1636 1635
f 1649 1647 1636
f 1649 1646 1647
f 1649 1648 1646
f 1649 1635 1633
f 1649 1632 1648
f 1653 1652 1657
f 1653 1657 1661
f 1654 1661 1660
f 1654 1653 1661
f 1655 1660 1659
f 1655 1654 1660
f 1656 1659 1658
f 1656 1655 1659
f 1651 1658 1650
f 1651 1656 1658
f 1667 1668 1669
f 1667 1669 1673
f 1666 1673 1672
f 1666 1667 1673
f 1665 1672 1671
f 1665 1666 1672
f 1664 1671 1670
f 1664 1665 1671
f 1663 1670 1662
f 1663 1664 1670
f 1678 1674 1675
f 1679 1674 1678
f 1680 1676 1674
f 1680 1674 1679
f 1681 1676 1680
f 1677 1676 1681
f 1683 1688 1682
f 1684 1688 1683
f 1685 1689 1688
f 1685 1688 1684
f 1686 1689 1685
f 1687 1689 1686
f 1698 1691 1690
f 1698 1690 1696
f 1699 1696 1695
f 1699 1698 1696
f 1700 1695 1694
f 1700 1699 1695
f 1701 1694 1693
f 1701 1700 1694
f 1697 1693 1692
f 1697 1701 1693
f 1710 1703 1702
f 1710 1702 1704
f 1711 1704 1705
f 1711 1710 1704
f 1712 1705 1706
f 1712 1711 1705
f 1713 1706 1707
f 1713 1712 1706
f 1709 1707 1708
f 1709 1713 1707
f 1718 1722 1719
f 1730 1720 1721
f 1730 1727 1720
f 1731 1721 1722
f 1731 1722 1718
f 1731 1730 1721
f 1732 1726 1727
f 1732 1727 1730
f 1733 1718 1717
f 1733 1731 1718
f 1733 1732 1730
f 1733 1730 1731
f 1734 1725 1726
f 1734 1726 1732
f 1735 1717 1716
f 1735 1732 1733
f 1735 1734 1732
f 1735 1733 1717
f 1736 1723 1724
f 1736 1724 1725
f 1736 1728 1723
f 1736 1725 1734
f 1737 1715 1714
f 1737 1716 1715
f 1737 1729 1728
f 1737 1714 1729
f 1737 1735 1716
f 1737 1734 1735
f 1737 1728 1736
f 1737 1736 1734
f 1745 1744 1743
f 1742 1745 1743
f 1741 1746 1745
f 1741 1745 1742
f 1740 1747 1746
f 1740 1746 1741
f 1739 1748 1747
f 1739 1747 1740
f 1749 1748 1739
f 1738 1749 1739
f 1751 1758 1750
f 1751 1763 1758
f 1752 1762 1763
f 1752 1763 1751
f 1753 1762 1752
f 1754 1761 1762
f 1754 1762 1753
f 1755 1760 1761
f 1755 1761 1754
f 1756 1760 1755
f 1759 1760 1756
f 1757 1759 1756
f 1774 1784 1775
f 1783 1784 1774
f 1773 1783 1774
f 1782 1773 1772
f 1782 1783 1773
f 1781 1772 1771
f 1781 1782 1772
f 1770 1781 1771
f 1780 1770 1769
f 1780 1781 1770
f 1779 1769 1768
f 1779 1780 1769
f 1778 1767 1766
f 1778 1768 1767
f 1778 1779 1768
f 1777 1766 1765
f 1777 1778 1766
f 1776 1765 1764
f 1776 1777 1765
f 1809 1804 1805
f 1809 1810 1804
f 1811 1803 1804
f 1811 1804 1810
f 1808 1805 1806
f 1808 1809 1805
f 1812 1802 1803
f 1812 1803 1811
f 1785 1808 1806
f 1807 1808 1785
f 1813 1801 1802
f 1813 1802 1812
f 1828 1785 1786
f 1828 1807 1785
f 1814 1800 1801
f 1814 1801 1813
f 1827 1786 1787
f 1827 1828 1786
f 1815 1799 1800
f 1815 1800 1814
f 1826 1827 1787
f 1788 1826 1787
f 1816 1799 1815
f 1798 1799 1816
f 1825 1826 1788
f 1789 1825 1788
f 1817 1798 1816
f 1797 1798 1817
f 1790 1825 1789
f 1790 1824 1825
f 1796 1797 1817
f 1796 1817 1818
f 1823 1824 1790
f 1791 1823 1790
f 1819 1796 1818
f 1795 1796 1819
f 1792 1823 1791
f 1792 1822 1823
f 1794 1795 1819
f 1794 1819 1820
f 1793 1822 1792
f 1793 1794 1820
f 1793 1820 1821
f 1793 1821 1822
f 1843 1829 1830
f 1843 1830 1841
f 1844 1841 1840
f 1844 1843 1841
f 1845 1840 1839
f 1845 1844 1840
f 1846 1839 1838
f 1846 1845 1839
f 1847 1838 1837
f 1847 1846 1838
f 1848 1837 1836
f 1848 1847 1837
f 1849 1836 1835
f 1849 1848 1836
f 1850 1835 1834
f 1850 1849 1835
f 1851 1834 1833
f 1851 1850 1834
f 1852 1833 1832
f 1852 1851 1833
f 1842 1832 1831
f 1842 1852 1832
f 1856 1855 1866
f 1856 1866 1876
f 1857 1876 1875
f 1857 1856 1876
f 1858 1875 1874
f 1858 1857 1875
f 1859 1873 1872
f 1859 1874 1873
f 1859 1858 1874
f 1860 1859 1872
f 1861 1871 1870
f 1861 1872 1871
f 1861 1860 1872
f 1862 1861 1870
f 1863 1870 1869
f 1863 1862 1870
f 1864 1869 1868
f 1864 1863 1869
f 1865 1868 1867
f 1865 1864 1868
f 1853 1867 1854
f 1853 1865 1867
f 1885 1886 2031
f 1885 2032 1884
f 2030 1888 2029
f 2030 1887 1888
f 2031 1887 2030
f 2031 1886 1887
f 2032 1885 2031
f 2033 1884 2032
f 2028 1883 2033
f 2036 1897 2035
f 1897 1898 2035
f 2037 1896 2036
f 1896 1897 2036
f 2038 1895 2037
f 1895 1896 2037
f 2039 1894 2038
f 1894 1895 2038
f 2040 1893 2039
f 1893 1894 2039
f 2041 1892 2040
f 1892 1893 2040
f 2042 1891 2041
f 1891 1892 2041
f 2043 1890 2042
f 1890 1891 2042
f 2044 1889 2043
f 1889 1890 2043
f 2046 1882 2045
f 2047 1881 2046
f 2048 1880 2047
f 2049 1878 2048
f 1878 1879 2048
f 2034 1877 2049
f 1877 1878 2049
f 2088 1908 2027
f 1908 1909 2027
f 2089 1907 2088
f 1907 1908 2088
f 2090 1906 2089
f 1906 1907 2089
f 2091 1905 2090
f 1905 1906 2090
f 2092 1904 2091
f 1904 1905 2091
f 2093 1904 2092
f 2093 1903 1904
f 2094 1903 2093
f 2094 1902 1903
f 2095 1902 2094
f 2095 1901 1902
f 2096 1901 2095
f 2096 1900 1901
f 2051 1900 2096
f 2051 1899 1900
f 2034 1898 1877
f 2034 2035 1898
f 1989 2051 2052
f 1989 1899 2051
f 1988 2052 2053
f 1988 1989 2052
f 1987 2053 2054
f 1987 1988 2053
f 1986 2054 2055
f 1986 1987 2054
f 1985 2055 2056
f 1985 1986 2055
f 1984 1985 2056
f 1984 2056 2057
f 1983 1984 2057
f 1983 2057 2058
f 1982 2058 2059
f 1982 1983 2058
f 1981 1982 2059
f 1981 2059 2060
f 1980 1981 2060
f 1980 2060 2061
f 1979 1980 2061
f 1979 2061 2062
f 1978 1979 2062
f 1978 2062 2063
f 1977 1978 2063
f 2064 1977 2063
f 1976 1977 2064
f 2065 1976 2064
f 1975 1976 2065
f 2066 1975 2065
f 1974 1975 2066
f 2067 1974 2066
f 1973 1974 2067
f 2068 1973 2067
f 1972 1973 2068
f 2069 1972 2068
f 1971 1972 2069
f 2070 1971 2069
f 1970 1971 2070
f 2071 1970 2070
f 1969 1970 2071
f 2072 1969 2071
f 1968 1969 2072
f 2073 1968 2072
f 1880 2048 1879
f 1967 1968 2073
f 2074 1967 2073
f 1966 1967 2074
f 2075 1966 2074
f 1965 1966 2075
f 2076 1965 2075
f 1964 1965 2076
f 2077 1964 2076
f 1963 1964 2077
f 2078 1963 2077
f 1962 1963 2078
f 2079 1962 2078
f 1961 1962 2079
f 2080 1961 2079
f 1960 1961 2080
f 1881 2047 1880
f 2081 1960 2080
f 1959 1960 2081
f 2082 1959 2081
f 1958 1959 2082
f 2083 1958 2082
f 1957 1958 2083
f 2084 1957 2083
f 1956 1957 2084
f 2085 1956 2084
f 1955 1956 2085
f 2086 1955 2085
f 1954 1955 2086
f 2087 1954 2086
f 1953 1954 2087
f 2050 1953 2087
f 1952 1953 2050
f 1882 2046 1881
f 2045 1952 2050
f 1951 1952 2045
f 1950 1951 2045
f 1949 1950 2045
f 1910 2027 1909
f 2026 2027 1910
f 2029 1889 2044
f 1888 1889 2029
f 1911 2026 1910
f 2025 2026 1911
f 1912 2025 1911
f 2024 2025 1912
f 1990 1946 1947
f 1913 2024 1912
f 2023 2024 1913
f 1991 1946 1990
f 1991 1945 1946
f 1914 2023 1913
f 2022 2023 1914
f 2028 1990 1947
f 2028 1947 1948
f 2028 1948 1949
f 2028 1949 2045
f 1992 1945 1991
f 1992 1944 1945
f 1915 2022 1914
f 2021 2022 1915
f 1883 2028 2045
f 1883 2045 1882
f 1993 1944 1992
f 1993 1943 1944
f 1916 2021 1915
f 2020 2021 1916
f 1994 1943 1993
f 1994 1942 1943
f 1917 2020 1916
f 2019 2020 1917
f 1995 1942 1994
f 1995 1941 1942
f 1918 2019 1917
f 2018 2019 1918
f 1996 1941 1995
f 1996 1940 1941
f 1919 2018 1918
f 2017 2018 1919
f 1997 1940 1996
f 1997 1939 1940
f 1920 2017 1919
f 2016 2017 1920
f 1998 1938 1939
f 1998 1939 1997
f 1921 2016 1920
f 2015 2016 1921
f 1999 1938 1998
f 1999 1937 1938
f 1922 2015 1921
f 2014 2015 1922
f 1923 2014 1922
f 2000 1937 1999
f 2000 1936 1937
f 2013 2014 1923
f 1924 2013 1923
f 2001 1936 2000
f 2001 1935 1936
f 2012 2013 1924
f 1925 2012 1924
f 2002 1935 2001
f 2002 1934 1935
f 2011 1925 1926
f 2011 2012 1925
f 2003 1934 2002
f 2003 1933 1934
f 2010 2011 1926
f 2010 1926 1927
f 2004 1933 2003
f 2004 1932 1933
f 2009 2010 1927
f 2009 1927 1928
f 1884 2033 1883
f 2005 1931 1932
f 2005 1932 2004
f 2008 1928 1929
f 2008 2009 1928
f 2006 1930 1931
f 2006 1931 2005
f 2007 2008 1929
f 2007 1929 1930
f 2007 1930 2006
f 2106 2108 2107
f 2106 2118 2108
f 2117 2118 2106
f 2105 2117 2106
f 2116 2117 2105
f 2104 2116 2105
f 2115 2116 2104
f 2103 2115 2104
f 2114 2115 2103
f 2102 2114 2103
f 2113 2114 2102
f 2101 2113 2102
f 2100 2112 2113
f 2100 2113 2101
f 2099 2111 2112
f 2099 2112 2100
f 2110 2111 2099
f 2098 2110 2099
f 2109 2110 2098
f 2097 2109 2098
f 2210 2119 2211
f 2209 2119 2210
f 2208 2119 2209
f 2207 2120 2119
f 2207 2119 2208
f 2206 2120 2207
f 2205 2120 2206
f 2204 2120 2205
f 2203 2120 2204
f 2202 2120 2203
f 2201 2120 2202
f 2200 2120 2201
f 2199 2121 2120
f 2199 2120 2200
f 2198 2121 2199
f 2197 2121 2198
f 2196 2121 2197
f 2195 2121 2196
f 2194 2121 2195
f 2193 2121 2194
f 2192 2121 2193
f 2191 2122 2121
f 2191 2121 2192
f 2190 2122 2191
f 2189 2122 2190
f 2188 2122 2189
f 2187 2122 2188
f 2186 2122 2187
f 2185 2122 2186
f 2184 2122 2185
f 2183 2123 2122
f 2183 2122 2184
f 2182 2123 2183
f 2181 2123 2182
f 2180 2123 2181
f 2179 2123 2180
f 2178 2123 2179
f 2177 2123 2178
f 2176 2123 2177
f 2175 2124 2123
f 2175 2123 2176
f 2174 2124 2175
f 2173 2124 2174
f 2172 2124 2173
f 2171 2124 2172
f 2170 2124 2171
f 2169 2124 2170
f 2168 2124 2169
f 2167 2124 2168
f 2166 2125 2124
f 2166 2124 2167
f 2165 2125 2166
f 2164 2125 2165
f 2163 2125 2164
f 2162 2125 2163
f 2161 2125 2162
f 2160 2125 2161
f 2159 2125 2160
f 2158 2126 2125
f 2158 2125 2159
f 2157 2126 2158
f 2156 2126 2157
f 2155 2126 2156
f 2154 2126 2155
f 2153 2126 2154
f 2152 2126 2153
f 2151 2126 2152
f 2150 2127 2126
f 2150 2126 2151
f 2149 2127 2150
f 2148 2127 2149
f 2147 2127 2148
f 2146 2127 2147
f 2145 2127 2146
f 2144 2127 2145
f 2143 2127 2144
f 2142 2128 2127
f 2142 2127 2143
f 2141 2128 2142
f 2140 2128 2141
f 2139 2128 2140
f 2138 2128 2139
f 2137 2128 2138
f 2136 2128 2137
f 2135 2128 2136
f 2134 2129 2128
f 2134 2128 2135
f 2133 2129 2134
f 2132 2129 2133
f 2131 2129 2132
f 2130 2129 2131
f 2225 2221 2222
f 2225 2222 2224
f 2226 2220 2221
f 2226 2221 2225
f 2227 2219 2220
f 2227 2220 2226
f 2228 2218 2219
f 2228 2219 2227
f 2229 2217 2218
f 2229 2218 2228
f 2230 2216 2217
f 2230 2217 2229
f 2231 2215 2216
f 2231 2216 2230
f 2232 2214 2215
f 2232 2215 2231
f 2233 2213 2214
f 2233 2214 2232
f 2223 2212 2213
f 2223 2213 2233
f 2237 2236 2246
f 2237 2246 2255
f 2238 2255 2254
f 2238 2237 2255
f 2239 2254 2253
f 2239 2238 2254
f 2240 2253 2252
f 2240 2239 2253
f 2241 2252 2251
f 2241 2240 2252
f 2242 2251 2250
f 2242 2241 2251
f 2243 2250 2249
f 2243 2242 2250
f 2244 2249 2248
f 2244 2243 2249
f 2245 2248 2247
f 2245 2244 2248
f 2234 2247 2235
f 2234 2245 2247
f 2279 2273 2274
f 2278 2279 2274
f 2275 2278 2274
f 2280 2272 2273
f 2280 2273 2279
f 2277 2278 2275
f 2256 2277 2275
f 2281 2271 2272
f 2281 2272 2280
f 2276 2277 2256
f 2257 2276 2256
f 2282 2270 2271
f 2282 2271 2281
f 2295 2276 2257
f 2258 2295 2257
f 2283 2269 2270
f 2283 2270 2282
f 2294 2295 2258
f 2259 2293 2294
f 2259 2294 2258
f 2268 2283 2284
f 2268 2269 2283
f 2260 2292 2293
f 2260 2293 2259
f 2267 2284 2285
f 2267 2268 2284
f 2286 2267 2285
f 2261 2291 2292
f 2261 2292 2260
f 2266 2267 2286
f 2287 2266 2286
f 2262 2291 2261
f 2262 2290 2291
f 2265 2266 2287
f 2263 2290 2262
f 2263 2289 2290
f 2264 2265 2287
f 2264 2289 2263
f 2264 2287 2288
f 2264 2288 2289
f 2309 2296 2297
f 2309 2297 2307
f 2310 2307 2306
f 2310 2309 2307
f 2311 2306 2305
f 2311 2310 2306
f 2312 2305 2304
f 2312 2311 2305
f 2313 2304 2303
f 2313 2312 2304
f 2314 2303 2302
f 2314 2313 2303
f 2315 2302 2301
f 2315 2314 2302
f 2316 2301 2300
f 2316 2315 2301
f 2317 2300 2299
f 2317 2316 2300
f 2308 2299 2298
f 2308 2317 2299
f 2339 2329 2328
f 2327 2339 2328
f 2326 2338 2339
f 2326 2339 2327
f 2325 2337 2338
f 2325 2338 2326
f 2324 2336 2337
f 2324 2337 2325
f 2323 2335 2336
f 2323 2336 2324
f 2322 2334 2335
f 2322 2335 2323
f 2321 2333 2334
f 2321 2334 2322
f 2320 2332 2333
f 2320 2333 2321
f 2319 2331 2332
f 2319 2332 2320
f 2330 2331 2319
f 2318 2330 2319
f 2352 2340 2341
f 2352 2341 2350
f 2353 2352 2350
f 2349 2353 2350
f 2354 2353 2349
f 2348 2354 2349
f 2355 2354 2348
f 2347 2355 2348
f 2356 2355 2347
f 2346 2356 2347
f 2357 2356 2346
f 2345 2357 2346
f 2358 2357 2345
f 2344 2358 2345
f 2359 2358 2344
f 2343 2359 2344
f 2360 2359 2343
f 2342 2360 2343
f 2351 2360 2342
f 2364 2363 2373
f 2364 2373 2381
f 2365 2364 2381
f 2380 2365 2381
f 2366 2365 2380
f 2379 2366 2380
f 2367 2366 2379
f 2378 2367 2379
f 2368 2367 2378
f 2377 2368 2378
f 2369 2368 2377
f 2376 2369 2377
f 2370 2369 2376
f 2375 2370 2376
f 2371 2370 2375
f 2374 2371 2375
f 2372 2371 2374
f 2362 2372 2374
f 2361 2372 2362
f 2402 2397 2398
f 2403 2396 2397
f 2403 2397 2402
f 2401 2398 2399
f 2401 2402 2398
f 2404 2396 2403
f 2400 2399 2382
f 2400 2401 2399
f 2395 2396 2404
f 2383 2400 2382
f 2405 2395 2404
f 2415 2400 2383
f 2394 2395 2405
f 2384 2415 2383
f 2406 2394 2405
f 2414 2415 2384
f 2393 2394 2406
f 2385 2414 2384
f 2407 2393 2406
f 2413 2414 2385
f 2392 2393 2407
f 2386 2413 2385
f 2408 2392 2407
f 2412 2413 2386
f 2391 2392 2408
f 2387 2411 2412
f 2387 2412 2386
f 2390 2408 2409
f 2390 2391 2408
f 2388 2410 2411
f 2388 2411 2387
f 2389 2410 2388
f 2389 2409 2410
f 2389 2390 2409
f 2429 2428 2427
f 2430 2429 2427
f 2431 2430 2427
f 2432 2427 2426
f 2432 2431 2427
f 2433 2432 2426
f 2434 2433 2426
f 2435 2426 2425
f 2435 2434 2426
f 2436 2417 2416
f 2437 2417 2436
f 2437 2439 2438
f 2437 2436 2439
f 2440 2438 2441
f 2440 2417 2437
f 2440 2437 2438
f 2442 2428 2429
f 2443 2418 2417
f 2443 2417 2440
f 2443 2441 2444
f 2443 2440 2441
f 2445 2442 2429
f 2445 2438 2439
f 2446 2443 2444
f 2446 2418 2443
f 2446 2444 2447
f 2448 2438 2445
f 2448 2445 2429
f 2449 2448 2429
f 2449 2441 2438
f 2449 2438 2448
f 2450 2419 2418
f 2450 2446 2447
f 2450 2418 2446
f 2450 2447 2451
f 2452 2449 2429
f 2452 2441 2449
f 2452 2429 2430
f 2452 2444 2441
f 2453 2419 2450
f 2453 2450 2451
f 2453 2451 2454
f 2455 2452 2430
f 2455 2444 2452
f 2456 2455 2430
f 2456 2444 2455
f 2456 2447 2444
f 2457 2420 2419
f 2457 2419 2453
f 2457 2453 2454
f 2457 2454 2458
f 2459 2456 2430
f 2459 2447 2456
f 2459 2430 2431
f 2459 2451 2447
f 2460 2420 2457
f 2460 2457 2458
f 2460 2458 2461
f 2462 2451 2459
f 2462 2459 2431
f 2463 2462 2431
f 2463 2451 2462
f 2463 2454 2451
f 2464 2421 2420
f 2464 2420 2460
f 2464 2460 2461
f 2464 2461 2465
f 2466 2431 2432
f 2466 2463 2431
f 2466 2454 2463
f 2466 2458 2454
f 2467 2464 2465
f 2467 2421 2464
f 2467 2465 2468
f 2469 2466 2432
f 2469 2458 2466
f 2470 2458 2469
f 2470 2469 2432
f 2470 2461 2458
f 2471 2422 2421
f 2471 2421 2467
f 2471 2467 2468
f 2471 2468 2472
f 2473 2432 2433
f 2473 2470 2432
f 2473 2461 2470
f 2473 2465 2461
f 2474 2422 2471
f 2474 2471 2472
f 2474 2472 2475
f 2476 2473 2433
f 2476 2465 2473
f 2477 2476 2433
f 2477 2465 2476
f 2477 2468 2465
f 2478 2423 2422
f 2478 2474 2475
f 2478 2422 2474
f 2478 2475 2479
f 2480 2433 2434
f 2480 2477 2433
f 2480 2468 2477
f 2480 2472 2468
f 2481 2424 2423
f 2481 2423 2478
f 2481 2478 2479
f 2481 2479 2482
f 2483 2480 2434
f 2483 2472 2480
f 2484 2483 2434
f 2484 2475 2472
f 2484 2472 2483
f 2485 2424 2481
f 2486 2434 2435
f 2486 2484 2434
f 2486 2479 2475
f 2486 2475 2484
f 2487 2486 2435
f 2487 2479 2486
f 2488 2482 2479
f 2488 2487 2435
f 2488 2479 2487
f 2489 2435 2425
f 2489 2488 2435
f 2489 2482 2488
f 2490 2445 2439
f 2490 2439 2491
f 2490 2442 2445
f 2492 2481 2482
f 2492 2485 2481
f 2493 2492 2482
f 2494 2491 2439
f 2494 2436 2416
f 2494 2439 2436
f 2495 2482 2489
f 2495 2493 2482
f 2495 2489 2425
f 2496 2442 2490
f 2496 2490 2491
f 2497 2485 2492
f 2497 2492 2493
f 2498 2494 2416
f 2498 2491 2494
f 2499 2495 2425
f 2499 2493 2495
f 2500 2442 2496
f 2501 2485 2497
f 2502 2498 2416
f 2502 2491 2498
f 2503 2499 2425
f 2503 2493 2499
f 2504 2442 2500
f 2505 2485 2501
f 2506 2496 2491
f 2506 2500 2496
f 2506 2502 2416
f 2506 2491 2502
f 2506 2504 2500
f 2507 2503 2425
f 2507 2497 2493
f 2507 2501 2497
f 2507 2493 2503
f 2507 2505 2501
f 2508 2416 2428
f 2508 2506 2416
f 2508 2428 2442
f 2508 2504 2506
f 2508 2442 2504
f 2509 2425 2424
f 2509 2507 2425
f 2509 2424 2485
f 2509 2485 2505
f 2509 2505 2507
f 2523 2515 2513
f 2524 2523 2513
f 2525 2524 2513
f 2526 2513 2512
f 2526 2525 2513
f 2527 2526 2512
f 2528 2527 2512
f 2529 2512 2511
f 2529 2528 2512
f 2530 2516 2514
f 2530 2514 2531
f 2530 2533 2532
f 2534 2532 2535
f 2534 2516 2530
f 2534 2530 2532
f 2536 2517 2516
f 2536 2535 2537
f 2536 2516 2534
f 2536 2534 2535
f 2538 2515 2523
f 2538 2539 2515
f 2538 2532 2533
f 2538 2533 2539
f 2540 2536 2537
f 2540 2537 2541
f 2540 2517 2536
f 2542 2538 2523
f 2542 2532 2538
f 2543 2542 2523
f 2543 2532 2542
f 2543 2535 2532
f 2544 2518 2517
f 2544 2540 2541
f 2544 2517 2540
f 2544 2541 2545
f 2546 2543 2523
f 2546 2535 2543
f 2546 2523 2524
f 2546 2537 2535
f 2547 2518 2544
f 2547 2544 2545
f 2547 2545 2548
f 2549 2546 2524
f 2549 2537 2546
f 2550 2549 2524
f 2550 2537 2549
f 2550 2541 2537
f 2551 2519 2518
f 2551 2518 2547
f 2551 2547 2548
f 2551 2548 2552
f 2553 2550 2524
f 2553 2541 2550
f 2553 2524 2525
f 2553 2545 2541
f 2554 2519 2551
f 2554 2551 2552
f 2554 2552 2555
f 2556 2545 2553
f 2556 2553 2525
f 2557 2545 2556
f 2557 2556 2525
f 2557 2548 2545
f 2558 2520 2519
f 2558 2519 2554
f 2558 2554 2555
f 2558 2555 2559
f 2560 2525 2526
f 2560 2557 2525
f 2560 2548 2557
f 2560 2552 2548
f 2561 2520 2558
f 2561 2558 2559
f 2561 2559 2562
f 2563 2552 2560
f 2563 2560 2526
f 2564 2563 2526
f 2564 2552 2563
f 2564 2555 2552
f 2565 2521 2520
f 2565 2561 2562
f 2565 2520 2561
f 2565 2562 2566
f 2567 2526 2527
f 2567 2564 2526
f 2567 2555 2564
f 2567 2559 2555
f 2568 2521 2565
f 2568 2565 2566
f 2568 2566 2569
f 2570 2567 2527
f 2570 2559 2567
f 2571 2570 2527
f 2571 2559 2570
f 2571 2562 2559
f 2572 2522 2521
f 2572 2521 2568
f 2572 2568 2569
f 2572 2569 2573
f 2574 2527 2528
f 2574 2562 2571
f 2574 2571 2527
f 2574 2566 2562
f 2575 2522 2572
f 2575 2572 2573
f 2575 2573 2576
f 2577 2574 2528
f 2577 2566 2574
f 2578 2577 2528
f 2578 2569 2566
f 2578 2566 2577
f 2579 2510 2522
f 2579 2522 2575
f 2580 2528 2529
f 2580 2578 2528
f 2580 2573 2569
f 2580 2569 2578
f 2581 2580 2529
f 2581 2573 2580
f 2582 2576 2573
f 2582 2581 2529
f 2582 2573 2581
f 2583 2529 2511
f 2583 2576 2582
f 2583 2582 2529
f 2584 2530 2531
f 2584 2533 2530
f 2585 2533 2584
f 2586 2575 2576
f 2586 2579 2575
f 2587 2586 2576
f 2588 2533 2585
f 2588 2515 2539
f 2588 2539 2533
f 2589 2576 2583
f 2589 2587 2576
f 2589 2583 2511
f 2590 2585 2584
f 2590 2584 2531
f 2591 2579 2586
f 2591 2586 2587
f 2592 2515 2588
f 2592 2588 2585
f 2593 2589 2511
f 2593 2587 2589
f 2594 2590 2531
f 2595 2579 2591
f 2596 2515 2592
f 2596 2592 2585
f 2597 2587 2593
f 2597 2593 2511
f 2598 2594 2531
f 2599 2579 2595
f 2600 2585 2590
f 2600 2515 2596
f 2600 2590 2594
f 2600 2596 2585
f 2600 2594 2598
f 2601 2591 2587
f 2601 2595 2591
f 2601 2587 2597
f 2601 2599 2595
f 2601 2597 2511
f 2602 2514 2515
f 2602 2531 2514
f 2602 2600 2598
f 2602 2598 2531
f 2602 2515 2600
f 2603 2511 2510
f 2603 2601 2511
f 2603 2579 2599
f 2603 2599 2601
f 2603 2510 2579
f 2640 2642 2641
f 2639 2642 2640
f 2638 2642 2639
f 2637 2643 2642
f 2637 2642 2638
f 2636 2643 2637
f 2635 2643 2636
f 2634 2643 2635
f 2633 2643 2634
f 2632 2643 2633
f 2631 2643 2632
f 2630 2644 2643
f 2630 2643 2631
f 2629 2644 2630
f 2628 2644 2629
f 2627 2644 2628
f 2626 2644 2627
f 2625 2644 2626
f 2624 2644 2625
f 2623 2644 2624
f 2622 2645 2644
f 2622 2644 2623
f 2621 2645 2622
f 2620 2645 2621
f 2619 2645 2620
f 2618 2645 2619
f 2617 2645 2618
f 2616 2645 2617
f 2615 2645 2616
f 2615 2646 2645
f 2614 2646 2615
f 2613 2646 2614
f 2612 2646 2613
f 2611 2646 2612
f 2610 2646 2611
f 2609 2646 2610
f 2608 2646 2609
f 2608 2647 2646
f 2607 2647 2608
f 2606 2647 2607
f 2605 2647 2606
f 2604 2647 2605
f 2669 2649 2648
f 2668 2650 2649
f 2668 2649 2669
f 2667 2651 2650
f 2667 2650 2668
f 2666 2652 2651
f 2666 2651 2667
f 2665 2653 2652
f 2665 2652 2666
f 2664 2653 2665
f 2663 2654 2653
f 2663 2653 2664
f 2662 2655 2654
f 2662 2654 2663
f 2661 2656 2655
f 2661 2655 2662
f 2660 2657 2656
f 2660 2656 2661
f 2659 2658 2657
f 2659 2657 2660
f 2706 2689 2690
f 2705 2690 2691
f 2705 2706 2690
f 2707 2689 2706
f 2704 2691 2692
f 2704 2705 2691
f 2688 2689 2707
f 2708 2688 2707
f 2675 2692 2677
f 2675 2704 2692
f 2687 2688 2708
f 2674 2677 2678
f 2674 2675 2677
f 2709 2687 2708
f 2686 2687 2709
f 2673 2678 2679
f 2673 2674 2678
f 2710 2686 2709
f 2685 2686 2710
f 2672 2673 2679
f 2680 2672 2679
f 2711 2685 2710
f 2684 2685 2711
f 2671 2672 2680
f 2681 2671 2680
f 2712 2684 2711
f 2683 2684 2712
f 2670 2671 2681
f 2676 2670 2681
f 2699 2683 2712
f 2682 2683 2699
f 2700 2682 2699
f 2697 2682 2700
f 2701 2697 2700
f 2694 2698 2693
f 2694 2703 2698
f 2696 2697 2701
f 2696 2701 2702
f 2695 2703 2694
f 2695 2696 2702
f 2695 2702 2703
f 2755 2713 2756
f 2754 2713 2755
f 2753 2713 2754
f 2752 2714 2713
f 2752 2713 2753
f 2751 2714 2752
f 2750 2714 2751
f 2749 2714 2750
f 2748 2714 2749
f 2747 2714 2748
f 2746 2714 2747
f 2745 2715 2714
f 2745 2714 2746
f 2744 2715 2745
f 2743 2715 2744
f 2742 2715 2743
f 2741 2715 2742
f 2740 2715 2741
f 2739 2715 2740
f 2738 2716 2715
f 2738 2715 2739
f 2737 2716 2738
f 2736 2716 2737
f 2735 2716 2736
f 2734 2716 2735
f 2733 2716 2734
f 2732 2716 2733
f 2731 2716 2732
f 2730 2717 2716
f 2730 2716 2731
f 2729 2717 2730
f 2728 2717 2729
f 2727 2717 2728
f 2726 2717 2727
f 2725 2717 2726
f 2724 2717 2725
f 2723 2718 2717
f 2723 2717 2724
f 2722 2718 2723
f 2721 2718 2722
f 2720 2718 2721
f 2719 2718 2720
f 2758 2759 2757
f 2758 2760 2759
f 2761 2767 2772
f 2762 2772 2771
f 2762 2761 2772
f 2763 2771 2770
f 2763 2762 2771
f 2764 2770 2769
f 2764 2763 2770
f 2765 2764 2769
f 2766 2769 2768
f 2766 2765 2769
f 2774 2773 2785
f 2774 2785 2796
f 2775 2796 2795
f 2775 2774 2796
f 2776 2795 2794
f 2776 2775 2795
f 2777 2794 2793
f 2777 2776 2794
f 2778 2793 2792
f 2778 2777 2793
f 2779 2792 2791
f 2779 2778 2792
f 2780 2791 2790
f 2780 2779 2791
f 2781 2790 2789
f 2781 2780 2790
f 2782 2789 2788
f 2782 2781 2789
f 2783 2788 2787
f 2783 2782 2788
f 2784 2787 2786
f 2784 2783 2787
f 2804 2802 2801
f 2805 2804 2801
f 2806 2801 2800
f 2806 2805 2801
f 2807 2800 2799
f 2807 2806 2800
f 2808 2799 2798
f 2808 2807 2799
f 2803 2798 2797
f 2803 2808 2798
f 2809 2810 2812
f 2811 2809 2812
