mtllib Gemini2_world_Orbbec_Gemini2_camera_ir_right_camera_right.mtl
v 0.0006946205937574669 -0.003939081938436285 -0.0014809444215682652
v 0.0006664180606659188 -0.003779143308569267 -0.0013871794628982366
v 0.003758790408995961 -0.001367923884810718 -0.0014309444703695668
v 0.003391487522613535 -0.0021191864732089676 -0.0014404979026206306
v 0.0028769873929697103 -0.0027783965443433094 -0.001450721291063995
v 0.002236783454490077 -0.003315592632094189 -0.0014611678988970542
v 0.0014982485436294548 -0.003707809961412623 -0.0014713912873404187
v 0.003606190600852877 -0.0013123826389227213 -0.0013371869622799688
v 0.0015198206561843899 -0.003522803704675948 -0.0013765167882326963
v 0.0027909635873668574 -0.0026332640059307803 -0.0013563829357240438
v 0.0038376378155282618 1.4713984126855504e-07 -0.0012458774168965798
v 0.0036062025217815656 -0.0013123878543290226 -0.0012622019366427823
v 0.0032063054321787026 -0.00210865194852683 -0.0012733149243895354
v 0.002108831358503594 -0.0032061322806895003 -0.0012927621314057231
v 0.0006664228290373942 -0.0037791692365891647 -0.001312209636445128
v -0.00022311210133629802 -0.0038309808709253166 -0.0013233193459364918
v -0.001722295245774941 -0.003429279846788647 -0.0013427608905115524
v -0.002939765387629745 -0.002466635052860489 -0.0013622027331098303
v -0.003606164374809762 -0.00131240096735058 -0.001379040150812861
v -0.0038376044369279336 1.4714093266217277e-07 -0.0013958772704926743
v -0.0038376044369279336 1.4713875896988412e-07 -0.0014708768992675045
v -0.003606164374809762 -0.00131240096735058 -0.0014540314349376089
v -0.002939765387629745 -0.002466635052860489 -0.0014371862686309307
v -0.0022916435683151275 -0.003078102698666541 -0.0014260735789073948
v -0.0008849906723575885 -0.003734031534179339 -0.0014066266699144243
v 0.0006664228290373942 -0.0037791692365891647 -0.0013871794628982366
v 0.0015200304645293097 -0.0035236134337571228 -0.00137607005143009
v 0.0027914070459140743 -0.0026333802349854944 -0.0013566285068550294
v 0.0036062025217815656 -0.0013123871092709796 -0.0013371869622799688
v 0.0038376378155282618 1.4713984126855504e-07 -0.0013208767476481926
v 0.0038376378155282618 1.4714092356722596e-07 -0.0010208767424327862
v 0.0038376378155282618 1.4714003226243814e-07 -0.00044978796430406053
v 0.00360619775341009 0.001312695116265972 -0.0010040348543814974
v 0.0029397987662300733 0.002466929201775881 -0.000987193562376643
v 0.0019188236761356063 0.003323626145937453 -0.0009703522703717887
v 0.0006664132922944433 0.00377946517364386 -0.0009535121704598032
v 1.6689300164074442e-08 0.0038377674556277505 -0.0010472625259921881
v 1.6689300164074442e-08 0.0038377674556277505 -0.0010847621913679946
v 0.0006664132922944433 0.00377946517364386 -0.0011785128449235966
v 0.0019188236761356063 0.003323626145937453 -0.0011953544349516682
v 0.0029397987662300733 0.002466929201775881 -0.0012121957269565227
v 0.00360619775341009 0.001312695116265972 -0.0012290367209381598
v 0.0038376378155282618 1.471387498749373e-07 -0.0012458774168965798
v 0.0038376378155282618 1.4714092356722596e-07 -0.0013208767476481926
v 0.00360619775341009 0.001312695116265972 -0.0013040315813415144
v 0.0029397987662300733 0.002466929201775881 -0.0012871864150348362
v 0.0022916769469154556 0.00307839714560515 -0.0012760737253113004
v 0.0008850240509579167 0.003734325981117948 -0.0012566265182951126
v -0.0006663894504370661 0.0037794636835277737 -0.0012371793112789249
v -0.0015199970859289815 0.003523907880695732 -0.0012260698998107784
v -0.002791373667313746 0.0026336746819241035 -0.0012066283552357177
v -0.0036061691431812375 0.0013126812581863714 -0.0011871871086838743
v -0.0038376044369279336 1.4713984126855504e-07 -0.0011708768940520981
v -0.0038376044369279336 1.4713984126855504e-07 -0.00044978796430406053
v 0.0037261222960176536 0.0009185497257437615 -0.00044978796430406053
v 0.0033980607226924424 0.001783578057954205 -0.00044978796430406053
v 0.002872517044711476 0.002544960024693011 -0.00044978796430406053
v 0.002180032681375011 0.0031584467777956986 -0.00044978796430406053
v 0.0013608550721215809 0.0035883843096706784 -0.00044978796430406053
v 0.0004625916377620776 0.003809786651809811 -0.00044978796430406053
v -0.0004625582591617495 0.003809786651809811 -0.00044978796430406053
v -0.0013608216935212527 0.0035883843096706784 -0.00044978796430406053
v -0.0021799993027746827 0.0031584467777956986 -0.00044978796430406053
v -0.002872483666111148 0.002544960024693011 -0.00044978796430406053
v -0.0033980273440921143 0.001783578057954205 -0.00044978796430406053
v -0.0037260889174173255 0.0009185497257437615 -0.00044978796430406053
v 0.0038376378155282618 1.4714003226243814e-07 -0.00044978796430406053
v 0.0037261222960176536 0.0009185497257437615 -0.00044978796430406053
v 0.0033980607226924424 0.001783578057954205 -0.00044978796430406053
v 0.002872517044711476 0.002544960024693011 -0.00044978796430406053
v 0.002180032681375011 0.0031584467777956986 -0.00044978796430406053
v 0.0013608550721215809 0.0035883843096706784 -0.00044978796430406053
v 0.0004625916377620776 0.003809786651809811 -0.00044978796430406053
v -0.0004625582591617495 0.003809786651809811 -0.00044978796430406053
v -0.0013608216935212527 0.0035883843096706784 -0.00044978796430406053
v -0.0021799993027746827 0.0031584467777956986 -0.00044978796430406053
v -0.002872483666111148 0.002544960024693011 -0.00044978796430406053
v -0.0033980273440921143 0.001783578057954205 -0.00044978796430406053
v -0.0037260889174173255 0.0009185497257437615 -0.00044978796430406053
v -0.0038376044369279336 1.4713984126855504e-07 -0.00044978796430406053
v -0.0037260889174173255 -0.0009182554278167611 -0.00044978796430406053
v -0.0033980273440921143 -0.0017832839090388133 -0.00044978796430406053
v -0.002872483666111148 -0.002544665577754402 -0.00044978796430406053
v -0.0021799993027746827 -0.0031581523308570896 -0.00044978796430406053
v -0.0013608216935212527 -0.0035880898627320694 -0.00044978796430406053
v -0.0004625582591617495 -0.003809492204871202 -0.00044978796430406053
v 0.0004625916377620776 -0.003809492204871202 -0.00044978796430406053
v 0.0013608550721215809 -0.0035880898627320694 -0.00044978796430406053
v 0.002180032681375011 -0.0031581523308570896 -0.00044978796430406053
v 0.002872517044711476 -0.002544665577754402 -0.00044978796430406053
v 0.0033980607226924424 -0.0017832839090388133 -0.00044978796430406053
v 0.0037261222960176536 -0.0009182554278167611 -0.00044978796430406053
v -0.003799984370172372 1.4713984126855504e-07 -0.00044978796430406053
v -0.003670501626942269 0.0009836595285610957 -0.00044978796430406053
v -0.0032908796528530186 0.0019001470081475296 -0.00044978796430406053
v -0.0026869892473446737 0.002687152862090925 -0.00044978796430406053
v -0.001899983840436104 0.0032910435656224872 -0.00044978796430406053
v -0.0009834956902974314 0.0036706652416885204 -0.00044978796430406053
v 1.6689300164074442e-08 0.003800147090848972 -0.00044978796430406053
v 0.0009835290688977596 0.0036706652416885204 -0.00044978796430406053
v 0.0019000172190364322 0.0032910435656224872 -0.00044978796430406053
v 0.002687022625945002 0.002687152862090925 -0.00044978796430406053
v 0.0032909130314533468 0.0019001470081475296 -0.00044978796430406053
v 0.003670535005542597 0.0009836595285610957 -0.00044978796430406053
v 0.0038000177487727002 1.4713984126855504e-07 -0.00044978796430406053
v 0.003670535005542597 -0.0009833652306340953 -0.00044978796430406053
v 0.0032909130314533468 -0.0018998528592321377 -0.00044978796430406053
v 0.002687022625945002 -0.002686858415152316 -0.00044978796430406053
v 0.0019000172190364322 -0.003290749118683878 -0.00044978796430406053
v 0.0009835290688977596 -0.0036703707947499113 -0.00044978796430406053
v 1.6689300164074442e-08 -0.003799852643910363 -0.00044978796430406053
v -0.0009834956902974314 -0.0036703707947499113 -0.00044978796430406053
v -0.001899983840436104 -0.003290749118683878 -0.00044978796430406053
v -0.0026869892473446737 -0.002686858415152316 -0.00044978796430406053
v -0.0032908796528530186 -0.0018998528592321377 -0.00044978796430406053
v -0.003670501626942269 -0.0009833652306340953 -0.00044978796430406053
v -0.0038376044369279336 1.4713984126855504e-07 -0.00044978796430406053
v -0.0037260889174173255 -0.0009182554278167611 -0.00044978796430406053
v -0.0033980273440921143 -0.0017832839090388133 -0.00044978796430406053
v -0.002872483666111148 -0.002544665577754402 -0.00044978796430406053
v -0.0021799993027746827 -0.0031581523308570896 -0.00044978796430406053
v -0.0013608216935212527 -0.0035880898627320694 -0.00044978796430406053
v -0.0004625582591617495 -0.003809492204871202 -0.00044978796430406053
v 0.0004625916377620776 -0.003809492204871202 -0.00044978796430406053
v 0.0013608550721215809 -0.0035880898627320694 -0.00044978796430406053
v 0.002180032681375011 -0.0031581523308570896 -0.00044978796430406053
v 0.002872517044711476 -0.002544665577754402 -0.00044978796430406053
v 0.0033980607226924424 -0.0017832839090388133 -0.00044978796430406053
v 0.0037261222960176536 -0.0009182554278167611 -0.00044978796430406053
v 0.0038376378155282618 1.4713984126855504e-07 -0.00044978796430406053
v -0.0038376044369279336 1.4713875896988412e-07 -0.0011708768940520981
v -0.003606164374809762 -0.00131240096735058 -0.0011540314297222027
v -0.002939765387629745 -0.002466635052860489 -0.0011371862634155245
v -0.0022916435683151275 -0.003078102698666541 -0.0011260735736919887
v -0.0008849906723575885 -0.003734031534179339 -0.001106626366675801
v 0.0006664228290373942 -0.0037791692365891647 -0.0010871791596596132
v 0.0015200304645293097 -0.0035236134337571228 -0.001076070046214684
v 0.0027914070459140743 -0.0026333802349854944 -0.001056628203616406
v 0.0036062025217815656 -0.0013123871092709796 -0.0010371869570645624
v 0.0038376378155282618 1.4713984126855504e-07 -0.0010208767424327862
v 0.003606190600852877 -0.0013123826389227213 -0.0010371869570645624
v 0.0038374756908980965 1.508382195361263e-07 -0.001021152711931928
v 0.003758790408995961 -0.001367923884810718 -0.0011309444651541607
v 0.003999850660565852 1.5084211217336287e-07 -0.0011149149883930016
v 0.003972465903182344 -0.0004641919851856233 -0.0011204749095333761
v 0.0038919304931477336 -0.0009223209860402122 -0.0011258434997682982
v 0.0030641888887243955 0.002571305277094871 -0.0010809445139554625
v 0.003574042240365394 0.0017948573426561645 -0.0010917061323291184
v 0.003892464550752984 0.0009223666580982505 -0.0011032342664174528
v 0.0029397963820443356 0.0024669278606714033 -0.000987193562376643
v 0.0036059426455361536 0.0013122242395827712 -0.0010036563648956336
v 0.0006664132922944433 0.003779463981550991 -0.0009535115744133687
v 0.0006946086728287782 0.003939377577467763 -0.0010472625259921881
v 0.0029397963820443356 0.0024669278606714033 -0.000987193562376643
v 0.0019188165235783932 0.0033236276360535393 -0.0009708761951876538
v 0.0030641888887243955 0.002571305277094871 -0.0010809445139554625
v 0.0015843081120183735 0.0036728837265174734 -0.001058852052863269
v 0.0023885368766962682 0.0032085635540955453 -0.0010702836274292255
v 0.004000017553567493 1.4713984126855504e-07 -0.001152127061364195
v 0.003892195137764621 0.0009226139428627351 -0.001140899632702031
v 0.003574545303556054 0.0017953498260226133 -0.00112967190601665
v 0.0030641888887243955 0.002571305277094871 -0.0011184447753777034
v 0.0023886465492402036 0.0032086440203641935 -0.0011072170486923223
v 0.0015843319538757508 0.003673013068593745 -0.0010959899180533756
v 0.0006946086728287782 0.003939378173514197 -0.0010847621913679946
v 0.0006946086728287782 0.003939378173514197 -0.0010472625259921881
v 0.0015843319538757508 0.0036730127705705278 -0.0010584896566311348
v 0.0023886465492402036 0.0032086440203641935 -0.0010697173833165159
v 0.0030641888887243955 0.002571305277094871 -0.0010809445139554625
v 0.003574545303556054 0.0017953498260226133 -0.0010921722406408436
v 0.003892195137764621 0.0009226139428627351 -0.0011033993712797902
v 0.004000017553567493 1.4713984126855504e-07 -0.0011146270979651713
v -0.003999984174967165 1.4713984126855504e-07 -0.0013021272129835066
v -0.003892161759164293 -0.0009223196449357347 -0.0012908994862981255
v -0.003574511924955726 -0.0017950556771072215 -0.0012796720576359617
v -0.0030641555101240674 -0.002571010830156262 -0.0012684446289737978
v -0.0024626206801245947 -0.0031519018899224265 -0.0012584444599201279
v -0.0017534589375527434 -0.003595033207646759 -0.0012484445888896751
v -0.0009676599286274625 -0.00388103804258172 -0.0012384444198360052
v -0.00013957023308641683 -0.003997416406927635 -0.0012284445488055524
v 0.0006946205937574669 -0.003939081938436285 -0.0012184446777750997
v 0.0014984535836028991 -0.0037085836296845147 -0.0012084445087214297
v 0.002236800143790241 -0.0033159952614606474 -0.001198444637690977
v 0.0028773855519879103 -0.0027784752224726543 -0.001188444468637307
v 0.0033922170834492786 -0.0021195154908407736 -0.0011784445976068543
v 0.0037587927931816987 -0.0013679158381838532 -0.0011684444285531843
v 0.0038921999061360965 -0.0009223041477284395 -0.001163005206815782
v 0.003972971350558741 -0.0004642182857345426 -0.0011575662831015971
v 0.004000017553567493 1.4713883172945863e-07 -0.001152127061364195
v 0.004000017553567493 1.471398230786614e-07 -0.0011146270979651713
v 0.003972971350558741 -0.00046422111695510615 -0.0011200660216793563
v 0.003892197521950359 -0.0009223097356637623 -0.0011255055414399757
v 0.003758790408995961 -0.001367923884810718 -0.0011309444651541607
v 0.003392214699263541 -0.0021195213022935093 -0.0011409446342078306
v 0.0028773831678021726 -0.002778478798751261 -0.0011509445052382834
v 0.0022367977596045034 -0.003315997347623168 -0.0011609446742919533
v 0.0014984535836028991 -0.003708584225730949 -0.001170944545322406
v 0.0006946205937574669 -0.003939081938436285 -0.001180944714376076
v -0.00013957023308641683 -0.003997416406927635 -0.0011909445854065288
v -0.0009676599286274625 -0.00388103804258172 -0.0012009444564369815
v -0.0017534589375527434 -0.003595033207646759 -0.0012109446254906515
v -0.0024626206801245947 -0.0031519018899224265 -0.0012209444965211042
v -0.0030641555101240674 -0.002571010830156262 -0.0012309446655747742
v -0.003574511924955726 -0.0017950556771072215 -0.001242172094236938
v -0.003892161759164293 -0.0009223196449357347 -0.001253399522899102
v -0.003999984174967165 1.4713984126855504e-07 -0.001264627249584483
v 0.0030641888887243955 0.002571305277094871 -0.0014184444825698923
v 0.002462654058724923 0.0031521963368610355 -0.0014084446115394395
v 0.0017534923161530715 0.003595327654585368 -0.0013984444424857696
v 0.0009676933072277907 0.003881332489520329 -0.0013884445714553168
v 0.00013960361168674498 0.003997710853866244 -0.0013784444024016469
v -0.0006945872151571387 0.003939376385374894 -0.0013684445313711941
v -0.0014984178208168333 0.0037088792687159926 -0.0013584446603407414
v -0.0022367596126327 0.00331629358270108 -0.0013484444912870714
v -0.002877345020830369 0.0027787768219684765 -0.0013384446202566187
v -0.0033921765522917373 0.0021198211136500282 -0.001328444749226166
v -0.003758754646209895 0.001368225931341366 -0.001318444580172496
v -0.0038921641433500307 0.0009226094725144769 -0.0013130053584350938
v -0.0039729355877726755 0.00046451820884976796 -0.0013075661366976916
v -0.003999984174967165 1.4714085080765144e-07 -0.0013021272129835066
v -0.003999984174967165 1.4713985945844867e-07 -0.001264627249584483
v -0.003972937971958413 0.00046451541488210657 -0.001270066173298668
v -0.0038921641433500307 0.0009226040335907627 -0.0012755053950360702
v -0.0037587570303956328 0.0013682180337261098 -0.0012809446167734724
v -0.0033921813206632128 0.002119815451208901 -0.001290944487803925
v -0.0028773497892018445 0.00277877324568987 -0.001300944656857595
v -0.0022367643810041753 0.003316291794561777 -0.0013109445278880478
v -0.001498420205002571 0.003708878672669558 -0.0013209446969417178
v -0.0006945872151571387 0.003939376385374894 -0.0013309445679721705
v 0.00013960361168674498 0.003997710853866244 -0.0013409444390026233
v 0.0009676933072277907 0.003881332489520329 -0.0013509446080562932
v 0.0017534923161530715 0.003595327654585368 -0.001360944479086746
v 0.002462654058724923 0.0031521963368610355 -0.001370944648140416
v 0.0030641888887243955 0.002571305277094871 -0.0013809445191708687
v 0.003574545303556054 0.0017953498260226133 -0.0013921719478330325
v 0.003892195137764621 0.0009226139428627351 -0.0014033996745184136
v 0.004000017553567493 1.4713984126855504e-07 -0.0014146271031805775
v 0.004000017553567493 1.4713984126855504e-07 -0.001452127066579601
v 0.003892195137764621 0.0009226139428627351 -0.0014408996379174372
v 0.003574545303556054 0.0017953498260226133 -0.0014296719112320562
v 0.003758790408995961 -0.001367923884810718 -0.0014684444337685907
v 0.003891928108961996 -0.0009223232212143413 -0.0014631512434076241
v 0.003972465903182344 -0.000464196567292588 -0.0014575898321511633
v 0.003999848276380114 1.437369032533041e-07 -0.0014518373880124675
v 0.0036061929850386147 -0.001312380850783418 -0.0015622019418581887
v 0.0038374756908980965 1.4372666234319103e-07 -0.0015455990684271068
v 0.0029397868453013847 0.002466919963056147 -0.0015122028847291422
v 0.003605937877164678 0.0013122185771416441 -0.001528384055307864
v 0.0030641888887243955 0.002571305277094871 -0.0014184444825698923
v 0.003892464550752984 0.0009223618152209707 -0.0014403488910120228
v 0.003574042240365394 0.0017948549584704267 -0.001429013875968444
v 0.0029397868453013847 0.002466919963056147 -0.0015122028847291422
v 0.0030641888887243955 0.002571305277094871 -0.0014184444825698923
v -0.0006663846820655906 0.003779437755507876 -0.00146220978806444
v 0.0002232241580659711 0.003830442342971808 -0.0014728724627299803
v 0.0017219519230287086 0.0034293126293425407 -0.00149300661326185
v -0.0006945872151571387 0.003939376385374894 -0.0013684445313711941
v 0.0024620866225193443 0.003151633072980498 -0.0014088910503188285
v 0.0017531466092211014 0.003595114866008276 -0.0013986679598986813
v 0.0009678220532576278 0.003880948039570121 -0.0013882213520656223
v 0.00013967752144461445 0.003996913343736975 -0.0013779979636222579
v -0.0006945872151571387 0.003939376385374894 -0.0013684445313711941
v -0.0014982151650291267 0.0037081050043976664 -0.0013588910991201304
v -0.002236747691704011 0.0033158888671721014 -0.0013486680086999831
v -0.0028769492459979067 0.0027786948655837422 -0.0013382214008669242
v -0.003391449375641731 0.002119486433577095 -0.0013279980124235597
v -0.0037587570303956328 0.0013682207159350648 -0.001318444580172496
v -0.0006663846820655906 0.003779437755507876 -0.00146220978806444
v -0.003606157222252549 0.0013126763408032873 -0.0014122017902388768
v -0.0032055186508852533 0.002108602178649555 -0.0014228680411830237
v -0.002108759832931462 0.00320596747385038 -0.0014430078541560205
v -0.003606157222252549 0.0013126763408032873 -0.0014122017902388768
v -0.003758754646209895 0.001368225931341366 -0.001318444580172496
v -0.0038374423122977683 1.5055302019391904e-07 -0.0013955992148310121
v -0.0029397534667010565 -0.0024666258141407553 -0.0013622027331098303
v -0.00360590449856435 -0.0013119244282262523 -0.0013783842017117693
v -0.0030641555101240674 -0.002571010830156262 -0.0012684446289737978
v -0.003999814897779786 1.5054377063300875e-07 -0.0013018372363931558
v -0.003892431172152656 -0.0009220675172939703 -0.0012903490374159283
v -0.003574008861765066 -0.001794560809555035 -0.0012790140223723496
v -0.0038918947303616678 0.0009226229580650559 -0.0013131513898115294
v -0.0039724325245820155 0.000464493696440152 -0.0013075899785550689
v -0.0029397534667010565 -0.0024666258141407553 -0.0013622027331098303
v -0.0030641555101240674 -0.002571010830156262 -0.0012684446289737978
v 0.0006664180606659188 -0.003779143308569267 -0.001312209636445128
v -0.00022319077946564295 -0.003830147896033199 -0.0013228726091338856
v -0.0017219185444283804 -0.0034290181824039316 -0.0013430067596657553
v 0.0006946205937574669 -0.003939081938436285 -0.0012184446777750997
v -0.002462053243919016 -0.003151338626041889 -0.001258891196722734
v -0.0017531132306207733 -0.003594820419069667 -0.0012486678082793696
v -0.0009677886746572997 -0.003880653592631512 -0.0012382212004463107
v -0.0001396441428442863 -0.003996618896798366 -0.0012279981100261634
v 0.0006946205937574669 -0.003939081938436285 -0.0012184446777750997
v 0.0014982509278151925 -0.0037078090673429713 -0.001208891245524036
v 0.0022367882228615525 -0.0033155905459316686 -0.0011986678570806715
v 0.002876989777155448 -0.002778392968064703 -0.0011882212492476125
v 0.0033914899067992725 -0.002119180661756232 -0.001177997860804248
v 0.003758790408995961 -0.001367921202601763 -0.0011684444285531843
v 0.0006664180606659188 -0.003779143308569267 -0.001312209636445128
v 0.003606190600852877 -0.001312383532992373 -0.0012622019366427823
v 0.0032055520294855815 -0.002108308923803815 -0.0012728681875869292
v 0.00210879321153179 -0.0032056733249349882 -0.001293008000559926
v 0.003606190600852877 -0.001312383532992373 -0.0012622019366427823
v 0.0037587927931816987 -0.0013679158381838532 -0.0011684444285531843
v 0.0038374756908980965 1.4372666234319103e-07 -0.0012455990632117004
v 0.0029397963820443356 0.0024669278606714033 -0.0012121957269565227
v 0.0036059426455361536 0.0013122206633041646 -0.001228380473813851
v 0.0030641888887243955 0.002571305277094871 -0.0011184447753777034
v 0.003999848276380114 1.437369123482509e-07 -0.0011518373827970614
v 0.003892464550752984 0.0009223618152209707 -0.0011403491838198338
v 0.003574042240365394 0.0017948549584704267 -0.001129013870753038
v 0.0038919304931477336 -0.0009223176332790185 -0.0011631512381922178
v 0.003972465903182344 -0.00046419373607202446 -0.0011575898269357572
v 0.0006946086728287782 0.003939377577467763 -0.0010847621913679946
v 0.0006664132922944433 0.003779463981550991 -0.0011785128449235966
v 0.0030641888887243955 0.002571305277094871 -0.0011184447753777034
v 0.0023885368766962682 0.0032085635540955453 -0.0011077838888514664
v 0.0015843081120183735 0.0036728837265174734 -0.0010963523142855098
v 0.0029397963820443356 0.0024669278606714033 -0.0012121957269565227
v 0.0019188165235783932 0.0033236276360535393 -0.0011958777637210989
v 1.6689300164074442e-08 0.0038377674556277505 -0.0010847621913679946
v 0.0006946086728287782 0.003939378173514197 -0.0010847621913679946
v 0.0006664132922944433 0.00377946517364386 -0.0011785122488771622
v 1.6689300164074442e-08 0.0038377674556277505 -0.0010472625259921881
v 1.6689300164074442e-08 0.0038377674556277505 -0.0010847621913679946
v 0.0006946086728287782 0.003939378173514197 -0.0010472625259921881
v 0.0006946086728287782 0.003939378173514197 -0.0010847621913679946
v 0.0006664132922944433 0.00377946517364386 -0.0009535121704598032
v 0.0006946086728287782 0.003939378173514197 -0.0010472625259921881
v 1.6689300164074442e-08 0.0038377674556277505 -0.0010472625259921881
v -0.0036061691431812375 0.001312680662139937 -0.0014122017902388768
v -0.003206274437764112 0.00210894520337257 -0.0014233147779856299
v -0.0021087979799032657 0.003206426429604892 -0.0014427622830250348
v -0.0006663894504370661 0.0037794636835277737 -0.00146220978806444
v 0.00022314547993662617 0.0038312753178639256 -0.0014733191995325865
v 0.0017223286243752691 0.003429574293727256 -0.0014927610421308643
v 0.0029397987662300733 0.002466929201775881 -0.0015122028847291422
v 0.00360619775341009 0.001312695116265972 -0.0015290400044089556
v 0.0038376378155282618 1.471387498749373e-07 -0.0015458774221119862
v 0.0038376378155282618 1.4714092356722596e-07 -0.001620876752863599
v 0.00360619775341009 0.001312695116265972 -0.0016040315865569208
v 0.0029397987662300733 0.002466929201775881 -0.0015871864202502426
v 0.0022916769469154556 0.00307839714560515 -0.0015760737305267067
v 0.0008850240509579167 0.003734325981117948 -0.001556626523510519
v -0.0006663894504370661 0.0037794636835277737 -0.0015371793164943312
v -0.0015199970859289815 0.003523907880695732 -0.0015260699050261848
v -0.002791373667313746 0.0026336746819241035 -0.0015066283604511241
v -0.0036061691431812375 0.0013126812581863714 -0.0014871871138992807
v -0.0038376044369279336 1.4713984126855504e-07 -0.0014708768992675045
v -0.0038376044369279336 1.4713984126855504e-07 -0.0013958772704926743
v -0.003606157222252549 0.0013126767878381131 -0.0014871871138992807
v -0.0038374423122977683 1.4344146300098378e-07 -0.0014711528687666462
v -0.0037587570303956328 0.0013682180337261098 -0.0015809446219888787
v -0.003999817281965524 1.434375703637472e-07 -0.0015649148472045024
v -0.0039724325245820155 0.00046448628311262374 -0.0015704750663680942
v -0.0038918971145474055 0.0009226152839672126 -0.0015758436566030163
v -0.0030641555101240674 -0.002571010830156262 -0.0015309446707901806
v -0.003574008861765066 -0.0017945631937407727 -0.0015417062891638364
v -0.003892431172152656 -0.00092207236017125 -0.0015532341252289536
v -0.0029397534667010565 -0.002466625963152364 -0.0014371862686309307
v -0.00360590449856435 -0.001311928004504859 -0.0014536526474285278
v -0.0030641555101240674 -0.002571010830156262 -0.0015309446707901806
v -0.0029397534667010565 -0.002466625963152364 -0.0014371862686309307
v 0.0006946205937574669 -0.003939081938436285 -0.0014809444215682652
v -0.0001396441428442863 -0.003996618896798366 -0.001490497853819329
v -0.0009677886746572997 -0.003880653592631512 -0.0015007212422626934
v -0.0017531132306207733 -0.003594820419069667 -0.0015111678500957524
v -0.002462053243919016 -0.003151338626041889 -0.0015213912385391168
v 0.0006664180606659188 -0.003779143308569267 -0.0013871794628982366
v -0.002291049906066434 -0.0030775212553697533 -0.001426520315710001
v -0.0008851098816444748 -0.0037335862874928187 -0.0014063808007602214
v -0.003999984174967165 1.4713984126855504e-07 -0.0016021269201756958
v -0.003892161759164293 -0.0009223196449357347 -0.001590899491513532
v -0.003574511924955726 -0.0017950556771072215 -0.001579672062851368
v -0.0030641555101240674 -0.002571010830156262 -0.0015684446341892042
v -0.0024626206801245947 -0.0031519018899224265 -0.0015584444651355342
v -0.0017534589375527434 -0.003595033207646759 -0.0015484445941050815
v -0.0009676599286274625 -0.00388103804258172 -0.0015384444250514115
v -0.00013957023308641683 -0.003997416406927635 -0.0015284445540209588
v 0.0006946205937574669 -0.003939081938436285 -0.001518444682990506
v 0.0014984535836028991 -0.003708584225730949 -0.001508444513936836
v 0.0022367977596045034 -0.003315997347623168 -0.0014984446429063833
v 0.0028773831678021726 -0.002778478798751261 -0.0014884444738527134
v 0.003392214699263541 -0.0021195213022935093 -0.0014784446028222606
v 0.003758790408995961 -0.001367923884810718 -0.0014684444337685907
v 0.003892197521950359 -0.0009223097356637623 -0.0014630055100544057
v 0.003972971350558741 -0.00046422111695510615 -0.0014575662883170033
v 0.004000017553567493 1.4713883172945863e-07 -0.001452127066579601
v 0.004000017553567493 1.471398230786614e-07 -0.0014146271031805775
v 0.003972971350558741 -0.00046422111695510615 -0.0014200663249179797
v 0.003892197521950359 -0.0009223097356637623 -0.0014255055466553819
v 0.003758790408995961 -0.001367923884810718 -0.0014309444703695668
v 0.003392214699263541 -0.0021195213022935093 -0.0014409446394232368
v 0.0028773831678021726 -0.002778478798751261 -0.0014509445104536895
v 0.0022367977596045034 -0.003315997347623168 -0.0014609446795073597
v 0.0014984535836028991 -0.003708584225730949 -0.0014709445505378125
v 0.0006946205937574669 -0.003939081938436285 -0.0014809444215682652
v -0.00013957023308641683 -0.003997416406927635 -0.0014909445906219352
v -0.0009676599286274625 -0.00388103804258172 -0.001500944461652388
v -0.0017534589375527434 -0.003595033207646759 -0.0015109446307060579
v -0.0024626206801245947 -0.0031519018899224265 -0.0015209445017365106
v -0.0030641555101240674 -0.002571010830156262 -0.0015309446707901806
v -0.003574511924955726 -0.0017950556771072215 -0.0015421720994523444
v -0.003892161759164293 -0.0009223196449357347 -0.0015533995281145083
v -0.003999984174967165 1.4713984126855504e-07 -0.0015646269567766722
v 0.0030641888887243955 0.002571305277094871 -0.0017184444877852987
v 0.002462654058724923 0.0031521963368610355 -0.001708444616754846
v 0.0017534923161530715 0.003595327654585368 -0.001698444447701176
v 0.0009676933072277907 0.003881332489520329 -0.0016884445766707232
v 0.00013960361168674498 0.003997710853866244 -0.0016784444076170532
v -0.0006945872151571387 0.003939376385374894 -0.0016684445365866005
v -0.001498420205002571 0.003708878672669558 -0.0016584446655561478
v -0.0022367643810041753 0.003316291794561777 -0.0016484444965024778
v -0.0028773497892018445 0.00277877324568987 -0.001638444625472025
v -0.0033921813206632128 0.002119815451208901 -0.001628444456418355
v -0.0037587570303956328 0.0013682180337261098 -0.0016184445853879023
v -0.0038921641433500307 0.0009226040335907627 -0.0016130053636505002
v -0.003972937971958413 0.00046451541488210657 -0.001607566141913098
v -0.003999984174967165 1.4714085080765144e-07 -0.0016021269201756958
v -0.003999984174967165 1.4713985945844867e-07 -0.0015646269567766722
v -0.003972937971958413 0.00046451541488210657 -0.0015700661785140744
v -0.0038921641433500307 0.0009226040335907627 -0.0015755054002514765
v -0.0037587570303956328 0.0013682180337261098 -0.0015809446219888787
v -0.0033921813206632128 0.002119815451208901 -0.0015909444930193315
v -0.0028773497892018445 0.00277877324568987 -0.0016009446620730014
v -0.0022367643810041753 0.003316291794561777 -0.0016109445331034542
v -0.001498420205002571 0.003708878672669558 -0.0016209447021571241
v -0.0006945872151571387 0.003939376385374894 -0.0016309445731875769
v 0.00013960361168674498 0.003997710853866244 -0.0016409444442180296
v 0.0009676933072277907 0.003881332489520329 -0.0016509446132716996
v 0.0017534923161530715 0.003595327654585368 -0.0016609444843021523
v 0.002462654058724923 0.0031521963368610355 -0.0016709446533558223
v 0.0030641888887243955 0.002571305277094871 -0.001680944524386275
v 0.003574545303556054 0.0017953498260226133 -0.001692171953048439
v 0.003892195137764621 0.0009226139428627351 -0.00170339967973382
v 0.004000017553567493 1.4713984126855504e-07 -0.0017146271083959838
v 0.004000017553567493 1.4713984126855504e-07 -0.0017521270717950075
v 0.003892195137764621 0.0009226139428627351 -0.0017408996431328436
v 0.003574545303556054 0.0017953498260226133 -0.0017296719164474625
v 0.003758790408995961 -0.001367923884810718 -0.0017684444389839968
v 0.003891928108961996 -0.0009223232212143413 -0.0017631512486230303
v 0.003972465903182344 -0.000464196567292588 -0.0017575898373665697
v 0.003999848276380114 1.4373692144319772e-07 -0.0017518370952046567
v 0.003606190600852877 -0.0013123847250852418 -0.0018622019470735949
v 0.0038374756908980965 1.4372666234319103e-07 -0.001845599073642513
v 0.0029397868453013847 0.002466919963056147 -0.0018122028899445483
v 0.003605937877164678 0.0013122185771416441 -0.0018283840605232702
v 0.0030641888887243955 0.002571305277094871 -0.0017184444877852987
v 0.003892464550752984 0.0009223618152209707 -0.0017403488962274291
v 0.003574042240365394 0.0017948549584704267 -0.0017290138811838504
v 0.0029397868453013847 0.002466919963056147 -0.0018122028899445483
v 0.0030641888887243955 0.002571305277094871 -0.0017184444877852987
v -0.0006663846820655906 0.003779437755507876 -0.0017622097932798461
v 0.0002232241580659711 0.003830442342971808 -0.0017728724679453864
v 0.0017219519230287086 0.0034293126293425407 -0.0017930066184772562
v -0.0006945872151571387 0.003939376385374894 -0.0016684445365866005
v 0.0024620866225193443 0.003151633072980498 -0.001708891055534235
v 0.0017531466092211014 0.003595114866008276 -0.0016986679651140877
v 0.0009678220532576278 0.003880948039570121 -0.0016882213572810287
v 0.00013967752144461445 0.003996913343736975 -0.0016779979688376643
v -0.0006663846820655906 0.003779437755507876 -0.0017622097932798461
v -0.0006945872151571387 0.003939376385374894 -0.0016684445365866005
v -0.0036061596064382866 0.001312673807605941 -0.0017122017954542832
v -0.003205521035070991 0.0021086005395218603 -0.00172286804639843
v -0.002108759832931462 0.0032059668778039456 -0.0017430078593714269
v -0.0037587570303956328 0.0013682180337261098 -0.0016184445853879023
v -0.0014982151650291267 0.003708104408351232 -0.0016588911043355367
v -0.002236750075889749 0.003315887079032798 -0.0016486677158921723
v -0.002876954014369382 0.0027786909912819184 -0.0016382211080591133
v -0.0033914541440132067 0.0021194806221243594 -0.001627998017638966
v -0.0037587570303956328 0.0013682180337261098 -0.0016184445853879023
v -0.0038918947303616678 0.0009226175191413417 -0.0016131510970037186
v -0.0039724325245820155 0.00046449086521958843 -0.0016075899837704752
v -0.003999814897779786 1.5054277018885916e-07 -0.0016018372416085622
v -0.0036061596064382866 0.001312673807605941 -0.0017122017954542832
v -0.0038374423122977683 1.5055302928886585e-07 -0.0016955989220232013
v -0.0029397534667010565 -0.0024666258141407553 -0.0016622027383252367
v -0.00360590449856435 -0.0013119244282262523 -0.0016783842069271757
v -0.0030641555101240674 -0.002571010830156262 -0.0015684446341892042
v -0.003892431172152656 -0.0009220675172939703 -0.0015903490426313347
v -0.003574008861765066 -0.001794560809555035 -0.0015790137295645388
v -0.0029397534667010565 -0.0024666258141407553 -0.0016622027383252367
v -0.0030641555101240674 -0.002571010830156262 -0.0015684446341892042
v 0.0006664180606659188 -0.003779143308569267 -0.0016122096416605345
v -0.00022319077946564295 -0.003830147896033199 -0.001622872614349292
v -0.0017219185444283804 -0.0034290181824039316 -0.0016430067648811617
v 0.0006946205937574669 -0.003939081938436285 -0.001518444682990506
v -0.002462053243919016 -0.003151338626041889 -0.0015588912019381404
v -0.0017531132306207733 -0.003594820419069667 -0.001548667813494776
v -0.0009677886746572997 -0.003880653592631512 -0.001538221205661717
v -0.0001396441428442863 -0.003996618896798366 -0.0015279981152415698
v 0.0006664180606659188 -0.003779143308569267 -0.0016122096416605345
v 0.0006946205937574669 -0.003939081938436285 -0.001518444682990506
v 0.0036061929850386147 -0.001312380850783418 -0.0015622019418581887
v 0.0032055520294855815 -0.00210830728467612 -0.0015728681928023356
v 0.00210879321153179 -0.003205672728888554 -0.0015930080057753324
v 0.003758790408995961 -0.001367923884810718 -0.0014684444337685907
v 0.0014982485436294548 -0.003707809961412623 -0.0015088912507394423
v 0.002236783454490077 -0.003315592632094189 -0.0014986678622960778
v 0.0028769873929697103 -0.0027783965443433094 -0.0014882212544630189
v 0.003391487522613535 -0.0021191864732089676 -0.0014779978660196544
v 0.0038376378155282618 1.4713984126855504e-07 -0.0015458774221119862
v 0.0036062049059673034 -0.0013123853211316763 -0.0015622019418581887
v 0.0032063078163644403 -0.0021086501603875267 -0.0015733146315817246
v 0.002108831358503594 -0.003206131684643066 -0.0015927621366211295
v 0.0006664228290373942 -0.0037791692365891647 -0.0016122096416605345
v -0.00022311210133629802 -0.0038309808709253166 -0.0016233193511518982
v -0.001722295245774941 -0.003429279846788647 -0.0016427608957269588
v -0.002939765387629745 -0.002466635052860489 -0.0016622027383252367
v -0.003606164374809762 -0.00131240096735058 -0.0016790401560282673
v -0.0038376044369279336 1.4714093266217277e-07 -0.0016958772757080806
v -0.0038376044369279336 1.471387498749373e-07 -0.0017708769044829107
v -0.003606164374809762 -0.00131240096735058 -0.0017540314401530152
v -0.002939765387629745 -0.002466635052860489 -0.001737186273846337
v -0.0022916435683151275 -0.003078102698666541 -0.0017260735841228012
v -0.0008849906723575885 -0.003734031534179339 -0.0017066266751298307
v 0.0006664228290373942 -0.0037791692365891647 -0.001687179468113643
v 0.0015200304645293097 -0.0035236134337571228 -0.0016760700566454964
v 0.0027914070459140743 -0.0026333802349854944 -0.0016566285120704358
v 0.0036062025217815656 -0.0013123871092709796 -0.0016371869674953752
v 0.0038376378155282618 1.4713984126855504e-07 -0.001620876752863599
v 0.003606190600852877 -0.0013123826389227213 -0.0016371869674953752
v 0.0038374756908980965 1.508382195361263e-07 -0.0016211530203859579
v 0.003758790408995961 -0.001367923884810718 -0.0017309444755849732
v 0.003999850660565852 1.5084211217336287e-07 -0.001714914700800597
v 0.003972465903182344 -0.0004641919851856233 -0.0017204749199641886
v 0.0038919304931477336 -0.0009223209860402122 -0.001725843808222328
v 0.0030641888887243955 0.002571305277094871 -0.001680944524386275
v 0.003574042240365394 0.0017948573426561645 -0.0016917064407831481
v 0.003892464550752984 0.0009223666580982505 -0.001703233978825048
v 0.0029397868453013847 0.0024669201120677557 -0.0015871864202502426
v 0.003605937877164678 0.0013122221534202507 -0.0016036527990478397
v 0.0030641888887243955 0.002571305277094871 -0.001680944524386275
v 0.0029397868453013847 0.0024669201120677557 -0.0015871864202502426
v -0.0006945872151571387 0.003939376385374894 -0.0016309445731875769
v 0.00013967752144461445 0.003996913343736975 -0.0016404980054386406
v 0.0009678220532576278 0.003880948039570121 -0.001650721393882005
v 0.0017531466092211014 0.003595114866008276 -0.0016611677036918468
v 0.0024620866225193443 0.003151633072980498 -0.0016713910921352113
v -0.0006663846820655906 0.003779437755507876 -0.0015371793164943312
v 0.002291083284666762 0.0030778157023083623 -0.001576520467329313
v 0.0008851432602448029 0.0037338807344314278 -0.0015563809523795333
v -0.0006945872151571387 0.003939376385374894 -0.0016309445731875769
v -0.0006663846820655906 0.003779437755507876 -0.0015371793164943312
v -0.0037587570303956328 0.0013682180337261098 -0.0015809446219888787
v -0.0033914541440132067 0.0021194806221243594 -0.0015904980542399425
v -0.002876954014369382 0.0027786909912819184 -0.0016007211446600897
v -0.002236750075889749 0.003315887079032798 -0.0016111677524931487
v -0.0014982151650291267 0.003708104408351232 -0.0016213911409365131
v -0.003606157222252549 0.0013126767878381131 -0.0014871871138992807
v -0.0015197872775840617 0.003523098151614557 -0.001526516641828791
v -0.0027909302087665293 0.0026335584528693894 -0.0015063827893201385
v -0.003999984174967165 1.4713984126855504e-07 -0.0019021269253911021
v -0.003892161759164293 -0.0009223196449357347 -0.0018908994967289383
v -0.003574511924955726 -0.0017950556771072215 -0.0018796720680667744
v -0.0030641555101240674 -0.002571010830156262 -0.0018684446394046103
v -0.0024626206801245947 -0.0031519018899224265 -0.0018584444703509404
v -0.0017534589375527434 -0.003595033207646759 -0.0018484445993204876
v -0.0009676599286274625 -0.00388103804258172 -0.0018384444302668177
v -0.00013957023308641683 -0.003997416406927635 -0.001828444559236365
v 0.0006946205937574669 -0.003939081938436285 -0.001818444390182695
v 0.0014984535836028991 -0.003708584225730949 -0.0018084445191522422
v 0.0022367977596045034 -0.003315997347623168 -0.0017984446481217895
v 0.0028773831678021726 -0.002778478798751261 -0.0017884444790681195
v 0.003392214699263541 -0.0021195213022935093 -0.0017784446080376668
v 0.003758790408995961 -0.001367923884810718 -0.0017684444389839968
v 0.003892197521950359 -0.0009223097356637623 -0.0017630055152698118
v 0.003972971350558741 -0.00046422111695510615 -0.0017575662935324097
v 0.004000017553567493 1.4713884082440545e-07 -0.0017521270717950075
v 0.004000017553567493 1.471398230786614e-07 -0.0017146271083959838
v 0.003972971350558741 -0.00046422111695510615 -0.001720066330133386
v 0.003892197521950359 -0.0009223097356637623 -0.0017255055518707882
v 0.003758790408995961 -0.001367923884810718 -0.0017309444755849732
v 0.003392214699263541 -0.0021195213022935093 -0.0017409446446386432
v 0.0028773831678021726 -0.002778478798751261 -0.001750944515669096
v 0.0022367977596045034 -0.003315997347623168 -0.0017609446847227659
v 0.0014984535836028991 -0.003708584225730949 -0.0017709445557532186
v 0.0006946205937574669 -0.003939081938436285 -0.0017809444267836714
v -0.00013957023308641683 -0.003997416406927635 -0.0017909445958373413
v -0.0009676599286274625 -0.00388103804258172 -0.001800944466867794
v -0.0017534589375527434 -0.003595033207646759 -0.001810944635921464
v -0.0024626206801245947 -0.0031519018899224265 -0.0018209445069519168
v -0.0030641555101240674 -0.002571010830156262 -0.0018309446760055867
v -0.003574511924955726 -0.0017950556771072215 -0.0018421721046677506
v -0.003892161759164293 -0.0009223196449357347 -0.0018533995333299145
v -0.003999984174967165 1.4713984126855504e-07 -0.0018646269619920783
v 0.0030641888887243955 0.002571305277094871 -0.002018444493000705
v 0.002462654058724923 0.0031521963368610355 -0.002008444621970252
v 0.0017534923161530715 0.003595327654585368 -0.001998444452916582
v 0.0009676933072277907 0.003881332489520329 -0.0019884445818861294
v 0.00013960361168674498 0.003997710853866244 -0.0019784444128324594
v -0.0006945872151571387 0.003939376385374894 -0.0019684445418020067
v -0.001498420205002571 0.003708878672669558 -0.001958444670771554
v -0.0022367643810041753 0.003316291794561777 -0.0019484445017178842
v -0.0028773497892018445 0.00277877324568987 -0.0019384446306874314
v -0.0033921813206632128 0.002119815451208901 -0.0019284444616337615
v -0.0037587570303956328 0.0013682180337261098 -0.0019184445906033087
v -0.0038921641433500307 0.0009226040335907627 -0.0019130053688659065
v -0.003972937971958413 0.00046451541488210657 -0.0019075661471285043
v -0.003999984174967165 1.4714084171270463e-07 -0.0019021269253911021
v -0.003999984174967165 1.4713985945844867e-07 -0.0018646269619920783
v -0.003972937971958413 0.00046451541488210657 -0.0018700661837294805
v -0.0038921641433500307 0.0009226040335907627 -0.001875505405466883
v -0.0037587570303956328 0.0013682180337261098 -0.001880944627204285
v -0.0033921813206632128 0.002119815451208901 -0.0018909444982347378
v -0.0028773497892018445 0.00277877324568987 -0.0019009446672884078
v -0.0022367643810041753 0.003316291794561777 -0.0019109445383188605
v -0.001498420205002571 0.003708878672669558 -0.0019209444093493133
v -0.0006945872151571387 0.003939376385374894 -0.0019309445784029833
v 0.00013960361168674498 0.003997710853866244 -0.001940944449433436
v 0.0009676933072277907 0.003881332489520329 -0.001950944618487106
v 0.0017534923161530715 0.003595327654585368 -0.0019609444895175585
v 0.002462654058724923 0.0031521963368610355 -0.0019709446585712284
v 0.0030641888887243955 0.002571305277094871 -0.001980944529601681
v 0.003574545303556054 0.0017953498260226133 -0.001992171958263845
v 0.003892195137764621 0.0009226139428627351 -0.002003399684949226
v 0.004000017553567493 1.4713984126855504e-07 -0.00201462711361139
v 0.004000017553567493 1.4713984126855504e-07 -0.0020521270770104136
v 0.003892195137764621 0.0009226139428627351 -0.0020408996483482498
v 0.003574545303556054 0.0017953498260226133 -0.0020296719216628687
v 0.003758790408995961 -0.001367923884810718 -0.002068444444199403
v 0.003891928108961996 -0.0009223232212143413 -0.0020631512538384364
v 0.003972465903182344 -0.000464196567292588 -0.002057589842581976
v 0.003999848276380114 1.437369123482509e-07 -0.002051837100420063
v 0.003606190600852877 -0.0013123821918878955 -0.0021622019522890014
v 0.0038374756908980965 1.4372666234319103e-07 -0.0021455990788579195
v 0.0029397868453013847 0.002466919963056147 -0.002112202895159955
v 0.003605937877164678 0.0013122185771416441 -0.0021283840657386767
v 0.0030641888887243955 0.002571305277094871 -0.002018444493000705
v 0.003892464550752984 0.0009223618152209707 -0.0020403489014428353
v 0.003574042240365394 0.0017948549584704267 -0.0020290138863992566
v 0.0029397868453013847 0.002466919963056147 -0.002112202895159955
v 0.0030641888887243955 0.002571305277094871 -0.002018444493000705
v -0.0006663846820655906 0.003779437755507876 -0.0020622097984952523
v 0.0002232241580659711 0.003830442342971808 -0.0020728724731607926
v 0.0017219519230287086 0.0034293126293425407 -0.0020930066236926627
v -0.0006945872151571387 0.003939376385374894 -0.0019684445418020067
v 0.0024620866225193443 0.003151633072980498 -0.002008891060749641
v 0.0017531466092211014 0.003595114866008276 -0.0019986676723062766
v 0.0009678220532576278 0.003880948039570121 -0.001988221362496435
v 0.00013967752144461445 0.003996913343736975 -0.0019779979740530704
v -0.0006663846820655906 0.003779437755507876 -0.0020622097984952523
v -0.0006945872151571387 0.003939376385374894 -0.0019684445418020067
v -0.003606157222252549 0.0013126776819077648 -0.0020122018006696893
v -0.0032055186508852533 0.0021086030727192067 -0.002022868051613836
v -0.002108759832931462 0.0032059677718735973 -0.002043007864586833
v -0.0037587570303956328 0.0013682180337261098 -0.0019184445906033087
v -0.0014982151650291267 0.003708104408351232 -0.001958891109550943
v -0.002236750075889749 0.003315887079032798 -0.0019486677211075787
v -0.002876954014369382 0.0027786909912819184 -0.0019382211132745197
v -0.0033914541440132067 0.0021194806221243594 -0.0019279980228543725
v -0.0037587570303956328 0.0013682180337261098 -0.0019184445906033087
v -0.0038918947303616678 0.0009226175191413417 -0.001913151102219125
v -0.0039724325245820155 0.00046449086521958843 -0.0019075899889858816
v -0.003999814897779786 1.5054277018885916e-07 -0.0019018372468239686
v -0.003606157222252549 0.0013126776819077648 -0.0020122018006696893
v -0.0038374423122977683 1.5055302019391904e-07 -0.0019955989272386074
v -0.0029397534667010565 -0.0024666258141407553 -0.001962202743540643
v -0.00360590449856435 -0.0013119244282262523 -0.0019783839141193646
v -0.0030641555101240674 -0.002571010830156262 -0.0018684446394046103
v -0.003892431172152656 -0.0009220675172939703 -0.001890349047846741
v -0.003574008861765066 -0.001794560809555035 -0.0018790137347799451
v -0.0029397534667010565 -0.0024666258141407553 -0.001962202743540643
v -0.0030641555101240674 -0.002571010830156262 -0.0018684446394046103
v 0.0006664180606659188 -0.003779143308569267 -0.0019122096468759408
v -0.00022319077946564295 -0.003830147896033199 -0.0019228726195646983
v -0.0017219185444283804 -0.0034290181824039316 -0.001943006770096568
v 0.0006946205937574669 -0.003939081938436285 -0.001818444390182695
v -0.002462053243919016 -0.003151338626041889 -0.0018588912071535466
v -0.0017531132306207733 -0.003594820419069667 -0.0018486678187101821
v -0.0009677886746572997 -0.003880653592631512 -0.0018382212108771232
v -0.0001396441428442863 -0.003996618896798366 -0.0018279978224337587
v 0.0006664180606659188 -0.003779143308569267 -0.0019122096468759408
v 0.0006946205937574669 -0.003939081938436285 -0.001818444390182695
v 0.003606190600852877 -0.0013123847250852418 -0.0018622019470735949
v 0.0032055520294855815 -0.0021083098178734665 -0.0018728681980177417
v 0.0021087908273460525 -0.0032056736229582054 -0.0018930080109907388
v 0.003758790408995961 -0.001367923884810718 -0.0017684444389839968
v 0.0014982485436294548 -0.003707809961412623 -0.0018088912559548484
v 0.002236783454490077 -0.003315592632094189 -0.001798667867511484
v 0.0028769873929697103 -0.0027783965443433094 -0.001788221259678425
v 0.003391487522613535 -0.0021191864732089676 -0.0017779978712350606
v 0.0038376378155282618 1.4713984126855504e-07 -0.0018458774273273923
v 0.0036062025217815656 -0.0013123890464218915 -0.0018622019470735949
v 0.0032063054321787026 -0.0021086528425964817 -0.0018733146367971307
v 0.002108831358503594 -0.0032061325787127175 -0.0018927621418365359
v 0.0006664228290373942 -0.0037791692365891647 -0.0019122096468759408
v -0.00022311210133629802 -0.0038309808709253166 -0.0019233193563673045
v -0.001722295245774941 -0.003429279846788647 -0.0019427609009423652
v -0.002939765387629745 -0.002466635052860489 -0.001962202743540643
v -0.003606164374809762 -0.00131240096735058 -0.0019790401612436734
v -0.0038376044369279336 1.4714093266217277e-07 -0.001995877280923487
v -0.0038376044369279336 1.4713875896988412e-07 -0.002070876909698317
v -0.003606164374809762 -0.00131240096735058 -0.0020540314453684214
v -0.002939765387629745 -0.002466635052860489 -0.002037186279061743
v -0.0022916435683151275 -0.003078102698666541 -0.0020260735893382073
v -0.0008849906723575885 -0.003734031534179339 -0.002006626680345237
v 0.0006664228290373942 -0.0037791692365891647 -0.001987179473329049
v 0.0015200304645293097 -0.0035236134337571228 -0.0019760700618609026
v 0.0027914070459140743 -0.0026333802349854944 -0.001956628517285842
v 0.0036062025217815656 -0.0013123871092709796 -0.0019371869727107815
v 0.0038376378155282618 1.4713984126855504e-07 -0.0019208767580790053
v -0.003606171527366975 0.0013126781289425906 -0.0017122017954542832
v -0.003206274437764112 0.002108943415233267 -0.0017233147832010362
v -0.0021088003640890034 0.0032064258335584577 -0.0017427622882404412
v -0.0006663894504370661 0.0037794636835277737 -0.0017622097932798461
v 0.00022314547993662617 0.0038312753178639256 -0.0017733192047479926
v 0.0017223286243752691 0.003429574293727256 -0.0017927610473462705
v 0.0029397987662300733 0.002466929201775881 -0.0018122028899445483
v 0.00360619775341009 0.001312695116265972 -0.0018290400096243617
v 0.0038376378155282618 1.471387498749373e-07 -0.0018458774273273923
v 0.0038376378155282618 1.4714092356722596e-07 -0.0019208767580790053
v 0.00360619775341009 0.001312695116265972 -0.0019040315917723271
v 0.0029397987662300733 0.002466929201775881 -0.001887186425465649
v 0.0022916769469154556 0.00307839714560515 -0.001876073735742113
v 0.0008850240509579167 0.003734325981117948 -0.0018566265287259251
v -0.0006663894504370661 0.0037794636835277737 -0.0018371793217097374
v -0.0015199970859289815 0.003523907880695732 -0.001826069910241591
v -0.002791373667313746 0.0026336746819241035 -0.0018066283656665303
v -0.0036061691431812375 0.0013126812581863714 -0.0017871871191146868
v -0.0038376044369279336 1.4713984126855504e-07 -0.0017708769044829107
v -0.0038376044369279336 1.4713984126855504e-07 -0.0016958772757080806
v -0.003606157222252549 0.0013126767878381131 -0.0017871871191146868
v -0.0038374423122977683 1.4344145390603697e-07 -0.0017711528739820523
v -0.0037587570303956328 0.0013682180337261098 -0.001880944627204285
v -0.003999817281965524 1.434375703637472e-07 -0.0018649148524199086
v -0.0039724325245820155 0.00046448628311262374 -0.0018704747735602831
v -0.0038918971145474055 0.0009226152839672126 -0.0018758436618184226
v -0.0030641555101240674 -0.002571010830156262 -0.0018309446760055867
v -0.003574008861765066 -0.0017945631937407727 -0.0018417062943792426
v -0.003892431172152656 -0.00092207236017125 -0.0018532341304443598
v -0.0029397534667010565 -0.002466625963152364 -0.001737186273846337
v -0.00360590449856435 -0.001311928004504859 -0.0017536526526439342
v -0.0030641555101240674 -0.002571010830156262 -0.0018309446760055867
v -0.0029397534667010565 -0.002466625963152364 -0.001737186273846337
v 0.0006946205937574669 -0.003939081938436285 -0.0017809444267836714
v -0.0001396441428442863 -0.003996618896798366 -0.001790497859034735
v -0.0009677886746572997 -0.003880653592631512 -0.0018007212474780996
v -0.0017531132306207733 -0.003594820419069667 -0.0018111678553111585
v -0.002462053243919016 -0.003151338626041889 -0.001821391243754523
v 0.0006664180606659188 -0.003779143308569267 -0.001687179468113643
v -0.002291049906066434 -0.0030775212553697533 -0.0017265203209254074
v -0.0008851098816444748 -0.0037335862874928187 -0.0017063808059756278
v 0.0006946205937574669 -0.003939081938436285 -0.0017809444267836714
v 0.0006664180606659188 -0.003779143308569267 -0.001687179468113643
v 0.003758790408995961 -0.001367923884810718 -0.0017309444755849732
v 0.003391487522613535 -0.0021191864732089676 -0.001740497907836037
v 0.0028769873929697103 -0.0027783965443433094 -0.0017507212962794014
v 0.002236783454490077 -0.003315592632094189 -0.0017611679041124604
v 0.0014982485436294548 -0.003707809961412623 -0.0017713909945326076
v 0.003606190600852877 -0.0013123826389227213 -0.0016371869674953752
v 0.0015198206561843899 -0.003522803704675948 -0.0016765167934481027
v 0.0027909635873668574 -0.0026332640059307803 -0.0016563829409394501
v -0.0006945872151571387 0.003939376385374894 -0.0019309445784029833
v -0.0006663846820655906 0.003779437755507876 -0.0018371793217097374
v -0.0037587570303956328 0.0013682180337261098 -0.001880944627204285
v -0.0033914541440132067 0.0021194806221243594 -0.0018904980594553489
v -0.002876954014369382 0.0027786909912819184 -0.001900721149875496
v -0.002236750075889749 0.003315887079032798 -0.001911167757708555
v -0.0014982151650291267 0.003708104408351232 -0.0019213911461519195
v -0.003606157222252549 0.0013126767878381131 -0.0017871871191146868
v -0.0015197872775840617 0.003523098151614557 -0.0018265166470441971
v -0.0027909302087665293 0.0026335584528693894 -0.0018063827945355446
v 0.0030641888887243955 0.002571305277094871 -0.001980944529601681
v 0.0029397868453013847 0.0024669201120677557 -0.001887186425465649
v -0.0006945872151571387 0.003939376385374894 -0.0019309445784029833
v 0.00013967752144461445 0.003996913343736975 -0.001940498010654047
v 0.0009678220532576278 0.003880948039570121 -0.0019507213990974115
v 0.0017531466092211014 0.003595114866008276 -0.001961167708907253
v 0.0024620866225193443 0.003151633072980498 -0.0019713910973506174
v -0.0006663846820655906 0.003779437755507876 -0.0018371793217097374
v 0.002291083284666762 0.0030778157023083623 -0.0018765204725447193
v 0.0008851432602448029 0.0037338807344314278 -0.0018563809575949395
v 0.003606190600852877 -0.0013123826389227213 -0.0019371869727107815
v 0.0038374756908980965 1.508382195361263e-07 -0.0019211530256013642
v 0.003758790408995961 -0.001367923884810718 -0.0020309444808003793
v 0.003999850660565852 1.5084211217336287e-07 -0.002014914706016003
v 0.003972465903182344 -0.0004641919851856233 -0.002020474925179595
v 0.0038919304931477336 -0.0009223209860402122 -0.002025843813437734
v 0.0030641888887243955 0.002571305277094871 -0.001980944529601681
v 0.003574042240365394 0.0017948573426561645 -0.0019917064459985543
v 0.003892464550752984 0.0009223666580982505 -0.0020032339840404543
v 0.0029397868453013847 0.0024669201120677557 -0.001887186425465649
v 0.003605937877164678 0.0013122221534202507 -0.001903652804263246
v -0.003999984174967165 1.4713984126855504e-07 -0.0022021269306065085
v -0.003892161759164293 -0.0009223196449357347 -0.0021908995019443447
v -0.003574511924955726 -0.0017950556771072215 -0.002179672073282181
v -0.0030641555101240674 -0.002571010830156262 -0.002168444644620017
v -0.0024626206801245947 -0.0031519018899224265 -0.002158444475566347
v -0.0017534589375527434 -0.003595033207646759 -0.0021484446045358942
v -0.0009676599286274625 -0.00388103804258172 -0.0021384444354822243
v -0.00013957023308641683 -0.003997416406927635 -0.0021284445644517715
v 0.0006946205937574669 -0.003939081938436285 -0.0021184443953981016
v 0.0014984535836028991 -0.003708584225730949 -0.002108444524367649
v 0.0022367977596045034 -0.003315997347623168 -0.002098444653337196
v 0.0028773831678021726 -0.002778478798751261 -0.002088444484283526
v 0.003392214699263541 -0.0021195213022935093 -0.002078444613253073
v 0.003758790408995961 -0.001367923884810718 -0.002068444444199403
v 0.003892197521950359 -0.0009223097356637623 -0.002063005520485218
v 0.003972971350558741 -0.00046422111695510615 -0.002057566298747816
v 0.004000017553567493 1.4713883172945863e-07 -0.0020521270770104136
v 0.004000017553567493 1.471398230786614e-07 -0.00201462711361139
v 0.003972971350558741 -0.00046422111695510615 -0.002020066335348792
v 0.003892197521950359 -0.0009223097356637623 -0.002025505259062977
v 0.003758790408995961 -0.001367923884810718 -0.0020309444808003793
v 0.003392214699263541 -0.0021195213022935093 -0.0020409446498540493
v 0.0028773831678021726 -0.002778478798751261 -0.002050944520884502
v 0.0022367977596045034 -0.003315997347623168 -0.002060944689938172
v 0.0014984535836028991 -0.003708584225730949 -0.0020709445609686248
v 0.0006946205937574669 -0.003939081938436285 -0.0020809444319990775
v -0.00013957023308641683 -0.003997416406927635 -0.002090944601052748
v -0.0009676599286274625 -0.00388103804258172 -0.0021009444720832006
v -0.0017534589375527434 -0.003595033207646759 -0.0021109446411368706
v -0.0024626206801245947 -0.0031519018899224265 -0.0021209445121673234
v -0.0030641555101240674 -0.002571010830156262 -0.0021309446812209933
v -0.003574511924955726 -0.0017950556771072215 -0.002142172109883157
v -0.003892161759164293 -0.0009223196449357347 -0.002153399538545321
v -0.003999984174967165 1.4713984126855504e-07 -0.002164626967207485
v -0.0037587570303956328 0.0013682180337261098 -0.002218444595818715
v -0.0038921641433500307 0.0009226040335907627 -0.002213005374081313
v -0.003972937971958413 0.00046451541488210657 -0.0022075661523439107
v -0.003999984174967165 1.4714084171270463e-07 -0.0022021269306065085
v -0.003999984174967165 1.4713985945844867e-07 -0.002164626967207485
v -0.003972937971958413 0.00046451541488210657 -0.002170066188944887
v -0.0038921641433500307 0.0009226040335907627 -0.0021755054106822893
v -0.0037587570303956328 0.0013682180337261098 -0.0021809446324196915
v -0.0033921813206632128 0.002119815451208901 -0.002190944503450144
v -0.0028773497892018445 0.00277877324568987 -0.002200944672503814
v -0.0022367643810041753 0.003316291794561777 -0.002210944543534267
v -0.001498420205002571 0.003708878672669558 -0.0022209444145647197
v -0.0006945872151571387 0.003939376385374894 -0.0022309445836183896
v -0.0006945872151571387 0.003939376385374894 -0.0022684445470174132
v -0.001498420205002571 0.003708878672669558 -0.0022584443779637433
v -0.0022367643810041753 0.003316291794561777 -0.0022484445069332905
v -0.0028773497892018445 0.00277877324568987 -0.002238444635902838
v -0.0033921813206632128 0.002119815451208901 -0.002228444466849168
v -0.0006663870662513284 0.0037794505705062162 -0.0023622020551070113
v -0.0006945872151571387 0.003939376385374894 -0.0022684445470174132
v -0.003606157222252549 0.0013126767878381131 -0.002312202103908313
v -0.003205521035070991 0.002108604115800467 -0.0023228665667131567
v -0.0021087622171172 0.003205974328384376 -0.0023430033994539814
v -0.0037587570303956328 0.0013682180337261098 -0.002218444595818715
v -0.0014982151650291267 0.003708104408351232 -0.0022588911147663495
v -0.002236750075889749 0.003315887079032798 -0.002248667726322985
v -0.002876954014369382 0.0027786909912819184 -0.002238221118489926
v -0.0033914541440132067 0.0021194806221243594 -0.002227998028069779
v -0.0037587570303956328 0.0013682180337261098 -0.002218444595818715
v -0.0038918947303616678 0.0009226175191413417 -0.0022131511074345313
v -0.0039724325245820155 0.0004644909024724906 -0.002207589994201288
v -0.003999814897779786 1.5054277018885916e-07 -0.002201837252039375
v -0.003606157222252549 0.0013126767878381131 -0.002312202103908313
v -0.0038374423122977683 1.5055302019391904e-07 -0.002295599230477231
v -0.0029397534667010565 -0.0024666258141407553 -0.0022622027487560494
v -0.00360590449856435 -0.0013119244282262523 -0.0022783842173579884
v -0.0030641555101240674 -0.002571010830156262 -0.002168444644620017
v -0.003892431172152656 -0.0009220675172939703 -0.0021903490530621474
v -0.003574008861765066 -0.001794560809555035 -0.0021790137399953515
v -0.0029397534667010565 -0.0024666258141407553 -0.0022622027487560494
v -0.0030641555101240674 -0.002571010830156262 -0.002168444644620017
v 0.0006664180606659188 -0.003779143308569267 -0.002212209652091347
v -0.00022319077946564295 -0.003830147896033199 -0.0022228726247801047
v -0.0017219185444283804 -0.0034290181824039316 -0.0022430067753119744
v 0.0006946205937574669 -0.003939081938436285 -0.0021184443953981016
v -0.002462053243919016 -0.003151338626041889 -0.002158891212368953
v -0.0017531132306207733 -0.003594820419069667 -0.0021486678239255887
v -0.0009677886746572997 -0.003880653592631512 -0.0021382212160925298
v -0.0001396441428442863 -0.003996618896798366 -0.0021279978276491653
v 0.0006664180606659188 -0.003779143308569267 -0.002212209652091347
v 0.0006946205937574669 -0.003939081938436285 -0.0021184443953981016
v 0.003606190600852877 -0.0013123821918878955 -0.0021622019522890014
v 0.0032055520294855815 -0.002108308029734163 -0.0021728682032331483
v 0.00210879321153179 -0.003205673026911771 -0.002193007718182928
v 0.003758790408995961 -0.001367923884810718 -0.002068444444199403
v 0.0014982485436294548 -0.003707809961412623 -0.002108890963147038
v 0.002236783454490077 -0.003315592632094189 -0.0020986678727268906
v 0.0028769873929697103 -0.0027783965443433094 -0.0020882212648938316
v 0.003391487522613535 -0.0021191864732089676 -0.0020779978764504667
v 0.0038376378155282618 1.4713984126855504e-07 -0.002145877432542799
v 0.0036062025217815656 -0.0013123865132245451 -0.0021622019522890014
v 0.0032063078163644403 -0.0021086510544571784 -0.0021733146420125373
v 0.002108831358503594 -0.003206131982666283 -0.0021927621470519422
v 0.0006664228290373942 -0.0037791692365891647 -0.002212209652091347
v -0.00022311210133629802 -0.0038309808709253166 -0.002223319361582711
v -0.001722295245774941 -0.003429279846788647 -0.0022427609061577715
v -0.002939765387629745 -0.002466635052860489 -0.0022622027487560494
v -0.003606164374809762 -0.00131240096735058 -0.00227904016645908
v -0.0038376044369279336 1.4714093266217277e-07 -0.0022958772861388934
v -0.0038376044369279336 1.4713984126855504e-07 -0.0025097879206436593
v 0.0038376378155282618 1.4713984126855504e-07 -0.0025097879206436593
v 0.0037261222960176536 -0.0009182554278167611 -0.0025097879206436593
v 0.0033980607226924424 -0.0017832839090388133 -0.0025097879206436593
v 0.002872517044711476 -0.002544665577754402 -0.0025097879206436593
v 0.002180032681375011 -0.0031581523308570896 -0.0025097879206436593
v 0.0013608550721215809 -0.0035880898627320694 -0.0025097879206436593
v 0.0004625916377620776 -0.003809492204871202 -0.0025097879206436593
v -0.0004625582591617495 -0.003809492204871202 -0.0025097879206436593
v -0.0013608216935212527 -0.0035880898627320694 -0.0025097879206436593
v -0.0021799993027746827 -0.0031581523308570896 -0.0025097879206436593
v -0.002872483666111148 -0.002544665577754402 -0.0025097879206436593
v -0.0033980273440921143 -0.0017832839090388133 -0.0025097879206436593
v -0.0037260889174173255 -0.0009182554278167611 -0.0025097879206436593
v -0.0006663894504370661 0.0037794636835277737 -0.002137194526109222
v -0.0015199970859289815 0.003523907880695732 -0.002126075875921342
v -0.002791373667313746 0.0026336746819241035 -0.002106631351114109
v -0.0036061691431812375 0.0013126812581863714 -0.0020871871243300934
v -0.0038376044369279336 1.4713984126855504e-07 -0.002070876909698317
v -0.0038376044369279336 1.4713984126855504e-07 -0.001995877280923487
v -0.0036061691431812375 0.0013126820032444144 -0.0020122018006696893
v -0.0032062720535783744 0.002108946097442222 -0.0020233147884164424
v -0.0021087979799032657 0.0032064267276281093 -0.0020427622934558473
v -0.0006663894504370661 0.0037794636835277737 -0.0020622097984952523
v 0.00022314547993662617 0.0038312753178639256 -0.0020733192099633988
v 0.0017223286243752691 0.003429574293727256 -0.002092761052561677
v 0.0029397987662300733 0.002466929201775881 -0.002112202895159955
v 0.00360619775341009 0.001312695116265972 -0.0021290400148397683
v 0.0038376378155282618 1.471387498749373e-07 -0.002145877432542799
v 0.0038376378155282618 1.4713984126855504e-07 -0.0025097879206436593
v -0.0038376044369279336 1.4713984126855504e-07 -0.0025097879206436593
v -0.0037260889174173255 0.0009185497257437615 -0.0025097879206436593
v -0.0033980273440921143 0.001783578057954205 -0.0025097879206436593
v -0.002872483666111148 0.002544960024693011 -0.0025097879206436593
v -0.0021799993027746827 0.0031584467777956986 -0.0025097879206436593
v -0.0013608216935212527 0.0035883843096706784 -0.0025097879206436593
v -0.0004625582591617495 0.003809786651809811 -0.0025097879206436593
v 0.0004625916377620776 0.003809786651809811 -0.0025097879206436593
v 0.0013608550721215809 0.0035883843096706784 -0.0025097879206436593
v 0.002180032681375011 0.0031584467777956986 -0.0025097879206436593
v 0.002872517044711476 0.002544960024693011 -0.0025097879206436593
v 0.0033980607226924424 0.001783578057954205 -0.0025097879206436593
v 0.0037261222960176536 0.0009185497257437615 -0.0025097879206436593
v -0.0038376044369279336 1.4713984126855504e-07 -0.0022958772861388934
v -0.0036061691431812375 0.0013126812581863714 -0.002312202103908313
v -0.003206274437764112 0.002108945650407396 -0.002323313303515763
v -0.0021087979799032657 0.0032064267276281093 -0.0023427575302997785
v -0.0006663894504370661 0.0037794636835277737 -0.002362194604526581
v -4.7683714754498405e-09 0.0038377674556277505 -0.0022684445470174132
v -4.7683714754498405e-09 0.0038377674556277505 -0.0022309445836183896
v -0.003606157222252549 0.0013126767878381131 -0.0020871871243300934
v -0.0038374423122977683 1.4344146300098378e-07 -0.0020711528791974585
v -0.0037587570303956328 0.0013682180337261098 -0.0021809446324196915
v -0.003999817281965524 1.434375703637472e-07 -0.002164914857635315
v -0.0039724325245820155 0.00046448628311262374 -0.0021704747787756897
v -0.0038918971145474055 0.0009226152839672126 -0.002175843667033829
v -0.0030641555101240674 -0.002571010830156262 -0.0021309446812209933
v -0.003574008861765066 -0.0017945631937407727 -0.002141706299594649
v -0.003892431172152656 -0.00092207236017125 -0.0021532341356597664
v -0.0029397534667010565 -0.002466625963152364 -0.002037186279061743
v -0.00360590449856435 -0.001311928004504859 -0.0020536526578593403
v -0.0030641555101240674 -0.002571010830156262 -0.0021309446812209933
v -0.0029397534667010565 -0.002466625963152364 -0.002037186279061743
v 0.0006946205937574669 -0.003939081938436285 -0.0020809444319990775
v -0.0001396441428442863 -0.003996618896798366 -0.0020904978642501417
v -0.0009677886746572997 -0.003880653592631512 -0.002100721252693506
v -0.0017531132306207733 -0.003594820419069667 -0.002111167860526565
v -0.002462053243919016 -0.003151338626041889 -0.0021213912489699296
v 0.0006664180606659188 -0.003779143308569267 -0.001987179473329049
v -0.002291049906066434 -0.0030775212553697533 -0.0020265203261408135
v -0.0008851098816444748 -0.0037335862874928187 -0.002006380811191034
v 0.0006946205937574669 -0.003939081938436285 -0.0020809444319990775
v 0.0006664180606659188 -0.003779143308569267 -0.001987179473329049
v 0.003758790408995961 -0.001367923884810718 -0.0020309444808003793
v 0.003391487522613535 -0.0021191864732089676 -0.002040497913051443
v 0.0028769873929697103 -0.0027783965443433094 -0.0020507213014948076
v 0.002236783454490077 -0.003315592632094189 -0.0020611679093278665
v 0.0014982485436294548 -0.003707809961412623 -0.0020713909997480138
v 0.003606190600852877 -0.0013123826389227213 -0.0019371869727107815
v 0.0015198206561843899 -0.003522803704675948 -0.0019765165006402916
v 0.0027909635873668574 -0.0026332640059307803 -0.0019563829461548563
v -0.0006945872151571387 0.003939376385374894 -0.0022309445836183896
v -0.0006663870662513284 0.0037794505705062162 -0.0021371870755287916
v -0.0037587570303956328 0.0013682180337261098 -0.0021809446324196915
v -0.0033914541440132067 0.0021194806221243594 -0.0021904980646707552
v -0.002876954014369382 0.0027786909912819184 -0.0022007211550909025
v -0.002236750075889749 0.003315887079032798 -0.0022111677629239614
v -0.0014982151650291267 0.003708104408351232 -0.002221391151367326
v -0.003606157222252549 0.0013126767878381131 -0.0020871871243300934
v -0.0015197896617697995 0.003523107688357508 -0.002126522612723948
v -0.0027909349771380047 0.002633562029147996 -0.0021063857799831233
v -4.7683714754498405e-09 0.0038377674556277505 -0.0022309445836183896
v -0.0006945872151571387 0.003939376385374894 -0.0022309445836183896
v -0.0006663894504370661 0.0037794636835277737 -0.002137194526109222
v -0.0006945872151571387 0.003939376385374894 -0.0022684445470174132
v -4.7683714754498405e-09 0.0038377674556277505 -0.0022684445470174132
v -0.0006945872151571387 0.003939376385374894 -0.0022309445836183896
v -4.7683714754498405e-09 0.0038377674556277505 -0.0022309445836183896
v -0.0006663894504370661 0.0037794636835277737 -0.002362194604526581
v -0.0006945872151571387 0.003939376385374894 -0.0022684445470174132
v -4.7683714754498405e-09 0.0038377674556277505 -0.0022684445470174132
v -0.0038376044369279336 1.4713984126855504e-07 -0.0025097879206436593
v -0.0037260889174173255 0.0009185497257437615 -0.0025097879206436593
v -0.0033980273440921143 0.001783578057954205 -0.0025097879206436593
v -0.002872483666111148 0.002544960024693011 -0.0025097879206436593
v -0.0021799993027746827 0.0031584467777956986 -0.0025097879206436593
v -0.0013608216935212527 0.0035883843096706784 -0.0025097879206436593
v -0.0004625582591617495 0.003809786651809811 -0.0025097879206436593
v 0.0004625916377620776 0.003809786651809811 -0.0025097879206436593
v 0.0013608550721215809 0.0035883843096706784 -0.0025097879206436593
v 0.002180032681375011 0.0031584467777956986 -0.0025097879206436593
v 0.002872517044711476 0.002544960024693011 -0.0025097879206436593
v 0.0033980607226924424 0.001783578057954205 -0.0025097879206436593
v 0.0037261222960176536 0.0009185497257437615 -0.0025097879206436593
v 0.0038376378155282618 1.4713984126855504e-07 -0.0025097879206436593
v 0.0037261222960176536 -0.0009182554278167611 -0.0025097879206436593
v 0.0033980607226924424 -0.0017832839090388133 -0.0025097879206436593
v 0.002872517044711476 -0.002544665577754402 -0.0025097879206436593
v 0.002180032681375011 -0.0031581523308570896 -0.0025097879206436593
v 0.0013608550721215809 -0.0035880898627320694 -0.0025097879206436593
v 0.0004625916377620776 -0.003809492204871202 -0.0025097879206436593
v -0.0004625582591617495 -0.003809492204871202 -0.0025097879206436593
v -0.0013608216935212527 -0.0035880898627320694 -0.0025097879206436593
v -0.0021799993027746827 -0.0031581523308570896 -0.0025097879206436593
v -0.002872483666111148 -0.002544665577754402 -0.0025097879206436593
v -0.0033980273440921143 -0.0017832839090388133 -0.0025097879206436593
v -0.0037260889174173255 -0.0009182554278167611 -0.0025097879206436593
v 0.0036000155597921695 1.471392500970121e-07 -0.0025097879206436593
v 0.0034773492035862223 0.0009318957269513068 -0.0025097879206436593
v 0.0031177090901648445 0.001800147105750133 -0.0025097879206436593
v 0.0025455998805403728 0.002545731606802382 -0.0025097879206436593
v 0.0018000173166390356 0.0031178387302643333 -0.0025097879206436593
v 0.0009317660123460137 0.00347748003577858 -0.0025097879206436593
v 1.6689300164074442e-08 0.0036001472860541788 -0.0025097879206436593
v -0.0009317326337456856 0.00347748003577858 -0.0025097879206436593
v -0.0017999839380387075 0.0031178387302643333 -0.0025097879206436593
v -0.0025455665019400446 0.002545731606802382 -0.0025097879206436593
v -0.0031176757115645164 0.001800147105750133 -0.0025097879206436593
v -0.003477315824985894 0.0009318957269513068 -0.0025097879206436593
v -0.0035999821811918413 1.471392500970121e-07 -0.0025097879206436593
v -0.003477315824985894 -0.0009316014290243064 -0.0025097879206436593
v -0.0031176757115645164 -0.0017998529568347412 -0.0025097879206436593
v -0.0025455665019400446 -0.002545437159863773 -0.0025097879206436593
v -0.0017999839380387075 -0.0031175442833257243 -0.0025097879206436593
v -0.0009317326337456856 -0.003477185588839971 -0.0025097879206436593
v 1.6689300164074442e-08 -0.0035998528391155697 -0.0025097879206436593
v 0.0009317660123460137 -0.003477185588839971 -0.0025097879206436593
v 0.0018000173166390356 -0.0031175442833257243 -0.0025097879206436593
v 0.0025455998805403728 -0.002545437159863773 -0.0025097879206436593
v 0.0031177090901648445 -0.0017998529568347412 -0.0025097879206436593
v 0.0034773492035862223 -0.0009316014290243064 -0.0025097879206436593
v 0.0036000155597921695 1.4713984126855504e-07 -0.004509788054754107
v 0.0036000155597921695 1.471392500970121e-07 -0.0025097879206436593
v -0.0035999821811918413 1.4713984126855504e-07 -0.004509788054754107
v -0.003477315824985894 0.0009318957269513068 -0.004509788054754107
v -0.0031176757115645164 0.001800147105750133 -0.004509788054754107
v -0.0025455665019400446 0.002545731606802382 -0.004509788054754107
v -0.0017999839380387075 0.0031178387302643333 -0.004509788054754107
v -0.0009317326337456856 0.00347748003577858 -0.004509788054754107
v 1.6689300164074442e-08 0.0036001472860541788 -0.004509788054754107
v 0.0009317660123460137 0.00347748003577858 -0.004509788054754107
v 0.0018000173166390356 0.0031178387302643333 -0.004509788054754107
v 0.0025455998805403728 0.002545731606802382 -0.004509788054754107
v 0.0031177090901648445 0.001800147105750133 -0.004509788054754107
v 0.0034773492035862223 0.0009318957269513068 -0.004509788054754107
v -0.0035999821811918413 1.471392500970121e-07 -0.0025097879206436593
v 0.0034773492035862223 0.0009318957269513068 -0.0025097879206436593
v 0.0031177090901648445 0.001800147105750133 -0.0025097879206436593
v 0.0025455998805403728 0.002545731606802382 -0.0025097879206436593
v 0.0018000173166390356 0.0031178387302643333 -0.0025097879206436593
v 0.0009317660123460137 0.00347748003577858 -0.0025097879206436593
v 1.6689300164074442e-08 0.0036001472860541788 -0.0025097879206436593
v -0.0009317326337456856 0.00347748003577858 -0.0025097879206436593
v -0.0017999839380387075 0.0031178387302643333 -0.0025097879206436593
v -0.0025455665019400446 0.002545731606802382 -0.0025097879206436593
v -0.0031176757115645164 0.001800147105750133 -0.0025097879206436593
v -0.003477315824985894 0.0009318957269513068 -0.0025097879206436593
v -0.0035999821811918413 1.4713964117972512e-07 -0.0025097879206436593
v -0.003477315824985894 -0.0009316014290243064 -0.0025097879206436593
v -0.0031176757115645164 -0.0017998529568347412 -0.0025097879206436593
v -0.0025455665019400446 -0.002545437159863773 -0.0025097879206436593
v -0.0017999839380387075 -0.0031175442833257243 -0.0025097879206436593
v -0.0009317326337456856 -0.003477185588839971 -0.0025097879206436593
v 1.6689300164074442e-08 -0.0035998528391155697 -0.0025097879206436593
v 0.0009317660123460137 -0.003477185588839971 -0.0025097879206436593
v 0.0018000173166390356 -0.0031175442833257243 -0.0025097879206436593
v 0.0025455998805403728 -0.002545437159863773 -0.0025097879206436593
v 0.0031177090901648445 -0.0017998529568347412 -0.0025097879206436593
v 0.0034773492035862223 -0.0009316014290243064 -0.0025097879206436593
v 0.0036000155597921695 1.4713984126855504e-07 -0.0025097879206436593
v -0.0035999821811918413 1.4713984126855504e-07 -0.004509788054754107
v 0.0036000155597921695 1.4713984126855504e-07 -0.004509788054754107
v 0.0034773492035862223 -0.0009316014290243064 -0.004509788054754107
v 0.0031177090901648445 -0.0017998529568347412 -0.004509788054754107
v 0.0025455998805403728 -0.002545437159863773 -0.004509788054754107
v 0.0018000173166390356 -0.0031175442833257243 -0.004509788054754107
v 0.0009317660123460137 -0.003477185588839971 -0.004509788054754107
v 1.6689300164074442e-08 -0.0035998528391155697 -0.004509788054754107
v -0.0009317326337456856 -0.003477185588839971 -0.004509788054754107
v -0.0017999839380387075 -0.0031175442833257243 -0.004509788054754107
v -0.0025455665019400446 -0.002545437159863773 -0.004509788054754107
v -0.0031176757115645164 -0.0017998529568347412 -0.004509788054754107
v -0.003477315824985894 -0.0009316014290243064 -0.004509788054754107
v 0.0036000155597921695 1.4713984126855504e-07 -0.004509788054754107
v 0.0034773492035862223 -0.0009316014290243064 -0.004509788054754107
v 0.0031177090901648445 -0.0017998529568347412 -0.004509788054754107
v 0.0025455998805403728 -0.002545437159863773 -0.004509788054754107
v 0.0018000173166390356 -0.0031175442833257243 -0.004509788054754107
v 0.0009317660123460137 -0.003477185588839971 -0.004509788054754107
v 1.6689300164074442e-08 -0.0035998528391155697 -0.004509788054754107
v -0.0009317326337456856 -0.003477185588839971 -0.004509788054754107
v -0.0017999839380387075 -0.0031175442833257243 -0.004509788054754107
v -0.0025455665019400446 -0.002545437159863773 -0.004509788054754107
v -0.0031176757115645164 -0.0017998529568347412 -0.004509788054754107
v -0.003477315824985894 -0.0009316014290243064 -0.004509788054754107
v -0.0035999821811918413 1.4713984126855504e-07 -0.004509788054754107
v -0.003477315824985894 0.0009318957269513068 -0.004509788054754107
v -0.0031176757115645164 0.001800147105750133 -0.004509788054754107
v -0.0025455665019400446 0.002545731606802382 -0.004509788054754107
v -0.0017999839380387075 0.0031178387302643333 -0.004509788054754107
v -0.0009317326337456856 0.00347748003577858 -0.004509788054754107
v 1.6689300164074442e-08 0.0036001472860541788 -0.004509788054754107
v 0.0009317660123460137 0.00347748003577858 -0.004509788054754107
v 0.0018000173166390356 0.0031178387302643333 -0.004509788054754107
v 0.0025455998805403728 0.002545731606802382 -0.004509788054754107
v 0.0031177090901648445 0.001800147105750133 -0.004509788054754107
v 0.0034773492035862223 0.0009318957269513068 -0.004509788054754107
v -0.0035699843562397864 1.4713954113531016e-07 -0.004509788054754107
v -0.0034483384315295855 -0.0009238368066287751 -0.004509788054754107
v -0.00309169285539479 -0.0017848528522658449 -0.004509788054754107
v -0.002524354401431506 -0.0025242238672623656 -0.004509788054754107
v -0.0017849826413769423 -0.0030915635133185186 -0.004509788054754107
v -0.0009239673407979155 -0.003448207897360445 -0.004509788054754107
v 1.6689300164074442e-08 -0.003569852629977777 -0.004509788054754107
v 0.0009240007193982437 -0.003448207897360445 -0.004509788054754107
v 0.0017850160199772704 -0.0030915635133185186 -0.004509788054754107
v 0.002524387780031834 -0.0025242238672623656 -0.004509788054754107
v 0.0030917262339951184 -0.0017848528522658449 -0.004509788054754107
v 0.0034483718101299137 -0.0009238368066287751 -0.004509788054754107
v 0.0035700177348401145 1.4713954113531016e-07 -0.004509788054754107
v 0.0034483718101299137 0.0009241311045557755 -0.004509788054754107
v 0.0030917262339951184 0.0017851470011812367 -0.004509788054754107
v 0.002524387780031834 0.0025245183142009746 -0.004509788054754107
v 0.0017850160199772704 0.0030918579602571277 -0.004509788054754107
v 0.0009240007193982437 0.003448502344299054 -0.004509788054754107
v 1.6689300164074442e-08 0.003570147076916386 -0.004509788054754107
v -0.0009239673407979155 0.003448502344299054 -0.004509788054754107
v -0.0017849826413769423 0.0030918579602571277 -0.004509788054754107
v -0.002524354401431506 0.0025245183142009746 -0.004509788054754107
v -0.00309169285539479 0.0017851470011812367 -0.004509788054754107
v -0.0034483384315295855 0.0009241311045557755 -0.004509788054754107
v 0.0035553430716244176 1.4713984126855504e-07 -0.004789788019885391
v 0.003434197825919139 -0.0009200389477601879 -0.004789788019885391
v 0.0030790185240130445 -0.0017775158186812137 -0.004789788019885391
v 0.0025140118037012553 -0.0025138478909317867 -0.004789788019885391
v 0.0017776798804622909 -0.0030788552072900104 -0.004789788019885391
v 0.0009202027115180479 -0.0034340339131496704 -0.004789788019885391
v 1.6689300164074442e-08 -0.0035551785628085146 -0.004789788019885391
v -0.0009201693329177197 -0.0034340339131496704 -0.004789788019885391
v -0.0017776465018619627 -0.0030788552072900104 -0.004789788019885391
v -0.002513978425100927 -0.0025138478909317867 -0.004789788019885391
v -0.0030789851454127164 -0.0017775158186812137 -0.004789788019885391
v -0.003434164447318811 -0.0009200389477601879 -0.004789788019885391
v -0.0035553096930240895 1.4713984126855504e-07 -0.004789788019885391
v 0.0035700177348401145 1.4713924100206528e-07 -0.004509788054754107
v -0.0035699843562397864 1.4713984126855504e-07 -0.004509788054754107
v -0.0034483384315295855 -0.0009238368066287751 -0.004509788054754107
v -0.00309169285539479 -0.0017848528522658449 -0.004509788054754107
v -0.002524354401431506 -0.0025242238672623656 -0.004509788054754107
v -0.0017849826413769423 -0.0030915635133185186 -0.004509788054754107
v -0.0009239673407979155 -0.003448207897360445 -0.004509788054754107
v 1.6689300164074442e-08 -0.003569852629977777 -0.004509788054754107
v 0.0009240007193982437 -0.003448207897360445 -0.004509788054754107
v 0.0017850160199772704 -0.0030915635133185186 -0.004509788054754107
v 0.002524387780031834 -0.0025242238672623656 -0.004509788054754107
v 0.0030917262339951184 -0.0017848528522658449 -0.004509788054754107
v 0.0034483718101299137 -0.0009238368066287751 -0.004509788054754107
v -0.0035699843562397864 1.4713924100206528e-07 -0.004509788054754107
v -0.0035553096930240895 1.4713984126855504e-07 -0.004789788019885391
v 0.0035700177348401145 1.4713984126855504e-07 -0.004509788054754107
v 0.0034483718101299137 0.0009241311045557755 -0.004509788054754107
v 0.0030917262339951184 0.0017851470011812367 -0.004509788054754107
v 0.002524387780031834 0.0025245183142009746 -0.004509788054754107
v 0.0017850160199772704 0.0030918579602571277 -0.004509788054754107
v 0.0009240007193982437 0.003448502344299054 -0.004509788054754107
v 1.6689300164074442e-08 0.003570147076916386 -0.004509788054754107
v -0.0009239673407979155 0.003448502344299054 -0.004509788054754107
v -0.0017849826413769423 0.0030918579602571277 -0.004509788054754107
v -0.002524354401431506 0.0025245183142009746 -0.004509788054754107
v -0.00309169285539479 0.0017851470011812367 -0.004509788054754107
v -0.0034483384315295855 0.0009241311045557755 -0.004509788054754107
v 0.0035553430716244176 1.4713984126855504e-07 -0.004789788019885391
v -0.003434164447318811 0.0009203332456871883 -0.004789788019885391
v -0.0030789851454127164 0.0017778099675966055 -0.004789788019885391
v -0.002513978425100927 0.0025141423378703957 -0.004789788019885391
v -0.0017776465018619627 0.0030791496542286194 -0.004789788019885391
v -0.0009201693329177197 0.0034343283600882795 -0.004789788019885391
v 1.6689300164074442e-08 0.0035554730097471236 -0.004789788019885391
v 0.0009202027115180479 0.0034343283600882795 -0.004789788019885391
v 0.0017776798804622909 0.0030791496542286194 -0.004789788019885391
v 0.0025140118037012553 0.0025141423378703957 -0.004789788019885391
v 0.0030790185240130445 0.0017778099675966055 -0.004789788019885391
v 0.003434197825919139 0.0009203332456871883 -0.004789788019885391
v 0.0035553430716244176 1.4713984126855504e-07 -0.004789788019885391
v 0.003434197825919139 -0.0009200389477601879 -0.004789788019885391
v 0.0030790185240130445 -0.0017775158186812137 -0.004789788019885391
v 0.0025140118037012553 -0.0025138478909317867 -0.004789788019885391
v 0.0017776798804622909 -0.0030788552072900104 -0.004789788019885391
v 0.0009202027115180479 -0.0034340339131496704 -0.004789788019885391
v 1.6689300164074442e-08 -0.0035551785628085146 -0.004789788019885391
v -0.0009201693329177197 -0.0034340339131496704 -0.004789788019885391
v -0.0017776465018619627 -0.0030788552072900104 -0.004789788019885391
v -0.002513978425100927 -0.0025138478909317867 -0.004789788019885391
v -0.0030789851454127164 -0.0017775158186812137 -0.004789788019885391
v -0.003434164447318811 -0.0009200389477601879 -0.004789788019885391
v -0.0035553096930240895 1.4713984126855504e-07 -0.004789788019885391
v -0.003434164447318811 0.0009203332456871883 -0.004789788019885391
v -0.0030789851454127164 0.0017778099675966055 -0.004789788019885391
v -0.002513978425100927 0.0025141423378703957 -0.004789788019885391
v -0.0017776465018619627 0.0030791496542286194 -0.004789788019885391
v -0.0009201693329177197 0.0034343283600882795 -0.004789788019885391
v 1.6689300164074442e-08 0.0035554730097471236 -0.004789788019885391
v 0.0009202027115180479 0.0034343283600882795 -0.004789788019885391
v 0.0017776798804622909 0.0030791496542286194 -0.004789788019885391
v 0.0025140118037012553 0.0025141423378703957 -0.004789788019885391
v 0.0030790185240130445 0.0017778099675966055 -0.004789788019885391
v 0.003434197825919139 0.0009203332456871883 -0.004789788019885391
v 1.6689300164074442e-08 0.0022751470891725916 -0.004789788019885391
v -0.0008705878063159923 0.002101972950205811 -0.004789788019885391
v -0.001608650648400545 0.0016088150082048394 -0.004789788019885391
v -0.002101809931505994 0.0008707519426028738 -0.004789788019885391
v -0.0022749828783799057 1.4713984126855504e-07 -0.004789788019885391
v 1.6689300164074442e-08 -0.0022748529402571997 -0.004789788019885391
v 0.0008706211849163205 -0.002101678801290419 -0.004789788019885391
v 0.001608684027000873 -0.0016085208592894475 -0.004789788019885391
v 0.002101843310106322 -0.0008704576446758734 -0.004789788019885391
v 0.002275016256980234 1.4713984126855504e-07 -0.004789788019885391
v 0.002101843310106322 0.0008707519426028738 -0.004789788019885391
v 0.001608684027000873 0.0016088150082048394 -0.004789788019885391
v 0.0008706211849163205 0.002101972950205811 -0.004789788019885391
v -0.002101809931505994 -0.0008704576446758734 -0.004789788019885391
v -0.001608650648400545 -0.0016085208592894475 -0.004789788019885391
v -0.0008705878063159923 -0.002101678801290419 -0.004789788019885391
v 1.6689300164074442e-08 -0.0022748529402571997 -0.004759787810747598
v -0.0008705878063159923 -0.002101678801290419 -0.004759787810747598
v -0.001608650648400545 -0.0016085208592894475 -0.004759787810747598
v -0.002101809931505994 -0.0008704576446758734 -0.004759787810747598
v -0.0022749828783799057 1.4713984126855504e-07 -0.004759787810747598
v -0.002101809931505994 0.0008707519426028738 -0.004759787810747598
v -0.001608650648400545 0.0016088150082048394 -0.004759787810747598
v -0.0008705878063159923 0.002101972950205811 -0.004759787810747598
v 1.6689300164074442e-08 0.0022751470891725916 -0.004759787810747598
v 1.6689300164074442e-08 0.0022751470891725916 -0.004789788019885391
v -0.0008705878063159923 0.002101972950205811 -0.004789788019885391
v -0.001608650648400545 0.0016088150082048394 -0.004789788019885391
v -0.002101809931505994 0.0008707519426028738 -0.004789788019885391
v -0.0022749828783799057 1.4713984126855504e-07 -0.004789788019885391
v -0.002101809931505994 -0.0008704576446758734 -0.004789788019885391
v -0.001608650648400545 -0.0016085208592894475 -0.004789788019885391
v -0.0008705878063159923 -0.002101678801290419 -0.004789788019885391
v 1.6689300164074442e-08 -0.0022748529402571997 -0.004789788019885391
v 1.6689300164074442e-08 0.0022751470891725916 -0.004759787810747598
v 0.0008706211849163205 0.002101972950205811 -0.004759787810747598
v 0.001608684027000873 0.0016088150082048394 -0.004759787810747598
v 0.002101843310106322 0.0008707519426028738 -0.004759787810747598
v 0.002275016256980234 1.4713984126855504e-07 -0.004759787810747598
v 0.002101843310106322 -0.0008704576446758734 -0.004759787810747598
v 0.001608684027000873 -0.0016085208592894475 -0.004759787810747598
v 0.0008706211849163205 -0.002101678801290419 -0.004759787810747598
v 1.6689300164074442e-08 -0.0022748529402571997 -0.004759787810747598
v -0.0008705878063159923 -0.002101678801290419 -0.004759787810747598
v -0.001608650648400545 -0.0016085208592894475 -0.004759787810747598
v -0.002101809931505994 -0.0008704576446758734 -0.004759787810747598
v -0.0022749828783799057 1.4713984126855504e-07 -0.004759787810747598
v -0.002101809931505994 0.0008707519426028738 -0.004759787810747598
v -0.001608650648400545 0.0016088150082048394 -0.004759787810747598
v -0.0008705878063159923 0.002101972950205811 -0.004759787810747598
v 1.6689300164074442e-08 -0.0022048839433889693 -0.004759787810747598
v 0.0009567427421344201 -0.001986517116728787 -0.004759787810747598
v 0.0017239784809057748 -0.0013746672561466557 -0.004759787810747598
v 0.0021497630592488552 -0.0004905183876189949 -0.004759787810747598
v 0.0021497630592488552 0.0004908126855459953 -0.004759787810747598
v 0.0017239784809057748 0.0013749614050620476 -0.004759787810747598
v 0.0009567427421344201 0.0019868112656441787 -0.004759787810747598
v 1.6689300164074442e-08 0.002205178092304361 -0.004759787810747598
v -0.000956709363534092 0.0019868112656441787 -0.004759787810747598
v -0.0017239451023054466 0.0013749614050620476 -0.004759787810747598
v -0.002149729680648527 0.0004908126855459953 -0.004759787810747598
v -0.002149729680648527 -0.0004905183876189949 -0.004759787810747598
v -0.0017239451023054466 -0.0013746672561466557 -0.004759787810747598
v -0.000956709363534092 -0.001986517116728787 -0.004759787810747598
v 1.6689300164074442e-08 -0.0022748529402571997 -0.004789788019885391
v 1.6689300164074442e-08 -0.0022748529402571997 -0.004759787810747598
v 0.0008706211849163205 -0.002101678801290419 -0.004789788019885391
v 0.001608684027000873 -0.0016085208592894475 -0.004789788019885391
v 0.002101843310106322 -0.0008704576446758734 -0.004789788019885391
v 0.002275016256980234 1.4713984126855504e-07 -0.004789788019885391
v 0.002101843310106322 0.0008707519426028738 -0.004789788019885391
v 0.001608684027000873 0.0016088150082048394 -0.004789788019885391
v 0.0008706211849163205 0.002101972950205811 -0.004789788019885391
v 1.6689300164074442e-08 0.0022751470891725916 -0.004789788019885391
v 1.6689300164074442e-08 0.0022751470891725916 -0.004759787810747598
v 0.0008706211849163205 0.002101972950205811 -0.004759787810747598
v 0.001608684027000873 0.0016088150082048394 -0.004759787810747598
v 0.002101843310106322 0.0008707519426028738 -0.004759787810747598
v 0.002275016256980234 1.4713984126855504e-07 -0.004759787810747598
v 0.002101843310106322 -0.0008704576446758734 -0.004759787810747598
v 0.001608684027000873 -0.0016085208592894475 -0.004759787810747598
v 0.0008706211849163205 -0.002101678801290419 -0.004759787810747598
v 1.6689300164074442e-08 -0.0022048839433889693 -0.004759787810747598
v 1.6689300164074442e-08 -0.002099852813038539 -0.004609787957151504
v 0.0009567427421344201 -0.001986517116728787 -0.004759787810747598
v 0.0017239784809057748 -0.0013746672561466557 -0.004759787810747598
v 0.0021497630592488552 -0.0004905183876189949 -0.004759787810747598
v 0.0021497630592488552 0.0004908126855459953 -0.004759787810747598
v 0.0017239784809057748 0.0013749614050620476 -0.004759787810747598
v 0.0009567427421344201 0.0019868112656441787 -0.004759787810747598
v 1.6689300164074442e-08 0.002205178092304361 -0.004759787810747598
v 1.6689300164074442e-08 0.002100146961953931 -0.004609787957151504
v 0.0009111714159435459 -0.0018918874436940074 -0.004609787957151504
v 0.001641862355727053 -0.0013091814225349998 -0.004609787957151504
v 0.0020473646659993077 -0.00046714681087851184 -0.004609787957151504
v 0.0020473646659993077 0.00046744110880551226 -0.004609787957151504
v 0.001641862355727053 0.0013094755714503916 -0.004609787957151504
v 0.0009111714159435459 0.0018921815926093992 -0.004609787957151504
v 1.6689300164074442e-08 0.002100146961953931 -0.004609787957151504
v -0.0009111380373432177 0.0018921815926093992 -0.004609787957151504
v -0.001641828977126725 0.0013094755714503916 -0.004609787957151504
v -0.0020473312873989795 0.00046744110880551226 -0.004609787957151504
v -0.0020473312873989795 -0.00046714681087851184 -0.004609787957151504
v -0.001641828977126725 -0.0013091814225349998 -0.004609787957151504
v -0.0009111380373432177 -0.0018918874436940074 -0.004609787957151504
v 1.6689300164074442e-08 -0.002099852813038539 -0.004609787957151504
v 1.6689300164074442e-08 0.002205178092304361 -0.004759787810747598
v -0.000956709363534092 0.0019868112656441787 -0.004759787810747598
v -0.0017239451023054466 0.0013749614050620476 -0.004759787810747598
v -0.002149729680648527 0.0004908126855459953 -0.004759787810747598
v -0.002149729680648527 -0.0004905183876189949 -0.004759787810747598
v -0.0017239451023054466 -0.0013746672561466557 -0.004759787810747598
v -0.000956709363534092 -0.001986517116728787 -0.004759787810747598
v 1.6689300164074442e-08 -0.0022048839433889693 -0.004759787810747598
v 1.6689300164074442e-08 0.002100146961953931 -0.004609787957151504
v -0.0009111380373432177 0.0018921815926093992 -0.004609787957151504
v -0.001641828977126725 0.0013094755714503916 -0.004609787957151504
v -0.0020473312873989795 0.00046744110880551226 -0.004609787957151504
v -0.0020473312873989795 -0.00046714681087851184 -0.004609787957151504
v -0.001641828977126725 -0.0013091814225349998 -0.004609787957151504
v -0.0009111380373432177 -0.0018918874436940074 -0.004609787957151504
v 1.6689300164074442e-08 -0.002099852813038539 -0.004609787957151504
v 1.6689300164074442e-08 -0.0023458457958881744 -0.0043550549964221945
v -0.0008977556027973678 -0.0021672677509352316 -0.0043550549964221945
v -0.0016588496791083431 -0.0016587203370320716 -0.0043550549964221945
v -0.0021673988811508065 -0.0008976254411572488 -0.0043550549964221945
v -0.0023459767770921407 1.4713984126855504e-07 -0.0043550549964221945
v -0.0021673988811508065 0.0008979197390842493 -0.0043550549964221945
v -0.0016588496791083431 0.0016590144859474634 -0.0043550549964221945
v -0.0008977556027973678 0.0021675618998506234 -0.0043550549964221945
v 1.6689300164074442e-08 0.0023461399448035662 -0.0043550549964221945
v 1.6689300164074442e-08 0.0023461399448035662 -0.0043550549964221945
v 1.6689300164074442e-08 0.002100146961953931 -0.004609787957151504
v 0.0008977889813976959 0.0021675618998506234 -0.0043550549964221945
v 0.0016588830577086713 0.0016590144859474634 -0.0043550549964221945
v 0.0021674322597511346 0.0008979197390842493 -0.0043550549964221945
v 0.002346010155692469 1.4713984126855504e-07 -0.0043550549964221945
v 0.0021674322597511346 -0.0008976254411572488 -0.0043550549964221945
v 0.0016588830577086713 -0.0016587203370320716 -0.0043550549964221945
v 0.0008977889813976959 -0.0021672677509352316 -0.0043550549964221945
v 1.6689300164074442e-08 -0.0023458457958881744 -0.0043550549964221945
v 1.6689300164074442e-08 -0.002099852813038539 -0.004609787957151504
v 0.0009111714159435459 -0.0018918874436940074 -0.004609787957151504
v 0.001641862355727053 -0.0013091814225349998 -0.004609787957151504
v 0.0020473646659993077 -0.00046714681087851184 -0.004609787957151504
v 0.0020473646659993077 0.00046744110880551226 -0.004609787957151504
v 0.001641862355727053 0.0013094755714503916 -0.004609787957151504
v 0.0009111714159435459 0.0018921815926093992 -0.004609787957151504
v 1.6689300164074442e-08 -0.0023818128768694495 -0.004339787863050673
v 1.6689300164074442e-08 -0.0023685910768376788 -0.004341567657703885
v 1.6689300164074442e-08 -0.002356310732149092 -0.004346780381796203
v 1.6689300164074442e-08 -0.0023458457958881744 -0.0043550549964221945
v 1.6689300164074442e-08 0.0023821070257848413 -0.004339787863050673
v 0.0009115528856615819 0.0022007911905469473 -0.004339787863050673
v 0.0016843175511587207 0.001684447042246601 -0.004339787863050673
v 0.002200660656377807 0.0009116837923597438 -0.004339787863050673
v 0.0023819755975460493 1.4713984126855504e-07 -0.004339787863050673
v 0.002200660656377807 -0.0009113894944327434 -0.004339787863050673
v 0.0016843175511587207 -0.001684152893331209 -0.004339787863050673
v 0.0009115528856615819 -0.0022004970416315555 -0.004339787863050673
v 1.6689300164074442e-08 0.0023688852257530706 -0.004341567657703885
v 1.6689300164074442e-08 0.002356604881064484 -0.004346780381796203
v 1.6689300164074442e-08 0.0023461399448035662 -0.0043550549964221945
v 0.0008977889813976959 0.0021675618998506234 -0.0043550549964221945
v 0.0016588830577086713 0.0016590144859474634 -0.0043550549964221945
v 0.0021674322597511346 0.0008979197390842493 -0.0043550549964221945
v 0.002346010155692469 1.4713984126855504e-07 -0.0043550549964221945
v 0.0021674322597511346 -0.0008976254411572488 -0.0043550549964221945
v 0.0016588830577086713 -0.0016587203370320716 -0.0043550549964221945
v 0.0008977889813976959 -0.0021672677509352316 -0.0043550549964221945
v 0.0009017944134370738 0.0021772302200519238 -0.004346780381796203
v 0.0009064936435261296 0.0021885758149197136 -0.004341567657703885
v 0.0016662835702385694 0.001666414402430927 -0.004346780381796203
v 0.0016749667746953636 0.0016750979049109385 -0.004341567657703885
v 0.002177100132917609 0.0009019245005713884 -0.004346780381796203
v 0.002188446472843442 0.0009066240286836614 -0.004341567657703885
v 0.0023564743468953435 1.4713984126855504e-07 -0.004346780381796203
v 0.0023687552876303646 1.4713984126855504e-07 -0.004341567657703885
v 0.002177100132917609 -0.000901630202644388 -0.004346780381796203
v 0.002188446472843442 -0.000906329730756661 -0.004341567657703885
v 0.0016662835702385694 -0.0016661202535155353 -0.004346780381796203
v 0.0016749667746953636 -0.0016748037559955466 -0.004341567657703885
v 0.0009017944134370738 -0.002176936071136532 -0.004346780381796203
v 0.0009064936435261296 -0.002188281666004322 -0.004341567657703885
v 1.6689300164074442e-08 -0.0023458457958881744 -0.0043550549964221945
v -0.0008977556027973678 -0.0021672677509352316 -0.0043550549964221945
v -0.0016588496791083431 -0.0016587203370320716 -0.0043550549964221945
v -0.0021673988811508065 -0.0008976254411572488 -0.0043550549964221945
v -0.0023459767770921407 1.4713984126855504e-07 -0.0043550549964221945
v -0.0021673988811508065 0.0008979197390842493 -0.0043550549964221945
v -0.0016588496791083431 0.0016590144859474634 -0.0043550549964221945
v -0.0008977556027973678 0.0021675618998506234 -0.0043550549964221945
v 1.6689300164074442e-08 0.0023461399448035662 -0.0043550549964221945
v 1.6689300164074442e-08 0.0023821070257848413 -0.004339787863050673
v 1.6689300164074442e-08 0.0023688852257530706 -0.004341567657703885
v 1.6689300164074442e-08 0.002356604881064484 -0.004346780381796203
v -0.002381942218945721 1.4713984126855504e-07 -0.004339787863050673
v -0.0022006272777774787 0.0009116837923597438 -0.004339787863050673
v -0.0016842841725583926 0.001684447042246601 -0.004339787863050673
v -0.0009115195070612537 0.0022007911905469473 -0.004339787863050673
v 1.6689300164074442e-08 -0.0023818128768694495 -0.004339787863050673
v -0.0009115195070612537 -0.0022004970416315555 -0.004339787863050673
v -0.0016842841725583926 -0.001684152893331209 -0.004339787863050673
v -0.0022006272777774787 -0.0009113894944327434 -0.004339787863050673
v 1.6689300164074442e-08 -0.0023685910768376788 -0.004341567657703885
v 1.6689300164074442e-08 -0.002356310732149092 -0.004346780381796203
v -0.0009017610348367456 -0.002176936071136532 -0.004346780381796203
v -0.0009064602649258014 -0.002188281666004322 -0.004341567657703885
v -0.0016662501916382413 -0.0016661202535155353 -0.004346780381796203
v -0.0016749333960950354 -0.0016748037559955466 -0.004341567657703885
v -0.002177066754317281 -0.000901630202644388 -0.004346780381796203
v -0.002188413094243114 -0.000906329730756661 -0.004341567657703885
v -0.0023564409682950154 1.4713984126855504e-07 -0.004346780381796203
v -0.0023687219090300364 1.4713984126855504e-07 -0.004341567657703885
v -0.002177066754317281 0.0009019245005713884 -0.004346780381796203
v -0.002188413094243114 0.0009066240286836614 -0.004341567657703885
v -0.0016662501916382413 0.001666414402430927 -0.004346780381796203
v -0.0016749333960950354 0.0016750979049109385 -0.004341567657703885
v -0.0009017610348367456 0.0021772302200519238 -0.004346780381796203
v -0.0009064602649258014 0.0021885758149197136 -0.004341567657703885
v 1.6689300164074442e-08 0.0023821070257848413 -0.004339787863050673
v 0.0009115528856615819 0.0022007911905469473 -0.004339787863050673
v 0.0016843175511587207 0.001684447042246601 -0.004339787863050673
v 0.002200660656377807 0.0009116837923597438 -0.004339787863050673
v 0.0023819755975460493 1.4713984126855504e-07 -0.004339787863050673
v 0.002200660656377807 -0.0009113894944327434 -0.004339787863050673
v 0.0016843175511587207 -0.001684152893331209 -0.004339787863050673
v 0.0009115528856615819 -0.0022004970416315555 -0.004339787863050673
v 1.6689300164074442e-08 -0.0023818128768694495 -0.004339787863050673
v -0.002381942218945721 1.4713984126855504e-07 -0.004339787863050673
v -0.0022006272777774787 0.0009116837923597438 -0.004339787863050673
v -0.0016842841725583926 0.001684447042246601 -0.004339787863050673
v -0.0009115195070612537 0.0022007911905469473 -0.004339787863050673
v -0.0009115195070612537 -0.0022004970416315555 -0.004339787863050673
v -0.0016842841725583926 -0.001684152893331209 -0.004339787863050673
v -0.0022006272777774787 -0.0009113894944327434 -0.004339787863050673
v 1.6689300164074442e-08 0.0023279229776280446 -0.004339787863050673
v -0.0008907842437002601 0.002150731634704806 -0.004339787863050673
v -0.0016459703077531531 0.0016461331774413614 -0.004339787863050673
v -0.0021505689140282063 0.0008909484544929459 -0.004339787863050673
v -0.0023277592138701846 1.4713984126855504e-07 -0.004339787863050673
v -0.0021505689140282063 -0.0008906541565659455 -0.004339787863050673
v -0.0016459703077531531 -0.0016458390285259696 -0.004339787863050673
v -0.0008907842437002601 -0.002150437485789414 -0.004339787863050673
v 1.6689300164074442e-08 -0.0023276288287126527 -0.004339787863050673
v 0.0008908176223005882 -0.002150437485789414 -0.004339787863050673
v 0.0016460036863534813 -0.0016458390285259696 -0.004339787863050673
v 0.0021506022926285344 -0.0008906541565659455 -0.004339787863050673
v 0.0023277925924705127 1.4713984126855504e-07 -0.004339787863050673
v 0.0021506022926285344 0.0008909484544929459 -0.004339787863050673
v 0.0016460036863534813 0.0016461331774413614 -0.004339787863050673
v 0.0008908176223005882 0.002150731634704806 -0.004339787863050673
v -0.0021699833384905003 1.4713984126855504e-07 -0.004503372806980324
v -0.0020048021822094424 0.0008305701427779312 -0.004503372806980324
v -0.0015344047203420532 0.0015345687821231304 -0.004503372806980324
v -0.0008304071240781142 0.002004965647944085 -0.004503372806980324
v 1.6689300164074442e-08 0.0021701469532367517 -0.004503372806980324
v 1.6689300164074442e-08 -0.00216985280432136 -0.004503372806980324
v -0.0008304071240781142 -0.0020046714990286933 -0.004503372806980324
v -0.0015344047203420532 -0.0015342746332077386 -0.004503372806980324
v -0.0020048021822094424 -0.0008302758448509308 -0.004503372806980324
v 1.6689300164074442e-08 -0.0023276288287126527 -0.004339787863050673
v 1.6689300164074442e-08 0.0023279229776280446 -0.004339787863050673
v -0.0008907842437002601 0.002150731634704806 -0.004339787863050673
v -0.0016459703077531531 0.0016461331774413614 -0.004339787863050673
v -0.0021505689140282063 0.0008909484544929459 -0.004339787863050673
v -0.0023277592138701846 1.4713984126855504e-07 -0.004339787863050673
v -0.0021505689140282063 -0.0008906541565659455 -0.004339787863050673
v -0.0016459703077531531 -0.0016458390285259696 -0.004339787863050673
v -0.0008907842437002601 -0.002150437485789414 -0.004339787863050673
v 1.6689300164074442e-08 0.0023279229776280446 -0.004339787863050673
v 1.6689300164074442e-08 0.0021701469532367517 -0.004503372806980324
v 1.6689300164074442e-08 -0.0023276288287126527 -0.004339787863050673
v 0.0008908176223005882 -0.002150437485789414 -0.004339787863050673
v 0.0016460036863534813 -0.0016458390285259696 -0.004339787863050673
v 0.0021506022926285344 -0.0008906541565659455 -0.004339787863050673
v 0.0023277925924705127 1.4713984126855504e-07 -0.004339787863050673
v 0.0021506022926285344 0.0008909484544929459 -0.004339787863050673
v 0.0016460036863534813 0.0016461331774413614 -0.004339787863050673
v 0.0008908176223005882 0.002150731634704806 -0.004339787863050673
v 1.6689300164074442e-08 -0.00216985280432136 -0.004503372806980324
v 0.0009415435580564238 0.0019552494148481763 -0.004503372806980324
v 0.0016965913393365286 0.0013531198795187496 -0.004503372806980324
v 0.0021156095985559458 0.0004830175530236015 -0.004503372806980324
v 0.0021156095985559458 -0.0004827232550966011 -0.004503372806980324
v 0.0016965913393365286 -0.0013528257306033578 -0.004503372806980324
v 0.0009415435580564238 -0.0019549552659327844 -0.004503372806980324
v 1.6689300164074442e-08 1.4713984126855504e-07 -0.004550470012043342
v 1.6689300164074442e-08 -0.0011104712387069034 -0.004730260564455527
v 1.6689300164074442e-08 -0.00216985280432136 -0.004503372806980324
v 1.6689300164074442e-08 1.4713984126855504e-07 -0.004550470012043342
v 1.6689300164074442e-08 0.0011107655366339039 -0.004730260564455527
v 1.6689300164074442e-08 0.0021701469532367517 -0.004503372806980324
v 0.0009415435580564238 0.0019552494148481763 -0.004503372806980324
v 0.0016965913393365286 0.0013531198795187496 -0.004503372806980324
v 0.0021156095985559458 0.0004830175530236015 -0.004503372806980324
v 0.0021156095985559458 -0.0004827232550966011 -0.004503372806980324
v 0.0016965913393365286 -0.0013528257306033578 -0.004503372806980324
v 0.0009415435580564238 -0.0019549552659327844 -0.004503372806980324
v 0.00048189638968043635 0.001000779770297264 -0.004730260564455527
v 0.0008683323666081045 0.0006926064038439151 -0.004730260564455527
v 0.0010827898737164612 0.00024728299497180436 -0.004730260564455527
v 0.0010827898737164612 -0.00024698869704480394 -0.004730260564455527
v 0.0008683323666081045 -0.0006923121059169147 -0.004730260564455527
v 0.00048189638968043635 -0.0010004854723702635 -0.004730260564455527
v 0.0007255339460328082 0.0015066989919536036 -0.004744810951989645
v 0.00037210463645820374 0.00163036938837835 -0.004744810951989645
v 0.0010425829654354681 0.0013074838822897397 -0.004744810951989645
v 0.0013073539441670336 0.0010427134996046086 -0.004744810951989645
v 0.0015065693518541148 0.00072566433119034 -0.004744810951989645
v 0.001630239450255644 0.0003722347608454205 -0.004744810951989645
v 0.001672162972267799 1.4713984126855504e-07 -0.004744810951989645
v 0.001630239450255644 -0.0003719404629184201 -0.004744810951989645
v 0.0015065693518541148 -0.0007253700332633396 -0.004744810951989645
v 0.0013073539441670336 -0.0010424192016776081 -0.004744810951989645
v 0.0010425829654354681 -0.0013071897333743478 -0.004744810951989645
v 0.0007255339460328082 -0.0015064048430382118 -0.004744810951989645
v 0.00037210463645820374 -0.0016300752394629583 -0.004744810951989645
v 0.000641376957862594 0.0018330463357333906 -0.004666358128196937
v 0.00021743773928051271 0.0019298074708176964 -0.004666358128196937
v 0.0008425617029690359 0.0017497118916426915 -0.004666358128196937
v 0.001033153510842766 0.0016443758835410496 -0.004666358128196937
v 0.001373126476113651 0.0013732568612711828 -0.004666358128196937
v 0.001518232788483065 0.0012108836052369262 -0.004666358128196937
v 0.001644246541464778 0.0010332845665525366 -0.004666358128196937
v 0.0018329166956339018 0.0006415062999388655 -0.004666358128196937
v 0.0018932008320122766 0.0004322539918365926 -0.004666358128196937
v 0.0019296764896137302 0.00021756765877676765 -0.004666358128196937
v 0.0019296764896137302 -0.00021727336084976723 -0.004666358128196937
v 0.0018932008320122766 -0.00043195969390959216 -0.004666358128196937
v 0.0018329166956339018 -0.0006412120020118651 -0.004666358128196937
v 0.001644246541464778 -0.0010329902686255362 -0.004666358128196937
v 0.001518232788483065 -0.0012105893073099257 -0.004666358128196937
v 0.001373126476113651 -0.001372962712355791 -0.004666358128196937
v 0.001033153510842766 -0.0016440817346256578 -0.004666358128196937
v 0.0008425617029690359 -0.0017494177427272997 -0.004666358128196937
v 0.000641376957862594 -0.0018327521868179988 -0.004666358128196937
v 0.00021743773928051271 -0.0019295133219023046 -0.004666358128196937
v 8.590936468744205e-05 0.0015296044603823613 -0.004758212758044614
v 8.590936468744205e-05 -0.0015293103114669695 -0.004758212758044614
v 5.265474201765486e-05 0.00187626238443861 -0.004693468108174173
v 5.265474201765486e-05 -0.0018759682355232181 -0.004693468108174173
v 2.1007060535094272e-05 0.0014966277443626277 -0.004759410513354603
v 2.1007060535094272e-05 -0.0014963335954472359 -0.004759410513354603
v 1.3060569471257112e-05 0.0018603734256243678 -0.00469940771089328
v 1.3060569471257112e-05 -0.001860079276708976 -0.00469940771089328
v 1.6689300164074442e-08 -0.00216985280432136 -0.004503372806980324
v -0.0008304071240781142 -0.0020046714990286933 -0.004503372806980324
v -0.0015344047203420532 -0.0015342746332077386 -0.004503372806980324
v -0.0020048021822094424 -0.0008302758448509308 -0.004503372806980324
v -0.0021699833384905003 1.4713984126855504e-07 -0.004503372806980324
v -0.0020048021822094424 0.0008305701427779312 -0.004503372806980324
v -0.0015344047203420532 0.0015345687821231304 -0.004503372806980324
v -0.0008304071240781142 0.002004965647944085 -0.004503372806980324
v 1.6689300164074442e-08 0.0021701469532367517 -0.004503372806980324
v 1.6689300164074442e-08 1.4713984126855504e-07 -0.004550470012043342
v 1.6689300164074442e-08 0.0011107655366339039 -0.004730260564455527
v 1.6689300164074442e-08 1.4713984126855504e-07 -0.004550470012043342
v 1.6689300164074442e-08 -0.0011104712387069034 -0.004730260564455527
v -0.0004249977970496311 -0.0010259304711387198 -0.004730260564455527
v -0.0007853102508490474 -0.0007851786735986467 -0.004730260564455527
v -0.0010260605582730344 -0.00042486811969724014 -0.004730260564455527
v -0.0011106014003470224 1.4713984126855504e-07 -0.004730260564455527
v -0.0010260605582730344 0.00042516241762424056 -0.004730260564455527
v -0.0007853102508490474 0.0007854729715256471 -0.004730260564455527
v -0.0004249977970496311 0.0010262247690657202 -0.004730260564455527
v -0.0006398868417765159 -0.0015447148335416274 -0.004744810951989645
v -0.00032620190844978586 -0.0016398696234851409 -0.004744810951989645
v -0.0009289788992186133 -0.0013901920305894602 -0.004744810951989645
v -0.001182370159424018 -0.001182239029208443 -0.004744810951989645
v -0.0013903212236541231 -0.0009288476944972341 -0.004744810951989645
v -0.0015448450696875506 -0.0006397556370551367 -0.004744810951989645
v -0.00164000030666589 -0.0003260724546148078 -0.004744810951989645
v -0.001672129593667471 1.4713984126855504e-07 -0.004744810951989645
v -0.00164000030666589 0.00032636675254180825 -0.004744810951989645
v -0.0015448450696875506 0.0006400499349821371 -0.004744810951989645
v -0.0013903212236541231 0.0009291419924242346 -0.004744810951989645
v -0.001182370159424018 0.0011825333271354435 -0.004744810951989645
v -0.0009289788992186133 0.001390486179504852 -0.004744810951989645
v -0.0006398868417765159 0.0015450089824570192 -0.004744810951989645
v -0.00032620190844978586 0.0016401637724005327 -0.004744810951989645
v -0.00019032001069962948 -0.0019323727056598798 -0.004666358128196937
v -0.0005636787288558766 -0.0018581071080690517 -0.004666358128196937
v -0.0007431053949198408 -0.0017939073936512897 -0.004666358128196937
v -0.0009153747353991549 -0.0017124297832154525 -0.004666358128196937
v -0.0012318920813823022 -0.0015009390972344774 -0.004666358128196937
v -0.0013730930975133229 -0.001372962712355791 -0.004666358128196937
v -0.0015010690353571834 -0.0012317624412828134 -0.004666358128196937
v -0.0017125606154078101 -0.0009152442757358188 -0.004666358128196937
v -0.0017940377788088215 -0.0007429744882216789 -0.004666358128196937
v -0.0018582367481685404 -0.0005635480829280297 -0.004666358128196937
v -0.001932504133898672 -0.00019018943927758689 -0.004666358128196937
v -0.001941854910362029 1.4713984126855504e-07 -0.004666358128196937
v -0.001932504133898672 0.0001904837372045873 -0.004666358128196937
v -0.0018582367481685404 0.0005638423808550301 -0.004666358128196937
v -0.0017940377788088215 0.0007432687861486793 -0.004666358128196937
v -0.0017125606154078101 0.0009155385736628192 -0.004666358128196937
v -0.0015010690353571834 0.0012320567392098138 -0.004666358128196937
v -0.0013730930975133229 0.0013732568612711828 -0.004666358128196937
v -0.0012318920813823022 0.0015012332461498692 -0.004666358128196937
v -0.0009153747353991549 0.0017127239321308443 -0.004666358128196937
v -0.0007431053949198408 0.0017942015425666815 -0.004666358128196937
v -0.0005636787288558766 0.0018584012569844435 -0.004666358128196937
v -0.00019032001069962948 0.0019326668545752716 -0.004666358128196937
v -7.514953445308949e-05 -0.001529875065463593 -0.004758212758044614
v -7.514953445308949e-05 0.001530169214378985 -0.004758212758044614
v -4.604339496694366e-05 -0.0018761412380008118 -0.004693468108174173
v -4.604339496694366e-05 0.0018764353869162036 -0.004693468108174173
v -1.8348693437530986e-05 -0.0014963681661404329 -0.004759410513354603
v -1.8348693437530986e-05 0.0014966623150558247 -0.004759410513354603
v -1.1398792012062843e-05 -0.0018600900055447957 -0.00469940771089328
v -1.1398792012062843e-05 0.0018603841544601876 -0.00469940771089328
v 0.003606190600852877 -0.0013123826389227213 -0.0013371869622799688
v 0.0038374756908980965 1.508382195361263e-07 -0.0013211530151705515
v 0.003758790408995961 -0.001367923884810718 -0.0014309444703695668
v 0.003999850660565852 1.5084211217336287e-07 -0.0014149146955851905
v 0.003972465903182344 -0.0004641919851856233 -0.0014204749147487823
v 0.0038919304931477336 -0.0009223209860402122 -0.0014258438030069216
v 0.0030641888887243955 0.002571305277094871 -0.0013809445191708687
v 0.003574042240365394 0.0017948573426561645 -0.0013917064355677417
v 0.003892464550752984 0.0009223666580982505 -0.0014032339736096417
v 0.0029397868453013847 0.0024669201120677557 -0.0012871864150348362
v 0.003605937877164678 0.0013122221534202507 -0.0013036527938324334
v 0.0030641888887243955 0.002571305277094871 -0.0013809445191708687
v 0.0029397868453013847 0.0024669201120677557 -0.0012871864150348362
v -0.0006945872151571387 0.003939376385374894 -0.0013309445679721705
v 0.00013967752144461445 0.003996913343736975 -0.0013404980002232343
v 0.0009678220532576278 0.003880948039570121 -0.0013507213886665987
v 0.0017531466092211014 0.003595114866008276 -0.0013611679964996577
v 0.0024620866225193443 0.003151633072980498 -0.001371391086919805
v -0.0006663846820655906 0.003779437755507876 -0.0012371793112789249
v 0.002291083284666762 0.0030778157023083623 -0.0012765204621139066
v 0.0008851432602448029 0.0037338807344314278 -0.001256380947164127
v -0.0006945872151571387 0.003939376385374894 -0.0013309445679721705
v -0.0006663846820655906 0.003779437755507876 -0.0012371793112789249
v -0.0037587570303956328 0.0013682180337261098 -0.0012809446167734724
v -0.0033914541440132067 0.0021194806221243594 -0.0012904980490245361
v -0.002876954014369382 0.0027786909912819184 -0.0013007211394446834
v -0.002236750075889749 0.003315887079032798 -0.0013111677472777423
v -0.0014982151650291267 0.003708104408351232 -0.0013213911357211068
v -0.003606157222252549 0.0013126767878381131 -0.0011871871086838743
v -0.0015197872775840617 0.003523098151614557 -0.0012265166366133846
v -0.0027909302087665293 0.0026335584528693894 -0.001206382784104732
v -0.003606157222252549 0.0013126767878381131 -0.0011871871086838743
v -0.0038374423122977683 1.4344146300098378e-07 -0.0011711528635512398
v -0.0037587570303956328 0.0013682180337261098 -0.0012809446167734724
v -0.003999817281965524 1.434375703637472e-07 -0.001264914841989096
v -0.0039724325245820155 0.00046448628311262374 -0.0012704750611526878
v -0.0038918971145474055 0.0009226152839672126 -0.00127584365138761
v -0.0030641555101240674 -0.002571010830156262 -0.0012309446655747742
v -0.003574008861765066 -0.0017945631937407727 -0.00124170628394843
v -0.003892431172152656 -0.00092207236017125 -0.0012532341200135473
v -0.0029397534667010565 -0.002466625963152364 -0.0011371862634155245
v -0.00360590449856435 -0.001311928004504859 -0.0011536526422131217
v -0.0030641555101240674 -0.002571010830156262 -0.0012309446655747742
v -0.0029397534667010565 -0.002466625963152364 -0.0011371862634155245
v 0.0006946205937574669 -0.003939081938436285 -0.001180944714376076
v -0.0001396441428442863 -0.003996618896798366 -0.0011904978486039226
v -0.0009677886746572997 -0.003880653592631512 -0.001200721237047287
v -0.0017531132306207733 -0.003594820419069667 -0.001211167844880346
v -0.002462053243919016 -0.003151338626041889 -0.0012213912333237105
v 0.0006664180606659188 -0.003779143308569267 -0.0010871791596596132
v -0.002291049906066434 -0.0030775212553697533 -0.001126520608517812
v -0.0008851098816444748 -0.0037335862874928187 -0.0011063807955448153
v 0.0006946205937574669 -0.003939081938436285 -0.001180944714376076
v 0.0006664180606659188 -0.003779143308569267 -0.0010871791596596132
v 0.003758790408995961 -0.001367923884810718 -0.0011309444651541607
v 0.003391487522613535 -0.0021191864732089676 -0.0011404978974052244
v 0.0028769873929697103 -0.0027783965443433094 -0.0011507212858485889
v 0.002236783454490077 -0.003315592632094189 -0.0011611678936816478
v 0.0014982485436294548 -0.003707809961412623 -0.0011713912821250123
v 0.003606190600852877 -0.0013123826389227213 -0.0010371869570645624
v 0.0015198206561843899 -0.003522803704675948 -0.001076516484994073
v 0.0027909635873668574 -0.0026332640059307803 -0.0010563826324854204
v 0.0038000177487727002 1.4713984126855504e-07 0.0006902122343284137
v 0.003670535005542597 0.0009836595285610957 0.0006902122343284137
v 0.0032909130314533468 0.0019001470081475296 0.0006902122343284137
v 0.002687022625945002 0.002687152862090925 0.0006902122343284137
v 0.0019000172190364322 0.0032910435656224872 0.0006902122343284137
v 0.0009835290688977596 0.0036706652416885204 0.0006902122343284137
v 1.6689300164074442e-08 0.003800147090848972 0.0006902122343284137
v 0.0038000177487727002 1.4713984126855504e-07 -0.00044978796430406053
v -0.003799984370172372 1.4713984126855504e-07 -0.00044978796430406053
v -0.003670501626942269 0.0009836595285610957 -0.00044978796430406053
v -0.0032908796528530186 0.0019001470081475296 -0.00044978796430406053
v -0.0026869892473446737 0.002687152862090925 -0.00044978796430406053
v -0.001899983840436104 0.0032910435656224872 -0.00044978796430406053
v -0.0009834956902974314 0.0036706652416885204 -0.00044978796430406053
v 1.6689300164074442e-08 0.003800147090848972 -0.00044978796430406053
v 0.0009835290688977596 0.0036706652416885204 -0.00044978796430406053
v 0.0019000172190364322 0.0032910435656224872 -0.00044978796430406053
v 0.002687022625945002 0.002687152862090925 -0.00044978796430406053
v 0.0032909130314533468 0.0019001470081475296 -0.00044978796430406053
v 0.003670535005542597 0.0009836595285610957 -0.00044978796430406053
v -0.003799984370172372 1.4713984126855504e-07 0.0006902122343284137
v -0.0009834956902974314 0.0036706652416885204 0.0006902122343284137
v -0.001899983840436104 0.0032910435656224872 0.0006902122343284137
v -0.0026869892473446737 0.002687152862090925 0.0006902122343284137
v -0.0032908796528530186 0.0019001470081475296 0.0006902122343284137
v -0.003670501626942269 0.0009836595285610957 0.0006902122343284137
v 1.6689300164074442e-08 0.003800147090848972 0.0006902122343284137
v -0.0009834956902974314 0.0036706652416885204 0.0006902122343284137
v -0.001899983840436104 0.0032910435656224872 0.0006902122343284137
v -0.0026869892473446737 0.002687152862090925 0.0006902122343284137
v -0.0032908796528530186 0.0019001470081475296 0.0006902122343284137
v -0.003670501626942269 0.0009836595285610957 0.0006902122343284137
v -0.003799984370172372 1.4713984126855504e-07 0.0006902122343284137
v -0.003670501626942269 -0.0009833652306340953 0.0006902122343284137
v -0.0032908796528530186 -0.0018998528592321377 0.0006902122343284137
v -0.0026869892473446737 -0.002686858415152316 0.0006902122343284137
v -0.001899983840436104 -0.003290749118683878 0.0006902122343284137
v -0.0009834956902974314 -0.0036703707947499113 0.0006902122343284137
v 1.6689300164074442e-08 -0.003799852643910363 0.0006902122343284137
v 1.6689300164074442e-08 -0.004756143582847484 0.0012423270663098902
v 1.6689300164074442e-08 0.004756438029786093 0.0012423270663098902
v -0.0009888720291360011 0.004652501836735713 0.0012423270663098902
v -0.001934540228518689 0.004345235131414938 0.0012423270663098902
v -0.0027956604332701755 0.0038480674360379394 0.0012423270663098902
v -0.0035345958873347354 0.003182727027325472 0.0012423270663098902
v -0.004119052794894885 0.00237829247761609 0.0012423270663098902
v -0.004523484605770901 0.0014699217348563278 0.0012423270663098902
v -0.004730219735274766 0.0004973149188463034 0.0012423270663098902
v -0.004730219735274766 -0.000497020620919303 0.0012423270663098902
v -0.004523484605770901 -0.001469627585940936 0.0012423270663098902
v -0.004119052794894885 -0.0023779983287006983 0.0012423270663098902
v -0.0035345958873347354 -0.003182432580386863 0.0012423270663098902
v -0.0027956604332701755 -0.0038477729890993304 0.0012423270663098902
v -0.001934540228518689 -0.004344940684476329 0.0012423270663098902
v -0.0009888720291360011 -0.004652207389797104 0.0012423270663098902
v -0.000889458636430085 0.004184804763239514 0.0009662693522959348
v -0.001740062197892467 0.003908427568336704 0.0009662693522959348
v -0.0025146150026928997 0.0034612395585796323 0.0009662693522959348
v -0.0031792639975414265 0.0028627853945765174 0.0009662693522959348
v -0.0037049650317810827 0.00213921974288181 0.0009662693522959348
v -0.004068741707457414 0.00132216674114391 0.0009662693522959348
v -0.004254691505699793 0.0004473351214676694 0.0009662693522959348
v -0.004254691505699793 -0.000447040823540669 0.0009662693522959348
v -0.004068741707457414 -0.0013218725922285182 0.0009662693522959348
v -0.0037049650317810827 -0.002138925593966418 0.0009662693522959348
v -0.0031792639975414265 -0.0028624909476379083 0.0009662693522959348
v -0.0025146150026928997 -0.0034609451116410232 0.0009662693522959348
v -0.001740062197892467 -0.003908133121398095 0.0009662693522959348
v -0.000889458636430085 -0.004184510316300905 0.0009662693522959348
v 1.6689300164074442e-08 0.004756438029786093 0.0012423270663098902
v 1.6689300164074442e-08 0.003800147090848972 0.0006902122343284137
v 1.6689300164074442e-08 -0.004756143582847484 0.0012423270663098902
v 0.0009889054077363293 -0.004652207389797104 0.0012423270663098902
v 0.0019345736071190171 -0.004344940684476329 0.0012423270663098902
v 0.0027956938118705037 -0.0038477729890993304 0.0012423270663098902
v 0.0035346292659350635 -0.003182432580386863 0.0012423270663098902
v 0.004119086173495213 -0.0023779983287006983 0.0012423270663098902
v 0.004523517984371229 -0.001469627585940936 0.0012423270663098902
v 0.0047302531138750945 -0.000497020620919303 0.0012423270663098902
v 0.0047302531138750945 0.0004973149188463034 0.0012423270663098902
v 0.004523517984371229 0.0014699217348563278 0.0012423270663098902
v 0.004119086173495213 0.00237829247761609 0.0012423270663098902
v 0.0035346292659350635 0.003182727027325472 0.0012423270663098902
v 0.0027956938118705037 0.0038480674360379394 0.0012423270663098902
v 0.0019345736071190171 0.004345235131414938 0.0012423270663098902
v 0.0009889054077363293 0.004652501836735713 0.0012423270663098902
v 1.6689300164074442e-08 -0.003799852643910363 0.0006902122343284137
v 0.0009835290688977596 -0.0036703707947499113 0.0006902122343284137
v 0.0019000172190364322 -0.003290749118683878 0.0006902122343284137
v 0.002687022625945002 -0.002686858415152316 0.0006902122343284137
v 0.0032909130314533468 -0.0018998528592321377 0.0006902122343284137
v 0.003670535005542597 -0.0009833652306340953 0.0006902122343284137
v 0.0038000177487727002 1.4713984126855504e-07 0.0006902122343284137
v 0.003670535005542597 0.0009836595285610957 0.0006902122343284137
v 0.0032909130314533468 0.0019001470081475296 0.0006902122343284137
v 0.002687022625945002 0.002687152862090925 0.0006902122343284137
v 0.0019000172190364322 0.0032910435656224872 0.0006902122343284137
v 0.0009835290688977596 0.0036706652416885204 0.0006902122343284137
v 0.0008894920150304132 -0.004184510316300905 0.0009662693522959348
v 0.0017400955764927952 -0.003908133121398095 0.0009662693522959348
v 0.002514648381293228 -0.0034609451116410232 0.0009662693522959348
v 0.0031792973761417547 -0.0028624909476379083 0.0009662693522959348
v 0.003704998410381411 -0.002138925593966418 0.0009662693522959348
v 0.004068775086057742 -0.0013218725922285182 0.0009662693522959348
v 0.0042547248843001215 -0.000447040823540669 0.0009662693522959348
v 0.0042547248843001215 0.0004473351214676694 0.0009662693522959348
v 0.004068775086057742 0.00132216674114391 0.0009662693522959348
v 0.003704998410381411 0.00213921974288181 0.0009662693522959348
v 0.0031792973761417547 0.0028627853945765174 0.0009662693522959348
v 0.002514648381293228 0.0034612395585796323 0.0009662693522959348
v 0.0017400955764927952 0.003908427568336704 0.0009662693522959348
v 0.0008894920150304132 0.004184804763239514 0.0009662693522959348
v 1.6689300164074442e-08 -0.003799852643910363 0.0006902122343284137
v 0.0009835290688977596 -0.0036703707947499113 0.0006902122343284137
v 0.0019000172190364322 -0.003290749118683878 0.0006902122343284137
v 0.002687022625945002 -0.002686858415152316 0.0006902122343284137
v 0.0032909130314533468 -0.0018998528592321377 0.0006902122343284137
v 0.003670535005542597 -0.0009833652306340953 0.0006902122343284137
v 0.0038000177487727002 1.4713984126855504e-07 0.0006902122343284137
v -0.003799984370172372 1.4713984126855504e-07 0.0006902122343284137
v -0.003670501626942269 -0.0009833652306340953 0.0006902122343284137
v -0.0032908796528530186 -0.0018998528592321377 0.0006902122343284137
v -0.0026869892473446737 -0.002686858415152316 0.0006902122343284137
v -0.001899983840436104 -0.003290749118683878 0.0006902122343284137
v -0.0009834956902974314 -0.0036703707947499113 0.0006902122343284137
v -0.003799984370172372 1.4713984126855504e-07 -0.00044978796430406053
v 0.0038000177487727002 1.4713984126855504e-07 -0.00044978796430406053
v 0.003670535005542597 -0.0009833652306340953 -0.00044978796430406053
v 0.0032909130314533468 -0.0018998528592321377 -0.00044978796430406053
v 0.002687022625945002 -0.002686858415152316 -0.00044978796430406053
v 0.0019000172190364322 -0.003290749118683878 -0.00044978796430406053
v 0.0009835290688977596 -0.0036703707947499113 -0.00044978796430406053
v 1.6689300164074442e-08 -0.003799852643910363 -0.00044978796430406053
v -0.0009834956902974314 -0.0036703707947499113 -0.00044978796430406053
v -0.001899983840436104 -0.003290749118683878 -0.00044978796430406053
v -0.0026869892473446737 -0.002686858415152316 -0.00044978796430406053
v -0.0032908796528530186 -0.0018998528592321377 -0.00044978796430406053
v -0.003670501626942269 -0.0009833652306340953 -0.00044978796430406053
v 1.6689300164074442e-08 0.004800147008892587 0.0014902120495540192
v 1.6689300164074442e-08 0.004756438029786093 0.0012423270663098902
v 1.6689300164074442e-08 -0.0047998525619539776 0.0014902120495540192
v 0.0009364509373206432 -0.004707622124829392 0.0014902120495540192
v 0.0018368982858159024 -0.00443447430950833 0.0014902120495540192
v 0.0026667546629886023 -0.003990906685793994 0.0014902120495540192
v 0.003394129200410934 -0.0033939652876414654 0.0014902120495540192
v 0.003991069704493811 -0.002666589856149482 0.0014902120495540192
v 0.004434637924254582 -0.0018367333299651736 0.0014902120495540192
v 0.0047077869316685126 -0.0009362863539989359 0.0014902120495540192
v 0.004800016772746663 1.4713984126855504e-07 0.0014902120495540192
v 0.0047077869316685126 0.0009365806519259363 0.0014902120495540192
v 0.004434637924254582 0.0018370274788805654 0.0014902120495540192
v 0.003991069704493811 0.002666884303088091 0.0014902120495540192
v 0.003394129200410934 0.0033942597345800745 0.0014902120495540192
v 0.0026667546629886023 0.003991201132732603 0.0014902120495540192
v 0.0018368982858159024 0.004434768756446939 0.0014902120495540192
v 0.0009364509373206432 0.004707916571768001 0.0014902120495540192
v 1.6689300164074442e-08 -0.004756143582847484 0.0012423270663098902
v 0.0009889054077363293 -0.004652207389797104 0.0012423270663098902
v 0.0019345736071190171 -0.004344940684476329 0.0012423270663098902
v 0.0027956938118705037 -0.0038477729890993304 0.0012423270663098902
v 0.0035346292659350635 -0.003182432580386863 0.0012423270663098902
v 0.004119086173495213 -0.0023779983287006983 0.0012423270663098902
v 0.004523517984371229 -0.001469627585940936 0.0012423270663098902
v 0.0047302531138750945 -0.000497020620919303 0.0012423270663098902
v 0.0047302531138750945 0.0004973149188463034 0.0012423270663098902
v 0.004523517984371229 0.0014699217348563278 0.0012423270663098902
v 0.004119086173495213 0.00237829247761609 0.0012423270663098902
v 0.0035346292659350635 0.003182727027325472 0.0012423270663098902
v 0.0027956938118705037 0.0038480674360379394 0.0012423270663098902
v 0.0019345736071190171 0.004345235131414938 0.0012423270663098902
v 0.0009889054077363293 0.004652501836735713 0.0012423270663098902
v 1.6689300164074442e-08 0.004756438029786093 0.0012423270663098902
v -0.0009888720291360011 0.004652501836735713 0.0012423270663098902
v -0.001934540228518689 0.004345235131414938 0.0012423270663098902
v -0.0027956604332701755 0.0038480674360379394 0.0012423270663098902
v -0.0035345958873347354 0.003182727027325472 0.0012423270663098902
v -0.004119052794894885 0.00237829247761609 0.0012423270663098902
v -0.004523484605770901 0.0014699217348563278 0.0012423270663098902
v -0.004730219735274766 0.0004973149188463034 0.0012423270663098902
v -0.004730219735274766 -0.000497020620919303 0.0012423270663098902
v -0.004523484605770901 -0.001469627585940936 0.0012423270663098902
v -0.004119052794894885 -0.0023779983287006983 0.0012423270663098902
v -0.0035345958873347354 -0.003182432580386863 0.0012423270663098902
v -0.0027956604332701755 -0.0038477729890993304 0.0012423270663098902
v -0.001934540228518689 -0.004344940684476329 0.0012423270663098902
v -0.0009888720291360011 -0.004652207389797104 0.0012423270663098902
v 1.6689300164074442e-08 -0.004756143582847484 0.0012423270663098902
v 1.6689300164074442e-08 -0.0047998525619539776 0.0014902120495540192
v 1.6689300164074442e-08 0.004800147008892587 0.0014902120495540192
v -0.0009364175587203151 0.004707916571768001 0.0014902120495540192
v -0.0018368649072155743 0.004434768756446939 0.0014902120495540192
v -0.002666721284388274 0.003991201132732603 0.0014902120495540192
v -0.003394095821810606 0.0033942597345800745 0.0014902120495540192
v -0.003991036325893483 0.002666884303088091 0.0014902120495540192
v -0.0044346045456542535 0.0018370274788805654 0.0014902120495540192
v -0.004707753553068184 0.0009365806519259363 0.0014902120495540192
v -0.004799983394146335 1.4713984126855504e-07 0.0014902120495540192
v -0.004707753553068184 -0.0009362863539989359 0.0014902120495540192
v -0.0044346045456542535 -0.0018367333299651736 0.0014902120495540192
v -0.003991036325893483 -0.002666589856149482 0.0014902120495540192
v -0.003394095821810606 -0.0033939652876414654 0.0014902120495540192
v -0.002666721284388274 -0.003990906685793994 0.0014902120495540192
v -0.0018368649072155743 -0.00443447430950833 0.0014902120495540192
v -0.0009364175587203151 -0.004707622124829392 0.0014902120495540192
v -0.004531354802891131 -0.003117010523743691 0.0014902120495540192
v -0.004738154305409915 -0.002792654571101339 0.0014902120495540192
v -0.004921774754186537 -0.0024546372341818228 0.0014902120495540192
v -0.005081320887476482 -0.0021046117967826465 0.0014902120495540192
v -0.0046193813245136725 -0.0019132700134827933 0.0014902120495540192
v -0.004829611670309043 -0.0012939481147986322 0.0014902120495540192
v -0.004957208522620605 -0.0006524837616275898 0.0014902120495540192
v -0.004999983198941128 1.4713984126855504e-07 0.0014902120495540192
v -0.004957208522620605 0.0006527780595545902 0.0014902120495540192
v -0.004829611670309043 0.001294242263714024 0.0014902120495540192
v -0.0046193813245136725 0.0019135641623981852 0.0014902120495540192
v -0.005081320887476482 0.0021049059456980383 0.0014902120495540192
v -0.004921774754186537 0.0024549313830972146 0.0014902120495540192
v -0.004738154305409915 0.002792949018039948 0.0014902120495540192
v -0.004531354802891131 0.0031173049706823 0.0014902120495540192
v -0.0040237688118867085 0.00355157844234455 0.0014902120495540192
v -0.003551413933528647 0.004023932724656177 0.0014902120495540192
v -0.003117141653959266 0.004531518417637382 0.0014902120495540192
v -0.0027927851052704793 0.004738317324109732 0.0014902120495540192
v -0.0024547671723045288 0.004921938964979223 0.0014902120495540192
v -0.0021047424799633956 0.005081484800245951 0.0014902120495540192
v -0.0019133996535822821 0.004619544641236707 0.0014902120495540192
v -0.0012940787979793813 0.004829776179124946 0.0014902120495540192
v -0.0006526136252444915 0.004957371541320422 0.0014902120495540192
v 1.6689300164074442e-08 0.005000147111710596 0.0014902120495540192
v 0.0006526470038448197 0.004957371541320422 0.0014902120495540192
v 0.0012941121765797094 0.004829776179124946 0.0014902120495540192
v 0.0019134330321826103 0.004619544641236707 0.0014902120495540192
v 0.0021047758585637237 0.005081484800245951 0.0014902120495540192
v 0.002454800550904857 0.004921938964979223 0.0014902120495540192
v 0.0027928184838708074 0.004738317324109732 0.0014902120495540192
v 0.003117175032559594 0.004531518417637382 0.0014902120495540192
v 0.003551447312128975 0.004023932724656177 0.0014902120495540192
v 0.004023802190487037 0.00355157844234455 0.0014902120495540192
v 0.004531388181491459 0.0031173049706823 0.0014902120495540192
v 0.004738187684010243 0.002792949018039948 0.0014902120495540192
v 0.0049218081327868654 0.0024549313830972146 0.0014902120495540192
v 0.005081353073983942 0.0021049059456980383 0.0014902120495540192
v 0.004619414703114001 0.0019135641623981852 0.0014902120495540192
v 0.004903943429054093 0.0009755987455934564 0.0014902120495540192
v 0.005000016577541456 1.471400049775977e-07 0.0014902120495540192
v 0.004903943429054093 -0.000975304447666456 0.0014902120495540192
v 0.004619414703114001 -0.0019132700134827933 0.0014902120495540192
v 0.005081353073983942 -0.0021046117967826465 0.0014902120495540192
v 0.0049218081327868654 -0.0024546372341818228 0.0014902120495540192
v 0.004738187684010243 -0.002792654571101339 0.0014902120495540192
v 0.004531388181491459 -0.003117010523743691 0.0014902120495540192
v 0.004023802190487037 -0.003551283995405941 0.0014902120495540192
v 0.003551447312128975 -0.004023638277717568 0.0014902120495540192
v 0.003117175032559594 -0.004531223970698773 0.0014902120495540192
v 0.0027928184838708074 -0.004738022877171123 0.0014902120495540192
v 0.002454800550904857 -0.004921644518040614 0.0014902120495540192
v 0.0021047758585637237 -0.005081190353307342 0.0014902120495540192
v 0.0019134330321826103 -0.004619250194298098 0.0014902120495540192
v 0.0012941121765797094 -0.004829481732186337 0.0014902120495540192
v 0.0006526470038448197 -0.004957077094381813 0.0014902120495540192
v 1.6689300164074442e-08 -0.004999852664771987 0.0014902120495540192
v -0.0006526136252444915 -0.004957077094381813 0.0014902120495540192
v -0.0012940787979793813 -0.004829481732186337 0.0014902120495540192
v -0.0019133996535822821 -0.004619250194298098 0.0014902120495540192
v -0.0021047424799633956 -0.005081190353307342 0.0014902120495540192
v -0.0024547671723045288 -0.004921644518040614 0.0014902120495540192
v -0.0027927851052704793 -0.004738022877171123 0.0014902120495540192
v -0.003117141653959266 -0.004531223970698773 0.0014902120495540192
v -0.003551413933528647 -0.004023638277717568 0.0014902120495540192
v -0.0040237688118867085 -0.003551283995405941 0.0014902120495540192
v 1.6689300164074442e-08 -0.0047998525619539776 0.0014902120495540192
v 0.0009364509373206432 -0.004707622124829392 0.0014902120495540192
v 0.0018368982858159024 -0.00443447430950833 0.0014902120495540192
v 0.0026667546629886023 -0.003990906685793994 0.0014902120495540192
v 0.003394129200410934 -0.0033939652876414654 0.0014902120495540192
v 0.003991069704493811 -0.002666589856149482 0.0014902120495540192
v 0.004434637924254582 -0.0018367333299651736 0.0014902120495540192
v 0.0047077869316685126 -0.0009362863539989359 0.0014902120495540192
v 0.004800016772746663 1.4713984126855504e-07 0.0014902120495540192
v 0.0047077869316685126 0.0009365806519259363 0.0014902120495540192
v 0.004434637924254582 0.0018370274788805654 0.0014902120495540192
v 0.003991069704493811 0.002666884303088091 0.0014902120495540192
v 0.003394129200410934 0.0033942597345800745 0.0014902120495540192
v 0.0026667546629886023 0.003991201132732603 0.0014902120495540192
v 0.0018368982858159024 0.004434768756446939 0.0014902120495540192
v 0.0009364509373206432 0.004707916571768001 0.0014902120495540192
v 1.6689300164074442e-08 0.004800147008892587 0.0014902120495540192
v -0.0009364175587203151 0.004707916571768001 0.0014902120495540192
v -0.0018368649072155743 0.004434768756446939 0.0014902120495540192
v -0.002666721284388274 0.003991201132732603 0.0014902120495540192
v -0.003394095821810606 0.0033942597345800745 0.0014902120495540192
v -0.003991036325893483 0.002666884303088091 0.0014902120495540192
v -0.0044346045456542535 0.0018370274788805654 0.0014902120495540192
v -0.004707753553068184 0.0009365806519259363 0.0014902120495540192
v -0.004799983394146335 1.4713984126855504e-07 0.0014902120495540192
v -0.004707753553068184 -0.0009362863539989359 0.0014902120495540192
v -0.0044346045456542535 -0.0018367333299651736 0.0014902120495540192
v -0.003991036325893483 -0.002666589856149482 0.0014902120495540192
v -0.003394095821810606 -0.0033939652876414654 0.0014902120495540192
v -0.002666721284388274 -0.003990906685793994 0.0014902120495540192
v -0.0018368649072155743 -0.00443447430950833 0.0014902120495540192
v -0.0009364175587203151 -0.004707622124829392 0.0014902120495540192
v -0.004531354802891131 -0.003117010523743691 0.0014902120495540192
v -0.004515879053267558 -0.003102535834106746 0.002090212059984832
v -0.004008765131039206 -0.0035366206570724983 0.002090212059984832
v -0.0035367511912416387 -0.004008634894893282 0.002090212059984832
v -0.003102667262345538 -0.004515748817121635 0.002090212059984832
v -0.003117141653959266 -0.004531223970698773 0.0014902120495540192
v -0.003551413933528647 -0.004023638277717568 0.0014902120495540192
v -0.0040237688118867085 -0.003551283995405941 0.0014902120495540192
v -0.005053907519864121 -0.0021159357849671882 0.002090212059984832
v -0.004897246251316823 -0.0024568375395945257 0.002090212059984832
v -0.004717624082022366 -0.002786219057748785 0.002090212059984832
v -0.004515879053267558 -0.003102535834106746 0.002090212059984832
v -0.005081320887476482 -0.0021046117967826465 0.0014902120495540192
v -0.004531354802891131 -0.003117010523743691 0.0014902120495540192
v -0.004738154305409915 -0.002792654571101339 0.0014902120495540192
v -0.004921774754186537 -0.0024546372341818228 0.0014902120495540192
v -0.0046193813245136725 -0.0019132700134827933 0.0014902120495540192
v -0.004591965572715574 -0.001924592511551249 0.002090212059984832
v -0.005081320887476482 -0.0021046117967826465 0.0014902120495540192
v -0.005053907519864121 -0.0021159357849671882 0.002090212059984832
v -0.003102667262345538 -0.004515748817121635 0.002090212059984832
v -0.0027863501879643597 -0.004717492355760356 0.002090212059984832
v -0.002456967775740449 -0.0048971160151709 0.002090212059984832
v -0.002116067362217589 -0.005053777581741415 0.002090212059984832
v -0.0019247221516507378 -0.004591833846453564 0.002090212059984832
v -0.002774898943866067 -0.004133950081453842 0.002090212059984832
v -0.0035207008528552746 -0.0035205709147325685 0.002090212059984832
v -0.004134080317599765 -0.002774767813650492 0.002090212059984832
v -0.004591965572715574 -0.001924592511551249 0.002090212059984832
v -0.005053907519864121 -0.0021159357849671882 0.002090212059984832
v -0.004897246251316823 -0.0024568375395945257 0.002090212059984832
v -0.004717624082022366 -0.002786219057748785 0.002090212059984832
v -0.004515879053267558 -0.003102535834106746 0.002090212059984832
v -0.004008765131039206 -0.0035366206570724983 0.002090212059984832
v -0.0035367511912416387 -0.004008634894893282 0.002090212059984832
v 1.6689300164074442e-08 0.004906908760065388 0.0041602115893316655
v -0.0009572458053250801 0.0048126267311134905 0.0041602115893316655
v -0.0018777203140172287 0.004533403712509488 0.0041602115893316655
v -0.0027260350571713947 0.004079970328212446 0.0041602115893316655
v -0.0034695886790099277 0.0034697513996865274 0.0041602115893316655
v -0.004079806713466195 0.0027261977778479944 0.0041602115893316655
v -0.004533240693809671 0.0018778833327170457 0.0041602115893316655
v -0.0048124622222975874 0.000957408824024897 0.0041602115893316655
v -0.004906744847295919 1.4713984126855504e-07 0.0041602115893316655
v -0.0048124622222975874 -0.0009571145260978966 0.0041602115893316655
v -0.004533240693809671 -0.0018775891838016538 0.0041602115893316655
v -0.004079806713466195 -0.0027259033309093854 0.0041602115893316655
v -0.0034695886790099277 -0.0034694569527479184 0.0041602115893316655
v -0.0027260350571713947 -0.004079675881273837 0.0041602115893316655
v -0.0018777203140172287 -0.004533109265570879 0.0041602115893316655
v -0.0009572458053250801 -0.0048123322841748814 0.0041602115893316655
v 1.6689300164074442e-08 -0.004906614313126779 0.0041602115893316655
v 1.6689300164074442e-08 0.005000147111710596 0.0014902120495540192
v -0.0019133996535822821 0.004619544641236707 0.0014902120495540192
v -0.0012940787979793813 0.004829776179124946 0.0014902120495540192
v -0.0006526136252444915 0.004957371541320422 0.0014902120495540192
v -0.0019247221516507378 0.004592128293392173 0.002090212059984832
v -0.004591965572715574 0.0019248866604666408 0.002090212059984832
v -0.004134080317599765 0.002775062260589101 0.002090212059984832
v -0.0035207008528552746 0.0035208653616711776 0.002090212059984832
v -0.002774898943866067 0.004134244528392451 0.002090212059984832
v -0.0046193813245136725 0.0019135641623981852 0.0014902120495540192
v -0.004999983198941128 1.4713984126855504e-07 0.0014902120495540192
v -0.004957208522620605 0.0006527780595545902 0.0014902120495540192
v -0.004829611670309043 0.001294242263714024 0.0014902120495540192
v -0.0046193813245136725 -0.0019132700134827933 0.0014902120495540192
v -0.004829611670309043 -0.0012939481147986322 0.0014902120495540192
v -0.004957208522620605 -0.0006524837616275898 0.0014902120495540192
v -0.004591965572715574 -0.001924592511551249 0.002090212059984832
v -0.0019247221516507378 -0.004591833846453564 0.002090212059984832
v -0.002774898943866067 -0.004133950081453842 0.002090212059984832
v -0.0035207008528552746 -0.0035205709147325685 0.002090212059984832
v -0.004134080317599765 -0.002774767813650492 0.002090212059984832
v -0.0019133996535822821 -0.004619250194298098 0.0014902120495540192
v 1.6689300164074442e-08 -0.004999852664771987 0.0014902120495540192
v -0.0006526136252444915 -0.004957077094381813 0.0014902120495540192
v -0.0012940787979793813 -0.004829481732186337 0.0014902120495540192
v -0.0009633087896561145 -0.004842814396854912 0.003270211742739117
v -0.000969371773987149 -0.004873296807558159 0.002380211896146568
v -0.0018896126324770006 -0.004561822908479952 0.003270211742739117
v -0.0019015073351225102 -0.004590536551389025 0.002380211896146568
v -0.0027433013302839986 -0.004105517474438603 0.003270211742739117
v -0.0027605676033966024 -0.004131359067603369 0.002380211896146568
v -0.0034915637189545383 -0.003491433482808615 0.003270211742739117
v -0.0035135411430848866 -0.0035134100128693117 0.002380211896146568
v -0.0041056489026773954 -0.0027431702000684237 0.003270211742739117
v -0.004131488707702858 -0.002760437069227462 0.002380211896146568
v -0.004561953442649092 -0.0018894828433659032 0.003270211742739117
v -0.004590666191488514 -0.0019013765029301526 0.002380211896146568
v -0.0048429440369544005 -0.0009631778084521483 0.003270211742739117
v -0.004873428235796951 -0.0009692411653122043 0.002380211896146568
v -0.0049378250925729015 1.4713984126855504e-07 0.003270211742739117
v -0.004968902953664146 1.4713984126855504e-07 0.002380211896146568
v -0.0048429440369544005 0.0009634721063791487 0.003270211742739117
v -0.004873428235796951 0.0009695354632392047 0.002380211896146568
v -0.004561953442649092 0.001889776992281295 0.003270211742739117
v -0.004590666191488514 0.0019016706518455444 0.002380211896146568
v -0.0041056489026773954 0.0027434646470070327 0.003270211742739117
v -0.004131488707702858 0.002760731516166071 0.002380211896146568
v -0.0034915637189545383 0.003491727929747224 0.003270211742739117
v -0.0035135411430848866 0.0035137044598079208 0.002380211896146568
v -0.0027433013302839986 0.004105811921377212 0.003270211742739117
v -0.0027605676033966024 0.004131653514541978 0.002380211896146568
v -0.0018896126324770006 0.004562117355418561 0.003270211742739117
v -0.0019015073351225102 0.004590830998327634 0.002380211896146568
v -0.0009633087896561145 0.004843108843793521 0.003270211742739117
v -0.000969371773987149 0.004873591254496768 0.002380211896146568
v 1.6689300164074442e-08 -0.004999852664771987 0.0014902120495540192
v 1.6689300164074442e-08 -0.004906614313126779 0.0041602115893316655
v 0.0019134330321826103 -0.004619250194298098 0.0014902120495540192
v 0.0012941121765797094 -0.004829481732186337 0.0014902120495540192
v 0.0006526470038448197 -0.004957077094381813 0.0014902120495540192
v 0.001924755530251066 -0.004591833846453564 0.002090212059984832
v 0.004591998951315902 -0.001924592511551249 0.002090212059984832
v 0.004134113696200093 -0.002774767813650492 0.002090212059984832
v 0.0035207342314556027 -0.0035205709147325685 0.002090212059984832
v 0.002774932322466395 -0.004133950081453842 0.002090212059984832
v 0.004619414703114001 -0.0019132700134827933 0.0014902120495540192
v 0.004619414703114001 0.0019135641623981852 0.0014902120495540192
v 0.004903943429054093 0.0009755987455934564 0.0014902120495540192
v 0.005000016577541456 1.471400049775977e-07 0.0014902120495540192
v 0.004903943429054093 -0.000975304447666456 0.0014902120495540192
v 0.004591998951315902 0.0019248866604666408 0.002090212059984832
v 0.001924755530251066 0.004592128293392173 0.002090212059984832
v 0.002774932322466395 0.004134244528392451 0.002090212059984832
v 0.0035207342314556027 0.0035208653616711776 0.002090212059984832
v 0.004134113696200093 0.002775062260589101 0.002090212059984832
v 0.0019134330321826103 0.004619544641236707 0.0014902120495540192
v 1.6689300164074442e-08 0.005000147111710596 0.0014902120495540192
v 0.0006526470038448197 0.004957371541320422 0.0014902120495540192
v 0.0012941121765797094 0.004829776179124946 0.0014902120495540192
v 1.6689300164074442e-08 0.004906908760065388 0.0041602115893316655
v 0.0009572791839254082 -0.0048123322841748814 0.0041602115893316655
v 0.0018777536926175569 -0.004533109265570879 0.0041602115893316655
v 0.002726068435771723 -0.004079675881273837 0.0041602115893316655
v 0.003469622057610256 -0.0034694569527479184 0.0041602115893316655
v 0.004079840092066523 -0.0027259033309093854 0.0041602115893316655
v 0.004533274072409999 -0.0018775891838016538 0.0041602115893316655
v 0.004812495600897916 -0.0009571145260978966 0.0041602115893316655
v 0.0049067782258962475 1.4713984126855504e-07 0.0041602115893316655
v 0.004812495600897916 0.000957408824024897 0.0041602115893316655
v 0.004533274072409999 0.0018778833327170457 0.0041602115893316655
v 0.004079840092066523 0.0027261977778479944 0.0041602115893316655
v 0.003469622057610256 0.0034697513996865274 0.0041602115893316655
v 0.002726068435771723 0.004079970328212446 0.0041602115893316655
v 0.0018777536926175569 0.004533403712509488 0.0041602115893316655
v 0.0009572791839254082 0.0048126267311134905 0.0041602115893316655
v 0.0009633421682564427 0.004843108843793521 0.003270211742739117
v 0.0009694051525874772 0.004873591254496768 0.002380211896146568
v 0.0018896460110773288 0.004562117355418561 0.003270211742739117
v 0.0019015407137228384 0.004590830998327634 0.002380211896146568
v 0.0027433347088843267 0.004105811921377212 0.003270211742739117
v 0.0027606009819969306 0.004131653514541978 0.002380211896146568
v 0.0034915970975548665 0.003491727929747224 0.003270211742739117
v 0.0035135745216852148 0.0035137044598079208 0.002380211896146568
v 0.004105682281277724 0.0027434646470070327 0.003270211742739117
v 0.004131522086303186 0.002760731516166071 0.002380211896146568
v 0.0045619868212494205 0.001889776992281295 0.003270211742739117
v 0.004590699570088842 0.0019016706518455444 0.002380211896146568
v 0.004842977415554729 0.0009634721063791487 0.003270211742739117
v 0.0048734616143972795 0.0009695354632392047 0.002380211896146568
v 0.00493785847117323 1.4713984126855504e-07 0.003270211742739117
v 0.004968936332264474 1.4713984126855504e-07 0.002380211896146568
v 0.004842977415554729 -0.0009631778084521483 0.003270211742739117
v 0.0048734616143972795 -0.0009692411653122043 0.002380211896146568
v 0.0045619868212494205 -0.0018894828433659032 0.003270211742739117
v 0.004590699570088842 -0.0019013765029301526 0.002380211896146568
v 0.004105682281277724 -0.0027431702000684237 0.003270211742739117
v 0.004131522086303186 -0.002760437069227462 0.002380211896146568
v 0.0034915970975548665 -0.003491433482808615 0.003270211742739117
v 0.0035135745216852148 -0.0035134100128693117 0.002380211896146568
v 0.0027433347088843267 -0.004105517474438603 0.003270211742739117
v 0.0027606009819969306 -0.004131359067603369 0.002380211896146568
v 0.0018896460110773288 -0.004561822908479952 0.003270211742739117
v 0.0019015407137228384 -0.004590536551389025 0.002380211896146568
v 0.0009633421682564427 -0.004842814396854912 0.003270211742739117
v 0.0009694051525874772 -0.004873296807558159 0.002380211896146568
v 1.6689300164074442e-08 0.004906908760065388 0.0041602115893316655
v -0.0009572458053250801 0.0048126267311134905 0.0041602115893316655
v -0.0018777203140172287 0.004533403712509488 0.0041602115893316655
v -0.0027260350571713947 0.004079970328212446 0.0041602115893316655
v -0.0034695886790099277 0.0034697513996865274 0.0041602115893316655
v -0.004079806713466195 0.0027261977778479944 0.0041602115893316655
v -0.004533240693809671 0.0018778833327170457 0.0041602115893316655
v -0.0048124622222975874 0.000957408824024897 0.0041602115893316655
v -0.004906744847295919 1.4713984126855504e-07 0.0041602115893316655
v -0.0048124622222975874 -0.0009571145260978966 0.0041602115893316655
v -0.004533240693809671 -0.0018775891838016538 0.0041602115893316655
v -0.004079806713466195 -0.0027259033309093854 0.0041602115893316655
v -0.0034695886790099277 -0.0034694569527479184 0.0041602115893316655
v -0.0027260350571713947 -0.004079675881273837 0.0041602115893316655
v -0.0018777203140172287 -0.004533109265570879 0.0041602115893316655
v -0.0009572458053250801 -0.0048123322841748814 0.0041602115893316655
v 1.6689300164074442e-08 -0.004906614313126779 0.0041602115893316655
v 0.0009572791839254082 -0.0048123322841748814 0.0041602115893316655
v 0.0018777536926175569 -0.004533109265570879 0.0041602115893316655
v 0.002726068435771723 -0.004079675881273837 0.0041602115893316655
v 0.003469622057610256 -0.0034694569527479184 0.0041602115893316655
v 0.004079840092066523 -0.0027259033309093854 0.0041602115893316655
v 0.004533274072409999 -0.0018775891838016538 0.0041602115893316655
v 0.004812495600897916 -0.0009571145260978966 0.0041602115893316655
v 0.0049067782258962475 1.4713984126855504e-07 0.0041602115893316655
v 0.004812495600897916 0.000957408824024897 0.0041602115893316655
v 0.004533274072409999 0.0018778833327170457 0.0041602115893316655
v 0.004079840092066523 0.0027261977778479944 0.0041602115893316655
v 0.003469622057610256 0.0034697513996865274 0.0041602115893316655
v 0.002726068435771723 0.004079970328212446 0.0041602115893316655
v 0.0018777536926175569 0.004533403712509488 0.0041602115893316655
v 0.0009572791839254082 0.0048126267311134905 0.0041602115893316655
v -0.004749982250854768 1.4713984126855504e-07 0.0041602115893316655
v -0.0046587132366289205 0.0009268261285090563 0.0041602115893316655
v -0.004388410946985833 0.0018178933452540626 0.0041602115893316655
v -0.003949463279184774 0.002639105857034641 0.0041602115893316655
v -0.003358740731505883 0.0033589043462521344 0.0041602115893316655
v -0.0026389407521723034 0.003949627788000677 0.0041602115893316655
v -0.001817729432484594 0.004388574859755302 0.0041602115893316655
v -0.0009266614706815447 0.004658877149398389 0.0041602115893316655
v 1.6689300164074442e-08 0.004750147057693888 0.0041602115893316655
v 0.0009875964897663183 0.004646348253346645 0.0041602115893316655
v 0.0019320153758224383 0.004339488051694152 0.0041602115893316655
v 0.0027919959397912923 0.003842977795534331 0.0041602115893316655
v 0.003529953877703385 0.0031785174493823014 0.0041602115893316655
v 0.004113638309084512 0.002375146991569988 0.0041602115893316655
v 0.004517536062355277 0.0014679777294104304 0.0041602115893316655
v 0.004723994626313567 0.0004966573306175172 0.0041602115893316655
v 0.004723994626313567 -0.0004963630326905167 0.0041602115893316655
v 0.004517536062355277 -0.0014676835804950385 0.0041602115893316655
v 0.004113638309084512 -0.002374852842654596 0.0041602115893316655
v 0.003529953877703385 -0.0031782230024436924 0.0041602115893316655
v 0.0027919959397912923 -0.003842683348595722 0.0041602115893316655
v 0.0019320153758224383 -0.004339193604755543 0.0041602115893316655
v 0.0009875964897663183 -0.004646053806408036 0.0041602115893316655
v 1.6689300164074442e-08 -0.004749852610755279 0.0041602115893316655
v -0.0009266614706815447 -0.00465858270245978 0.0041602115893316655
v -0.001817729432484594 -0.004388280412816693 0.0041602115893316655
v -0.0026389407521723034 -0.003949333341062068 0.0041602115893316655
v -0.003358740731505883 -0.0033586098993135254 0.0041602115893316655
v -0.003949463279184774 -0.002638811410096032 0.0041602115893316655
v -0.004388410946985833 -0.0018175991963386708 0.0041602115893316655
v -0.0046587132366289205 -0.0009265318305820559 0.0041602115893316655
v 1.6689300164074442e-08 0.004100147096064378 0.0035702120459777404
v -0.0009811782617603628 0.003981008440680612 0.0035702120459777404
v -0.001905348258345985 0.0036305167459581016 0.0035702120459777404
v -0.002718787132528711 0.0030690413027471 0.0035702120459777404
v -0.0033742164811294555 0.0023292125240889365 0.0035702120459777404
v -0.0038335489369880635 0.0014540271136009588 0.0035702120459777404
v -0.004070088772399228 0.0004943475389253897 0.0035702120459777404
v -0.004070088772399228 -0.0004940532409983893 0.0035702120459777404
v -0.0038335489369880635 -0.001453732964685567 0.0035702120459777404
v -0.0033742164811294555 -0.0023289183751735447 0.0035702120459777404
v -0.002718787132528711 -0.003068746855808491 0.0035702120459777404
v -0.001905348258345985 -0.0036302222990194925 0.0035702120459777404
v -0.0009811782617603628 -0.003980713993742003 0.0035702120459777404
v 1.6689300164074442e-08 -0.004099852649125769 0.0035702120459777404
v 1.6689300164074442e-08 -0.004749852610755279 0.0041602115893316655
v -0.0009266614706815447 -0.00465858270245978 0.0041602115893316655
v -0.001817729432484594 -0.004388280412816693 0.0041602115893316655
v -0.0026389407521723034 -0.003949333341062068 0.0041602115893316655
v -0.003358740731505883 -0.0033586098993135254 0.0041602115893316655
v -0.003949463279184774 -0.002638811410096032 0.0041602115893316655
v -0.004388410946985833 -0.0018175991963386708 0.0041602115893316655
v -0.0046587132366289205 -0.0009265318305820559 0.0041602115893316655
v -0.004749982250854768 1.4713984126855504e-07 0.0041602115893316655
v -0.0046587132366289205 0.0009268261285090563 0.0041602115893316655
v -0.004388410946985833 0.0018178933452540626 0.0041602115893316655
v -0.003949463279184774 0.002639105857034641 0.0041602115893316655
v -0.003358740731505883 0.0033589043462521344 0.0041602115893316655
v -0.0026389407521723034 0.003949627788000677 0.0041602115893316655
v -0.001817729432484594 0.004388574859755302 0.0041602115893316655
v -0.0009266614706815447 0.004658877149398389 0.0041602115893316655
v 1.6689300164074442e-08 0.004750147057693888 0.0041602115893316655
v 1.6689300164074442e-08 0.004100147096064378 0.0035702120459777404
v -0.0009811782617603628 0.003981008440680612 0.0035702120459777404
v -0.001905348258345985 0.0036305167459581016 0.0035702120459777404
v -0.002718787132528711 0.0030690413027471 0.0035702120459777404
v -0.0033742164811294555 0.0023292125240889365 0.0035702120459777404
v -0.0038335489369880635 0.0014540271136009588 0.0035702120459777404
v -0.004070088772399228 0.0004943475389253897 0.0035702120459777404
v -0.004070088772399228 -0.0004940532409983893 0.0035702120459777404
v -0.0038335489369880635 -0.001453732964685567 0.0035702120459777404
v -0.0033742164811294555 -0.0023289183751735447 0.0035702120459777404
v -0.002718787132528711 -0.003068746855808491 0.0035702120459777404
v -0.001905348258345985 -0.0036302222990194925 0.0035702120459777404
v -0.0009811782617603628 -0.003980713993742003 0.0035702120459777404
v 1.6689300164074442e-08 -0.004099852649125769 0.0035702120459777404
v 0.000981211640360691 -0.003980713993742003 0.0035702120459777404
v 0.0019053816369463132 -0.0036302222990194925 0.0035702120459777404
v 0.002718820511129039 -0.003068746855808491 0.0035702120459777404
v 0.0033742498597297836 -0.0023289183751735447 0.0035702120459777404
v 0.0038335823155883917 -0.001453732964685567 0.0035702120459777404
v 0.004070122150999556 -0.0004940532409983893 0.0035702120459777404
v 0.004070122150999556 0.0004943475389253897 0.0035702120459777404
v 0.0038335823155883917 0.0014540271136009588 0.0035702120459777404
v 0.0033742498597297836 0.0023292125240889365 0.0035702120459777404
v 0.002718820511129039 0.0030690413027471 0.0035702120459777404
v 0.0019053816369463132 0.0036305167459581016 0.0035702120459777404
v 0.000981211640360691 0.003981008440680612 0.0035702120459777404
v 1.6689300164074442e-08 0.00405014714486568 0.0035702120459777404
v 0.0009692454121430496 0.00393246135266584 0.0035702120459777404
v 0.0018821453627464462 0.003586243906924636 0.0035702120459777404
v 0.0026856636400744986 0.0030316155471291632 0.0035702120459777404
v 0.0033331011980823892 0.0023008092723605937 0.0035702120459777404
v 0.0037868332016430814 0.0014362968183391502 0.0035702120459777404
v 0.004020488172311599 0.0004883206899094426 0.0035702120459777404
v 0.004020488172311599 -0.0004880263919824422 0.0035702120459777404
v 0.0037868332016430814 -0.0014360026694237584 0.0035702120459777404
v 0.0033331011980823892 -0.002300515123445202 0.0035702120459777404
v 0.0026856636400744986 -0.0030313211001905542 0.0035702120459777404
v 0.0018821453627464462 -0.003585949459986027 0.0035702120459777404
v 0.0009692454121430496 -0.003932166905727231 0.0035702120459777404
v 1.6689300164074442e-08 -0.004049852697927071 0.0035702120459777404
v -0.0009692120335427214 -0.003932166905727231 0.0035702120459777404
v -0.001882111984146118 -0.003585949459986027 0.0035702120459777404
v -0.0026856302614741705 -0.0030313211001905542 0.0035702120459777404
v -0.003333067819482061 -0.002300515123445202 0.0035702120459777404
v -0.0037867998230427533 -0.0014360026694237584 0.0035702120459777404
v -0.004020454793711271 -0.0004880263919824422 0.0035702120459777404
v -0.004020454793711271 0.0004883206899094426 0.0035702120459777404
v -0.0037867998230427533 0.0014362968183391502 0.0035702120459777404
v -0.003333067819482061 0.0023008092723605937 0.0035702120459777404
v -0.0026856302614741705 0.0030316155471291632 0.0035702120459777404
v -0.001882111984146118 0.003586243906924636 0.0035702120459777404
v -0.0009692120335427214 0.00393246135266584 0.0035702120459777404
v 1.6689300164074442e-08 0.004750147057693888 0.0041602115893316655
v 1.6689300164074442e-08 0.004100147096064378 0.0035702120459777404
v 0.0009875964897663183 0.004646348253346645 0.0041602115893316655
v 0.0019320153758224383 0.004339488051694152 0.0041602115893316655
v 0.0027919959397912923 0.003842977795534331 0.0041602115893316655
v 0.003529953877703385 0.0031785174493823014 0.0041602115893316655
v 0.004113638309084512 0.002375146991569988 0.0041602115893316655
v 0.004517536062355277 0.0014679777294104304 0.0041602115893316655
v 0.004723994626313567 0.0004966573306175172 0.0041602115893316655
v 0.004723994626313567 -0.0004963630326905167 0.0041602115893316655
v 0.004517536062355277 -0.0014676835804950385 0.0041602115893316655
v 0.004113638309084512 -0.002374852842654596 0.0041602115893316655
v 0.003529953877703385 -0.0031782230024436924 0.0041602115893316655
v 0.0027919959397912923 -0.003842683348595722 0.0041602115893316655
v 0.0019320153758224383 -0.004339193604755543 0.0041602115893316655
v 0.0009875964897663183 -0.004646053806408036 0.0041602115893316655
v 1.6689300164074442e-08 -0.004749852610755279 0.0041602115893316655
v 1.6689300164074442e-08 -0.004099852649125769 0.0035702120459777404
v 0.000981211640360691 -0.003980713993742003 0.0035702120459777404
v 0.0019053816369463132 -0.0036302222990194925 0.0035702120459777404
v 0.002718820511129039 -0.003068746855808491 0.0035702120459777404
v 0.0033742498597297836 -0.0023289183751735447 0.0035702120459777404
v 0.0038335823155883917 -0.001453732964685567 0.0035702120459777404
v 0.004070122150999556 -0.0004940532409983893 0.0035702120459777404
v 0.004070122150999556 0.0004943475389253897 0.0035702120459777404
v 0.0038335823155883917 0.0014540271136009588 0.0035702120459777404
v 0.0033742498597297836 0.0023292125240889365 0.0035702120459777404
v 0.002718820511129039 0.0030690413027471 0.0035702120459777404
v 0.0019053816369463132 0.0036305167459581016 0.0035702120459777404
v 0.000981211640360691 0.003981008440680612 0.0035702120459777404
v 1.6689300164074442e-08 -0.004049852697927071 0.0032095127580423783
v 1.6689300164074442e-08 -0.004049852697927071 0.0035702120459777404
v 0.0009692454121430496 -0.003932166905727231 0.0032095127580423783
v 0.0018821453627464462 -0.003585949459986027 0.0032095127580423783
v 0.0026856636400744986 -0.0030313211001905542 0.0032095127580423783
v 0.0033331011980823892 -0.002300515123445202 0.0032095127580423783
v 0.0037868332016430814 -0.0014360026694237584 0.0032095127580423783
v 0.004020488172311599 -0.0004880263919824422 0.0032095127580423783
v 0.004020488172311599 0.0004883206899094426 0.0032095127580423783
v 0.0037868332016430814 0.0014362968183391502 0.0032095127580423783
v 0.0033331011980823892 0.0023008092723605937 0.0032095127580423783
v 0.0026856636400744986 0.0030316155471291632 0.0032095127580423783
v 0.0018821453627464462 0.003586243906924636 0.0032095127580423783
v 0.0009692454121430496 0.00393246135266584 0.0032095127580423783
v 1.6689300164074442e-08 0.00405014714486568 0.0032095127580423783
v 1.6689300164074442e-08 0.00405014714486568 0.0035702120459777404
v 0.0009692454121430496 0.00393246135266584 0.0035702120459777404
v 0.0018821453627464462 0.003586243906924636 0.0035702120459777404
v 0.0026856636400744986 0.0030316155471291632 0.0035702120459777404
v 0.0033331011980823892 0.0023008092723605937 0.0035702120459777404
v 0.0037868332016430814 0.0014362968183391502 0.0035702120459777404
v 0.004020488172311599 0.0004883206899094426 0.0035702120459777404
v 0.004020488172311599 -0.0004880263919824422 0.0035702120459777404
v 0.0037868332016430814 -0.0014360026694237584 0.0035702120459777404
v 0.0033331011980823892 -0.002300515123445202 0.0035702120459777404
v 0.0026856636400744986 -0.0030313211001905542 0.0035702120459777404
v 0.0018821453627464462 -0.003585949459986027 0.0035702120459777404
v 0.0009692454121430496 -0.003932166905727231 0.0035702120459777404
v 1.6689300164074442e-08 -0.004049852697927071 0.0035702120459777404
v -0.0009692120335427214 -0.003932166905727231 0.0035702120459777404
v -0.001882111984146118 -0.003585949459986027 0.0035702120459777404
v -0.0026856302614741705 -0.0030313211001905542 0.0035702120459777404
v -0.003333067819482061 -0.002300515123445202 0.0035702120459777404
v -0.0037867998230427533 -0.0014360026694237584 0.0035702120459777404
v -0.004020454793711271 -0.0004880263919824422 0.0035702120459777404
v -0.004020454793711271 0.0004883206899094426 0.0035702120459777404
v -0.0037867998230427533 0.0014362968183391502 0.0035702120459777404
v -0.003333067819482061 0.0023008092723605937 0.0035702120459777404
v -0.0026856302614741705 0.0030316155471291632 0.0035702120459777404
v -0.001882111984146118 0.003586243906924636 0.0035702120459777404
v -0.0009692120335427214 0.00393246135266584 0.0035702120459777404
v 1.6689300164074442e-08 0.00405014714486568 0.0035702120459777404
v 1.6689300164074442e-08 0.00405014714486568 0.0032095127580423783
v -0.0009692120335427214 0.00393246135266584 0.0032095127580423783
v -0.001882111984146118 0.003586243906924636 0.0032095127580423783
v -0.0026856302614741705 0.0030316155471291632 0.0032095127580423783
v -0.003333067819482061 0.0023008092723605937 0.0032095127580423783
v -0.0037867998230427533 0.0014362968183391502 0.0032095127580423783
v -0.004020454793711271 0.0004883206899094426 0.0032095127580423783
v -0.004020454793711271 -0.0004880263919824422 0.0032095127580423783
v -0.0037867998230427533 -0.0014360026694237584 0.0032095127580423783
v -0.003333067819482061 -0.002300515123445202 0.0032095127580423783
v -0.0026856302614741705 -0.0030313211001905542 0.0032095127580423783
v -0.001882111984146118 -0.003585949459986027 0.0032095127580423783
v -0.0009692120335427214 -0.003932166905727231 0.0032095127580423783
v 1.6689300164074442e-08 -0.004049852697927071 0.0032095127580423783
v 1.6689300164074442e-08 -0.004049852697927071 0.0032095127580423783
v 0.0009692454121430496 -0.003932166905727231 0.0032095127580423783
v 0.0018821453627464462 -0.003585949459986027 0.0032095127580423783
v 0.0026856636400744986 -0.0030313211001905542 0.0032095127580423783
v 0.0033331011980823892 -0.002300515123445202 0.0032095127580423783
v 0.0037868332016430814 -0.0014360026694237584 0.0032095127580423783
v 0.004020488172311599 -0.0004880263919824422 0.0032095127580423783
v 0.004020488172311599 0.0004883206899094426 0.0032095127580423783
v 0.0037868332016430814 0.0014362968183391502 0.0032095127580423783
v 0.0033331011980823892 0.0023008092723605937 0.0032095127580423783
v 0.0026856636400744986 0.0030316155471291632 0.0032095127580423783
v 0.0018821453627464462 0.003586243906924636 0.0032095127580423783
v 0.0009692454121430496 0.00393246135266584 0.0032095127580423783
v 1.6689300164074442e-08 0.00405014714486568 0.0032095127580423783
v -0.0009692120335427214 0.00393246135266584 0.0032095127580423783
v -0.001882111984146118 0.003586243906924636 0.0032095127580423783
v -0.0026856302614741705 0.0030316155471291632 0.0032095127580423783
v -0.003333067819482061 0.0023008092723605937 0.0032095127580423783
v -0.0037867998230427533 0.0014362968183391502 0.0032095127580423783
v -0.004020454793711271 0.0004883206899094426 0.0032095127580423783
v -0.004020454793711271 -0.0004880263919824422 0.0032095127580423783
v -0.0037867998230427533 -0.0014360026694237584 0.0032095127580423783
v -0.003333067819482061 -0.002300515123445202 0.0032095127580423783
v -0.0026856302614741705 -0.0030313211001905542 0.0032095127580423783
v -0.001882111984146118 -0.003585949459986027 0.0032095127580423783
v -0.0009692120335427214 -0.003932166905727231 0.0032095127580423783
v 1.6689300164074442e-08 0.003479530137489806 0.0032095127580423783
v 0.0009802722711800273 0.003338590785743501 0.0032095127580423783
v 0.0018811130103220113 0.0029271902979793323 0.0032095127580423783
v 0.002629558981294356 0.002278658398717826 0.0032095127580423783
v 0.003164975572415241 0.0014455349420263999 0.0032095127580423783
v 0.0034439849083725 0.0004953149595413737 0.0032095127580423783
v 0.0034439849083725 -0.0004950206616143733 0.0032095127580423783
v 0.003164975572415241 -0.001445240793111008 0.0032095127580423783
v 0.002629558981294356 -0.002278364249802434 0.0032095127580423783
v 0.0018811130103220113 -0.0029268958510407232 0.0032095127580423783
v 0.0009802722711800273 -0.003338296338804892 0.0032095127580423783
v 1.6689300164074442e-08 -0.003479235690551197 0.0032095127580423783
v -0.0034793662247203376 1.4713984126855504e-07 0.0032095127580423783
v -0.0033608102047262283 0.0009006777204421669 0.0032095127580423783
v -0.0030132173818375745 0.0017398385314679468 0.0032095127580423783
v -0.002460279409730149 0.002460442279418357 0.0032095127580423783
v -0.0017396759598029556 0.003013381294607043 0.0032095127580423783
v -0.0009005141056959155 0.003360972925402828 0.0032095127580423783
v -0.0009005141056959155 -0.003360678478464219 0.0032095127580423783
v -0.0017396759598029556 -0.003013086847668434 0.0032095127580423783
v -0.002460279409730149 -0.0024601481305029653 0.0032095127580423783
v -0.0030132173818375745 -0.001739544382552555 0.0032095127580423783
v -0.0033608102047262283 -0.0009003834225151665 0.0032095127580423783
v 1.6689300164074442e-08 -0.003479235690551197 0.0032095127580423783
v 1.6689300164074442e-08 -0.0034691252529071574 0.003208479809571509
v 1.6689300164074442e-08 -0.0034594323457904368 0.00320542387950218
v 1.6689300164074442e-08 -0.0034505569163585386 0.0032004707336320565
v 1.6689300164074442e-08 0.003479530137489806 0.0032095127580423783
v 0.0009802722711800273 0.003338590785743501 0.0032095127580423783
v 0.0018811130103220113 0.0029271902979793323 0.0032095127580423783
v 0.002629558981294356 0.002278658398717826 0.0032095127580423783
v 0.003164975572415241 0.0014455349420263999 0.0032095127580423783
v 0.0034439849083725 0.0004953149595413737 0.0032095127580423783
v 0.0034439849083725 -0.0004950206616143733 0.0032095127580423783
v 0.003164975572415241 -0.001445240793111008 0.0032095127580423783
v 0.002629558981294356 -0.002278364249802434 0.0032095127580423783
v 0.0018811130103220113 -0.0029268958510407232 0.0032095127580423783
v 0.0009802722711800273 -0.003338296338804892 0.0032095127580423783
v 1.6689300164074442e-08 0.0034694196998457665 0.003208479809571509
v 1.6689300164074442e-08 0.003459726792729046 0.00320542387950218
v 1.6689300164074442e-08 0.0034508513632971476 0.0032004707336320565
v 0.0009721922657148776 0.0033110737060515487 0.0032004707336320565
v 0.001865608650469586 0.0029030641264528594 0.0032004707336320565
v 0.0026078843487526986 0.002259877720626941 0.0032004707336320565
v 0.003138887812073055 0.001433621314906597 0.0032004707336320565
v 0.003415598792979147 0.000491233568834508 0.0032004707336320565
v 0.003415598792979147 -0.0004909392709075076 0.0032004707336320565
v 0.003138887812073055 -0.0014333271659912052 0.0032004707336320565
v 0.0026078843487526986 -0.002259583571711549 0.0032004707336320565
v 0.001865608650469586 -0.0029027696795142503 0.0032004707336320565
v 0.0009721922657148776 -0.0033107792591129397 0.0032004707336320565
v 0.000974693276553751 0.0033195894214602677 0.00320542387950218
v 0.000977423169223446 0.003328889533976698 0.003208479809571509
v 0.0018704056321738884 0.0029105308001369794 0.00320542387950218
v 0.001875646072425408 0.0029186847153599986 0.003208479809571509
v 0.0026145934474186565 0.0022656899184206884 0.00320542387950218
v 0.0026219176660049475 0.0022720373659125552 0.003208479809571509
v 0.0031469606649809916 0.00143730830913838 0.00320542387950218
v 0.0031557773838390983 0.0014413349008261802 0.003208479809571509
v 0.0034243821332369255 0.0004924966657348721 0.00320542387950218
v 0.0034339760966455306 0.0004938760661957546 0.003208479809571509
v 0.0034243821332369255 -0.0004922023678078717 0.00320542387950218
v 0.0034339760966455306 -0.0004935817682687542 0.003208479809571509
v 0.0031469606649809916 -0.0014370141602229882 0.00320542387950218
v 0.0031557773838390983 -0.0014410407519107884 0.003208479809571509
v 0.0026145934474186565 -0.0022653957695052966 0.00320542387950218
v 0.0026219176660049475 -0.0022717432169971634 0.003208479809571509
v 0.0018704056321738884 -0.0029102363531983704 0.00320542387950218
v 0.001875646072425408 -0.0029183902684213896 0.003208479809571509
v 0.000974693276553751 -0.0033192949745216587 0.00320542387950218
v 0.000977423169223446 -0.003328595087038089 0.003208479809571509
v 1.6689300164074442e-08 0.0034508513632971476 0.0032004707336320565
v 1.6689300164074442e-08 0.00306559913458826 0.002930713826476474
v 0.0009721922657148776 0.0033110737060515487 0.0032004707336320565
v 0.001865608650469586 0.0029030641264528594 0.0032004707336320565
v 0.0026078843487526986 0.002259877720626941 0.0032004707336320565
v 0.003138887812073055 0.001433621314906597 0.0032004707336320565
v 0.003415598792979147 0.000491233568834508 0.0032004707336320565
v 0.003415598792979147 -0.0004909392709075076 0.0032004707336320565
v 0.003138887812073055 -0.0014333271659912052 0.0032004707336320565
v 0.0026078843487526986 -0.002259583571711549 0.0032004707336320565
v 0.001865608650469586 -0.0029027696795142503 0.0032004707336320565
v 0.0009721922657148776 -0.0033107792591129397 0.0032004707336320565
v 1.6689300164074442e-08 -0.003450557512404973 0.0032004707336320565
v 1.6689300164074442e-08 -0.003065304687649651 0.002930713826476474
v 0.0009472942140558163 -0.0029152708594067937 0.002930713826476474
v 0.001801843602914133 -0.002479855660799391 0.002930713826476474
v 0.002480020467638511 -0.0018016804352027074 0.002930713826476474
v 0.0029154347721762623 -0.0009471295562283046 0.002930713826476474
v 0.003065469196465554 1.4713984126855504e-07 0.002930713826476474
v 0.0029154347721762623 0.000947423854155305 0.002930713826476474
v 0.002480020467638511 0.0018019745841180992 0.002930713826476474
v 0.001801843602914133 0.0024801498097147827 0.002930713826476474
v 0.0009472942140558163 0.0029155653063454028 0.002930713826476474
v 1.6689300164074442e-08 0.00306559913458826 0.002930713826476474
v -0.0009472608354554881 0.0029155653063454028 0.002930713826476474
v -0.0018018102243138048 0.0024801498097147827 0.002930713826476474
v -0.002479987089038183 0.0018019745841180992 0.002930713826476474
v -0.002915401393575934 0.000947423854155305 0.002930713826476474
v -0.0030654358178652257 1.4713984126855504e-07 0.002930713826476474
v -0.002915401393575934 -0.0009471295562283046 0.002930713826476474
v -0.002479987089038183 -0.0018016804352027074 0.002930713826476474
v -0.0018018102243138048 -0.002479855660799391 0.002930713826476474
v -0.0009472608354554881 -0.0029152708594067937 0.002930713826476474
v 1.6689300164074442e-08 -0.003065304687649651 0.002930713826476474
v 1.6689300164074442e-08 -0.0034505569163585386 0.0032004707336320565
v -0.0009721588871145494 -0.0033107792591129397 0.0032004707336320565
v -0.0018655752718692578 -0.0029027696795142503 0.0032004707336320565
v -0.0026078509701523704 -0.002259583571711549 0.0032004707336320565
v -0.003138854433472727 -0.0014333271659912052 0.0032004707336320565
v -0.0034155654143788188 -0.0004909392709075076 0.0032004707336320565
v -0.0034155654143788188 0.000491233568834508 0.0032004707336320565
v -0.003138854433472727 0.001433621314906597 0.0032004707336320565
v -0.0026078509701523704 0.002259877720626941 0.0032004707336320565
v -0.0018655752718692578 0.0029030641264528594 0.0032004707336320565
v -0.0009721588871145494 0.0033110737060515487 0.0032004707336320565
v 1.6689300164074442e-08 0.003450851959343582 0.0032004707336320565
v 1.6689300164074442e-08 0.00306559913458826 0.002930713826476474
v -0.0009472608354554881 0.0029155653063454028 0.002930713826476474
v -0.0018018102243138048 0.0024801498097147827 0.002930713826476474
v -0.002479987089038183 0.0018019745841180992 0.002930713826476474
v -0.002915401393575934 0.000947423854155305 0.002930713826476474
v -0.0030654358178652257 1.4713984126855504e-07 0.002930713826476474
v -0.002915401393575934 -0.0009471295562283046 0.002930713826476474
v -0.002479987089038183 -0.0018016804352027074 0.002930713826476474
v -0.0018018102243138048 -0.002479855660799391 0.002930713826476474
v -0.0009472608354554881 -0.0029152708594067937 0.002930713826476474
v 1.6689300164074442e-08 -0.003065304687649651 0.002930713826476474
v 1.6689300164074442e-08 0.0032663881048622394 0.0027246212350289247
v -0.0009201907905893593 0.0031340824857186704 0.0027246212350289247
v -0.001765847166645962 0.002747884033295123 0.0027246212350289247
v -0.002468442861696119 0.0021390799699929357 0.0027246212350289247
v -0.0029710602096231224 0.0013569925422148579 0.0027246212350289247
v -0.003232979702212369 0.00046498170945834255 0.0027246212350289247
v -0.003232979702212369 -0.00046468741153134213 0.0027246212350289247
v -0.0029710602096231224 -0.001356698393299466 0.0027246212350289247
v -0.002468442861696119 -0.002138785821077544 0.0027246212350289247
v -0.001765847166645962 -0.002747589586356514 0.0027246212350289247
v -0.0009201907905893593 -0.0031337880387800614 0.0027246212350289247
v 1.6689300164074442e-08 -0.0032660936579236304 0.002724621831075359
v 1.6689300164074442e-08 -0.0032660936579236304 0.0027246212350289247
v 1.6689300164074442e-08 -0.003065304687649651 0.002930713826476474
v 0.0009202241691896874 -0.0031337880387800614 0.0027246212350289247
v 0.0017658805452462902 -0.002747589586356514 0.0027246212350289247
v 0.002468476240296447 -0.002138785821077544 0.0027246212350289247
v 0.0029710935882234506 -0.001356698393299466 0.0027246212350289247
v 0.003233013080812697 -0.00046468741153134213 0.0027246212350289247
v 0.003233013080812697 0.00046498170945834255 0.0027246212350289247
v 0.0029710935882234506 0.0013569925422148579 0.0027246212350289247
v 0.002468476240296447 0.0021390799699929357 0.0027246212350289247
v 0.0017658805452462902 0.002747884033295123 0.0027246212350289247
v 0.0009202241691896874 0.0031340824857186704 0.0027246212350289247
v 1.6689300164074442e-08 0.0032663881048622394 0.0027246212350289247
v 1.6689300164074442e-08 0.00306559913458826 0.002930713826476474
v 0.0009472942140558163 -0.0029152708594067937 0.002930713826476474
v 0.001801843602914133 -0.002479855660799391 0.002930713826476474
v 0.002480020467638511 -0.0018016804352027074 0.002930713826476474
v 0.0029154347721762623 -0.0009471295562283046 0.002930713826476474
v 0.003065469196465554 1.4713984126855504e-07 0.002930713826476474
v 0.0029154347721762623 0.000947423854155305 0.002930713826476474
v 0.002480020467638511 0.0018019745841180992 0.002930713826476474
v 0.001801843602914133 0.0024801498097147827 0.002930713826476474
v 0.0009472942140558163 0.0029155653063454028 0.002930713826476474
v 1.6689300164074442e-08 0.0032663881048622394 0.0027246212350289247
v 1.6689300164074442e-08 0.003276825771998782 0.002716430960973405
v 1.6689300164074442e-08 0.003289050386345749 0.0027112733711762717
v 1.6689300164074442e-08 0.0033022012568518226 0.0027095132460553963
v 1.6689300164074442e-08 -0.0033019068099132136 0.0027095132460553963
v 0.0009303116590460015 -0.003168150413748239 0.0027095132460553963
v 0.0017852425176223543 -0.002777717349431275 0.0027095132460553963
v 0.0024955415167911004 -0.002162238311121501 0.0027095132460553963
v 0.003003671102143724 -0.0013715757123028696 0.0027095132460553963
v 0.003268461154361191 -0.00046978413008635933 0.0027095132460553963
v 0.003268461154361191 0.00047007842801335975 0.0027095132460553963
v 0.003003671102143724 0.0013718698612182614 0.0027095132460553963
v 0.0024955415167911004 0.0021625324600368927 0.0027095132460553963
v 0.0017852425176223543 0.002778011796369884 0.0027095132460553963
v 0.0009303116590460015 0.003168444860686848 0.0027095132460553963
v 1.6689300164074442e-08 -0.0032660936579236304 0.0027246212350289247
v 1.6689300164074442e-08 -0.003276531325060173 0.002716430960973405
v 1.6689300164074442e-08 -0.00328875593940714 0.0027112733711762717
v 0.0009202241691896874 -0.0031337880387800614 0.0027246212350289247
v 0.0017658805452462902 -0.002747589586356514 0.0027246212350289247
v 0.002468476240296447 -0.002138785821077544 0.0027246212350289247
v 0.0029710935882234506 -0.001356698393299466 0.0027246212350289247
v 0.003233013080812697 -0.00046468741153134213 0.0027246212350289247
v 0.003233013080812697 0.00046498170945834255 0.0027246212350289247
v 0.0029710935882234506 0.0013569925422148579 0.0027246212350289247
v 0.002468476240296447 0.0021390799699929357 0.0027246212350289247
v 0.0017658805452462902 0.002747884033295123 0.0027246212350289247
v 0.0009202241691896874 0.0031340824857186704 0.0027246212350289247
v 0.000926606634409577 0.003155826855693156 0.0027112733711762717
v 0.0009231638702043022 0.003144097257909984 0.002716430960973405
v 0.0017781328757524586 0.002766948578500406 0.0027112733711762717
v 0.0017715239128874851 0.0027566646913439467 0.002716430960973405
v 0.002485604230636263 0.0021539206321406217 0.0027112733711762717
v 0.002476365510902579 0.0021459152814913844 0.002716430960973405
v 0.0029917072581118202 0.001366406797623482 0.0027112733711762717
v 0.0029805874158310712 0.0013613284820021279 0.002716430960973405
v 0.003255443500233213 0.0004682068794621478 0.0027112733711762717
v 0.003243343757614259 0.0004664671316787495 0.002716430960973405
v 0.003255443500233213 -0.00046791258153514736 0.0027112733711762717
v 0.003243343757614259 -0.00046617283375174906 0.002716430960973405
v 0.0029917072581118202 -0.0013661126487080901 0.0027112733711762717
v 0.0029805874158310712 -0.001361034333086736 0.002716430960973405
v 0.002485604230636263 -0.00215362648322523 0.0027112733711762717
v 0.002476365510902579 -0.0021456211325759926 0.002716430960973405
v 0.0017781328757524586 -0.002766654131561797 0.0027112733711762717
v 0.0017715239128874851 -0.0027563702444053377 0.002716430960973405
v 0.000926606634409577 -0.003155532408754547 0.0027112733711762717
v 0.0009231638702043022 -0.003143802810971375 0.002716430960973405
v 1.6689300164074442e-08 -0.003301907405959648 0.0027095132460553963
v 0.0009303116590460015 -0.003168150413748239 0.0027095132460553963
v 0.0017852425176223543 -0.002777717349431275 0.0027095132460553963
v 0.0024955415167911004 -0.002162238311121501 0.0027095132460553963
v 0.003003671102143724 -0.0013715757123028696 0.0027095132460553963
v 0.003268461154361191 -0.00046978413008635933 0.0027095132460553963
v 0.003268461154361191 0.00047007842801335975 0.0027095132460553963
v 0.003003671102143724 0.0013718698612182614 0.0027095132460553963
v 0.0024955415167911004 0.0021625324600368927 0.0027095132460553963
v 0.0017852425176223543 0.002778011796369884 0.0027095132460553963
v 0.0009303116590460015 0.003168444860686848 0.0027095132460553963
v 1.6689300164074442e-08 0.003302201852898257 0.0027095132460553963
v -0.0033020376421055713 1.471397503190869e-07 0.0027095132460553963
v -0.003189523148770857 -0.0008544874745349402 0.0027095132460553963
v -0.002859647210099237 -0.0016508802402567804 0.0027095132460553963
v -0.002334887929225982 -0.0023347581401148847 0.0027095132460553963
v -0.0016510104764027036 -0.002859516079883662 0.0027095132460553963
v -0.0008546185302447108 -0.0031893926146017164 0.0027095132460553963
v -0.0008546185302447108 0.0031896870615403254 0.0027095132460553963
v -0.0016510104764027036 0.002859810526822271 0.0027095132460553963
v -0.002334887929225982 0.0023350522890302765 0.0027095132460553963
v -0.002859647210099237 0.0016511743891721722 0.0027095132460553963
v -0.003189523148770857 0.0008547817724619406 0.0027095132460553963
v 1.6689300164074442e-08 0.0032531850802931532 0.0027095132460553963
v 0.0009165024552530988 0.003121414114801269 0.0027095132460553963
v 0.0017587422931475418 0.002736776707989497 0.0027095132460553963
v 0.0024584984229840683 0.002130433869426685 0.0027095132460553963
v 0.00295908444466253 0.0013515078719368303 0.0027095132460553963
v 0.003219942974598489 0.00046310271032670025 0.0027095132460553963
v 0.003219942974598489 -0.00046280841239969983 0.0027095132460553963
v 0.00295908444466253 -0.0013512137230214385 0.0027095132460553963
v 0.0024584984229840683 -0.002130139720511293 0.0027095132460553963
v 0.0017587422931475418 -0.002736482261050888 0.0027095132460553963
v 0.0009165024552530988 -0.00312111966786266 0.0027095132460553963
v 1.6689300164074442e-08 -0.003252890633354544 0.0027095132460553963
v -0.0032530211675236846 1.4713984126855504e-07 0.0027095132460553963
v -0.0031421756042053777 0.0008420952966340934 0.0027095132460553963
v -0.0028171967830390447 0.0016266660028696203 0.0027095132460553963
v -0.002300229021156675 0.0023003921888681005 0.0027095132460553963
v -0.0016265010470188914 0.0028173606958085133 0.0027095132460553963
v -0.0008419322779342765 0.003142340411044498 0.0027095132460553963
v -0.0008419322779342765 -0.003142045964105889 0.0027095132460553963
v -0.0016265010470188914 -0.0028170662488699043 0.0027095132460553963
v -0.002300229021156675 -0.0023000980399527087 0.0027095132460553963
v -0.0028171967830390447 -0.0016263718539542284 0.0027095132460553963
v -0.0031421756042053777 -0.000841800998707093 0.0027095132460553963
v -0.0033020376421055713 1.471397503190869e-07 0.0027095132460553963
v -0.003189523148770857 -0.0008544874745349402 0.0027095132460553963
v -0.002859647210099237 -0.0016508802402567804 0.0027095132460553963
v -0.002334887929225982 -0.0023347581401148847 0.0027095132460553963
v -0.0016510104764027036 -0.002859516079883662 0.0027095132460553963
v -0.0008546185302447108 -0.0031893926146017164 0.0027095132460553963
v 1.6689300164074442e-08 -0.0033019068099132136 0.0027095132460553963
v 1.6689300164074442e-08 0.0033022012568518226 0.0027095132460553963
v -0.0008546185302447108 0.0031896870615403254 0.0027095132460553963
v -0.0016510104764027036 0.002859810526822271 0.0027095132460553963
v -0.002334887929225982 0.0023350522890302765 0.0027095132460553963
v -0.002859647210099237 0.0016511743891721722 0.0027095132460553963
v -0.003189523148770857 0.0008547817724619406 0.0027095132460553963
v 1.6689300164074442e-08 0.0032663881048622394 0.0027246212350289247
v 1.6689300164074442e-08 0.003276825771998782 0.002716430960973405
v 1.6689300164074442e-08 0.003289050386345749 0.0027112733711762717
v -0.0009201907905893593 0.0031340824857186704 0.0027246212350289247
v -0.001765847166645962 0.002747884033295123 0.0027246212350289247
v -0.002468442861696119 0.0021390799699929357 0.0027246212350289247
v -0.0029710602096231224 0.0013569925422148579 0.0027246212350289247
v -0.003232979702212369 0.00046498170945834255 0.0027246212350289247
v -0.003232979702212369 -0.00046468741153134213 0.0027246212350289247
v -0.0029710602096231224 -0.001356698393299466 0.0027246212350289247
v -0.002468442861696119 -0.002138785821077544 0.0027246212350289247
v -0.001765847166645962 -0.002747589586356514 0.0027246212350289247
v -0.0009201907905893593 -0.0031337880387800614 0.0027246212350289247
v 1.6689300164074442e-08 -0.0032660936579236304 0.002724621831075359
v 1.6689300164074442e-08 -0.003276531325060173 0.002716430960973405
v 1.6689300164074442e-08 -0.00328875593940714 0.0027112733711762717
v -0.0008512139130112396 -0.003176689374967901 0.0027112733711762717
v -0.0008480500985372786 -0.0031648810990553837 0.002716430960973405
v -0.0016444348921380583 -0.002848126526591333 0.0027112733711762717
v -0.0016383218399065316 -0.0028375395498229654 0.002716430960973405
v -0.002325589604848855 -0.0023254587726564972 0.0027112733711762717
v -0.0023169445473638643 -0.0023168146092411583 0.002716430960973405
v -0.0024763321323022507 -0.0021456211325759926 0.002716430960973405
v -0.002848257954830125 -0.0016443045069805264 0.0027112733711762717
v -0.0028376697859688886 -0.0016381921998070428 0.002716430960973405
v -0.002980554037230743 -0.001361034333086736 0.002716430960973405
v -0.0031768202071602585 -0.0008510836768653164 0.0027112733711762717
v -0.003165011335201307 -0.0008479196388739425 0.002716430960973405
v -0.003243310379013931 -0.00046617283375174906 0.002716430960973405
v -0.0032888864735762806 1.471397503190869e-07 0.0027112733711762717
v -0.003276662753298965 1.471397503190869e-07 0.002716430960973405
v -0.003243310379013931 0.0004664671316787495 0.002716430960973405
v -0.0031768202071602585 0.0008513779747923168 0.0027112733711762717
v -0.003165011335201307 0.0008482139368009429 0.002716430960973405
v -0.002980554037230743 0.0013613284820021279 0.002716430960973405
v -0.002848257954830125 0.0016445986558959182 0.0027112733711762717
v -0.0028376697859688886 0.0016384863487224346 0.002716430960973405
v -0.0024763321323022507 0.0021459152814913844 0.002716430960973405
v -0.001771490534287157 0.0027566646913439467 0.002716430960973405
v -0.0009231304916039741 0.003144097257909984 0.002716430960973405
v 1.6689300164074442e-08 -0.003252890633354544 0.0027095132460553963
v 1.6689300164074442e-08 -0.0030569958003536794 0.002909513050850189
v 1.6689300164074442e-08 0.0032531850802931532 0.0027095132460553963
v 0.0009165024552530988 0.003121414114801269 0.0027095132460553963
v 0.0017587422931475418 0.002736776707989497 0.0027095132460553963
v 0.0024584984229840683 0.002130433869426685 0.0027095132460553963
v 0.00295908444466253 0.0013515078719368303 0.0027095132460553963
v 0.003219942974598489 0.00046310271032670025 0.0027095132460553963
v 0.003219942974598489 -0.00046280841239969983 0.0027095132460553963
v 0.00295908444466253 -0.0013512137230214385 0.0027095132460553963
v 0.0024584984229840683 -0.002130139720511293 0.0027095132460553963
v 0.0017587422931475418 -0.002736482261050888 0.0027095132460553963
v 0.0009165024552530988 -0.00312111966786266 0.0027095132460553963
v 1.6689300164074442e-08 0.0030572902472922885 0.002909513050850189
v 0.0009447264460162865 -0.0029073684757791045 0.002909513050850189
v 0.0017969607905232723 -0.0024731334491118755 0.002909513050850189
v 0.002473297063858127 -0.0017967964307189779 0.002909513050850189
v 0.002907533580641442 -0.0009445619372003835 0.002909513050850189
v 0.0030571603091695825 1.4713984126855504e-07 0.002909513050850189
v 0.002907533580641442 0.0009448562351273839 0.002909513050850189
v 0.002473297063858127 0.0017970905796343697 0.002909513050850189
v 0.0017969607905232723 0.0024734275980272673 0.002909513050850189
v 0.0009447264460162865 0.0029076629227177135 0.002909513050850189
v 1.6689300164074442e-08 1.4713984126855504e-07 0.004077247886123183
v 1.6689300164074442e-08 1.4713984126855504e-07 0.004077247886123183
v 1.6689300164074442e-08 -0.0030569958003536794 0.002909513050850189
v 1.6689300164074442e-08 -0.001638010852679367 0.003774002706095516
v 0.0009447264460162865 -0.0029073684757791045 0.002909513050850189
v 0.0017969607905232723 -0.0024731334491118755 0.002909513050850189
v 0.002473297063858127 -0.0017967964307189779 0.002909513050850189
v 0.002907533580641442 -0.0009445619372003835 0.002909513050850189
v 0.0030571603091695825 1.4713984126855504e-07 0.002909513050850189
v 0.002907533580641442 0.0009448562351273839 0.002909513050850189
v 0.002473297063858127 0.0017970905796343697 0.002909513050850189
v 0.0017969607905232723 0.0024734275980272673 0.002909513050850189
v 0.0009447264460162865 0.0029076629227177135 0.002909513050850189
v 1.6689300164074442e-08 0.0030572902472922885 0.002909513050850189
v 1.6689300164074442e-08 0.0016383050015947589 0.003774002706095516
v 0.0005062341576911323 0.001558127815467242 0.003774002706095516
v 0.0009629010938949636 0.001325444549498456 0.003774002706095516
v 0.0013253140153293155 0.0009630321496047342 0.003774002706095516
v 0.0015579962382168413 0.0005063657721944352 0.003774002706095516
v 0.0016381740203907926 1.4713984126855504e-07 0.003774002706095516
v 0.0015579962382168413 -0.0005060714742674348 0.003774002706095516
v 0.0013253140153293155 -0.0009627378516777337 0.003774002706095516
v 0.0009629010938949636 -0.001325150400583064 0.003774002706095516
v 0.0005062341576911323 -0.0015578336665518502 0.003774002706095516
v 1.6689300164074442e-08 1.4713984126855504e-07 0.004077247886123183
v 1.6689300164074442e-08 1.4713984126855504e-07 0.004077247886123183
v 1.6689300164074442e-08 0.0030572902472922885 0.002909513050850189
v 1.6689300164074442e-08 0.0016383050015947589 0.003774002706095516
v -0.0009446930674159584 0.0029076629227177135 0.002909513050850189
v -0.0017969274119229441 0.0024734275980272673 0.002909513050850189
v -0.0024732636852577987 0.0017970905796343697 0.002909513050850189
v -0.002907500202041114 0.0009448562351273839 0.002909513050850189
v -0.0030571269305692543 1.4713984126855504e-07 0.002909513050850189
v -0.002907500202041114 -0.0009445619372003835 0.002909513050850189
v -0.0024732636852577987 -0.0017967964307189779 0.002909513050850189
v -0.0017969274119229441 -0.0024731334491118755 0.002909513050850189
v -0.0009446930674159584 -0.0029073684757791045 0.002909513050850189
v 1.6689300164074442e-08 -0.0030569958003536794 0.002909513050850189
v 1.6689300164074442e-08 -0.001638010852679367 0.003774002706095516
v -0.0005062007790908042 -0.0015578336665518502 0.003774002706095516
v -0.0009628677152946354 -0.001325150400583064 0.003774002706095516
v -0.0013252806367289873 -0.0009627378516777337 0.003774002706095516
v -0.0015579628596165131 -0.0005060714742674348 0.003774002706095516
v -0.0016381406417904645 1.4713984126855504e-07 0.003774002706095516
v -0.0015579628596165131 0.0005063657721944352 0.003774002706095516
v -0.0013252806367289873 0.0009630321496047342 0.003774002706095516
v -0.0009628677152946354 0.001325444549498456 0.003774002706095516
v -0.0005062007790908042 0.001558127815467242 0.003774002706095516
v 1.6689300164074442e-08 0.0030572902472922885 0.002909513050850189
v -0.0009446930674159584 0.0029076629227177135 0.002909513050850189
v -0.0017969274119229441 0.0024734275980272673 0.002909513050850189
v -0.0024732636852577987 0.0017970905796343697 0.002909513050850189
v -0.002907500202041114 0.0009448562351273839 0.002909513050850189
v -0.0030571269305692543 1.4713984126855504e-07 0.002909513050850189
v -0.002907500202041114 -0.0009445619372003835 0.002909513050850189
v -0.0024732636852577987 -0.0017967964307189779 0.002909513050850189
v -0.0017969274119229441 -0.0024731334491118755 0.002909513050850189
v -0.0009446930674159584 -0.0029073684757791045 0.002909513050850189
v 1.6689300164074442e-08 -0.0030569958003536794 0.002909513050850189
v 1.6689300164074442e-08 0.0032531850802931532 0.0027095132460553963
v -0.0032530211675236846 1.4713984126855504e-07 0.0027095132460553963
v -0.0031421756042053777 0.0008420952966340934 0.0027095132460553963
v -0.0028171967830390447 0.0016266660028696203 0.0027095132460553963
v -0.002300229021156675 0.0023003921888681005 0.0027095132460553963
v -0.0016265010470188914 0.0028173606958085133 0.0027095132460553963
v -0.0008419322779342765 0.003142340411044498 0.0027095132460553963
v 1.6689300164074442e-08 -0.003252890633354544 0.002709512650008962
v -0.0008419322779342765 -0.003142045964105889 0.0027095132460553963
v -0.0016265010470188914 -0.0028170662488699043 0.0027095132460553963
v -0.002300229021156675 -0.0023000980399527087 0.0027095132460553963
v -0.0028171967830390447 -0.0016263718539542284 0.0027095132460553963
v -0.0031421756042053777 -0.000841800998707093 0.0027095132460553963
v 1.6689300164074442e-08 -0.003450557512404973 0.0032004707336320565
v -0.0009721588871145494 -0.0033107792591129397 0.0032004707336320565
v -0.0018655752718692578 -0.0029027696795142503 0.0032004707336320565
v -0.0026078509701523704 -0.002259583571711549 0.0032004707336320565
v -0.003138854433472727 -0.0014333271659912052 0.0032004707336320565
v -0.0034155654143788188 -0.0004909392709075076 0.0032004707336320565
v -0.0034155654143788188 0.000491233568834508 0.0032004707336320565
v -0.003138854433472727 0.001433621314906597 0.0032004707336320565
v -0.0026078509701523704 0.002259877720626941 0.0032004707336320565
v -0.0018655752718692578 0.0029030641264528594 0.0032004707336320565
v -0.0009721588871145494 0.0033110737060515487 0.0032004707336320565
v 1.6689300164074442e-08 0.003450851959343582 0.0032004707336320565
v 1.6689300164074442e-08 0.003479530137489806 0.0032095127580423783
v 1.6689300164074442e-08 0.0034694196998457665 0.003208479809571509
v 1.6689300164074442e-08 0.003459726792729046 0.00320542387950218
v -0.0034793662247203376 1.4713984126855504e-07 0.0032095127580423783
v -0.0033608102047262283 0.0009006777204421669 0.0032095127580423783
v -0.0030132173818375745 0.0017398385314679468 0.0032095127580423783
v -0.002460279409730149 0.002460442279418357 0.0032095127580423783
v -0.0017396759598029556 0.003013381294607043 0.0032095127580423783
v -0.0009005141056959155 0.003360972925402828 0.0032095127580423783
v 1.6689300164074442e-08 -0.003479235690551197 0.0032095127580423783
v -0.0009005141056959155 -0.003360678478464219 0.0032095127580423783
v -0.0017396759598029556 -0.003013086847668434 0.0032095127580423783
v -0.002460279409730149 -0.0024601481305029653 0.0032095127580423783
v -0.0030132173818375745 -0.001739544382552555 0.0032095127580423783
v -0.0033608102047262283 -0.0009003834225151665 0.0032095127580423783
v 1.6689300164074442e-08 -0.0034691252529071574 0.003208479809571509
v 1.6689300164074442e-08 -0.0034594323457904368 0.00320542387950218
v -0.0008978962697558935 -0.0033509125556592805 0.003208479809571509
v -0.001734619101853241 -0.003004330627523422 0.003208479809571509
v -0.0024531292367027118 -0.0024529990005567885 0.003208479809571509
v -0.003004460267622911 -0.001734489163730535 0.003208479809571509
v -0.0031469272863806634 -0.0014370141602229882 0.00320542387950218
v -0.00315574400523877 -0.0014410407519107884 0.003208479809571509
v -0.0033510421957587693 -0.0008977666296564047 0.003208479809571509
v -0.0034243487546365974 -0.0004922023678078717 0.00320542387950218
v -0.0034339427180452024 -0.0004935817682687542 0.003208479809571509
v -0.0034692548930066462 1.4713984126855504e-07 0.003208479809571509
v -0.0034243487546365974 0.0004924966657348721 0.00320542387950218
v -0.0034339427180452024 0.0004938760661957546 0.003208479809571509
v -0.0033510421957587693 0.0008980609275834052 0.003208479809571509
v -0.0031469272863806634 0.00143730830913838 0.00320542387950218
v -0.00315574400523877 0.0014413349008261802 0.003208479809571509
v -0.003004460267622911 0.0017347833126459269 0.003208479809571509
v -0.0026145600688183284 0.0022656899184206884 0.00320542387950218
v -0.0026218842874046193 0.0022720373659125552 0.003208479809571509
v -0.0018703722535735603 0.0029105308001369794 0.00320542387950218
v -0.0018756126938250799 0.0029186847153599986 0.003208479809571509
v -0.0009746598979534229 0.0033195894214602677 0.00320542387950218
v -0.000977389790623118 0.003328889533976698 0.003208479809571509
v 0.0021047758585637237 0.005081484800245951 0.0014902120495540192
v 0.002116100740817917 0.005054072028680024 0.002090212059984832
v 0.0019134330321826103 0.004619544641236707 0.0014902120495540192
v 0.001924755530251066 0.004592128293392173 0.002090212059984832
v 0.003102700640945866 0.004516043264060244 0.002090212059984832
v 0.002786383566564688 0.004717786802698965 0.002090212059984832
v 0.002457001154340777 0.004897410462109509 0.002090212059984832
v 0.002116100740817917 0.005054072028680024 0.002090212059984832
v 0.001924755530251066 0.004592128293392173 0.002090212059984832
v 0.002774932322466395 0.004134244528392451 0.002090212059984832
v 0.0035207342314556027 0.0035208653616711776 0.002090212059984832
v 0.004134113696200093 0.002775062260589101 0.002090212059984832
v 0.004591998951315902 0.0019248866604666408 0.002090212059984832
v 0.005053942090557318 0.00211622993388258 0.002090212059984832
v 0.0048972796299171515 0.0024571316885099175 0.002090212059984832
v 0.004717657460622694 0.002786513504687394 0.002090212059984832
v 0.0045159124318678865 0.003102830281045355 0.002090212059984832
v 0.004008798509639534 0.0035369151040111073 0.002090212059984832
v 0.003536784569841967 0.004008929341831891 0.002090212059984832
v 0.004531388181491459 0.0031173049706823 0.0014902120495540192
v 0.0045159124318678865 0.003102830281045355 0.002090212059984832
v 0.004008798509639534 0.0035369151040111073 0.002090212059984832
v 0.003536784569841967 0.004008929341831891 0.002090212059984832
v 0.003102700640945866 0.004516043264060244 0.002090212059984832
v 0.003117175032559594 0.004531518417637382 0.0014902120495540192
v 0.003551447312128975 0.004023932724656177 0.0014902120495540192
v 0.004023802190487037 0.00355157844234455 0.0014902120495540192
v 0.005053942090557318 0.00211622993388258 0.002090212059984832
v 0.0048972796299171515 0.0024571316885099175 0.002090212059984832
v 0.004717657460622694 0.002786513504687394 0.002090212059984832
v 0.0045159124318678865 0.003102830281045355 0.002090212059984832
v 0.005081353073983942 0.0021049059456980383 0.0014902120495540192
v 0.004531388181491459 0.0031173049706823 0.0014902120495540192
v 0.004738187684010243 0.002792949018039948 0.0014902120495540192
v 0.0049218081327868654 0.0024549313830972146 0.0014902120495540192
v 0.004619414703114001 0.0019135641623981852 0.0014902120495540192
v 0.004591998951315902 0.0019248866604666408 0.002090212059984832
v 0.005081353073983942 0.0021049059456980383 0.0014902120495540192
v 0.005053942090557318 0.00211622993388258 0.002090212059984832
v 0.0021047758585637237 0.005081484800245951 0.0014902120495540192
v 0.002454800550904857 0.004921938964979223 0.0014902120495540192
v 0.0027928184838708074 0.004738317324109732 0.0014902120495540192
v 0.003117175032559594 0.004531518417637382 0.0014902120495540192
v 0.002116100740817917 0.005054072028680024 0.002090212059984832
v 0.003102700640945866 0.004516043264060244 0.002090212059984832
v 0.002786383566564688 0.004717786802698965 0.002090212059984832
v 0.002457001154340777 0.004897410462109509 0.002090212059984832
v 0.005081353073983942 -0.0021046117967826465 0.0014902120495540192
v 0.005053942090557318 -0.0021159357849671882 0.002090212059984832
v 0.004619414703114001 -0.0019132700134827933 0.0014902120495540192
v 0.004591998951315902 -0.001924592511551249 0.002090212059984832
v 0.0045159124318678865 -0.003102535834106746 0.002090212059984832
v 0.004717657460622694 -0.002786219057748785 0.002090212059984832
v 0.0048972796299171515 -0.0024568375395945257 0.002090212059984832
v 0.005053942090557318 -0.0021159357849671882 0.002090212059984832
v 0.004591998951315902 -0.001924592511551249 0.002090212059984832
v 0.004134113696200093 -0.002774767813650492 0.002090212059984832
v 0.0035207342314556027 -0.0035205709147325685 0.002090212059984832
v 0.002774932322466395 -0.004133950081453842 0.002090212059984832
v 0.001924755530251066 -0.004591833846453564 0.002090212059984832
v 0.002116100740817917 -0.005053777581741415 0.002090212059984832
v 0.002457001154340777 -0.0048971160151709 0.002090212059984832
v 0.002786383566564688 -0.004717492355760356 0.002090212059984832
v 0.003102700640945866 -0.004515748817121635 0.002090212059984832
v 0.003536784569841967 -0.004008634894893282 0.002090212059984832
v 0.004008798509639534 -0.0035366206570724983 0.002090212059984832
v 0.003117175032559594 -0.004531223970698773 0.0014902120495540192
v 0.003102700640945866 -0.004515748817121635 0.002090212059984832
v 0.003536784569841967 -0.004008634894893282 0.002090212059984832
v 0.004008798509639534 -0.0035366206570724983 0.002090212059984832
v 0.0045159124318678865 -0.003102535834106746 0.002090212059984832
v 0.004531388181491459 -0.003117010523743691 0.0014902120495540192
v 0.004023802190487037 -0.003551283995405941 0.0014902120495540192
v 0.003551447312128975 -0.004023638277717568 0.0014902120495540192
v 0.002116100740817917 -0.005053777581741415 0.002090212059984832
v 0.002457001154340777 -0.0048971160151709 0.002090212059984832
v 0.002786383566564688 -0.004717492355760356 0.002090212059984832
v 0.003102700640945866 -0.004515748817121635 0.002090212059984832
v 0.0021047758585637237 -0.005081190353307342 0.0014902120495540192
v 0.003117175032559594 -0.004531223970698773 0.0014902120495540192
v 0.0027928184838708074 -0.004738022877171123 0.0014902120495540192
v 0.002454800550904857 -0.004921644518040614 0.0014902120495540192
v 0.0019134330321826103 -0.004619250194298098 0.0014902120495540192
v 0.001924755530251066 -0.004591833846453564 0.002090212059984832
v 0.0021047758585637237 -0.005081190353307342 0.0014902120495540192
v 0.002116100740817917 -0.005053777581741415 0.002090212059984832
v 0.005081353073983942 -0.0021046117967826465 0.0014902120495540192
v 0.0049218081327868654 -0.0024546372341818228 0.0014902120495540192
v 0.004738187684010243 -0.002792654571101339 0.0014902120495540192
v 0.004531388181491459 -0.003117010523743691 0.0014902120495540192
v 0.005053942090557318 -0.0021159357849671882 0.002090212059984832
v 0.0045159124318678865 -0.003102535834106746 0.002090212059984832
v 0.004717657460622694 -0.002786219057748785 0.002090212059984832
v 0.0048972796299171515 -0.0024568375395945257 0.002090212059984832
v -0.0021047424799633956 -0.005081190353307342 0.0014902120495540192
v -0.002116067362217589 -0.005053777581741415 0.002090212059984832
v -0.0019133996535822821 -0.004619250194298098 0.0014902120495540192
v -0.0019247221516507378 -0.004591833846453564 0.002090212059984832
v -0.0021047424799633956 -0.005081190353307342 0.0014902120495540192
v -0.0024547671723045288 -0.004921644518040614 0.0014902120495540192
v -0.0027927851052704793 -0.004738022877171123 0.0014902120495540192
v -0.003117141653959266 -0.004531223970698773 0.0014902120495540192
v -0.002116067362217589 -0.005053777581741415 0.002090212059984832
v -0.003102667262345538 -0.004515748817121635 0.002090212059984832
v -0.0027863501879643597 -0.004717492355760356 0.002090212059984832
v -0.002456967775740449 -0.0048971160151709 0.002090212059984832
v -0.005081320887476482 0.0021049059456980383 0.0014902120495540192
v -0.005053907519864121 0.00211622993388258 0.002090212059984832
v -0.0046193813245136725 0.0019135641623981852 0.0014902120495540192
v -0.004591965572715574 0.0019248866604666408 0.002090212059984832
v -0.004515879053267558 0.003102830281045355 0.002090212059984832
v -0.004717624082022366 0.002786513504687394 0.002090212059984832
v -0.004897246251316823 0.0024571316885099175 0.002090212059984832
v -0.005053907519864121 0.00211622993388258 0.002090212059984832
v -0.004591965572715574 0.0019248866604666408 0.002090212059984832
v -0.004134080317599765 0.002775062260589101 0.002090212059984832
v -0.0035207008528552746 0.0035208653616711776 0.002090212059984832
v -0.002774898943866067 0.004134244528392451 0.002090212059984832
v -0.0019247221516507378 0.004592128293392173 0.002090212059984832
v -0.002116067362217589 0.005054072028680024 0.002090212059984832
v -0.002456967775740449 0.004897410462109509 0.002090212059984832
v -0.0027863501879643597 0.004717786802698965 0.002090212059984832
v -0.003102667262345538 0.004516043264060244 0.002090212059984832
v -0.0035367511912416387 0.004008929341831891 0.002090212059984832
v -0.004008765131039206 0.0035369151040111073 0.002090212059984832
v -0.004638099566740551 0.0021399546681354635 0.002090212059984832
v -0.004827084433427054 0.002235389152868334 0.002090212059984832
v -0.004810721766709048 0.0022677556663508185 0.002090212059984832
v -0.004734258545914472 0.0022291619577446136 0.002090212059984832
v -0.0046005915567146624 0.0024937427976635955 0.002090212059984832
v -0.004690956964545912 0.002509672883681813 0.002090212059984832
v -0.004673290148229371 0.002544646206245283 0.002090212059984832
v -0.00454049338682383 0.0025224890741149535 0.002090212059984832
v -0.00469798077572925 0.002210770199952195 0.002090212059984832
v -0.004621734515836807 0.0021723213306295568 0.002090212059984832
v -0.002289195009562484 0.0048156510707217945 0.002090212059984832
v -0.002203164051402418 0.004726093007785982 0.002090212059984832
v -0.0022607087583681467 0.0045553614671075 0.002090212059984832
v -0.002465166990492485 0.004446176787178736 0.002090212059984832
v -0.0024904155174549918 0.004493433136639747 0.002090212059984832
v -0.002441158240113595 0.004519728619164332 0.002090212059984832
v -0.002442111914408685 0.004521443742779408 0.002090212059984832
v -0.0025499605562546717 0.0045873736309847155 0.002090212059984832
v -0.0025130915080064935 0.004735430075181347 0.002090212059984832
v -0.002356555409210426 0.004686649336964278 0.002090212059984832
v -0.00229262585283907 0.0045994733736036695 0.002090212059984832
v -0.0022458457444791695 0.004707990779549088 0.002090212059984832
v -0.002339024491480935 0.004789069485908682 0.002090212059984832
v -0.003117141653959266 0.004531518417637382 0.0014902120495540192
v -0.003102667262345538 0.004516043264060244 0.002090212059984832
v -0.0035367511912416387 0.004008929341831891 0.002090212059984832
v -0.004008765131039206 0.0035369151040111073 0.002090212059984832
v -0.004515879053267558 0.003102830281045355 0.002090212059984832
v -0.004531354802891131 0.0031173049706823 0.0014902120495540192
v -0.0040237688118867085 0.00355157844234455 0.0014902120495540192
v -0.003551413933528647 0.004023932724656177 0.0014902120495540192
v -0.002116067362217589 0.005054072028680024 0.002090212059984832
v -0.002456967775740449 0.004897410462109509 0.002090212059984832
v -0.0027863501879643597 0.004717786802698965 0.002090212059984832
v -0.003102667262345538 0.004516043264060244 0.002090212059984832
v -0.0021047424799633956 0.005081484800245951 0.0014902120495540192
v -0.003117141653959266 0.004531518417637382 0.0014902120495540192
v -0.0027927851052704793 0.004738317324109732 0.0014902120495540192
v -0.0024547671723045288 0.004921938964979223 0.0014902120495540192
v -0.0019133996535822821 0.004619544641236707 0.0014902120495540192
v -0.0019247221516507378 0.004592128293392173 0.002090212059984832
v -0.0021047424799633956 0.005081484800245951 0.0014902120495540192
v -0.002116067362217589 0.005054072028680024 0.002090212059984832
v -0.005081320887476482 0.0021049059456980383 0.0014902120495540192
v -0.004921774754186537 0.0024549313830972146 0.0014902120495540192
v -0.004738154305409915 0.002792949018039948 0.0014902120495540192
v -0.004531354802891131 0.0031173049706823 0.0014902120495540192
v -0.005053907519864121 0.00211622993388258 0.002090212059984832
v -0.004515879053267558 0.003102830281045355 0.002090212059984832
v -0.004717624082022366 0.002786513504687394 0.002090212059984832
v -0.004897246251316823 0.0024571316885099175 0.002090212059984832
v -0.004621734515836807 0.0021723213306295568 0.002090212059984832
v -0.004621734515836807 0.0021723213306295568 0.00212021167307619
v -0.004638099566740551 0.0021399546681354635 0.00212021167307619
v -0.004638099566740551 0.0021399546681354635 0.002090212059984832
v -0.004638099566740551 0.0021399546681354635 0.002090212059984832
v -0.004638099566740551 0.0021399546681354635 0.00212021167307619
v -0.004827084433427054 0.002235389152868334 0.00212021167307619
v -0.004827084433427054 0.002235389152868334 0.002090212059984832
v -0.004827084433427054 0.002235389152868334 0.002090212059984832
v -0.004827084433427054 0.002235389152868334 0.00212021167307619
v -0.004810721766709048 0.0022677556663508185 0.00212021167307619
v -0.004810721766709048 0.0022677556663508185 0.002090212059984832
v -0.004810721766709048 0.0022677556663508185 0.002090212059984832
v -0.004810721766709048 0.0022677556663508185 0.00212021167307619
v -0.004734258545914472 0.0022291619577446136 0.00212021167307619
v -0.004734258545914472 0.0022291619577446136 0.002090212059984832
v -0.004734258545914472 0.0022291619577446136 0.002090212059984832
v -0.004734258545914472 0.0022291619577446136 0.00212021167307619
v -0.0046005915567146624 0.0024937427976635955 0.00212021167307619
v -0.0046005915567146624 0.0024937427976635955 0.002090212059984832
v -0.0046005915567146624 0.0024937427976635955 0.002090212059984832
v -0.0046005915567146624 0.0024937427976635955 0.00212021167307619
v -0.004690956964545912 0.002509672883681813 0.00212021167307619
v -0.004690956964545912 0.002509672883681813 0.002090212059984832
v -0.004690956964545912 0.002509672883681813 0.002090212059984832
v -0.004690956964545912 0.002509672883681813 0.00212021167307619
v -0.004673290148229371 0.002544646206245283 0.00212021167307619
v -0.004673290148229371 0.002544646206245283 0.002090212059984832
v -0.004673290148229371 0.002544646206245283 0.002090212059984832
v -0.004673290148229371 0.002544646206245283 0.00212021167307619
v -0.00454049338682383 0.0025224890741149535 0.00212021167307619
v -0.00454049338682383 0.0025224890741149535 0.002090212059984832
v -0.00454049338682383 0.0025224890741149535 0.002090212059984832
v -0.00454049338682383 0.0025224890741149535 0.00212021167307619
v -0.00469798077572925 0.002210770199952195 0.00212021167307619
v -0.00469798077572925 0.002210770199952195 0.002090212059984832
v -0.00469798077572925 0.002210770199952195 0.002090212059984832
v -0.00469798077572925 0.002210770199952195 0.00212021167307619
v -0.004621734515836807 0.0021723213306295568 0.00212021167307619
v -0.004621734515836807 0.0021723213306295568 0.002090212059984832
v -0.004638099566740551 0.0021399546681354635 0.00212021167307619
v -0.004621734515836807 0.0021723213306295568 0.00212021167307619
v -0.004827084433427054 0.002235389152868334 0.00212021167307619
v -0.004810721766709048 0.0022677556663508185 0.00212021167307619
v -0.004734258545914472 0.0022291619577446136 0.00212021167307619
v -0.0046005915567146624 0.0024937427976635955 0.00212021167307619
v -0.004690956964545912 0.002509672883681813 0.00212021167307619
v -0.004673290148229371 0.002544646206245283 0.00212021167307619
v -0.00454049338682383 0.0025224890741149535 0.00212021167307619
v -0.00469798077572925 0.002210770199952195 0.00212021167307619
v -0.002339024491480935 0.004789069485908682 0.00212021167307619
v -0.002339024491480935 0.004789069485908682 0.002090212059984832
v -0.002289195009562484 0.0048156510707217945 0.00212021167307619
v -0.002289195009562484 0.0048156510707217945 0.002090212059984832
v -0.002289195009562484 0.0048156510707217945 0.002090212059984832
v -0.002289195009562484 0.0048156510707217945 0.00212021167307619
v -0.002203164051402418 0.004726093007785982 0.00212021167307619
v -0.002203164051402418 0.004726093007785982 0.002090212059984832
v -0.0022395872569176416 0.004777241242440612 0.0021052121645537283
v -0.002203164051402418 0.004726093007785982 0.002090212059984832
v -0.002203164051402418 0.004726093007785982 0.00212021167307619
v -0.0022607087583681467 0.0045553614671075 0.00212021167307619
v -0.0022607087583681467 0.0045553614671075 0.002090212059984832
v -0.002218356082923201 0.004584726886792624 0.00209771211226928
v -0.002218356082923201 0.004584726886792624 0.0021127122168381764
v -0.002183852146926846 0.0046649386436133375 0.002118337107039904
v -0.0021854948509001386 0.004677754834046478 0.00209771211226928
v -0.0021854948509001386 0.004677754834046478 0.0021127122168381764
v -0.0021839355934276665 0.004652027681797123 0.002101461840388287
v -0.0021839355934276665 0.004652027681797123 0.002108961892672735
v -0.002188360642156884 0.004690344526834534 0.002092086626021118
v -0.0021839355934276665 0.004652027681797123 0.0021127122168381764
v -0.002185647438787353 0.00463922669054806 0.0021145867828744626
v -0.0021891617285647595 0.004626798824366952 0.0021127122168381764
v -0.0021891617285647595 0.004626798824366952 0.0021052121645537283
v -0.0021944379316023448 0.0046150149863582466 0.0020958369501865594
v -0.0021891617285647595 0.004626798824366952 0.00209771211226928
v -0.0022012781604838776 0.0046040554805683595 0.0021164619449571833
v -0.0022092937929341088 0.004593931035833111 0.002092086626021118
v -0.00218718047021671 0.004632950917639934 0.0021173995259985436
v -0.002183663796253566 0.004658485248867751 0.0020911496410261922
v -0.0021839355934276665 0.004652027681797123 0.002093961788103839
v -0.002185647438787353 0.00463922669054806 0.002092086626021118
v -0.0022051429255647297 0.004598880903447845 0.0021192746880812643
v -0.002191576908717075 0.004620805577468746 0.0020930242070624785
v -0.0021836947906681563 0.004661714032403065 0.002119743180578727
v -0.002188117455211636 0.004629857734668453 0.002118805599537367
v -0.0021903132902760807 0.004623779551153341 0.002091618133523655
v -0.0021944379316023448 0.0046150149863582466 0.002092086626021118
v -0.002207183788556222 0.0045963772104000164 0.002090680552482295
v -0.002183663796253566 0.004660099938658625 0.0020904463062335634
v -0.0021886252867737714 0.004628323511146227 0.0021195089343299957
v -0.0021897243963988626 0.004625283674330628 0.0020909147987310263
v -0.0022061562045032628 0.004597622053378326 0.0021199774268274587
v -0.0021836757171822545 0.004660907283554062 0.0021200948479750416
v -0.002188889931390659 0.004627559975663721 0.00211986060172631
v -0.0021894406782960734 0.004626040057255921 0.0020905637273811463
v -0.0022066688044368736 0.004596997694738259 0.0020903288850859804
v -0.002189025829977709 0.004627179101992119 0.0021200364354244674
v -0.0021893000113375476 0.004626419142788219 0.002090387893682989
v -0.0022607087583681467 0.0045553614671075 0.00212021167307619
v -0.0022607087583681467 0.0045553614671075 0.002090212059984832
v -0.002465166990492485 0.004446176787178736 0.00212021167307619
v -0.002465166990492485 0.004446176787178736 0.002090212059984832
v -0.002465166990492485 0.004446176787178736 0.002090212059984832
v -0.002465166990492485 0.004446176787178736 0.00212021167307619
v -0.0024904155174549918 0.004493433136639747 0.00212021167307619
v -0.0024904155174549918 0.004493433136639747 0.002090212059984832
v -0.0024904155174549918 0.004493433136639747 0.002090212059984832
v -0.0024904155174549918 0.004493433136639747 0.00212021167307619
v -0.002441158240113595 0.004519728619164332 0.00212021167307619
v -0.002441158240113595 0.004519728619164332 0.002090212059984832
v -0.002441158240113595 0.004519728619164332 0.002090212059984832
v -0.002441158240113595 0.004519728619164332 0.00212021167307619
v -0.002442111914408685 0.004521443742779408 0.00212021167307619
v -0.002442111914408685 0.004521443742779408 0.002090212059984832
v -0.002442111914408685 0.004521443742779408 0.002090212059984832
v -0.002442111914408685 0.004521443742779408 0.00212021167307619
v -0.0025499605562546717 0.0045873736309847155 0.00212021167307619
v -0.0025499605562546717 0.0045873736309847155 0.002090212059984832
v -0.002531123104740907 0.004560022252201535 0.00209771211226928
v -0.002531123104740907 0.004560022252201535 0.0021127122168381764
v -0.002490761224386962 0.004531328874871233 0.002093961788103839
v -0.002490761224386962 0.004531328874871233 0.0021164619449571833
v -0.002505614701532988 0.004538810747739431 0.0021052121645537283
v -0.002525334301769711 0.004554046886696362 0.002118337107039904
v -0.002525334301769711 0.004554046886696362 0.002092086626021118
v -0.002486894075120372 0.0045297883928614455 0.0020911496410261922
v -0.002486894075120372 0.0045297883928614455 0.0021192746880812643
v -0.0025238203438262556 0.004552619951532334 0.002119743180578727
v -0.0025238203438262556 0.004552619951532334 0.002090680552482295
v -0.0024859213273393803 0.004529423612443574 0.0021199774268274587
v -0.0024859213273393803 0.004529423612443574 0.0020904463062335634
v -0.002523436489922482 0.004552267390066368 0.0021200948479750416
v -0.002523436489922482 0.004552267390066368 0.0020903288850859804
v -0.0025499605562546717 0.0045873736309847155 0.002090212059984832
v -0.0025499605562546717 0.0045873736309847155 0.00212021167307619
v -0.0025130915080064935 0.004735430075181347 0.00212021167307619
v -0.0025130915080064935 0.004735430075181347 0.002090212059984832
v -0.0025650858305747985 0.004627561465779807 0.0021127122168381764
v -0.0025650858305747985 0.004627561465779807 0.00209771211226928
v -0.0025651382826610285 0.004670326307334161 0.00209771211226928
v -0.0025673937223689163 0.004648940757313203 0.002093961788103839
v -0.0025651382826610285 0.004670326307334161 0.0021052121645537283
v -0.0025668095968631737 0.00463818956975215 0.002118337107039904
v -0.002566833438720551 0.004659694329059994 0.0021145867828744626
v -0.0025651382826610285 0.004670326307334161 0.0021127122168381764
v -0.002562274875590021 0.004680707350059433 0.0020958369501865594
v -0.0025392746357781886 0.004716674282029099 0.002118337107039904
v -0.0025465654757641514 0.004708750738752988 0.00209771211226928
v -0.0025465654757641514 0.004708750738752988 0.0021127122168381764
v -0.0025529336358696146 0.004700071706621235 0.002092086626021118
v -0.002566130103927922 0.004665033116973195 0.0021173995259985436
v -0.002567248287038915 0.0046435572659174204 0.0020911496410261922
v -0.002562274875590021 0.004680707350059433 0.002118337107039904
v -0.0025581526184494945 0.004690650894701832 0.0021164619449571833
v -0.0025556754494679983 0.00469543655152388 0.0021192746880812643
v -0.0025638555907341325 0.0046755581049123815 0.0020930242070624785
v -0.002567067088922848 0.004640870586614222 0.002119743180578727
v -0.002565669956080541 0.0046676864176760655 0.002118805599537367
v -0.0025645326994836464 0.004672950699784962 0.002091618133523655
v -0.0025543403054548723 0.00469777633180224 0.002090680552482295
v -0.002565412464020867 0.004669008150644417 0.0021195089343299957
v -0.0025671672247238324 0.004642213479230995 0.0020904463062335634
v -0.00256136411663821 0.0046832411434522 0.002119743180578727
v -0.002555017414204386 0.004696611359046144 0.0021199774268274587
v -0.0025373172192875164 0.004718523516091922 0.002119743180578727
v -0.0025648450278152883 0.004671640589722082 0.0020909147987310263
v -0.0025363206296491474 0.0047194277185329545 0.0020904463062335634
v -0.002567119541009078 0.004641541734899391 0.0021200948479750416
v -0.0025652765654338165 0.004669667676024115 0.00211986060172631
v -0.0025649928473310273 0.004670983746551339 0.0020905637273811463
v -0.0025608753585619763 0.004684496119219895 0.0020904463062335634
v -0.0025368213086540696 0.004718977405451742 0.0021200948479750416
v -0.002554681244015367 0.00469719518652867 0.0020903288850859804
v -0.0025652074240474225 0.004669996991679138 0.0021200364354244674
v -0.0025611233138786997 0.004683869674417308 0.0021200948479750416
v -0.0025650667570888967 0.00467065502694275 0.002090387893682989
v -0.0025130915080064935 0.004735430075181347 0.002090212059984832
v -0.0025130915080064935 0.004735430075181347 0.00212021167307619
v -0.002356555409210426 0.004686649336964278 0.00212021167307619
v -0.002356555409210426 0.004686649336964278 0.002090212059984832
v -0.0023868607941226476 0.004720566167222718 0.0021127122168381764
v -0.0023868607941226476 0.004720566167222718 0.00209771211226928
v -0.0024813174646798335 0.004747781051372414 0.002092086626021118
v -0.0024701094075267886 0.004749809397388783 0.0021127122168381764
v -0.0024701094075267886 0.004749809397388783 0.00209771211226928
v -0.0024813174646798335 0.004747781051372414 0.002118337107039904
v -0.0024148654397979645 0.004739991916567266 0.0021145867828744626
v -0.0024253010207719865 0.004744558526324661 0.0021052121645537283
v -0.0024253010207719865 0.004744558526324661 0.0021127122168381764
v -0.0024148654397979645 0.004739991916567266 0.0020958369501865594
v -0.0024253010207719865 0.004744558526324661 0.00209771211226928
v -0.0023956393660089508 0.004727823032561918 0.002118337107039904
v -0.0023956393660089508 0.004727823032561918 0.002092086626021118
v -0.0024530553269448423 0.004750481439743604 0.0021192746880812643
v -0.002447380964889057 0.004749978674576162 0.0021164619449571833
v -0.002447380964889057 0.004749978674576162 0.002093961788103839
v -0.00243617529192175 0.004747935427398931 0.002118337107039904
v -0.0024530553269448423 0.004750481439743604 0.0020911496410261922
v -0.002420027201920139 0.004742402924394541 0.0021173995259985436
v -0.00243617529192175 0.004747935427398931 0.002092086626021118
v -0.002420027201920139 0.004742402924394541 0.0020930242070624785
v -0.0024840759675783812 0.004747078014603002 0.002119743180578727
v -0.0024840759675783812 0.004747078014603002 0.002090680552482295
v -0.0024226498062316364 0.0047435139549483205 0.002118805599537367
v -0.0024226498062316364 0.0047435139549483205 0.002091618133523655
v -0.002397918647574216 0.004729531301642998 0.002119743180578727
v -0.002397918647574216 0.004729531301642998 0.002090680552482295
v -0.0024544763016445263 0.004750548792990695 0.0021199774268274587
v -0.0024389528683061994 0.00474856813068908 0.002119743180578727
v -0.0024544763016445263 0.004750548792990695 0.0020904463062335634
v -0.0024239730293160737 0.004744045032321399 0.0021195089343299957
v -0.0024389528683061994 0.00474856813068908 0.002090680552482295
v -0.0024239730293160737 0.004744045032321399 0.0020909147987310263
v -0.002484762613070846 0.004746890557999373 0.0021200948479750416
v -0.002484762613070846 0.004746890557999373 0.0020903288850859804
v -0.0024246358329511612 0.004744304014497159 0.00211986060172631
v -0.0024246358329511612 0.004744304014497159 0.0020905637273811463
v -0.0023984932363370075 0.004729951216356055 0.0021200948479750416
v -0.0023984932363370075 0.004729951216356055 0.0020903288850859804
v -0.002439649050541615 0.004748713566019081 0.0021200948479750416
v -0.002424967234768705 0.004744431866457345 0.0021200364354244674
v -0.002439649050541615 0.004748713566019081 0.0020903288850859804
v -0.002424967234768705 0.004744431866457345 0.002090387893682989
v -0.002356555409210426 0.004686649336964278 0.00212021167307619
v -0.002356555409210426 0.004686649336964278 0.002090212059984832
v -0.00229262585283907 0.0045994733736036695 0.00212021167307619
v -0.00229262585283907 0.0045994733736036695 0.002090212059984832
v -0.00229262585283907 0.0045994733736036695 0.002090212059984832
v -0.00229262585283907 0.0045994733736036695 0.00212021167307619
v -0.0022458457444791695 0.004707990779549088 0.00212021167307619
v -0.0022458457444791695 0.004707990779549088 0.002090212059984832
v -0.002264406630447358 0.00461793233563157 0.00209771211226928
v -0.002264406630447358 0.00461793233563157 0.0021127122168381764
v -0.0022425507997896337 0.004643418685121415 0.0021127122168381764
v -0.0022425507997896337 0.004643418685121415 0.0021052121645537283
v -0.002252263972485125 0.004629646436207447 0.0021164619449571833
v -0.002252263972485125 0.004629646436207447 0.002093961788103839
v -0.0022425507997896337 0.004643418685121415 0.00209771211226928
v -0.0022366952396177813 0.0046592189820285354 0.002101461840388287
v -0.0022366952396177813 0.0046592189820285354 0.002108961892672735
v -0.002235684344864986 0.004676027491479496 0.0021127122168381764
v -0.002235684344864986 0.004676027491479496 0.00209771211226928
v -0.0022391199565130475 0.004651131227959738 0.0021145867828744626
v -0.0022366952396177813 0.0046592189820285354 0.0021127122168381764
v -0.002235622356035805 0.0046675841957125605 0.002118337107039904
v -0.0022391199565130475 0.004651131227959738 0.0020958369501865594
v -0.0022366952396177813 0.0046592189820285354 0.00209771211226928
v -0.002235622356035805 0.0046675841957125605 0.002092086626021118
v -0.0022551202269989194 0.004626537458005454 0.0021192746880812643
v -0.0022407125925858478 0.004647221163349869 0.0021173995259985436
v -0.0022551202269989194 0.004626537458005454 0.0020911496410261922
v -0.0022407125925858478 0.004647221163349869 0.0020930242070624785
v -0.0022379064059725455 0.004688478603471547 0.0021192746880812643
v -0.0022379064059725455 0.004688478603471547 0.0020911496410261922
v -0.0022415995096802814 0.004645304278016738 0.002118805599537367
v -0.002237770507385495 0.004655132487674075 0.0021192746880812643
v -0.0022357582546228554 0.0046654762774971945 0.002119743180578727
v -0.0022415995096802814 0.004645304278016738 0.002091618133523655
v -0.002237770507385495 0.004655132487674075 0.0020911496410261922
v -0.0022357582546228554 0.0046654762774971945 0.002090680552482295
v -0.0022558545562061387 0.004625779882987292 0.0021199774268274587
v -0.0022420668100848755 0.004644357160232427 0.0021195089343299957
v -0.0022558545562061387 0.004625779882987292 0.0020904463062335634
v -0.0022420668100848755 0.004644357160232427 0.0020909147987310263
v -0.002237632224612707 0.00468745936406867 0.0021199774268274587
v -0.002237632224612707 0.00468745936406867 0.0020904463062335634
v -0.0022423076128443857 0.004643886879595661 0.00211986060172631
v -0.002238082835717137 0.004654123977107017 0.0021199774268274587
v -0.002235803554151872 0.004664950564542026 0.0021200948479750416
v -0.0022423076128443857 0.004643886879595661 0.0020905637273811463
v -0.002238082835717137 0.004654123977107017 0.0020904463062335634
v -0.002235803554151872 0.004664950564542026 0.0020903288850859804
v -0.002242426822131272 0.0046436526333469294 0.0021200364354244674
v -0.002242426822131272 0.0046436526333469294 0.002090387893682989
v -0.0022458457444791695 0.004707990779549088 0.002090212059984832
v -0.0022458457444791695 0.004707990779549088 0.00212021167307619
v -0.002339024491480935 0.004789069485908682 0.00212021167307619
v -0.002339024491480935 0.004789069485908682 0.002090212059984832
v -0.0022848915543058905 0.004757157159809234 0.0021052121645537283
v -0.002339024491480935 0.004789069485908682 0.00212021167307619
v -0.0022458457444791695 0.004707990779549088 0.00212021167307619
v -0.00229262585283907 0.0045994733736036695 0.00212021167307619
v -0.002356555409210426 0.004686649336964278 0.00212021167307619
v -0.0025130915080064935 0.004735430075181347 0.00212021167307619
v -0.0025499605562546717 0.0045873736309847155 0.00212021167307619
v -0.002442111914408685 0.004521443742779408 0.00212021167307619
v -0.002441158240113595 0.004519728619164332 0.00212021167307619
v -0.0024904155174549918 0.004493433136639747 0.00212021167307619
v -0.002465166990492485 0.004446176787178736 0.00212021167307619
v -0.0022607087583681467 0.0045553614671075 0.00212021167307619
v -0.002203164051402418 0.004726093007785982 0.00212021167307619
v -0.002289195009562484 0.0048156510707217945 0.00212021167307619
v -0.0023829459611413033 0.004649587765717778 0.00212021167307619
v -0.0023319744542544822 0.004578417735284169 0.00212021167307619
v -0.0023636054464368787 0.0045615540915380235 0.00212021167307619
v -0.002504134122189861 0.004598711328237249 0.00212021167307619
v -0.002483746949946575 0.004687887921455026 0.00212021167307619
v -0.0023829459611413033 0.004649587765717778 0.002090212059984832
v -0.0023829459611413033 0.004649587765717778 0.00212021167307619
v -0.002483746949946575 0.004687887921455026 0.00212021167307619
v -0.002483746949946575 0.004687887921455026 0.002090212059984832
v -0.002413213199081721 0.004683533504228289 0.002093961788103839
v -0.002413213199081721 0.004683533504228289 0.0021164619449571833
v -0.0024256896430472357 0.004692188396479447 0.0021052121645537283
v -0.0024399732998019457 0.004697251214893506 0.002108961892672735
v -0.0024551271843509252 0.004697659208677874 0.0021127122168381764
v -0.0024551271843509252 0.004697659208677874 0.00209771211226928
v -0.0024399732998019457 0.004697251214893506 0.002101461840388287
v -0.0024326419286584415 0.00469525356526851 0.0021145867828744626
v -0.0024475335527762714 0.004697991802588287 0.002118337107039904
v -0.0024326419286584415 0.00469525356526851 0.0020958369501865594
v -0.0024475335527762714 0.004697991802588287 0.002092086626021118
v -0.002429110949580871 0.004693847491729687 0.0021173995259985436
v -0.0024102806506243195 0.0046811144497741495 0.0020911496410261922
v -0.0024102806506243195 0.0046811144497741495 0.0021192746880812643
v -0.002429110949580871 0.004693847491729687 0.0020930242070624785
v -0.002427384799106758 0.004693049981600418 0.002118805599537367
v -0.0024456333567433046 0.004697922363178676 0.002119743180578727
v -0.002427384799106758 0.004693049981600418 0.002091618133523655
v -0.0024456333567433046 0.004697922363178676 0.002090680552482295
v -0.0024095630107172643 0.004680492177296603 0.0021199774268274587
v -0.0024265336447983903 0.004692627384678406 0.0021195089343299957
v -0.0024095630107172643 0.004680492177296603 0.0020904463062335634
v -0.0024265336447983903 0.004692627384678406 0.0020909147987310263
v -0.002465348188608552 0.00469551582569966 0.0021199774268274587
v -0.002465348188608552 0.00469551582569966 0.0020904463062335634
v -0.0024261092597370752 0.0046924098277298385 0.00211986060172631
v -0.0024353527478422348 0.0046961404823629435 0.0021199774268274587
v -0.0024451589037814974 0.004697893752949823 0.0021200948479750416
v -0.0024261092597370752 0.0046924098277298385 0.0020905637273811463
v -0.0024353527478422348 0.0046961404823629435 0.0020904463062335634
v -0.0024451589037814974 0.004697893752949823 0.0020903288850859804
v -0.0024258994513921554 0.004692299559139469 0.0021200364354244674
v -0.0024258994513921554 0.004692299559139469 0.002090387893682989
v -0.0023829459611413033 0.004649587765717778 0.002090212059984832
v -0.002483746949946575 0.004687887921455026 0.002090212059984832
v -0.002504134122189861 0.004598711328237249 0.002090212059984832
v -0.0023636054464368787 0.0045615540915380235 0.002090212059984832
v -0.0023319744542544822 0.004578417735284169 0.002090212059984832
v -0.0023319744542544822 0.004578417735284169 0.002090212059984832
v -0.0023319744542544822 0.004578417735284169 0.00212021167307619
v -0.0023829459611413033 0.004649587765717778 0.00212021167307619
v -0.0023829459611413033 0.004649587765717778 0.002090212059984832
v -0.0023636054464368787 0.0045615540915380235 0.00212021167307619
v -0.0023636054464368787 0.0045615540915380235 0.002090212059984832
v -0.0023319744542544822 0.004578417735284169 0.00212021167307619
v -0.0023319744542544822 0.004578417735284169 0.002090212059984832
v -0.002504134122189861 0.004598711328237249 0.002090212059984832
v -0.002504134122189861 0.004598711328237249 0.00212021167307619
v -0.0023636054464368787 0.0045615540915380235 0.00212021167307619
v -0.0023636054464368787 0.0045615540915380235 0.002090212059984832
v -0.0024861430566129887 0.004574241237918109 0.002118337107039904
v -0.002478549425038335 0.004567495184373217 0.0021127122168381764
v -0.002478549425038335 0.004567495184373217 0.00209771211226928
v -0.0024702476902995767 0.004561641412340668 0.002092086626021118
v -0.0024613212988975346 0.004556794064712656 0.0021164619449571833
v -0.0024519252229051607 0.004552932577887193 0.0020958369501865594
v -0.002442178671609341 0.00455006648860723 0.0021052121645537283
v -0.002442178671609341 0.00455006648860723 0.00209771211226928
v -0.002432205622668438 0.004548142152693669 0.0021145867828744626
v -0.002442178671609341 0.00455006648860723 0.0021127122168381764
v -0.0024119352755263006 0.004547255533622453 0.002118337107039904
v -0.00240183348055556 0.004548316198252523 0.0021127122168381764
v -0.00240183348055556 0.004548316198252523 0.00209771211226928
v -0.0024220942909547465 0.004547174173284153 0.002093961788103839
v -0.0023918866576577717 0.00455038120112461 0.002092086626021118
v -0.002465851251799212 0.004559093313833474 0.0021192746880812643
v -0.0024519252229051607 0.004552932577887193 0.002118337107039904
v -0.002447087710043317 0.004551377492739762 0.0020930242070624785
v -0.002432205622668438 0.004548142152693669 0.002092086626021118
v -0.0024170135911476547 0.004547091918876201 0.0020911496410261922
v -0.002468068544535296 0.004560335474602829 0.002090680552482295
v -0.0024397038868135827 0.004549499648448086 0.002118805599537367
v -0.002444641535476411 0.004550692039340166 0.002091618133523655
v -0.0024144744333369776 0.004547144370962431 0.002119743180578727
v -0.0024669646665387295 0.004559706645614504 0.0021199774268274587
v -0.0024879216591733315 0.004576053517101998 0.002119743180578727
v -0.002488794271153339 0.004576977389075366 0.0020904463062335634
v -0.0024543117928286233 0.004553803997774331 0.002119743180578727
v -0.0024409436633971997 0.004549775617947228 0.0021195089343299957
v -0.0024434136798214827 0.004550371664381659 0.0020909147987310263
v -0.0024157428201494473 0.004547110694338886 0.0020904463062335634
v -0.002488360349349073 0.004576513962972596 0.0021200948479750416
v -0.0024415611675032704 0.004549919265137926 0.00211986060172631
v -0.0024675177976298816 0.004560019271969363 0.0020903288850859804
v -0.0024554967331402726 0.004554263251552061 0.0020904463062335634
v -0.0024151086267432125 0.004547125595499747 0.0021200948479750416
v -0.002442796175715412 0.0045502172883551415 0.0020905637273811463
v -0.002454905455077317 0.004554031687512284 0.0021200948479750416
v -0.0024418711116491747 0.004549992280826144 0.0021200364354244674
v -0.0024424886157552454 0.0045501412924347515 0.002090387893682989
v -0.002483746949946575 0.004687887921455026 0.002090212059984832
v -0.002483746949946575 0.004687887921455026 0.00212021167307619
v -0.002504134122189861 0.004598711328237249 0.00212021167307619
v -0.002504134122189861 0.004598711328237249 0.002090212059984832
v -0.002513086739635018 0.004622678355365729 0.0021127122168381764
v -0.002513086739635018 0.004622678355365729 0.00209771211226928
v -0.0025097536479736786 0.004660479024190923 0.0021164619449571833
v -0.00250332826741051 0.004671570554266037 0.00209771211226928
v -0.00250332826741051 0.004671570554266037 0.0021127122168381764
v -0.0025134801302817427 0.004648207620198853 0.0021127122168381764
v -0.0025134801302817427 0.004648207620198853 0.0021052121645537283
v -0.0025145196352633907 0.004635427788598213 0.002093961788103839
v -0.0025134801302817427 0.004648207620198853 0.00209771211226928
v -0.0025143289004043727 0.004641842738348779 0.0021145867828744626
v -0.002511959019781074 0.004654447928344131 0.0020958369501865594
v -0.0025068687832310315 0.0046662120968205 0.002092086626021118
v -0.0025140880976448625 0.004629024461753118 0.002118337107039904
v -0.002508397046288913 0.004663388028814165 0.0021192746880812643
v -0.0024968766608042263 0.004678726389734601 0.0020911496410261922
v -0.0024991726316696554 0.004676477804560709 0.002118337107039904
v -0.002511959019781074 0.004654447928344131 0.002118337107039904
v -0.002513987961843878 0.004645036057121244 0.0021173995259985436
v -0.0025128054057179665 0.004651348188861871 0.0020930242070624785
v -0.002514378968304865 0.004632221654827407 0.0020911496410261922
v -0.002498042527629974 0.004677621021621948 0.002119743180578727
v -0.002513754311641581 0.004646625116915438 0.002118805599537367
v -0.002514250222275028 0.004630621568174177 0.002119743180578727
v -0.0025109409724710656 0.00465749521574016 0.0020911496410261922
v -0.002507653180338743 0.0046648113876995865 0.002090680552482295
v -0.0025131630335786252 0.00464978237487862 0.002091618133523655
v -0.0025080298816853035 0.0046641023904658305 0.0021199774268274587
v -0.0025114726458905783 0.004655978873610967 0.002119743180578727
v -0.0024974631704957066 0.004678178623061358 0.0020904463062335634
v -0.002513623181426006 0.004647417262626797 0.0021195089343299957
v -0.0025133275423945283 0.004648996189631605 0.0020909147987310263
v -0.002514319363661422 0.004631421462489183 0.0020904463062335634
v -0.002497754041155709 0.0046779008654229135 0.0021200948479750416
v -0.002513554040039612 0.004647812739436042 0.00211986060172631
v -0.002507843915197761 0.0046644576341407515 0.0020903288850859804
v -0.0025142859850610937 0.00463102151533168 0.0021200948479750416
v -0.0025112127696451663 0.004656738832814867 0.0020904463062335634
v -0.0025134038363381355 0.004648602202938446 0.0020905637273811463
v -0.002511343899860741 0.004656359449259352 0.0021200948479750416
v -0.0025135158930678085 0.004648010328829056 0.0021200364354244674
v -0.002513441983309939 0.00464840491156865 0.002090387893682989
usemtl front_cover
f 7 2 1
f 9 2 7
f 6 9 7
f 10 6 5
f 10 9 6
f 4 10 5
f 8 4 3
f 8 10 4
f 12 30 11
f 29 30 12
f 13 29 12
f 28 29 13
f 14 28 13
f 27 28 14
f 15 27 14
f 26 27 15
f 16 26 15
f 25 26 16
f 17 25 16
f 24 25 17
f 18 24 17
f 23 24 18
f 19 23 18
f 22 23 19
f 20 22 19
f 21 22 20
f 66 53 54
f 52 66 65
f 52 53 66
f 51 64 63
f 51 65 64
f 51 52 65
f 50 63 62
f 50 51 63
f 49 62 61
f 49 50 62
f 37 61 60
f 37 49 61
f 38 49 37
f 36 37 60
f 59 36 60
f 39 49 38
f 48 49 39
f 35 59 58
f 47 48 40
f 34 58 57
f 56 34 57
f 46 47 41
f 33 56 55
f 33 34 56
f 42 46 41
f 45 46 42
f 31 55 32
f 31 33 55
f 43 45 42
f 44 45 43
f 34 35 58
f 35 36 59
f 39 40 48
f 40 41 47
f 89 90 108
f 107 108 90
f 109 89 108
f 91 107 90
f 88 89 109
f 106 107 91
f 110 88 109
f 92 106 91
f 87 88 110
f 111 87 110
f 105 92 67
f 105 106 92
f 86 87 111
f 68 105 67
f 104 105 68
f 112 86 111
f 85 86 112
f 69 104 68
f 113 85 112
f 103 104 69
f 84 85 113
f 70 103 69
f 102 103 70
f 114 84 113
f 83 84 114
f 71 102 70
f 101 102 71
f 115 83 114
f 82 83 115
f 100 101 72
f 116 82 115
f 81 82 116
f 99 100 73
f 93 81 116
f 80 81 93
f 79 80 93
f 94 79 93
f 98 99 74
f 78 79 94
f 95 78 94
f 97 98 75
f 96 97 76
f 77 95 96
f 77 96 76
f 77 78 95
f 72 101 71
f 73 100 72
f 74 99 73
f 75 98 74
f 76 97 75
f 129 140 130
f 139 129 128
f 139 140 129
f 138 127 126
f 138 128 127
f 138 139 128
f 137 126 125
f 137 138 126
f 136 125 124
f 136 137 125
f 123 136 124
f 135 123 122
f 135 136 123
f 134 121 120
f 134 122 121
f 134 135 122
f 133 120 119
f 133 134 120
f 132 119 118
f 132 133 119
f 131 118 117
f 131 132 118
f 146 141 143
f 142 145 144
f 142 146 145
f 142 141 146
f 149 142 144
f 151 142 149
f 148 151 149
f 150 148 147
f 150 151 148
f 158 154 156
f 155 154 158
f 157 155 158
f 152 157 153
f 152 155 157
f 160 172 159
f 171 172 160
f 161 171 160
f 170 171 161
f 162 170 161
f 169 170 162
f 163 169 162
f 168 169 163
f 164 168 163
f 167 168 164
f 165 167 164
f 166 167 165
f 174 206 173
f 205 206 174
f 175 205 174
f 204 205 175
f 176 204 175
f 203 204 176
f 177 203 176
f 202 203 177
f 178 202 177
f 201 202 178
f 179 201 178
f 200 201 179
f 180 200 179
f 199 200 180
f 181 199 180
f 198 199 181
f 182 198 181
f 197 198 182
f 183 197 182
f 196 197 183
f 184 196 183
f 195 196 184
f 185 195 184
f 194 195 185
f 186 194 185
f 193 194 186
f 187 193 186
f 192 193 187
f 188 192 187
f 191 192 188
f 189 191 188
f 190 191 189
f 239 237 238
f 236 237 239
f 240 236 239
f 235 236 240
f 207 235 240
f 234 235 207
f 208 234 207
f 233 234 208
f 209 233 208
f 232 233 209
f 210 232 209
f 231 232 210
f 211 231 210
f 230 231 211
f 212 230 211
f 229 230 212
f 213 229 212
f 228 229 213
f 214 228 213
f 227 228 214
f 215 227 214
f 226 227 215
f 216 226 215
f 225 226 216
f 217 225 216
f 224 225 217
f 218 224 217
f 223 224 218
f 219 223 218
f 222 223 219
f 220 222 219
f 221 222 220
f 242 241 245
f 246 243 242
f 246 242 245
f 244 243 246
f 250 244 246
f 248 250 246
f 251 250 248
f 247 251 248
f 249 251 247
f 258 253 252
f 256 258 252
f 259 258 256
f 260 259 256
f 255 260 256
f 261 260 255
f 254 261 255
f 257 261 254
f 263 262 268
f 271 263 268
f 264 263 271
f 265 264 271
f 270 265 271
f 266 265 270
f 269 266 270
f 267 266 269
f 281 273 272
f 274 282 281
f 274 281 272
f 278 282 274
f 279 278 274
f 276 279 274
f 280 279 276
f 275 280 276
f 277 280 275
f 289 284 283
f 287 289 283
f 290 289 287
f 291 290 287
f 286 291 287
f 292 291 286
f 285 292 286
f 288 292 285
f 294 293 299
f 302 294 299
f 295 294 302
f 296 295 302
f 301 296 302
f 297 296 301
f 300 297 301
f 298 297 300
f 312 304 303
f 305 313 312
f 305 312 303
f 309 313 305
f 310 309 305
f 307 310 305
f 311 310 307
f 306 311 307
f 308 311 306
f 317 316 319
f 320 317 319
f 318 317 320
f 315 318 320
f 314 318 315
f 322 323 321
f 325 326 327
f 324 326 325
f 328 329 330
f 331 349 350
f 348 349 331
f 332 348 331
f 347 348 332
f 333 347 332
f 346 347 333
f 334 346 333
f 345 346 334
f 335 345 334
f 344 345 335
f 336 344 335
f 343 344 336
f 337 343 336
f 342 343 337
f 338 342 337
f 341 342 338
f 339 341 338
f 340 341 339
f 356 351 353
f 352 355 354
f 352 356 355
f 352 351 356
f 359 352 354
f 361 352 359
f 358 361 359
f 360 358 357
f 360 361 358
f 368 363 362
f 370 363 368
f 367 370 368
f 371 367 366
f 371 370 367
f 365 371 366
f 369 365 364
f 369 371 365
f 373 405 372
f 404 405 373
f 374 404 373
f 403 404 374
f 375 403 374
f 402 403 375
f 376 402 375
f 401 402 376
f 377 401 376
f 400 401 377
f 378 400 377
f 399 400 378
f 379 399 378
f 398 399 379
f 380 398 379
f 397 398 380
f 381 397 380
f 396 397 381
f 382 396 381
f 395 396 382
f 383 395 382
f 394 395 383
f 384 394 383
f 393 394 384
f 385 393 384
f 392 393 385
f 386 392 385
f 391 392 386
f 387 391 386
f 390 391 387
f 388 390 387
f 389 390 388
f 438 436 437
f 435 436 438
f 439 435 438
f 434 435 439
f 406 434 439
f 433 434 406
f 407 433 406
f 432 433 407
f 408 432 407
f 431 432 408
f 409 431 408
f 430 431 409
f 410 430 409
f 429 430 410
f 411 429 410
f 428 429 411
f 412 428 411
f 427 428 412
f 413 427 412
f 426 427 413
f 414 426 413
f 425 426 414
f 415 425 414
f 424 425 415
f 416 424 415
f 423 424 416
f 417 423 416
f 422 423 417
f 418 422 417
f 421 422 418
f 419 421 418
f 420 421 419
f 441 440 444
f 445 442 441
f 445 441 444
f 443 442 445
f 449 443 445
f 447 449 445
f 450 449 447
f 446 450 447
f 448 450 446
f 457 452 451
f 455 457 451
f 458 457 455
f 459 458 455
f 454 459 455
f 460 459 454
f 453 460 454
f 456 460 453
f 467 462 461
f 465 467 461
f 468 467 465
f 469 468 465
f 464 469 465
f 470 469 464
f 463 470 464
f 466 470 463
f 472 471 475
f 476 473 472
f 476 472 475
f 474 473 476
f 480 474 476
f 478 480 476
f 481 480 478
f 477 481 478
f 479 481 477
f 488 483 482
f 486 488 482
f 489 488 486
f 490 489 486
f 485 490 486
f 491 490 485
f 484 491 485
f 487 491 484
f 498 493 492
f 496 498 492
f 499 498 496
f 500 499 496
f 495 500 496
f 501 500 495
f 494 501 495
f 497 501 494
f 503 521 502
f 520 521 503
f 504 520 503
f 519 520 504
f 505 519 504
f 518 519 505
f 506 518 505
f 517 518 506
f 507 517 506
f 516 517 507
f 508 516 507
f 515 516 508
f 509 515 508
f 514 515 509
f 510 514 509
f 513 514 510
f 511 513 510
f 512 513 511
f 527 522 524
f 523 526 525
f 523 527 526
f 523 522 527
f 530 523 525
f 532 523 530
f 529 532 530
f 531 529 528
f 531 532 529
f 539 534 533
f 541 534 539
f 538 541 539
f 542 538 537
f 542 541 538
f 536 542 537
f 540 536 535
f 540 542 536
f 549 544 543
f 551 544 549
f 548 551 549
f 552 548 547
f 552 551 548
f 546 552 547
f 550 546 545
f 550 552 546
f 554 586 553
f 585 586 554
f 555 585 554
f 584 585 555
f 556 584 555
f 583 584 556
f 557 583 556
f 582 583 557
f 558 582 557
f 581 582 558
f 559 581 558
f 580 581 559
f 560 580 559
f 579 580 560
f 561 579 560
f 578 579 561
f 562 578 561
f 577 578 562
f 563 577 562
f 576 577 563
f 564 576 563
f 575 576 564
f 565 575 564
f 574 575 565
f 566 574 565
f 573 574 566
f 567 573 566
f 572 573 567
f 568 572 567
f 571 572 568
f 569 571 568
f 570 571 569
f 619 617 618
f 616 617 619
f 620 616 619
f 615 616 620
f 587 615 620
f 614 615 587
f 588 614 587
f 613 614 588
f 589 613 588
f 612 613 589
f 590 612 589
f 611 612 590
f 591 611 590
f 610 611 591
f 592 610 591
f 609 610 592
f 593 609 592
f 608 609 593
f 594 608 593
f 607 608 594
f 595 607 594
f 606 607 595
f 596 606 595
f 605 606 596
f 597 605 596
f 604 605 597
f 598 604 597
f 603 604 598
f 599 603 598
f 602 603 599
f 600 602 599
f 601 602 600
f 622 621 625
f 626 623 622
f 626 622 625
f 624 623 626
f 630 624 626
f 628 630 626
f 631 630 628
f 627 631 628
f 629 631 627
f 638 633 632
f 636 638 632
f 639 638 636
f 640 639 636
f 635 640 636
f 641 640 635
f 634 641 635
f 637 641 634
f 648 643 642
f 646 648 642
f 649 648 646
f 650 649 646
f 645 650 646
f 651 650 645
f 644 651 645
f 647 651 644
f 653 652 656
f 657 654 653
f 657 653 656
f 655 654 657
f 661 655 657
f 659 661 657
f 662 661 659
f 658 662 659
f 660 662 658
f 669 664 663
f 667 669 663
f 670 669 667
f 671 670 667
f 666 671 667
f 672 671 666
f 665 672 666
f 668 672 665
f 679 674 673
f 677 679 673
f 680 679 677
f 681 680 677
f 676 681 677
f 682 681 676
f 675 682 676
f 678 682 675
f 684 702 683
f 701 702 684
f 685 701 684
f 700 701 685
f 686 700 685
f 699 700 686
f 687 699 686
f 698 699 687
f 688 698 687
f 697 698 688
f 689 697 688
f 696 697 689
f 690 696 689
f 695 696 690
f 691 695 690
f 694 695 691
f 692 694 691
f 693 694 692
f 703 721 722
f 720 721 703
f 704 720 703
f 719 720 704
f 705 719 704
f 718 719 705
f 706 718 705
f 717 718 706
f 707 717 706
f 716 717 707
f 708 716 707
f 715 716 708
f 709 715 708
f 714 715 709
f 710 714 709
f 713 714 710
f 711 713 710
f 712 713 711
f 728 723 725
f 724 727 726
f 724 728 727
f 724 723 728
f 731 724 726
f 733 724 731
f 730 733 731
f 732 730 729
f 732 733 730
f 740 735 734
f 742 735 740
f 739 742 740
f 743 739 738
f 743 742 739
f 737 743 738
f 741 737 736
f 741 743 737
f 750 745 744
f 752 745 750
f 749 752 750
f 753 749 748
f 753 752 749
f 747 753 748
f 751 747 746
f 751 753 747
f 760 755 754
f 762 755 760
f 759 762 760
f 763 759 758
f 763 762 759
f 757 763 758
f 761 757 756
f 761 763 757
f 770 765 764
f 772 765 770
f 769 772 770
f 773 769 768
f 773 772 769
f 767 773 768
f 771 767 766
f 771 773 767
f 779 774 776
f 775 778 777
f 775 779 778
f 775 774 779
f 782 775 777
f 784 775 782
f 781 784 782
f 783 781 780
f 783 784 781
f 786 818 785
f 817 818 786
f 787 817 786
f 816 817 787
f 788 816 787
f 815 816 788
f 789 815 788
f 814 815 789
f 790 814 789
f 813 814 790
f 791 813 790
f 812 813 791
f 792 812 791
f 811 812 792
f 793 811 792
f 810 811 793
f 794 810 793
f 809 810 794
f 795 809 794
f 808 809 795
f 796 808 795
f 807 808 796
f 797 807 796
f 806 807 797
f 798 806 797
f 805 806 798
f 799 805 798
f 804 805 799
f 800 804 799
f 803 804 800
f 801 803 800
f 802 803 801
f 833 831 832
f 830 831 833
f 834 830 833
f 829 830 834
f 835 829 834
f 828 829 835
f 836 828 835
f 827 828 836
f 819 827 836
f 826 827 819
f 820 826 819
f 825 826 820
f 821 825 820
f 824 825 821
f 822 824 821
f 823 824 822
f 843 838 837
f 841 843 837
f 844 843 841
f 845 844 841
f 840 845 841
f 846 845 840
f 839 846 840
f 842 846 839
f 848 847 851
f 852 849 848
f 852 848 851
f 850 849 852
f 856 850 852
f 854 856 852
f 857 856 854
f 853 857 854
f 855 857 853
f 864 859 858
f 862 864 858
f 865 864 862
f 866 865 862
f 861 866 862
f 867 866 861
f 860 867 861
f 863 867 860
f 874 869 868
f 872 874 868
f 875 874 872
f 876 875 872
f 871 876 872
f 877 876 871
f 870 877 871
f 873 877 870
f 890 878 879
f 890 889 878
f 891 879 880
f 891 890 879
f 892 891 880
f 881 892 880
f 893 892 881
f 894 881 882
f 894 893 881
f 895 882 883
f 895 894 882
f 896 895 883
f 897 883 884
f 897 896 883
f 898 897 884
f 885 898 884
f 899 898 885
f 900 885 886
f 900 899 885
f 901 900 886
f 887 901 886
f 888 901 887
f 908 906 907
f 905 906 908
f 919 918 931
f 909 905 908
f 920 919 932
f 933 920 932
f 921 920 933
f 910 904 909
f 922 921 934
f 911 903 910
f 902 903 911
f 923 922 934
f 937 911 912
f 937 902 911
f 936 937 912
f 924 935 936
f 924 923 935
f 925 936 912
f 925 924 936
f 926 912 913
f 926 925 912
f 927 926 913
f 914 927 913
f 928 927 914
f 929 928 914
f 929 914 915
f 930 929 915
f 916 930 915
f 917 930 916
f 903 904 910
f 904 905 909
f 931 932 919
f 933 934 921
f 934 935 923
f 943 938 940
f 939 942 941
f 939 943 942
f 939 938 943
f 946 939 941
f 948 939 946
f 945 948 946
f 947 945 944
f 947 948 945
f 955 950 949
f 957 950 955
f 954 957 955
f 958 954 953
f 958 957 954
f 952 958 953
f 956 952 951
f 956 958 952
f 965 960 959
f 967 960 965
f 964 967 965
f 968 964 963
f 968 967 964
f 962 968 963
f 966 962 961
f 966 968 962
f 975 970 969
f 977 970 975
f 974 977 975
f 978 974 973
f 978 977 974
f 972 978 973
f 976 972 971
f 976 978 972
f 979 980 981
f 982 985 983
f 984 985 982
f 988 986 987
f 1030 1011 1012
f 1029 1012 1013
f 1029 1030 1012
f 1031 1010 1011
f 1031 1011 1030
f 1028 1013 1014
f 1028 1029 1013
f 1032 1010 1031
f 1009 1010 1032
f 1027 1014 989
f 1027 1028 1014
f 1033 1009 1032
f 1008 1009 1033
f 990 1027 989
f 1026 1027 990
f 1034 1008 1033
f 1007 1008 1034
f 991 1026 990
f 1025 1026 991
f 1035 1007 1034
f 1006 1007 1035
f 992 1025 991
f 1036 1006 1035
f 1024 1025 992
f 1005 1006 1036
f 993 1024 992
f 1037 1005 1036
f 1023 1024 993
f 1004 1005 1037
f 994 1023 993
f 1038 1004 1037
f 1022 1023 994
f 1003 1004 1038
f 995 1022 994
f 1015 1003 1038
f 1021 1022 995
f 1002 1003 1015
f 996 1021 995
f 1020 1021 996
f 1001 1015 1016
f 1001 1002 1015
f 997 1019 1020
f 997 1020 996
f 1000 1016 1017
f 1000 1001 1016
f 998 1018 1019
f 998 1019 997
f 999 1018 998
f 999 1000 1017
f 999 1017 1018
f 1041 1053 1064
f 1042 1064 1063
f 1042 1041 1064
f 1043 1063 1062
f 1043 1042 1063
f 1044 1062 1061
f 1044 1043 1062
f 1045 1061 1060
f 1045 1044 1061
f 1046 1060 1059
f 1046 1045 1060
f 1047 1046 1059
f 1048 1059 1058
f 1048 1047 1059
f 1049 1058 1057
f 1049 1048 1058
f 1050 1057 1056
f 1050 1049 1057
f 1051 1056 1055
f 1051 1050 1056
f 1052 1055 1054
f 1052 1051 1055
f 1039 1054 1040
f 1039 1052 1054
f 1080 1077 1076
f 1080 1079 1077
f 1081 1076 1075
f 1081 1080 1076
f 1082 1075 1074
f 1082 1081 1075
f 1083 1074 1073
f 1083 1082 1074
f 1084 1073 1072
f 1084 1083 1073
f 1085 1071 1070
f 1085 1072 1071
f 1085 1084 1072
f 1086 1070 1069
f 1086 1085 1070
f 1087 1069 1068
f 1087 1086 1069
f 1088 1068 1067
f 1088 1087 1068
f 1089 1067 1066
f 1089 1088 1067
f 1090 1066 1065
f 1090 1089 1066
f 1078 1090 1065
f 1099 1100 1118
f 1117 1100 1101
f 1117 1118 1100
f 1119 1099 1118
f 1098 1099 1119
f 1116 1101 1102
f 1116 1117 1101
f 1120 1098 1119
f 1097 1098 1120
f 1115 1102 1103
f 1115 1116 1102
f 1121 1097 1120
f 1138 1103 1104
f 1138 1115 1103
f 1122 1096 1097
f 1122 1097 1121
f 1137 1104 1105
f 1137 1138 1104
f 1123 1095 1096
f 1123 1096 1122
f 1136 1137 1105
f 1124 1095 1123
f 1106 1136 1105
f 1094 1095 1124
f 1125 1094 1124
f 1135 1136 1106
f 1107 1135 1106
f 1093 1094 1125
f 1126 1093 1125
f 1134 1135 1107
f 1108 1134 1107
f 1092 1093 1126
f 1127 1092 1126
f 1133 1134 1108
f 1109 1133 1108
f 1091 1092 1127
f 1128 1091 1127
f 1110 1133 1109
f 1110 1132 1133
f 1114 1091 1128
f 1129 1114 1128
f 1111 1131 1132
f 1111 1132 1110
f 1113 1114 1129
f 1130 1113 1129
f 1112 1113 1130
f 1112 1130 1131
f 1112 1131 1111
f 1154 1151 1150
f 1154 1153 1151
f 1155 1150 1149
f 1155 1154 1150
f 1156 1149 1148
f 1156 1155 1149
f 1157 1148 1147
f 1157 1156 1148
f 1158 1147 1146
f 1158 1157 1147
f 1159 1146 1145
f 1159 1158 1146
f 1160 1145 1144
f 1160 1159 1145
f 1161 1144 1143
f 1161 1160 1144
f 1162 1143 1142
f 1162 1161 1143
f 1163 1142 1141
f 1163 1162 1142
f 1164 1141 1140
f 1164 1163 1141
f 1152 1140 1139
f 1152 1164 1140
f 1190 1167 1179
f 1168 1167 1190
f 1189 1168 1190
f 1169 1168 1189
f 1188 1169 1189
f 1170 1169 1188
f 1187 1170 1188
f 1171 1170 1187
f 1186 1171 1187
f 1172 1171 1186
f 1185 1172 1186
f 1173 1172 1185
f 1184 1173 1185
f 1174 1173 1184
f 1183 1174 1184
f 1175 1174 1183
f 1182 1175 1183
f 1176 1175 1182
f 1181 1176 1182
f 1177 1176 1181
f 1180 1177 1181
f 1178 1177 1180
f 1166 1178 1180
f 1165 1178 1166
f 1229 1199 1200
f 1229 1200 1201
f 1228 1201 1202
f 1228 1229 1201
f 1230 1198 1199
f 1230 1199 1229
f 1220 1196 1197
f 1220 1197 1198
f 1220 1198 1230
f 1219 1202 1203
f 1219 1203 1204
f 1219 1228 1202
f 1218 1204 1205
f 1218 1219 1204
f 1221 1195 1196
f 1221 1196 1220
f 1222 1195 1221
f 1194 1195 1222
f 1217 1205 1206
f 1217 1218 1205
f 1207 1216 1217
f 1207 1217 1206
f 1193 1222 1223
f 1193 1194 1222
f 1208 1215 1216
f 1208 1216 1207
f 1192 1223 1224
f 1192 1193 1223
f 1209 1215 1208
f 1191 1192 1224
f 1210 1227 1215
f 1210 1215 1209
f 1214 1191 1224
f 1214 1224 1225
f 1211 1227 1210
f 1211 1226 1227
f 1213 1214 1225
f 1213 1225 1226
f 1212 1226 1211
f 1212 1213 1226
f 1247 1232 1231
f 1247 1231 1248
f 1246 1233 1232
f 1246 1232 1247
f 1245 1234 1233
f 1245 1233 1246
f 1244 1235 1234
f 1244 1234 1245
f 1243 1236 1235
f 1243 1235 1244
f 1242 1237 1236
f 1242 1236 1243
f 1241 1238 1237
f 1241 1237 1242
f 1240 1239 1238
f 1240 1238 1241
f 1262 1263 1274
f 1273 1263 1264
f 1273 1274 1263
f 1275 1262 1274
f 1261 1262 1275
f 1272 1264 1249
f 1272 1273 1264
f 1276 1261 1275
f 1260 1261 1276
f 1250 1272 1249
f 1271 1272 1250
f 1277 1260 1276
f 1259 1260 1277
f 1251 1271 1250
f 1270 1271 1251
f 1278 1259 1277
f 1258 1259 1278
f 1252 1270 1251
f 1269 1270 1252
f 1265 1258 1278
f 1257 1258 1265
f 1268 1269 1253
f 1256 1265 1266
f 1256 1257 1265
f 1267 1268 1254
f 1255 1266 1267
f 1255 1256 1266
f 1255 1267 1254
f 1253 1269 1252
f 1254 1268 1253
f 1287 1289 1288
f 1287 1290 1289
f 1286 1291 1290
f 1286 1290 1287
f 1285 1292 1291
f 1285 1291 1286
f 1284 1293 1292
f 1284 1292 1285
f 1283 1294 1293
f 1283 1293 1284
f 1282 1295 1294
f 1282 1294 1283
f 1281 1296 1295
f 1281 1295 1282
f 1279 1280 1296
f 1279 1296 1281
f 1304 1306 1305
f 1304 1312 1306
f 1303 1311 1312
f 1303 1312 1304
f 1302 1310 1311
f 1302 1311 1303
f 1301 1309 1310
f 1301 1310 1302
f 1300 1308 1309
f 1300 1309 1301
f 1299 1307 1308
f 1299 1308 1300
f 1297 1298 1307
f 1297 1307 1299
f 1327 1319 1320
f 1327 1320 1328
f 1326 1318 1319
f 1326 1319 1327
f 1325 1317 1318
f 1325 1318 1326
f 1324 1316 1317
f 1324 1317 1325
f 1323 1315 1316
f 1323 1316 1324
f 1322 1314 1315
f 1322 1315 1323
f 1321 1313 1314
f 1321 1314 1322
f 1344 1330 1329
f 1344 1329 1345
f 1343 1331 1330
f 1343 1330 1344
f 1342 1331 1343
f 1332 1331 1342
f 1341 1332 1342
f 1333 1332 1341
f 1340 1333 1341
f 1334 1333 1340
f 1339 1334 1340
f 1335 1334 1339
f 1338 1335 1339
f 1336 1335 1338
f 1337 1336 1338
f 1354 1356 1355
f 1354 1357 1356
f 1353 1358 1357
f 1353 1357 1354
f 1352 1358 1353
f 1359 1358 1352
f 1351 1359 1352
f 1360 1359 1351
f 1350 1360 1351
f 1361 1360 1350
f 1349 1361 1350
f 1362 1361 1349
f 1348 1362 1349
f 1347 1362 1348
f 1346 1347 1348
f 1385 1376 1377
f 1385 1377 1378
f 1386 1368 1367
f 1386 1367 1375
f 1386 1375 1376
f 1386 1376 1385
f 1387 1378 1379
f 1387 1385 1378
f 1388 1369 1368
f 1388 1385 1387
f 1388 1386 1385
f 1388 1368 1386
f 1389 1379 1380
f 1389 1387 1379
f 1390 1370 1369
f 1390 1369 1388
f 1390 1388 1387
f 1390 1387 1389
f 1391 1380 1381
f 1391 1389 1380
f 1392 1371 1370
f 1392 1370 1390
f 1392 1390 1389
f 1392 1389 1391
f 1393 1381 1382
f 1393 1391 1381
f 1394 1372 1371
f 1394 1392 1391
f 1394 1371 1392
f 1394 1391 1393
f 1395 1382 1383
f 1395 1393 1382
f 1396 1373 1372
f 1396 1372 1394
f 1396 1394 1393
f 1396 1393 1395
f 1397 1366 1365
f 1397 1383 1384
f 1397 1384 1366
f 1397 1395 1383
f 1398 1364 1363
f 1398 1365 1364
f 1398 1374 1373
f 1398 1363 1374
f 1398 1373 1396
f 1398 1397 1365
f 1398 1396 1395
f 1398 1395 1397
f 1400 1420 1399
f 1410 1406 1407
f 1421 1420 1400
f 1422 1416 1415
f 1422 1415 1419
f 1422 1419 1420
f 1422 1420 1421
f 1423 1400 1401
f 1423 1421 1400
f 1424 1417 1416
f 1424 1421 1423
f 1424 1422 1421
f 1424 1416 1422
f 1425 1401 1402
f 1425 1423 1401
f 1426 1418 1417
f 1426 1417 1424
f 1426 1424 1423
f 1426 1423 1425
f 1427 1402 1403
f 1427 1425 1402
f 1428 1411 1418
f 1428 1426 1425
f 1428 1418 1426
f 1428 1425 1427
f 1429 1403 1404
f 1429 1427 1403
f 1430 1412 1411
f 1430 1411 1428
f 1430 1428 1427
f 1430 1427 1429
f 1431 1404 1405
f 1431 1429 1404
f 1432 1413 1412
f 1432 1430 1429
f 1432 1412 1430
f 1432 1429 1431
f 1433 1405 1406
f 1433 1431 1405
f 1433 1406 1410
f 1434 1409 1408
f 1434 1410 1409
f 1434 1414 1413
f 1434 1408 1414
f 1434 1433 1410
f 1434 1413 1432
f 1434 1432 1431
f 1434 1431 1433
f 1452 1446 1447
f 1452 1453 1446
f 1454 1445 1446
f 1454 1446 1453
f 1451 1447 1435
f 1451 1452 1447
f 1455 1444 1445
f 1455 1445 1454
f 1466 1435 1436
f 1466 1451 1435
f 1456 1450 1444
f 1456 1444 1455
f 1465 1436 1437
f 1465 1466 1436
f 1449 1456 1457
f 1449 1450 1456
f 1438 1464 1465
f 1438 1465 1437
f 1448 1457 1458
f 1448 1449 1457
f 1439 1463 1464
f 1439 1464 1438
f 1443 1458 1459
f 1443 1448 1458
f 1440 1462 1463
f 1440 1463 1439
f 1442 1459 1460
f 1442 1443 1459
f 1441 1460 1461
f 1441 1461 1462
f 1441 1462 1440
f 1441 1442 1460
f 1478 1471 1470
f 1478 1477 1471
f 1469 1478 1470
f 1479 1478 1469
f 1468 1479 1469
f 1480 1479 1468
f 1467 1480 1468
f 1481 1480 1467
f 1482 1467 1475
f 1482 1481 1467
f 1474 1482 1475
f 1483 1482 1474
f 1473 1483 1474
f 1484 1483 1473
f 1472 1484 1473
f 1476 1484 1472
f 1488 1487 1495
f 1488 1495 1501
f 1489 1488 1501
f 1500 1489 1501
f 1490 1489 1500
f 1499 1490 1500
f 1491 1490 1499
f 1498 1491 1499
f 1492 1491 1498
f 1497 1492 1498
f 1493 1492 1497
f 1496 1493 1497
f 1494 1493 1496
f 1486 1494 1496
f 1485 1494 1486
f 1514 1505 1506
f 1515 1505 1514
f 1516 1502 1505
f 1516 1505 1515
f 1517 1502 1516
f 1518 1502 1517
f 1519 1503 1502
f 1519 1502 1518
f 1520 1514 1521
f 1522 1515 1514
f 1522 1514 1520
f 1523 1515 1522
f 1524 1516 1515
f 1524 1515 1523
f 1525 1516 1524
f 1526 1517 1516
f 1526 1516 1525
f 1527 1517 1526
f 1528 1518 1517
f 1528 1517 1527
f 1529 1518 1528
f 1530 1519 1518
f 1530 1518 1529
f 1531 1519 1530
f 1532 1519 1531
f 1533 1507 1508
f 1533 1534 1507
f 1533 1520 1521
f 1533 1521 1534
f 1535 1533 1508
f 1535 1520 1533
f 1536 1522 1520
f 1536 1535 1508
f 1536 1520 1535
f 1537 1508 1509
f 1537 1523 1522
f 1537 1536 1508
f 1537 1522 1536
f 1538 1537 1509
f 1538 1523 1537
f 1539 1524 1523
f 1539 1538 1509
f 1539 1523 1538
f 1540 1509 1510
f 1540 1524 1539
f 1540 1525 1524
f 1540 1539 1509
f 1541 1525 1540
f 1541 1540 1510
f 1542 1525 1541
f 1542 1541 1510
f 1542 1526 1525
f 1543 1526 1542
f 1543 1510 1511
f 1543 1542 1510
f 1543 1527 1526
f 1544 1543 1511
f 1544 1527 1543
f 1545 1527 1544
f 1545 1544 1511
f 1545 1528 1527
f 1546 1511 1512
f 1546 1545 1511
f 1546 1528 1545
f 1546 1529 1528
f 1547 1546 1512
f 1547 1529 1546
f 1548 1529 1547
f 1548 1547 1512
f 1548 1530 1529
f 1549 1512 1513
f 1549 1548 1512
f 1549 1530 1548
f 1549 1531 1530
f 1550 1549 1513
f 1550 1531 1549
f 1551 1550 1513
f 1551 1531 1550
f 1551 1532 1531
f 1552 1513 1504
f 1552 1551 1513
f 1552 1532 1551
f 1553 1514 1506
f 1553 1521 1514
f 1554 1503 1519
f 1554 1519 1532
f 1555 1507 1534
f 1555 1534 1521
f 1556 1532 1552
f 1556 1552 1504
f 1557 1553 1506
f 1558 1503 1554
f 1559 1506 1507
f 1559 1557 1506
f 1559 1507 1555
f 1559 1521 1553
f 1559 1555 1521
f 1559 1553 1557
f 1560 1504 1503
f 1560 1554 1532
f 1560 1556 1504
f 1560 1532 1556
f 1560 1503 1558
f 1560 1558 1554
f 1574 1572 1573
f 1575 1572 1574
f 1576 1572 1575
f 1577 1570 1572
f 1577 1572 1576
f 1578 1570 1577
f 1579 1570 1578
f 1580 1571 1570
f 1580 1570 1579
f 1581 1574 1582
f 1583 1575 1574
f 1583 1574 1581
f 1584 1575 1583
f 1585 1576 1575
f 1585 1575 1584
f 1586 1576 1585
f 1587 1577 1576
f 1587 1576 1586
f 1588 1577 1587
f 1589 1578 1577
f 1589 1577 1588
f 1590 1578 1589
f 1591 1579 1578
f 1591 1578 1590
f 1592 1579 1591
f 1593 1580 1579
f 1593 1579 1592
f 1594 1580 1593
f 1595 1580 1594
f 1596 1561 1562
f 1597 1596 1562
f 1597 1581 1582
f 1597 1582 1596
f 1598 1597 1562
f 1598 1581 1597
f 1599 1583 1581
f 1599 1598 1562
f 1599 1581 1598
f 1600 1562 1563
f 1600 1584 1583
f 1600 1599 1562
f 1600 1583 1599
f 1601 1584 1600
f 1601 1600 1563
f 1602 1601 1563
f 1602 1584 1601
f 1602 1585 1584
f 1603 1563 1564
f 1603 1585 1602
f 1603 1602 1563
f 1603 1586 1585
f 1604 1586 1603
f 1604 1603 1564
f 1605 1604 1564
f 1605 1586 1604
f 1605 1587 1586
f 1606 1564 1565
f 1606 1605 1564
f 1606 1587 1605
f 1606 1588 1587
f 1607 1588 1606
f 1607 1606 1565
f 1608 1565 1566
f 1608 1607 1565
f 1608 1588 1607
f 1608 1589 1588
f 1609 1589 1608
f 1609 1608 1566
f 1609 1590 1589
f 1610 1609 1566
f 1610 1590 1609
f 1611 1566 1567
f 1611 1610 1566
f 1611 1590 1610
f 1611 1591 1590
f 1612 1591 1611
f 1612 1611 1567
f 1612 1592 1591
f 1613 1612 1567
f 1613 1592 1612
f 1614 1567 1568
f 1614 1613 1567
f 1614 1592 1613
f 1614 1593 1592
f 1615 1593 1614
f 1615 1614 1568
f 1615 1594 1593
f 1616 1615 1568
f 1616 1594 1615
f 1617 1616 1568
f 1617 1594 1616
f 1617 1595 1594
f 1618 1568 1569
f 1618 1617 1568
f 1618 1595 1617
f 1619 1582 1574
f 1620 1580 1595
f 1621 1561 1596
f 1621 1596 1582
f 1622 1618 1569
f 1622 1595 1618
f 1623 1574 1573
f 1623 1619 1574
f 1624 1571 1580
f 1624 1580 1620
f 1625 1573 1561
f 1625 1561 1621
f 1625 1623 1573
f 1625 1582 1619
f 1625 1621 1582
f 1625 1619 1623
f 1626 1569 1571
f 1626 1622 1569
f 1626 1620 1595
f 1626 1595 1622
f 1626 1624 1620
f 1626 1571 1624
f 1632 1627 1629
f 1628 1631 1630
f 1628 1632 1631
f 1628 1627 1632
f 1635 1628 1630
f 1637 1628 1635
f 1634 1637 1635
f 1636 1634 1633
f 1636 1637 1634
f 1644 1639 1638
f 1646 1639 1644
f 1643 1646 1644
f 1647 1643 1642
f 1647 1646 1643
f 1641 1647 1642
f 1645 1641 1640
f 1645 1647 1641
f 1654 1649 1648
f 1656 1649 1654
f 1653 1656 1654
f 1657 1653 1652
f 1657 1656 1653
f 1651 1657 1652
f 1655 1651 1650
f 1655 1657 1651
f 1663 1658 1660
f 1659 1662 1661
f 1659 1663 1662
f 1659 1658 1663
f 1666 1659 1661
f 1668 1659 1666
f 1665 1668 1666
f 1667 1665 1664
f 1667 1668 1665
f 1675 1670 1669
f 1677 1670 1675
f 1674 1677 1675
f 1678 1674 1673
f 1678 1677 1674
f 1672 1678 1673
f 1676 1672 1671
f 1676 1678 1672
f 1685 1680 1679
f 1687 1680 1685
f 1684 1687 1685
f 1688 1684 1683
f 1688 1687 1684
f 1682 1688 1683
f 1686 1682 1681
f 1686 1688 1682
f 1698 1697 1709
f 1698 1709 1714
f 1699 1714 1713
f 1699 1698 1714
f 1700 1713 1712
f 1700 1699 1713
f 1701 1712 1711
f 1701 1700 1712
f 1702 1711 1710
f 1702 1701 1711
f 1703 1710 1695
f 1703 1702 1710
f 1704 1695 1694
f 1704 1703 1695
f 1705 1694 1693
f 1705 1704 1694
f 1706 1693 1692
f 1706 1705 1693
f 1707 1692 1691
f 1707 1706 1692
f 1708 1691 1690
f 1708 1707 1691
f 1696 1690 1689
f 1696 1708 1690
f 1744 1715 1716
f 1744 1730 1729
f 1744 1729 1715
f 1745 1716 1717
f 1745 1731 1730
f 1745 1744 1716
f 1745 1730 1744
f 1746 1717 1718
f 1746 1732 1731
f 1746 1745 1717
f 1746 1731 1745
f 1747 1718 1719
f 1747 1733 1732
f 1747 1746 1718
f 1747 1732 1746
f 1748 1734 1733
f 1748 1747 1719
f 1748 1733 1747
f 1749 1719 1720
f 1749 1735 1734
f 1749 1734 1748
f 1749 1748 1719
f 1750 1720 1721
f 1750 1736 1735
f 1750 1749 1720
f 1750 1735 1749
f 1751 1721 1722
f 1751 1737 1736
f 1751 1750 1721
f 1751 1736 1750
f 1752 1722 1723
f 1752 1738 1737
f 1752 1751 1722
f 1752 1737 1751
f 1753 1739 1738
f 1753 1738 1752
f 1753 1752 1723
f 1754 1723 1724
f 1754 1740 1739
f 1754 1739 1753
f 1754 1753 1723
f 1755 1724 1725
f 1755 1741 1740
f 1755 1754 1724
f 1755 1740 1754
f 1756 1725 1726
f 1756 1742 1741
f 1756 1755 1725
f 1756 1741 1755
f 1757 1726 1727
f 1757 1727 1728
f 1757 1743 1742
f 1757 1728 1743
f 1757 1756 1726
f 1757 1742 1756
f 1787 1761 1760
f 1787 1760 1775
f 1787 1775 1776
f 1788 1762 1761
f 1788 1776 1777
f 1788 1761 1787
f 1788 1787 1776
f 1789 1763 1762
f 1789 1777 1778
f 1789 1762 1788
f 1789 1788 1777
f 1790 1764 1763
f 1790 1778 1779
f 1790 1789 1778
f 1790 1763 1789
f 1791 1765 1764
f 1791 1764 1790
f 1791 1790 1779
f 1792 1766 1765
f 1792 1779 1780
f 1792 1791 1779
f 1792 1765 1791
f 1793 1767 1766
f 1793 1780 1781
f 1793 1766 1792
f 1793 1792 1780
f 1794 1768 1767
f 1794 1781 1782
f 1794 1767 1793
f 1794 1793 1781
f 1795 1769 1768
f 1795 1782 1783
f 1795 1794 1782
f 1795 1768 1794
f 1796 1770 1769
f 1796 1769 1795
f 1796 1795 1783
f 1797 1771 1770
f 1797 1783 1784
f 1797 1770 1796
f 1797 1796 1783
f 1798 1772 1771
f 1798 1784 1785
f 1798 1771 1797
f 1798 1797 1784
f 1799 1773 1772
f 1799 1785 1786
f 1799 1772 1798
f 1799 1798 1785
f 1800 1759 1758
f 1800 1774 1773
f 1800 1758 1774
f 1800 1786 1759
f 1800 1773 1799
f 1800 1799 1786
f 1815 1807 1806
f 1816 1815 1806
f 1817 1806 1805
f 1817 1816 1806
f 1818 1805 1804
f 1818 1817 1805
f 1819 1804 1803
f 1819 1818 1804
f 1820 1803 1802
f 1820 1819 1803
f 1821 1802 1801
f 1821 1820 1802
f 1822 1801 1813
f 1822 1821 1801
f 1823 1813 1812
f 1823 1822 1813
f 1824 1812 1811
f 1824 1823 1812
f 1825 1811 1810
f 1825 1824 1811
f 1826 1810 1809
f 1826 1825 1810
f 1814 1809 1808
f 1814 1826 1809
f 1830 1829 1845
f 1830 1845 1846
f 1831 1846 1847
f 1831 1830 1846
f 1832 1847 1848
f 1832 1831 1847
f 1833 1848 1849
f 1833 1832 1848
f 1834 1833 1849
f 1850 1834 1849
f 1835 1834 1850
f 1851 1835 1850
f 1836 1835 1851
f 1852 1836 1851
f 1837 1836 1852
f 1853 1837 1852
f 1838 1837 1853
f 1854 1838 1853
f 1839 1838 1854
f 1855 1839 1854
f 1840 1839 1855
f 1856 1840 1855
f 1841 1840 1856
f 1857 1841 1856
f 1842 1841 1857
f 1858 1842 1857
f 1843 1842 1858
f 1859 1843 1858
f 1844 1843 1859
f 1828 1844 1859
f 1827 1844 1828
f 1878 1860 1861
f 1878 1877 1860
f 1879 1861 1862
f 1879 1878 1861
f 1880 1862 1863
f 1880 1879 1862
f 1881 1863 1864
f 1881 1880 1863
f 1882 1881 1864
f 1865 1882 1864
f 1883 1882 1865
f 1866 1883 1865
f 1884 1883 1866
f 1867 1884 1866
f 1885 1884 1867
f 1868 1885 1867
f 1886 1885 1868
f 1869 1886 1868
f 1887 1886 1869
f 1870 1887 1869
f 1888 1887 1870
f 1871 1888 1870
f 1889 1888 1871
f 1872 1889 1871
f 1890 1889 1872
f 1873 1890 1872
f 1891 1890 1873
f 1874 1891 1873
f 1892 1891 1874
f 1875 1892 1874
f 1876 1892 1875
f 1987 1957 1958
f 1988 1957 1987
f 1988 1954 1955
f 1988 1955 1956
f 1988 1956 1957
f 1986 1893 1894
f 1986 1894 1895
f 1986 1987 1958
f 1986 1958 1893
f 1897 1895 1896
f 1897 1986 1895
f 1952 1954 1988
f 1952 1953 1954
f 1985 1986 1897
f 1989 1952 1988
f 1898 1985 1897
f 1951 1952 1989
f 1984 1985 1898
f 1990 1951 1989
f 1899 1984 1898
f 1950 1951 1990
f 1959 1950 1990
f 1959 1949 1950
f 1983 1899 1900
f 1983 1984 1899
f 1901 1983 1900
f 1948 1949 1959
f 1960 1948 1959
f 1982 1983 1901
f 1902 1982 1901
f 1947 1948 1960
f 1961 1946 1947
f 1961 1947 1960
f 1981 1902 1903
f 1981 1982 1902
f 1944 1945 1946
f 1905 1903 1904
f 1962 1942 1943
f 1962 1943 1944
f 1962 1946 1961
f 1962 1944 1946
f 1980 1905 1906
f 1980 1906 1907
f 1980 1981 1903
f 1980 1903 1905
f 1941 1942 1962
f 1908 1980 1907
f 1963 1941 1962
f 1979 1980 1908
f 1940 1941 1963
f 1909 1979 1908
f 1964 1940 1963
f 1978 1979 1909
f 1910 1978 1909
f 1939 1940 1964
f 1938 1939 1964
f 1911 1978 1910
f 1937 1938 1964
f 1912 1978 1911
f 1914 1978 1912
f 1914 1977 1978
f 1935 1937 1964
f 1935 1964 1965
f 1913 1914 1912
f 1936 1937 1935
f 1915 1977 1914
f 1976 1977 1915
f 1934 1935 1965
f 1934 1965 1966
f 1916 1976 1915
f 1967 1934 1966
f 1975 1976 1916
f 1917 1975 1916
f 1933 1934 1967
f 1918 1975 1917
f 1974 1975 1918
f 1968 1933 1967
f 1932 1933 1968
f 1919 1974 1918
f 1969 1932 1968
f 1973 1974 1919
f 1920 1973 1919
f 1931 1932 1969
f 1970 1931 1969
f 1972 1973 1920
f 1929 1930 1931
f 1929 1931 1970
f 1922 1972 1920
f 1922 1920 1921
f 1928 1929 1970
f 1923 1972 1922
f 1925 1971 1972
f 1926 1970 1971
f 1926 1971 1925
f 1924 1972 1923
f 1924 1925 1972
f 1927 1928 1970
f 1927 1970 1926
f 1997 1996 1995
f 1994 1997 1995
f 1993 1998 1997
f 1993 1997 1994
f 1992 1991 1998
f 1992 1998 1993
f 2004 2002 2001
f 2005 2001 2000
f 2005 2004 2001
f 2006 2000 1999
f 2006 2005 2000
f 2003 2006 1999
f 2010 2008 2007
f 2010 2007 2009
f 2021 2019 2020
f 2018 2021 2022
f 2018 2022 2023
f 2018 2019 2021
f 2024 2018 2023
f 2017 2018 2024
f 2025 2017 2024
f 2016 2017 2025
f 2011 2016 2025
f 2012 2016 2011
f 2013 2016 2012
f 2015 2016 2013
f 2014 2015 2013
f 2064 2067 2060
f 2057 2056 2059
f 2052 2055 2048
f 2045 2044 2047
f 2068 2042 2041
f 2069 2042 2068
f 2069 2066 2065
f 2069 2067 2066
f 2069 2065 2042
f 2069 2060 2067
f 2070 2068 2041
f 2070 2041 2040
f 2071 2068 2070
f 2071 2060 2069
f 2071 2069 2068
f 2072 2040 2039
f 2072 2070 2040
f 2073 2071 2070
f 2073 2061 2060
f 2073 2070 2072
f 2073 2060 2071
f 2074 2039 2038
f 2074 2072 2039
f 2075 2073 2072
f 2075 2062 2061
f 2075 2063 2062
f 2075 2061 2073
f 2075 2072 2074
f 2076 2038 2037
f 2076 2074 2038
f 2077 2074 2076
f 2077 2059 2063
f 2077 2075 2074
f 2077 2063 2075
f 2078 2037 2036
f 2078 2076 2037
f 2079 2059 2077
f 2079 2076 2078
f 2079 2077 2076
f 2080 2036 2035
f 2080 2078 2036
f 2081 2058 2057
f 2081 2079 2078
f 2081 2059 2079
f 2081 2078 2080
f 2081 2057 2059
f 2082 2035 2034
f 2082 2080 2035
f 2083 2054 2053
f 2083 2053 2058
f 2083 2080 2082
f 2083 2081 2080
f 2083 2058 2081
f 2084 2034 2033
f 2084 2082 2034
f 2085 2055 2054
f 2085 2082 2084
f 2085 2054 2083
f 2085 2083 2082
f 2085 2048 2055
f 2086 2033 2032
f 2086 2084 2033
f 2087 2085 2084
f 2087 2048 2085
f 2087 2084 2086
f 2088 2086 2032
f 2088 2032 2031
f 2089 2049 2048
f 2089 2048 2087
f 2089 2087 2086
f 2089 2086 2088
f 2090 2088 2031
f 2090 2031 2030
f 2090 2089 2088
f 2091 2050 2049
f 2091 2051 2050
f 2091 2049 2089
f 2091 2089 2090
f 2092 2030 2029
f 2092 2091 2090
f 2092 2090 2030
f 2093 2047 2051
f 2093 2051 2091
f 2093 2091 2092
f 2094 2029 2028
f 2094 2092 2029
f 2095 2092 2094
f 2095 2093 2092
f 2095 2047 2093
f 2096 2027 2026
f 2096 2028 2027
f 2096 2094 2028
f 2097 2094 2096
f 2097 2026 2043
f 2097 2046 2045
f 2097 2043 2046
f 2097 2045 2047
f 2097 2096 2026
f 2097 2095 2094
f 2097 2047 2095
f 2118 2121 2114
f 2110 2109 2113
f 2108 2112 2104
f 2101 2100 2103
f 2138 2122 2137
f 2139 2122 2138
f 2139 2120 2119
f 2139 2121 2120
f 2139 2119 2122
f 2139 2114 2121
f 2140 2137 2136
f 2140 2138 2137
f 2141 2114 2139
f 2141 2138 2140
f 2141 2139 2138
f 2142 2136 2135
f 2142 2140 2136
f 2143 2115 2114
f 2143 2140 2142
f 2143 2141 2140
f 2143 2114 2141
f 2144 2135 2134
f 2144 2142 2135
f 2145 2116 2115
f 2145 2117 2116
f 2145 2115 2143
f 2145 2143 2142
f 2145 2142 2144
f 2146 2134 2133
f 2146 2144 2134
f 2147 2144 2146
f 2147 2113 2117
f 2147 2117 2145
f 2147 2145 2144
f 2148 2133 2132
f 2148 2146 2133
f 2149 2146 2148
f 2149 2113 2147
f 2149 2147 2146
f 2150 2148 2132
f 2150 2132 2131
f 2151 2111 2110
f 2151 2149 2148
f 2151 2113 2149
f 2151 2148 2150
f 2151 2110 2113
f 2152 2150 2131
f 2152 2131 2130
f 2153 2111 2151
f 2153 2112 2111
f 2153 2151 2150
f 2153 2150 2152
f 2154 2130 2129
f 2154 2152 2130
f 2155 2153 2152
f 2155 2152 2154
f 2155 2112 2153
f 2155 2104 2112
f 2156 2129 2128
f 2156 2154 2129
f 2157 2155 2154
f 2157 2104 2155
f 2157 2154 2156
f 2158 2128 2127
f 2158 2156 2128
f 2159 2105 2104
f 2159 2157 2156
f 2159 2156 2158
f 2159 2104 2157
f 2160 2158 2127
f 2160 2127 2126
f 2160 2159 2158
f 2161 2106 2105
f 2161 2107 2106
f 2161 2105 2159
f 2161 2159 2160
f 2162 2161 2160
f 2162 2126 2125
f 2162 2160 2126
f 2163 2103 2107
f 2163 2161 2162
f 2163 2107 2161
f 2164 2125 2124
f 2164 2162 2125
f 2165 2103 2163
f 2165 2163 2162
f 2165 2162 2164
f 2166 2123 2099
f 2166 2124 2123
f 2166 2164 2124
f 2167 2099 2098
f 2167 2102 2101
f 2167 2098 2102
f 2167 2166 2099
f 2167 2103 2165
f 2167 2101 2103
f 2167 2165 2164
f 2167 2164 2166
f 2226 2180 2181
f 2226 2227 2180
f 2228 2179 2180
f 2228 2180 2227
f 2229 2178 2179
f 2229 2179 2228
f 2225 2181 2182
f 2225 2226 2181
f 2230 2177 2178
f 2230 2178 2229
f 2224 2182 2183
f 2224 2225 2182
f 2200 2176 2177
f 2200 2177 2230
f 2223 2183 2184
f 2223 2224 2183
f 2185 2223 2184
f 2201 2175 2176
f 2201 2176 2200
f 2222 2223 2185
f 2186 2222 2185
f 2202 2174 2175
f 2202 2175 2201
f 2221 2222 2186
f 2187 2221 2186
f 2173 2174 2202
f 2203 2173 2202
f 2220 2221 2187
f 2188 2220 2187
f 2172 2173 2203
f 2172 2203 2204
f 2219 2220 2188
f 2189 2219 2188
f 2171 2172 2204
f 2171 2204 2205
f 2218 2219 2189
f 2206 2171 2205
f 2190 2218 2189
f 2170 2171 2206
f 2217 2218 2190
f 2169 2206 2207
f 2169 2170 2206
f 2191 2217 2190
f 2216 2217 2191
f 2192 2216 2191
f 2168 2207 2208
f 2168 2169 2207
f 2215 2216 2192
f 2199 2168 2208
f 2199 2208 2209
f 2193 2215 2192
f 2214 2215 2193
f 2194 2214 2193
f 2198 2199 2209
f 2198 2209 2210
f 2213 2214 2194
f 2195 2212 2213
f 2195 2213 2194
f 2197 2210 2211
f 2197 2198 2210
f 2196 2212 2195
f 2196 2211 2212
f 2196 2197 2211
f 2260 2232 2231
f 2260 2231 2261
f 2259 2233 2232
f 2259 2232 2260
f 2258 2234 2233
f 2258 2233 2259
f 2257 2235 2234
f 2257 2234 2258
f 2256 2235 2257
f 2255 2236 2235
f 2255 2235 2256
f 2254 2237 2236
f 2254 2236 2255
f 2253 2238 2237
f 2253 2237 2254
f 2252 2239 2238
f 2252 2238 2253
f 2251 2239 2252
f 2240 2239 2251
f 2250 2240 2251
f 2249 2241 2240
f 2249 2240 2250
f 2248 2242 2241
f 2248 2241 2249
f 2247 2243 2242
f 2247 2242 2248
f 2246 2244 2243
f 2246 2243 2247
f 2245 2244 2246
f 2305 2271 2272
f 2305 2272 2304
f 2303 2272 2273
f 2303 2304 2272
f 2306 2270 2271
f 2306 2271 2305
f 2302 2273 2274
f 2302 2303 2273
f 2307 2269 2270
f 2307 2270 2306
f 2301 2274 2275
f 2301 2302 2274
f 2308 2268 2269
f 2308 2269 2307
f 2300 2275 2276
f 2300 2301 2275
f 2309 2267 2268
f 2309 2268 2308
f 2277 2300 2276
f 2299 2300 2277
f 2310 2266 2267
f 2310 2267 2309
f 2298 2299 2277
f 2298 2277 2278
f 2265 2266 2310
f 2265 2310 2311
f 2279 2297 2298
f 2279 2298 2278
f 2264 2265 2311
f 2264 2311 2312
f 2280 2297 2279
f 2280 2296 2297
f 2263 2264 2312
f 2263 2312 2313
f 2281 2295 2296
f 2281 2296 2280
f 2288 2263 2313
f 2262 2263 2288
f 2282 2295 2281
f 2282 2294 2295
f 2287 2288 2289
f 2287 2262 2288
f 2283 2294 2282
f 2283 2293 2294
f 2290 2287 2289
f 2286 2287 2290
f 2284 2292 2293
f 2284 2293 2283
f 2285 2286 2290
f 2285 2290 2291
f 2285 2291 2292
f 2285 2292 2284
f 2329 2331 2330
f 2329 2332 2331
f 2328 2333 2332
f 2328 2332 2329
f 2327 2334 2333
f 2327 2333 2328
f 2326 2335 2334
f 2326 2334 2327
f 2325 2336 2335
f 2325 2335 2326
f 2324 2337 2336
f 2324 2336 2325
f 2323 2337 2324
f 2322 2338 2337
f 2322 2337 2323
f 2321 2339 2338
f 2321 2338 2322
f 2320 2340 2339
f 2320 2339 2321
f 2319 2341 2340
f 2319 2340 2320
f 2318 2342 2341
f 2318 2341 2319
f 2317 2343 2342
f 2317 2342 2318
f 2316 2343 2317
f 2315 2343 2316
f 2314 2315 2316
f 2357 2359 2358
f 2357 2360 2359
f 2356 2361 2360
f 2356 2360 2357
f 2355 2362 2361
f 2355 2361 2356
f 2354 2363 2362
f 2354 2362 2355
f 2353 2364 2363
f 2353 2363 2354
f 2352 2365 2364
f 2352 2364 2353
f 2351 2366 2365
f 2351 2365 2352
f 2350 2367 2366
f 2350 2366 2351
f 2349 2368 2367
f 2349 2367 2350
f 2348 2369 2368
f 2348 2368 2349
f 2347 2370 2369
f 2347 2369 2348
f 2346 2371 2370
f 2346 2370 2347
f 2344 2345 2371
f 2344 2371 2346
f 2398 2373 2372
f 2398 2372 2399
f 2397 2374 2373
f 2397 2373 2398
f 2396 2375 2374
f 2396 2374 2397
f 2395 2376 2375
f 2395 2375 2396
f 2394 2377 2376
f 2394 2376 2395
f 2393 2378 2377
f 2393 2377 2394
f 2392 2379 2378
f 2392 2378 2393
f 2391 2380 2379
f 2391 2379 2392
f 2390 2381 2380
f 2390 2380 2391
f 2389 2382 2381
f 2389 2381 2390
f 2388 2383 2382
f 2388 2382 2389
f 2387 2384 2383
f 2387 2385 2384
f 2387 2383 2388
f 2386 2385 2387
f 2446 2422 2423
f 2447 2421 2422
f 2447 2422 2446
f 2445 2423 2424
f 2445 2446 2423
f 2448 2420 2421
f 2448 2421 2447
f 2444 2424 2425
f 2444 2445 2424
f 2438 2419 2420
f 2438 2420 2448
f 2437 2425 2400
f 2437 2444 2425
f 2401 2437 2400
f 2439 2419 2438
f 2436 2437 2401
f 2418 2419 2439
f 2402 2436 2401
f 2440 2418 2439
f 2435 2436 2402
f 2417 2418 2440
f 2403 2435 2402
f 2441 2417 2440
f 2416 2417 2441
f 2434 2435 2403
f 2404 2434 2403
f 2442 2416 2441
f 2415 2416 2442
f 2433 2434 2404
f 2405 2433 2404
f 2443 2415 2442
f 2432 2433 2405
f 2414 2415 2443
f 2426 2414 2443
f 2406 2432 2405
f 2431 2432 2406
f 2413 2414 2426
f 2407 2431 2406
f 2412 2413 2426
f 2412 2426 2427
f 2408 2430 2431
f 2408 2431 2407
f 2411 2427 2428
f 2411 2412 2427
f 2409 2430 2408
f 2409 2429 2430
f 2410 2428 2429
f 2410 2411 2428
f 2410 2429 2409
f 2451 2476 2452
f 2477 2465 2466
f 2477 2466 2467
f 2478 2454 2453
f 2478 2453 2464
f 2478 2464 2465
f 2478 2465 2477
f 2479 2467 2468
f 2479 2477 2467
f 2480 2455 2454
f 2480 2478 2477
f 2480 2477 2479
f 2480 2454 2478
f 2481 2468 2469
f 2481 2479 2468
f 2482 2456 2455
f 2482 2479 2481
f 2482 2455 2480
f 2482 2480 2479
f 2483 2469 2470
f 2483 2481 2469
f 2484 2457 2456
f 2484 2482 2481
f 2484 2481 2483
f 2484 2456 2482
f 2485 2470 2471
f 2485 2483 2470
f 2486 2458 2457
f 2486 2457 2484
f 2486 2484 2483
f 2486 2483 2485
f 2487 2471 2472
f 2487 2485 2471
f 2488 2459 2458
f 2488 2485 2487
f 2488 2458 2486
f 2488 2486 2485
f 2489 2472 2473
f 2489 2487 2472
f 2490 2460 2459
f 2490 2459 2488
f 2490 2488 2487
f 2490 2487 2489
f 2491 2473 2474
f 2491 2489 2473
f 2492 2461 2460
f 2492 2462 2461
f 2492 2460 2490
f 2492 2490 2489
f 2492 2489 2491
f 2493 2474 2475
f 2493 2491 2474
f 2493 2492 2491
f 2494 2492 2493
f 2494 2462 2492
f 2495 2475 2476
f 2495 2493 2475
f 2495 2476 2451
f 2496 2450 2449
f 2496 2451 2450
f 2496 2494 2493
f 2496 2462 2494
f 2496 2463 2462
f 2496 2449 2463
f 2496 2495 2451
f 2496 2493 2495
f 2508 2510 2509
f 2508 2511 2510
f 2507 2512 2511
f 2507 2511 2508
f 2506 2513 2512
f 2506 2512 2507
f 2505 2514 2513
f 2505 2513 2506
f 2504 2515 2514
f 2504 2514 2505
f 2503 2515 2504
f 2516 2515 2503
f 2502 2516 2503
f 2517 2516 2502
f 2501 2517 2502
f 2518 2517 2501
f 2500 2518 2501
f 2519 2518 2500
f 2499 2519 2500
f 2498 2519 2499
f 2497 2498 2499
f 2541 2521 2520
f 2541 2520 2542
f 2540 2522 2521
f 2540 2521 2541
f 2539 2523 2522
f 2539 2522 2540
f 2538 2524 2523
f 2538 2523 2539
f 2537 2525 2524
f 2537 2524 2538
f 2536 2525 2537
f 2526 2525 2536
f 2535 2526 2536
f 2527 2526 2535
f 2534 2527 2535
f 2528 2527 2534
f 2533 2528 2534
f 2529 2528 2533
f 2532 2529 2533
f 2530 2529 2532
f 2531 2530 2532
f 2564 2552 2553
f 2564 2553 2565
f 2563 2551 2552
f 2563 2552 2564
f 2562 2550 2551
f 2562 2551 2563
f 2561 2550 2562
f 2549 2550 2561
f 2560 2549 2561
f 2548 2549 2560
f 2559 2548 2560
f 2547 2548 2559
f 2558 2547 2559
f 2546 2547 2558
f 2557 2546 2558
f 2545 2546 2557
f 2556 2545 2557
f 2544 2545 2556
f 2555 2544 2556
f 2543 2544 2555
f 2554 2543 2555
f 2577 2579 2578
f 2577 2588 2579
f 2576 2587 2588
f 2576 2588 2577
f 2575 2586 2587
f 2575 2587 2576
f 2574 2586 2575
f 2585 2586 2574
f 2573 2585 2574
f 2584 2585 2573
f 2572 2584 2573
f 2583 2584 2572
f 2571 2583 2572
f 2582 2583 2571
f 2570 2582 2571
f 2581 2582 2570
f 2569 2581 2570
f 2580 2581 2569
f 2568 2580 2569
f 2567 2580 2568
f 2566 2567 2568
f 2603 2591 2592
f 2606 2594 2593
f 2604 2607 2605
f 2617 2591 2603
f 2618 2589 2590
f 2618 2590 2591
f 2618 2616 2589
f 2618 2591 2617
f 2619 2603 2602
f 2619 2617 2603
f 2620 2615 2616
f 2620 2616 2618
f 2620 2618 2617
f 2620 2617 2619
f 2621 2602 2601
f 2621 2619 2602
f 2622 2614 2615
f 2622 2620 2619
f 2622 2619 2621
f 2622 2615 2620
f 2623 2601 2600
f 2623 2621 2601
f 2624 2613 2614
f 2624 2622 2621
f 2624 2621 2623
f 2624 2614 2622
f 2625 2600 2599
f 2625 2623 2600
f 2626 2612 2613
f 2626 2613 2624
f 2626 2624 2623
f 2626 2623 2625
f 2627 2599 2598
f 2627 2625 2599
f 2628 2611 2612
f 2628 2625 2627
f 2628 2612 2626
f 2628 2626 2625
f 2629 2598 2597
f 2629 2627 2598
f 2630 2610 2611
f 2630 2611 2628
f 2630 2628 2627
f 2630 2627 2629
f 2631 2597 2596
f 2631 2629 2597
f 2632 2609 2610
f 2632 2610 2630
f 2632 2630 2629
f 2632 2629 2631
f 2633 2596 2595
f 2633 2631 2596
f 2633 2632 2631
f 2634 2632 2633
f 2634 2608 2609
f 2634 2609 2632
f 2635 2595 2594
f 2635 2633 2595
f 2635 2594 2606
f 2636 2608 2634
f 2636 2635 2606
f 2636 2633 2635
f 2636 2606 2605
f 2636 2607 2608
f 2636 2605 2607
f 2636 2634 2633
f 2651 2652 2680
f 2679 2652 2653
f 2679 2680 2652
f 2681 2651 2680
f 2650 2651 2681
f 2678 2653 2654
f 2678 2679 2653
f 2682 2650 2681
f 2649 2650 2682
f 2671 2654 2637
f 2671 2678 2654
f 2672 2649 2682
f 2659 2649 2672
f 2673 2659 2672
f 2638 2671 2637
f 2670 2671 2638
f 2658 2659 2673
f 2674 2658 2673
f 2669 2638 2639
f 2669 2670 2638
f 2657 2658 2674
f 2675 2657 2674
f 2668 2669 2639
f 2640 2668 2639
f 2656 2675 2676
f 2656 2657 2675
f 2667 2668 2640
f 2641 2667 2640
f 2655 2676 2677
f 2655 2656 2676
f 2666 2667 2641
f 2642 2666 2641
f 2648 2655 2677
f 2648 2677 2660
f 2665 2666 2642
f 2643 2665 2642
f 2647 2648 2660
f 2647 2660 2661
f 2664 2665 2643
f 2644 2664 2643
f 2646 2661 2662
f 2646 2647 2661
f 2663 2664 2644
f 2645 2662 2663
f 2645 2646 2662
f 2645 2663 2644
f 2687 2708 2688
f 2686 2707 2687
f 2700 2701 2693
f 2699 2700 2692
f 2698 2691 2690
f 2697 2691 2698
f 2696 2699 2691
f 2696 2691 2697
f 2712 2689 2688
f 2712 2711 2689
f 2712 2688 2708
f 2713 2708 2709
f 2713 2709 2710
f 2713 2710 2711
f 2713 2712 2708
f 2713 2711 2712
f 2714 2708 2687
f 2714 2687 2707
f 2715 2707 2708
f 2715 2714 2707
f 2715 2708 2714
f 2716 2707 2686
f 2717 2706 2707
f 2717 2707 2716
f 2718 2686 2685
f 2718 2717 2716
f 2718 2706 2717
f 2718 2716 2686
f 2719 2718 2685
f 2720 2705 2706
f 2720 2706 2718
f 2720 2718 2719
f 2721 2685 2684
f 2721 2720 2719
f 2721 2719 2685
f 2721 2705 2720
f 2722 2721 2684
f 2723 2704 2705
f 2723 2721 2722
f 2723 2705 2721
f 2724 2684 2683
f 2724 2704 2723
f 2724 2722 2684
f 2724 2723 2722
f 2725 2724 2683
f 2726 2703 2704
f 2726 2704 2724
f 2726 2724 2725
f 2727 2683 2695
f 2727 2703 2726
f 2727 2725 2683
f 2727 2726 2725
f 2728 2727 2695
f 2729 2703 2727
f 2729 2727 2728
f 2729 2702 2703
f 2730 2728 2695
f 2730 2729 2728
f 2730 2702 2729
f 2730 2695 2694
f 2731 2730 2694
f 2732 2702 2730
f 2732 2730 2731
f 2732 2701 2702
f 2733 2694 2693
f 2733 2731 2694
f 2733 2732 2731
f 2733 2701 2732
f 2733 2693 2701
f 2734 2693 2692
f 2734 2700 2693
f 2734 2692 2700
f 2735 2692 2691
f 2735 2699 2692
f 2735 2691 2699
f 2739 2738 2749
f 2739 2749 2758
f 2740 2758 2757
f 2740 2739 2758
f 2741 2757 2756
f 2741 2740 2757
f 2742 2741 2756
f 2755 2742 2756
f 2743 2742 2755
f 2754 2743 2755
f 2744 2743 2754
f 2753 2744 2754
f 2745 2744 2753
f 2752 2745 2753
f 2746 2745 2752
f 2751 2746 2752
f 2747 2746 2751
f 2750 2747 2751
f 2748 2747 2750
f 2737 2748 2750
f 2736 2748 2737
f 2771 2772 2773
f 2774 2773 2759
f 2774 2771 2773
f 2775 2770 2771
f 2775 2771 2774
f 2775 2774 2759
f 2776 2769 2770
f 2776 2775 2759
f 2776 2770 2775
f 2777 2768 2769
f 2777 2769 2776
f 2777 2776 2759
f 2778 2759 2760
f 2778 2767 2768
f 2778 2768 2777
f 2778 2777 2759
f 2779 2766 2767
f 2779 2778 2760
f 2779 2767 2778
f 2780 2765 2766
f 2780 2766 2779
f 2780 2779 2760
f 2781 2764 2765
f 2781 2765 2780
f 2781 2780 2760
f 2782 2762 2761
f 2782 2760 2762
f 2782 2761 2763
f 2782 2763 2764
f 2782 2781 2760
f 2782 2764 2781
f 2795 2796 2797
f 2798 2797 2783
f 2798 2795 2797
f 2799 2794 2795
f 2799 2795 2798
f 2799 2798 2783
f 2800 2793 2794
f 2800 2799 2783
f 2800 2794 2799
f 2801 2792 2793
f 2801 2793 2800
f 2801 2800 2783
f 2802 2783 2784
f 2802 2791 2792
f 2802 2792 2801
f 2802 2801 2783
f 2803 2790 2791
f 2803 2802 2784
f 2803 2791 2802
f 2804 2789 2790
f 2804 2790 2803
f 2804 2803 2784
f 2805 2788 2789
f 2805 2789 2804
f 2805 2804 2784
f 2806 2786 2785
f 2806 2784 2786
f 2806 2785 2787
f 2806 2787 2788
f 2806 2805 2784
f 2806 2788 2805
f 2826 2817 2816
f 2826 2825 2817
f 2827 2826 2816
f 2815 2827 2816
f 2828 2827 2815
f 2814 2828 2815
f 2829 2828 2814
f 2813 2829 2814
f 2830 2829 2813
f 2812 2830 2813
f 2819 2830 2812
f 2820 2812 2811
f 2820 2819 2812
f 2821 2820 2811
f 2810 2821 2811
f 2822 2821 2810
f 2809 2822 2810
f 2823 2822 2809
f 2808 2823 2809
f 2824 2823 2808
f 2807 2824 2808
f 2818 2824 2807
f 2854 2853 2832
f 2855 2854 2833
f 2856 2855 2834
f 2840 2849 2839
f 2841 2850 2840
f 2842 2851 2841
f 2845 2851 2842
f 2844 2851 2845
f 2843 2851 2844
f 2860 2831 2832
f 2860 2853 2852
f 2860 2852 2858
f 2860 2858 2859
f 2860 2859 2831
f 2860 2832 2853
f 2861 2832 2833
f 2861 2854 2832
f 2861 2833 2854
f 2862 2833 2834
f 2862 2855 2833
f 2862 2834 2855
f 2863 2834 2835
f 2863 2856 2834
f 2864 2863 2835
f 2865 2857 2856
f 2865 2863 2864
f 2865 2856 2863
f 2866 2835 2836
f 2866 2864 2835
f 2866 2857 2865
f 2866 2865 2864
f 2867 2866 2836
f 2868 2846 2857
f 2868 2857 2866
f 2868 2866 2867
f 2869 2836 2837
f 2869 2868 2867
f 2869 2867 2836
f 2869 2846 2868
f 2870 2869 2837
f 2871 2847 2846
f 2871 2869 2870
f 2871 2846 2869
f 2872 2837 2838
f 2872 2847 2871
f 2872 2870 2837
f 2872 2871 2870
f 2873 2872 2838
f 2874 2848 2847
f 2874 2847 2872
f 2874 2872 2873
f 2875 2838 2839
f 2875 2848 2874
f 2875 2873 2838
f 2875 2874 2873
f 2876 2875 2839
f 2876 2839 2849
f 2877 2848 2875
f 2877 2875 2876
f 2877 2876 2849
f 2877 2849 2848
f 2878 2849 2840
f 2878 2840 2850
f 2879 2878 2850
f 2879 2849 2878
f 2879 2850 2849
f 2880 2850 2841
f 2880 2841 2851
f 2881 2880 2851
f 2881 2850 2880
f 2881 2851 2850
f 2883 2882 2884
f 2885 2883 2884
f 2888 2889 2890
f 2891 2886 2887
f 2891 2887 2888
f 2891 2888 2890
f 2900 2886 2891
f 2892 2900 2891
f 2899 2900 2892
f 2893 2899 2892
f 2898 2899 2893
f 2897 2898 2893
f 2896 2897 2893
f 2894 2896 2893
f 2895 2896 2894
f 2907 2906 2905
f 2904 2907 2905
f 2903 2908 2907
f 2903 2907 2904
f 2902 2901 2908
f 2902 2908 2903
f 2914 2912 2911
f 2915 2911 2910
f 2915 2914 2911
f 2916 2910 2909
f 2916 2915 2910
f 2913 2916 2909
f 2920 2918 2917
f 2920 2917 2919
f 2922 2921 2925
f 2922 2925 2928
f 2923 2928 2927
f 2923 2922 2928
f 2924 2927 2926
f 2924 2923 2927
f 2930 2929 2931
f 2932 2930 2931
f 2935 2936 2937
f 2935 2937 2938
f 2943 2940 2941
f 2943 2941 2942
f 2934 2935 2938
f 2944 2940 2943
f 2946 2939 2940
f 2947 2938 2939
f 2947 2939 2946
f 2945 2946 2940
f 2945 2940 2944
f 2933 2934 2938
f 2933 2938 2947
f 2954 2953 2952
f 2951 2954 2952
f 2950 2955 2954
f 2950 2954 2951
f 2949 2948 2955
f 2949 2955 2950
f 2961 2959 2958
f 2962 2958 2957
f 2962 2961 2958
f 2963 2957 2956
f 2963 2962 2957
f 2960 2963 2956
f 2967 2965 2964
f 2967 2964 2966
f 2969 2968 2972
f 2969 2972 2975
f 2970 2975 2974
f 2970 2969 2975
f 2971 2974 2973
f 2971 2970 2974
f 2977 2976 2978
f 2979 2977 2978
f 2981 2980 2984
f 2981 2984 2987
f 2982 2987 2986
f 2982 2981 2987
f 2983 2986 2985
f 2983 2982 2986
f 2989 2988 2990
f 2991 2989 2990
f 3025 3002 3003
f 3013 2993 2994
f 3012 3013 2994
f 3024 3025 3003
f 3029 3002 3025
f 3017 3001 3002
f 3017 3002 3029
f 3009 3012 2994
f 3014 2993 3013
f 3008 2994 2995
f 3008 3009 2994
f 3026 3029 3025
f 2998 3005 3006
f 3023 3024 3021
f 3010 3011 3012
f 3010 3012 3009
f 3022 3023 3021
f 3028 3029 3026
f 3018 3001 3017
f 2999 3003 3004
f 2999 3004 3005
f 2999 3020 3021
f 2999 3005 2998
f 2999 3024 3003
f 2999 3021 3024
f 2997 2992 2993
f 2997 3006 2992
f 2997 2993 3014
f 2997 2998 3006
f 3027 3028 3026
f 3016 2997 3014
f 3000 3018 3019
f 3000 3019 3020
f 3000 3020 2999
f 3000 3001 3018
f 2996 3007 3008
f 2996 3016 3007
f 2996 3008 2995
f 2996 2997 3016
f 3014 3015 3016
f 3036 3035 3034
f 3033 3036 3034
f 3032 3037 3036
f 3032 3036 3033
f 3031 3030 3037
f 3031 3037 3032
f 3043 3041 3040
f 3044 3040 3039
f 3044 3043 3040
f 3045 3039 3038
f 3045 3044 3039
f 3042 3045 3038
f 3049 3047 3046
f 3049 3046 3048
f 3051 3050 3054
f 3051 3054 3057
f 3052 3057 3056
f 3052 3051 3057
f 3053 3056 3055
f 3053 3052 3056
f 3058 3060 3061
f 3059 3060 3058
f 3062 3064 3065
f 3063 3064 3062
f 3066 3068 3069
f 3067 3068 3066
f 3071 3072 3073
f 3071 3073 3070
f 3074 3076 3077
f 3075 3076 3074
f 3079 3080 3081
f 3079 3081 3078
f 3083 3084 3085
f 3083 3085 3082
f 3087 3088 3089
f 3087 3089 3086
f 3091 3092 3093
f 3091 3093 3090
f 3094 3096 3097
f 3095 3096 3094
f 3107 3098 3099
f 3100 3098 3107
f 3100 3107 3102
f 3101 3100 3102
f 3103 3102 3107
f 3105 3104 3103
f 3105 3103 3106
f 3106 3103 3107
f 3108 3110 3111
f 3108 3111 3109
f 3116 3112 3113
f 3116 3113 3114
f 3116 3114 3115
f 3116 3115 3112
f 3121 3119 3120
f 3121 3122 3119
f 3123 3124 3125
f 3123 3125 3118
f 3123 3126 3124
f 3123 3127 3126
f 3128 3117 3118
f 3128 3125 3124
f 3128 3118 3125
f 3129 3127 3123
f 3130 3126 3127
f 3130 3131 3132
f 3130 3127 3129
f 3133 3134 3132
f 3133 3132 3131
f 3133 3131 3135
f 3136 3121 3120
f 3136 3122 3121
f 3137 3131 3130
f 3138 3126 3139
f 3140 3138 3139
f 3140 3139 3126
f 3140 3132 3134
f 3140 3130 3132
f 3140 3126 3130
f 3141 3136 3135
f 3141 3122 3136
f 3142 3134 3133
f 3143 3123 3118
f 3143 3129 3123
f 3144 3131 3137
f 3145 3134 3142
f 3146 3142 3133
f 3146 3145 3142
f 3147 3135 3136
f 3147 3136 3120
f 3148 3124 3126
f 3148 3117 3128
f 3148 3126 3138
f 3148 3128 3124
f 3148 3138 3140
f 3149 3131 3144
f 3150 3134 3145
f 3150 3145 3146
f 3151 3119 3122
f 3151 3122 3141
f 3152 3118 3119
f 3152 3130 3129
f 3152 3137 3130
f 3152 3143 3118
f 3152 3129 3143
f 3152 3144 3137
f 3152 3149 3144
f 3153 3149 3152
f 3153 3131 3149
f 3154 3134 3150
f 3154 3150 3146
f 3155 3120 3117
f 3155 3133 3135
f 3155 3147 3120
f 3155 3146 3133
f 3155 3135 3147
f 3156 3131 3153
f 3156 3119 3151
f 3156 3135 3131
f 3156 3141 3135
f 3156 3152 3119
f 3156 3153 3152
f 3156 3151 3141
f 3157 3154 3146
f 3157 3140 3134
f 3157 3146 3155
f 3157 3117 3148
f 3157 3148 3140
f 3157 3155 3117
f 3157 3134 3154
f 3158 3160 3161
f 3158 3161 3159
f 3162 3164 3165
f 3163 3164 3162
f 3166 3168 3169
f 3167 3168 3166
f 3172 3173 3170
f 3171 3172 3170
f 3178 3176 3177
f 3178 3179 3176
f 3180 3181 3182
f 3183 3176 3179
f 3184 3179 3178
f 3184 3178 3177
f 3184 3182 3183
f 3184 3183 3179
f 3185 3181 3180
f 3185 3186 3181
f 3187 3176 3183
f 3187 3183 3182
f 3188 3184 3177
f 3188 3182 3184
f 3189 3174 3175
f 3190 3174 3189
f 3190 3186 3185
f 3190 3189 3186
f 3191 3175 3176
f 3191 3176 3187
f 3191 3189 3175
f 3191 3182 3181
f 3191 3181 3186
f 3191 3187 3182
f 3191 3186 3189
f 3192 3177 3174
f 3192 3174 3190
f 3192 3180 3182
f 3192 3188 3177
f 3192 3185 3180
f 3192 3182 3188
f 3192 3190 3185
f 3197 3193 3194
f 3198 3193 3197
f 3199 3200 3201
f 3202 3198 3197
f 3202 3197 3194
f 3203 3201 3200
f 3203 3204 3201
f 3205 3199 3201
f 3206 3207 3208
f 3209 3208 3207
f 3210 3204 3203
f 3211 3198 3202
f 3211 3202 3200
f 3212 3201 3204
f 3212 3213 3205
f 3212 3205 3201
f 3214 3209 3213
f 3214 3208 3209
f 3215 3199 3205
f 3216 3202 3194
f 3216 3200 3202
f 3217 3204 3210
f 3218 3199 3215
f 3219 3213 3209
f 3220 3204 3217
f 3221 3193 3198
f 3221 3198 3211
f 3222 3213 3212
f 3223 3206 3208
f 3223 3208 3214
f 3223 3224 3206
f 3225 3199 3218
f 3226 3195 3196
f 3226 3207 3206
f 3226 3209 3207
f 3226 3219 3209
f 3226 3206 3224
f 3227 3203 3200
f 3227 3210 3203
f 3227 3216 3194
f 3227 3200 3216
f 3227 3220 3217
f 3227 3217 3210
f 3228 3204 3220
f 3228 3220 3227
f 3229 3199 3225
f 3230 3229 3225
f 3230 3215 3205
f 3230 3218 3215
f 3230 3225 3218
f 3231 3226 3224
f 3231 3195 3226
f 3231 3224 3223
f 3232 3196 3193
f 3232 3226 3196
f 3232 3205 3213
f 3232 3213 3219
f 3232 3230 3205
f 3232 3219 3226
f 3233 3228 3227
f 3233 3212 3204
f 3233 3222 3212
f 3233 3204 3228
f 3234 3194 3195
f 3234 3195 3231
f 3234 3231 3223
f 3234 3222 3233
f 3234 3214 3213
f 3234 3227 3194
f 3234 3213 3222
f 3234 3223 3214
f 3234 3233 3227
f 3235 3232 3193
f 3235 3211 3200
f 3235 3200 3199
f 3235 3229 3230
f 3235 3193 3221
f 3235 3221 3211
f 3235 3230 3232
f 3235 3199 3229
f 3240 3238 3239
f 3241 3240 3239
f 3242 3243 3244
f 3242 3245 3243
f 3246 3247 3248
f 3249 3250 3247
f 3249 3247 3246
f 3251 3238 3240
f 3251 3240 3241
f 3252 3241 3239
f 3252 3251 3241
f 3253 3254 3255
f 3256 3248 3247
f 3257 3244 3243
f 3257 3253 3255
f 3257 3243 3253
f 3258 3246 3248
f 3259 3255 3254
f 3259 3256 3247
f 3259 3247 3250
f 3259 3254 3256
f 3260 3250 3249
f 3261 3245 3242
f 3262 3261 3242
f 3263 3258 3248
f 3264 3250 3260
f 3265 3238 3251
f 3265 3251 3252
f 3266 3252 3239
f 3266 3249 3246
f 3266 3265 3252
f 3266 3246 3265
f 3267 3253 3243
f 3267 3243 3245
f 3267 3245 3261
f 3268 3256 3254
f 3269 3244 3257
f 3269 3242 3244
f 3269 3262 3242
f 3270 3263 3248
f 3271 3255 3259
f 3272 3250 3264
f 3273 3267 3261
f 3273 3261 3262
f 3274 3236 3237
f 3274 3273 3262
f 3274 3237 3273
f 3274 3262 3269
f 3275 3270 3248
f 3276 3250 3272
f 3277 3246 3258
f 3277 3238 3265
f 3277 3263 3270
f 3277 3258 3263
f 3277 3265 3246
f 3277 3270 3275
f 3278 3276 3272
f 3278 3272 3264
f 3278 3249 3266
f 3278 3266 3239
f 3278 3260 3249
f 3278 3264 3260
f 3279 3237 3238
f 3279 3267 3273
f 3279 3273 3237
f 3279 3253 3267
f 3279 3254 3253
f 3279 3238 3277
f 3279 3268 3254
f 3280 3279 3277
f 3280 3277 3275
f 3280 3248 3256
f 3280 3268 3279
f 3280 3256 3268
f 3280 3275 3248
f 3281 3239 3236
f 3281 3274 3269
f 3281 3257 3255
f 3281 3269 3257
f 3281 3236 3274
f 3281 3255 3271
f 3281 3278 3239
f 3282 3278 3281
f 3282 3271 3259
f 3282 3259 3250
f 3282 3276 3278
f 3282 3250 3276
f 3282 3281 3271
f 3283 3285 3286
f 3283 3286 3284
f 3291 3287 3288
f 3291 3288 3292
f 3293 3294 3295
f 3296 3291 3292
f 3296 3295 3294
f 3296 3292 3295
f 3297 3296 3294
f 3298 3299 3300
f 3298 3300 3301
f 3298 3294 3299
f 3302 3294 3293
f 3302 3299 3294
f 3303 3299 3302
f 3304 3300 3299
f 3304 3299 3303
f 3305 3297 3294
f 3305 3294 3298
f 3306 3305 3298
f 3307 3298 3301
f 3307 3306 3298
f 3308 3295 3292
f 3309 3302 3293
f 3310 3291 3296
f 3311 3297 3305
f 3312 3301 3300
f 3313 3289 3290
f 3313 3301 3312
f 3313 3312 3289
f 3314 3309 3293
f 3315 3303 3302
f 3316 3304 3303
f 3317 3297 3311
f 3318 3305 3306
f 3319 3306 3307
f 3320 3292 3288
f 3320 3308 3292
f 3321 3314 3293
f 3322 3287 3291
f 3322 3291 3310
f 3323 3297 3317
f 3324 3289 3312
f 3324 3300 3304
f 3324 3312 3300
f 3324 3304 3316
f 3325 3313 3290
f 3325 3307 3301
f 3325 3301 3313
f 3325 3319 3307
f 3326 3321 3293
f 3327 3315 3302
f 3327 3321 3326
f 3327 3302 3309
f 3327 3309 3314
f 3327 3314 3321
f 3328 3288 3289
f 3328 3324 3316
f 3328 3303 3315
f 3328 3289 3324
f 3328 3316 3303
f 3328 3315 3327
f 3329 3297 3323
f 3330 3329 3323
f 3330 3323 3317
f 3330 3305 3318
f 3330 3311 3305
f 3330 3317 3311
f 3331 3290 3287
f 3331 3325 3290
f 3331 3330 3318
f 3331 3319 3325
f 3331 3318 3306
f 3331 3306 3319
f 3332 3288 3328
f 3332 3293 3295
f 3332 3308 3320
f 3332 3295 3308
f 3332 3320 3288
f 3332 3327 3326
f 3332 3328 3327
f 3332 3326 3293
f 3333 3329 3330
f 3333 3331 3287
f 3333 3330 3331
f 3333 3296 3297
f 3333 3310 3296
f 3333 3297 3329
f 3333 3287 3322
f 3333 3322 3310
f 3338 3334 3335
f 3338 3335 3336
f 3338 3336 3337
f 3338 3337 3334
f 3344 3356 3343
f 3355 3356 3344
f 3352 3342 3356
f 3340 3351 3339
f 3350 3351 3340
f 3354 3345 3346
f 3348 3346 3347
f 3348 3354 3346
f 3341 3352 3353
f 3341 3342 3352
f 3349 3340 3341
f 3349 3353 3354
f 3349 3341 3353
f 3349 3350 3340
f 3349 3354 3348
f 3342 3343 3356
f 3344 3345 3355
f 3354 3355 3345
f 3361 3362 3363
f 3364 3365 3366
f 3367 3364 3366
f 3367 3363 3364
f 3368 3364 3363
f 3369 3365 3364
f 3370 3363 3367
f 3371 3367 3366
f 3372 3368 3363
f 3373 3362 3361
f 3373 3374 3362
f 3375 3363 3370
f 3376 3372 3363
f 3377 3369 3364
f 3378 3363 3375
f 3379 3367 3371
f 3380 3357 3358
f 3381 3376 3363
f 3382 3374 3373
f 3382 3357 3380
f 3382 3380 3374
f 3383 3363 3378
f 3384 3359 3360
f 3384 3369 3377
f 3384 3365 3369
f 3385 3366 3365
f 3385 3371 3366
f 3385 3379 3371
f 3385 3384 3360
f 3385 3365 3384
f 3386 3381 3363
f 3387 3364 3368
f 3387 3368 3372
f 3387 3372 3376
f 3387 3376 3381
f 3387 3381 3386
f 3388 3358 3359
f 3388 3384 3377
f 3388 3377 3364
f 3388 3359 3384
f 3388 3364 3387
f 3389 3363 3383
f 3390 3370 3367
f 3390 3375 3370
f 3390 3378 3375
f 3390 3383 3378
f 3390 3389 3383
f 3391 3360 3357
f 3391 3385 3360
f 3391 3367 3379
f 3391 3390 3367
f 3391 3379 3385
f 3392 3380 3358
f 3392 3363 3362
f 3392 3362 3374
f 3392 3374 3380
f 3392 3386 3363
f 3392 3358 3388
f 3392 3387 3386
f 3392 3388 3387
f 3393 3357 3382
f 3393 3361 3363
f 3393 3373 3361
f 3393 3363 3389
f 3393 3389 3390
f 3393 3382 3373
f 3393 3391 3357
f 3393 3390 3391
f 3394 3395 3396
f 3397 3394 3396
f 3398 3394 3397
f 3399 3401 3402
f 3400 3401 3399
f 3403 3405 3406
f 3403 3406 3404
f 3411 3412 3413
f 3414 3413 3412
f 3414 3412 3415
f 3416 3417 3418
f 3419 3417 3420
f 3421 3409 3422
f 3421 3423 3424
f 3421 3422 3423
f 3425 3409 3410
f 3425 3422 3409
f 3425 3423 3422
f 3426 3415 3412
f 3427 3417 3416
f 3427 3420 3417
f 3427 3416 3415
f 3428 3416 3418
f 3429 3418 3417
f 3429 3419 3424
f 3429 3417 3419
f 3430 3424 3423
f 3430 3429 3424
f 3431 3414 3415
f 3431 3415 3416
f 3432 3419 3420
f 3433 3428 3418
f 3434 3409 3421
f 3434 3424 3419
f 3434 3421 3424
f 3435 3412 3411
f 3435 3426 3412
f 3435 3411 3436
f 3437 3407 3408
f 3437 3413 3414
f 3437 3411 3413
f 3437 3414 3431
f 3437 3436 3411
f 3438 3427 3415
f 3439 3432 3420
f 3440 3433 3418
f 3441 3425 3410
f 3441 3430 3423
f 3441 3423 3425
f 3441 3429 3430
f 3442 3436 3437
f 3442 3437 3408
f 3442 3435 3436
f 3443 3439 3420
f 3444 3410 3407
f 3444 3407 3437
f 3444 3431 3416
f 3444 3437 3431
f 3445 3416 3428
f 3445 3428 3433
f 3445 3444 3416
f 3445 3433 3440
f 3446 3439 3443
f 3446 3409 3434
f 3446 3419 3432
f 3446 3434 3419
f 3446 3432 3439
f 3447 3445 3440
f 3447 3440 3418
f 3448 3435 3442
f 3448 3408 3409
f 3448 3426 3435
f 3448 3415 3426
f 3448 3442 3408
f 3448 3438 3415
f 3448 3409 3446
f 3449 3438 3448
f 3449 3448 3446
f 3449 3420 3427
f 3449 3446 3443
f 3449 3427 3438
f 3449 3443 3420
f 3450 3418 3429
f 3450 3444 3445
f 3450 3447 3418
f 3450 3445 3447
f 3450 3429 3441
f 3450 3441 3410
f 3450 3410 3444
f 3455 3453 3454
f 3456 3455 3454
f 3457 3458 3459
f 3460 3461 3457
f 3462 3455 3456
f 3462 3463 3461
f 3464 3462 3461
f 3464 3461 3460
f 3464 3455 3462
f 3465 3457 3461
f 3465 3458 3457
f 3465 3461 3463
f 3465 3466 3458
f 3467 3453 3455
f 3467 3455 3464
f 3468 3457 3459
f 3469 3451 3452
f 3469 3459 3458
f 3469 3452 3470
f 3469 3470 3459
f 3471 3460 3457
f 3472 3464 3460
f 3473 3465 3463
f 3474 3462 3456
f 3475 3470 3452
f 3476 3472 3460
f 3477 3453 3467
f 3477 3467 3464
f 3478 3466 3465
f 3478 3479 3466
f 3480 3473 3463
f 3481 3459 3470
f 3481 3468 3459
f 3481 3470 3475
f 3482 3471 3457
f 3483 3451 3469
f 3483 3458 3466
f 3483 3469 3458
f 3483 3466 3479
f 3484 3476 3460
f 3485 3480 3463
f 3486 3456 3454
f 3486 3474 3456
f 3487 3475 3452
f 3487 3481 3475
f 3488 3460 3471
f 3488 3484 3460
f 3489 3454 3451
f 3489 3483 3479
f 3489 3451 3483
f 3489 3479 3478
f 3490 3484 3488
f 3490 3453 3477
f 3490 3464 3472
f 3490 3477 3464
f 3490 3472 3476
f 3490 3476 3484
f 3491 3489 3478
f 3491 3465 3473
f 3491 3478 3465
f 3491 3473 3480
f 3491 3480 3485
f 3492 3485 3463
f 3492 3491 3485
f 3493 3452 3453
f 3493 3481 3487
f 3493 3457 3468
f 3493 3487 3452
f 3493 3468 3481
f 3493 3482 3457
f 3493 3453 3490
f 3494 3493 3490
f 3494 3488 3471
f 3494 3471 3482
f 3494 3482 3493
f 3494 3490 3488
f 3495 3489 3491
f 3495 3474 3486
f 3495 3463 3462
f 3495 3492 3463
f 3495 3462 3474
f 3495 3486 3454
f 3495 3491 3492
f 3495 3454 3489
