mtllib Gemini2_world_Orbbec_Gemini2_camera_rgb_camera_rgb.mtl
v -0.003313903734522228 -2.1909716980687142e-05 -0.0013171285096452718
v -0.0030302738466052585 -0.0013364270030760685 -0.0013041656917892614
v -0.0021772998084731436 -0.00249580377722225 -0.001290276617774145
v -0.0007387900187345587 -0.0032317658536486498 -0.0012746512604955302
v -1.0812282320582513e-05 -0.0033173390481470726 -0.0012676202967549794
v 0.0013291215599524622 -0.0030449932133035378 -0.001254436345671795
v 0.0025600611591325433 -0.0021273895622628274 -0.0012396049222438428
v 0.0031410693420230733 -0.00111430180562358 -0.001228366466722642
v 0.0033359407632960196 3.71944476918627e-05 -0.001217128011201441
v 0.0033359407632960196 3.719403325332626e-05 -0.0011920219393367632
v 0.003075720003044902 -0.001282156975221105 -0.0012049847571927736
v 0.0022434889768774284 -0.002456511800218109 -0.0012188738312078902
v 0.0008182871158803896 -0.0032179265495108082 -0.0012344985924400704
v 9.194612297536155e-05 -0.003316425905009524 -0.0012415295561806212
v -0.0012526172119539105 -0.003067939510913054 -0.0012547135072638056
v -0.0024996721185817088 -0.0021723605206826206 -0.0012695449306917579
v -0.0030985962651983727 -0.0011697599775397779 -0.0012807833862129587
v -0.003313903734522228 -2.1909321168601777e-05 -0.0012920218417341596
v -0.003313903734522228 -2.1909321168601777e-05 -0.0012920218417341596
v -0.003313903734522228 -2.1909716980687142e-05 -0.0013171285096452718
v -0.003053683570317545 0.001297441840974051 -0.00130498465959017
v -0.002221451948103637 0.002471796665971055 -0.0013188737336052865
v -0.0007962500871065982 0.0032332115642753627 -0.0013344984948374667
v -6.990909420157011e-05 0.0033317109197740784 -0.0013415294585780175
v 0.0012746536446812675 0.0030832245256776085 -0.0013547134096612019
v 0.0025217091473555 0.002187645535447175 -0.0013695448330891542
v 0.003120633293972164 0.0011850447687869194 -0.0013807826925639206
v 0.0033359407632960196 3.719415898187102e-05 -0.0013920211480851214
v 0.0033359407632960196 3.7194326619930704e-05 -0.0016920744994564094
v -0.003313903734522228 -2.190940033101885e-05 -0.0016920744994564094
v -0.003187546658794283 0.0009160263631635969 -0.0016920744994564094
v -0.002802060779883098 0.0017803704340673134 -0.0016920744994564094
v -0.0021886765467671325 0.0025010984576993027 -0.0016920744994564094
v -0.0013970857546384832 0.0030198215763310725 -0.0016920744994564094
v -0.0004914188275169097 0.0032945158341262664 -0.0016920744994564094
v 0.000454952706658407 0.00330292724140896 -0.0016920744994564094
v 0.001365359991073012 0.003044374219081381 -0.0016920744994564094
v 0.0021660458557446476 0.002539803328965529 -0.0016920744994564094
v 0.0027921437593070313 0.0018300915845463064 -0.0016920744994564094
v 0.0031929313422829346 0.0009727360090746875 -0.0016920744994564094
v -0.003313903734522228 -2.1909092994576097e-05 -0.0014920216465289524
v -0.0031870680335074346 0.000917709672800235 -0.0015011316202327993
v -0.0024125420507965516 0.002284116991964347 -0.001516314711057066
v -0.0018721752940377148 0.0027480005603730544 -0.0015231471913349512
v -0.0006486689899414256 0.0032665982112303764 -0.0015359580173501816
v 0.0008431029131314994 0.003226899432534736 -0.0015503704201347288
v 0.0019543146650273795 0.0027057119599198103 -0.0015621906169759345
v 0.002800743517263005 0.0018168997358478658 -0.0015740108138171402
v 0.0032128917452791676 0.0009042963183455989 -0.0015201741117200082
v 0.0032128917452791676 0.0009042946047120999 -0.0014721828370053433
v 0.0028007399409843985 0.0018169055473006015 -0.0013990777418223528
v 0.0021766817083206384 0.002530712726770801 -0.0013899719404435469
v 0.0007769620244884036 0.0032432737221582135 -0.0013747965982229278
v 7.036328158460671e-05 0.0033321660012267666 -0.0013679670981772147
v -0.001236240240121478 0.003089902331905759 -0.001355162828672763
v -0.002458677832960832 0.0022339800990973384 -0.001340757578445429
v -0.0030981069110757047 0.0011863363269045276 -0.0013289433420685677
v 0.0028928970643975487 0.0018767654476292699 -0.0006625664086066244
v 0.0032700859769414507 0.0010928232723588507 -0.00067063508918952
v 0.0034284972378202387 -0.0003389865084219013 -0.0006840830888431574
v 0.002892086441246722 -0.001862912136400219 -0.0006991958461881612
v 0.002429102604930789 -0.0024317721478989977 -0.0007060050806551036
v 0.001285821170676771 -0.0031818278912791324 -0.0007187616664448008
v -0.00023305415586261094 -0.003418518228414991 -0.0007331287697003312
v -0.0009182679447918841 -0.0032992475487459987 -0.0007395863367709592
v -0.0020812534820753297 -0.002716655968502402 -0.0007517129014794626
v -0.0030240302602045914 -0.0016009826600331958 -0.0007653528280849868
v -0.0034237902591275353 -1.0625377525567017e-05 -0.0007806962554001155
v -0.003347157761145581 0.0007299981848150895 -0.0007876109900859522
v -0.0027876948687204366 0.0019992048591553073 -0.0008005523502703231
v -0.001621794068326188 0.003029807440270316 -0.0008150982674561828
v -0.0009707796356652756 0.0032991310216680674 -0.0008216386849811967
v 0.00033930181698571543 0.0034267293640957157 -0.0008339136652518735
v 0.0017472886648635113 0.0029712852171521202 -0.0008477347899734648
v 0.0022904383624247075 0.0025774233957210906 -0.0008539610910275335
v 0.003059955766947065 0.0015897678973577636 -0.0008656292960279592
v 0.003438454789553847 0.0002353856101173398 -0.0008787536424677005
v 0.0031784235720688785 -0.0013216916921356683 -0.000893513540323521
v 0.002833784755309266 -0.0019493445318338747 -0.000900161842253167
v 0.0018744349060706436 -0.0028777503324057823 -0.0009126126562220009
v 0.0004676890268693335 -0.0033966620997340495 -0.0009266215355704381
v -0.00020972728260471032 -0.003420306963764719 -0.0009329128056858598
v -0.0014382379925644841 -0.003106703092753072 -0.000944729426248459
v -0.002576564492809075 -0.002251550802926328 -0.0009580182815041033
v -0.003318936154568131 -0.0008354121259880333 -0.0009729742786368517
v -0.0034215544889519838 -0.00011675240210997155 -0.0009797119875316622
v -0.0032030611514360934 0.0012191031600735371 -0.0009923392312450878
v -0.0023650705285727107 0.002488066200433681 -0.0010065495742883628
v -0.001823441941512183 0.002911729747539838 -0.0010129338276475557
v -0.0006271076062223103 0.0033828660089627043 -0.00102491793725823
v 0.000815943461300206 0.0033469944444225468 -0.001038395739233589
v 0.0022567748519009005 0.002606658877283508 -0.0010535502198290032
v 0.002759096560796426 0.0020684934690186345 -0.0010603838921997572
v 0.0033459686485088906 0.000830479394708289 -0.0010731655119397005
v 0.003370605631829671 -0.0007083283206449077 -0.001087549304495395
v 0.0031568955669500913 -0.0013712562314140144 -0.0010940158122625394
v 0.002417087500905524 -0.0024436698307766795 -0.0011061632385962479
v 0.0011777615283929956 -0.0032229363197922027 -0.0011198335635699281
v -0.00045712589195834324 -0.0033951153592367005 -0.0011352175220425982
v -0.0011793660853944845 -0.003214507925186128 -0.0011421304685891316
v -0.002358962840759094 -0.0024788146657016568 -0.0011551028231880929
v -0.0032143151041645894 -0.0011738242691645558 -0.001169689271531494
v -0.0033881323772341214 -0.0004866798113283556 -0.0011762690281211803
v -0.0033237259837152204 0.0008309257589818737 -0.0011885708304814064
v -0.0026668851971577427 0.002158797931101964 -0.001202407452410293
v -0.00219875509592693 0.0026373883492338272 -0.0012086212364892386
v -0.0011073589077437165 0.0032554798590657135 -0.0012203108991613038
v 0.0002906346256144055 0.0034312321968846264 -0.0012334602795512912
v 0.0017955958441884248 0.0029425522027339284 -0.0012482559401931776
v 0.0023669897980915793 0.002507292274222695 -0.0012549239116551598
v 0.003143508364032766 0.00141694512776408 -0.001267408104224322
v 0.0034454189960937413 -5.532685077949945e-05 -0.0012814491700802184
v 0.0033657633505963518 -0.0007298624352396478 -0.0012877547453100664
v 0.002868547375458164 -0.001898453789238919 -0.0012995910354050017
v 0.0018481301848263245 -0.0028946965285830966 -0.0013129037325180233
v 0.0003316628858820448 -0.003412169737841864 -0.0013278907240653621
v -0.0003960013301074206 -0.003403193576562547 -0.0013346457183067712
v -0.0016845094781106076 -0.002979757719194343 -0.0013472973999240085
v -0.0028095167247313983 -0.0019530115585101042 -0.001361529200638923
v -0.0031442957413726495 -0.0013494902547562806 -0.0013679372958554932
v -0.0034223609397777692 -9.142040070696766e-05 -0.0013799476315092824
v -0.0031584131011721532 0.0013314786255774205 -0.0013934600041778384
v -0.002195398758454648 0.0026400854593496286 -0.0014086615724415725
v -0.0015854555014046536 0.0030490913305634697 -0.0014154797476050314
v -0.0002667427003366641 0.0034313913412826196 -0.001428289381527393
v 0.0012590944485568747 0.003207790481870088 -0.001442702976404809
v 0.002180647801295344 0.002670776486304927 -0.0014526253613987856
v 0.0028928660699829582 0.001876776027453481 -0.0014625537068571068
v 0.0028007208674984967 0.0018168933283486957 -0.0013991051599583366
v 0.0021767091264566223 0.002530817332920044 -0.001390001146718834
v 0.0007769787137885676 0.003243366705401985 -0.001374828784730387
v 7.03191741484588e-05 0.0033320771903080364 -0.0013680010728239773
v -0.0012362396440750436 0.003089809944708422 -0.0013551991875052633
v -0.002458694522260996 0.0022339446343344897 -0.001340797513556536
v -0.0030980610155002535 0.0011862953487121605 -0.0013289850653189778
v -0.003313826248485752 -2.1909460866984847e-05 -0.0013171732131278542
v -0.003030192784290176 -0.0013363967537195212 -0.0013042056269003683
v -0.0021772330512724873 -0.002495760563855754 -0.0012903117845137764
v -0.000738761408505706 -0.003231818603758097 -0.0012746810628172518
v -1.082539534214e-05 -0.003317274675132154 -0.0012676471188445288
v 0.0013290834129806586 -0.0030449219857546232 -0.0012544589954363034
v 0.002559976520538854 -0.00212728972448506 -0.0012396222075904413
v 0.003140977550872171 -0.0011142643292040152 -0.0012283795797441994
v 0.0033359252660887244 3.719439181250947e-05 -0.0012171369518979575
v 0.003052294186078886 0.001351698308772631 -0.0012041705577633406
v 0.0021992945179500904 0.0025110229288558 -0.001190277311423183
v 0.0007607793637935957 0.0032468935121545144 -0.0011746477818195273
v 3.284931109437395e-05 0.0033327024430177547 -0.0011676144338932388
v -0.001307103008618138 0.0030603437931758797 -0.0011544269065314478
v -0.0025379806189690384 0.002142684709816767 -0.0011395913107784545
v -0.003119074036499692 0.0011296255634063725 -0.001128349278978647
v -0.0033139400933547285 -2.190959125214238e-05 -0.001117107843225274
v -0.003030317357994972 -0.001336446225573579 -0.0011041527739729113
v -0.0021773659696273655 -0.002495857719424566 -0.0010902720446078768
v -0.0007388377024493132 -0.0032317628734164776 -0.001074656224072213
v -1.0799169299025026e-05 -0.0033172907683858836 -0.0010676288366102688
v 0.0013291239441382 -0.0030449654971443367 -0.0010544532301771665
v 0.0025601350688904127 -0.002127447825801793 -0.001039630151399296
v 0.003141080070858893 -0.0011142921198690205 -0.0010283988484353084
v 0.0033358740060953633 3.719443372202439e-05 -0.0010171669494248863
v 0.003052242926085525 0.001351689219064506 -0.0010042017473831382
v 0.0021992957100429593 0.0025110738908259438 -0.0009903108852287183
v 0.0007608270475083502 0.003247158156771402 -0.000974683143764366
v 3.285765574445599e-05 0.0033325319737375074 -0.0009676509879309464
v -0.0013070445960675638 0.0030601870329636243 -0.0009544652487084587
v -0.0025379681019939153 0.002142585617097043 -0.0009396314410947687
v -0.003118935753726904 0.001129538168097924 -0.0009283911974342644
v -0.003313856646853908 -2.190948880666146e-05 -0.0009171515498201947
v -0.0030302202024261597 -0.0013363991379052589 -0.0009041791952212335
v -0.0021772235145295364 -0.00249571496630352 -0.0008902811805096005
v -0.0007387256457196402 -0.0032316189282025625 -0.000874645094395166
v -1.082062697066455e-05 -0.003317373022793835 -0.0008676093622831398
v 0.0013291120232095113 -0.0030450069223715297 -0.0008544164705034389
v 0.0025599574470529522 -0.0021273359180837286 -0.0008395749142861013
v 0.003141038347608483 -0.0011143138755638773 -0.0008283287101612529
v 0.003335953876317577 3.7194182264934865e-05 -0.0008170825060364044
v 0.0030523406777007715 0.0013517217035951825 -0.0008041298209697794
v 0.002199376772358042 0.0025111025010547965 -0.000790252071836917
v 0.0007608508893657274 0.0032469638456337773 -0.0007746398275798598
v 3.283381388707874e-05 0.003332608565704332 -0.0007676142282572189
v -0.001307100028385966 0.00306028597667174 -0.0007544410060098543
v -0.002538103404534531 0.002142759215621071 -0.0007396215035105906
v -0.0031190841692890774 0.0011296012000083652 -0.0007283919886859061
v -0.003313871548014769 -2.1909661101333914e-05 -0.0007171624738612218
v -0.003030242852190668 -0.0013364205955768984 -0.0007042008480980802
v -0.002177301596612447 -0.0024958305993117995 -0.0006903141582687015
v -0.000738822205242018 -0.0032319172494429953 -0.0006746911851758245
v -1.08158585991891e-05 -0.003317251131297994 -0.0006676608174817081
v 0.0013290929497236095 -0.003044913343081324 -0.000654478654537827
v 0.002560056390761068 -0.0021273390473275093 -0.000639649019249178
v 0.003141001392729548 -0.0011142565806003676 -0.0006284123518672805
v 0.003335893079581265 3.719467586588838e-05 -0.0006171750884389485
v 0.003195320296392135 0.0009652311139129596 -0.0006081384284465366
v 0.0028006946414553817 0.0018169198524150278 -0.0005991011724076903
v 0.002892875606725909 0.0018767511425148435 -0.0006626117081356412
v 0.003270084784848582 0.0010928228253240249 -0.0006706344931430855
v 0.0034284972378202387 -0.00033898647116899916 -0.0006840830888431574
v 0.002892086441246722 -0.001862912136400219 -0.0006991958461881612
v 0.0024291037970236577 -0.0024317730419686494 -0.000706005676701538
v 0.001285821170676771 -0.003181828785348784 -0.0007187622624912352
v -0.00023305415586261094 -0.00341851942050786 -0.0007331293657467657
v -0.0009182679447918841 -0.003299247846769216 -0.0007395863367709592
v -0.0020812534820753297 -0.002716655968502402 -0.0007517129014794626
v -0.0030240290681117226 -0.00160098221299837 -0.0007653528280849868
v -0.0034237908551739697 -1.062538451048617e-05 -0.00078069685144655
v -0.003347156569052712 0.0007299978867918723 -0.0007876097979930834
v -0.002787694272674002 0.00199920456113209 -0.0008005523502703231
v -0.001621794068326188 0.0030298077382935333 -0.0008150982674561828
v -0.0009707796356652756 0.0032991310216680674 -0.0008216386849811967
v 0.00033930181698571543 0.003426728172002847 -0.000833913069205439
v 0.0017472886648635113 0.0029712858131985547 -0.0008477347899734648
v 0.0022904395545175764 0.0025774245878139594 -0.0008539622831204023
v 0.003059955766947065 0.001589767748346155 -0.0008656292960279592
v 0.003438454789553847 0.0002353856101173398 -0.0008787536424677005
v 0.0031784247641617473 -0.001321692139170494 -0.0008935147324163899
v 0.002833784755309266 -0.0019493448298570919 -0.000900161842253167
v 0.0018744360981635124 -0.002877751524498651 -0.0009126132522684354
v 0.0004676890268693335 -0.0033966618017108323 -0.0009266209395240037
v -0.00020972728260471032 -0.0034203075598111536 -0.0009329128056858598
v -0.0014382379925644841 -0.003106703092753072 -0.000944729426248459
v -0.002576565684901944 -0.0022515516969959797 -0.0009580194735969721
v -0.0033189337703823933 -0.0008354116789532074 -0.0009729730865439828
v -0.003421555084998418 -0.0001167524393628737 -0.0009797125835780966
v -0.003203061747482528 0.00121910338359095 -0.0009923392312450878
v -0.0023650705285727107 0.002488066200433681 -0.0010065495742883628
v -0.001823440749419314 0.002911728555446969 -0.0010129332316011212
v -0.0006271076062223103 0.0033828663069859215 -0.0010249185333046644
v 0.000815943461300206 0.0033469938483761123 -0.0010383951431871545
v 0.0022567736598080317 0.0026066579832138563 -0.0010535490277361343
v 0.002759096560796426 0.0020684937670418517 -0.0010603838921997572
v 0.0033459686485088906 0.0008304794692140933 -0.0010731655119397005
v 0.00337060682392254 -0.0007083284696565163 -0.001087549304495395
v 0.0031568943748572225 -0.0013712557843791886 -0.001094015216216105
v 0.002417087500905524 -0.0024436693837418537 -0.0011061626425498134
v 0.0011777615283929956 -0.003222936915838637 -0.0011198341596163626
v -0.00045712589195834324 -0.0033951156572599177 -0.0011352175220425982
v -0.0011793660853944845 -0.003214507925186128 -0.0011421304685891316
v -0.002358962840759094 -0.002478814516690048 -0.0011551028231880929
v -0.0032143151041645894 -0.0011738242691645558 -0.001169689271531494
v -0.0033881323772341214 -0.0004866798113283556 -0.0011762690281211803
v -0.0033237247916223516 0.0008309254609586565 -0.001188570234434972
v -0.0026668851971577427 0.002158797782090355 -0.001202407452410293
v -0.0021987556919733646 0.0026373886472570445 -0.001208621832535673
v -0.001107358311697282 0.0032554783689496274 -0.0012203103031148694
v 0.0002906346256144055 0.0034312313028149748 -0.0012334602795512912
v 0.0017955958441884248 0.0029425522027339284 -0.0012482559401931776
v 0.0023669897980915793 0.002507292274222695 -0.0012549239116551598
v 0.0031435095561256348 0.0014169454257872973 -0.0012674087002707563
v 0.0034454189960937413 -5.532684612288668e-05 -0.0012814491700802184
v 0.0033657633505963518 -0.0007298623607338435 -0.001287754149263632
v 0.002868547375458164 -0.001898453789238919 -0.0012995910354050017
v 0.0018481301848263245 -0.002894695932536662 -0.0013129037325180233
v 0.0003316616937891759 -0.0034121688437722124 -0.0013278901280189277
v -0.0003960013301074206 -0.0034031941726089814 -0.0013346463143532057
v -0.0016845094781106076 -0.00297975801721756 -0.0013472973999240085
v -0.002809517916824267 -0.0019530123035681472 -0.0013615297966853574
v -0.003144295145326215 -0.0013494898077214548 -0.0013679366998090587
v -0.0034223615358242036 -9.142041933341874e-05 -0.0013799476315092824
v -0.0031584131011721532 0.0013314786255774205 -0.0013934600041778384
v -0.002195397566361779 0.002640084565279977 -0.001408660976395138
v -0.0015854555014046536 0.0030490913305634697 -0.0014154797476050314
v -0.0002667427003366641 0.003431391639305837 -0.001428289381527393
v 0.0012590944485568747 0.003207790481870088 -0.001442702976404809
v 0.0021806489933882127 0.002670777976421013 -0.0014526265534916545
v 0.002892861301611483 0.0018767724511748744 -0.001462569204064402
v 0.002892858917425745 0.0018767758784418724 -0.0007105201323959201
v 0.003266063855601909 0.0011048045507489614 -0.0007185000020600855
v 0.0034317051597303476 -0.00030556618484334225 -0.0007317548826689673
v 0.002922733956812307 -0.001814856339659027 -0.0007466506791118381
v 0.002477124874060044 -0.0023832019630848915 -0.000753355605452755
v 0.0013674127749931932 -0.003147987951010734 -0.0007659268208013441
v -0.00012242912972504352 -0.0034245716760030747 -0.000780085903851258
v -0.0008020019351988595 -0.00332979165025521 -0.0007864552560495901
v -0.0019692241705382423 -0.0027991753190940165 -0.0007984065831063707
v -0.002945637041055327 -0.001741004100270477 -0.0008118480262492293
v -0.0034179329108163796 -0.0001954032623305187 -0.0008269667440585775
v -0.0033826785523590757 0.0005379402889771693 -0.0008337825350362986
v -0.0029069083279317236 0.0018198254297712715 -0.0008465385247795614
v -0.001826592046918152 0.002909716004661112 -0.0008608805940848456
v -0.0012068605153219283 0.003219363617464222 -0.0008673119351123586
v 7.18879683638818e-05 0.003442033452346172 -0.0008794134658706159
v 0.001491365399404643 0.00310716890304158 -0.0008930319348045006
v 0.0027586280682989632 0.0020688285961263935 -0.0009083622490980718
v 0.0031379901661428016 0.001429482219454298 -0.0009152644668087855
v 0.003445353430985954 7.774467406247537e-05 -0.0009281992704823776
v 0.003123825718674978 -0.0014448792909485255 -0.0009427463797611063
v 0.002760786948484473 -0.0020506850916739154 -0.0009493022944934154
v 0.0017848872739474333 -0.00293365322946787 -0.00096157429453192
v 0.0003847920808615069 -0.0034067758156334786 -0.0009753781339069128
v -0.00028256773317081324 -0.003414819462266128 -0.0009815728444999565
v -0.001487616863378505 -0.003083258500324371 -0.0009932189957823083
v -0.002598828615274385 -0.0022258041301562452 -0.001006317712225369
v -0.0033215516063224153 -0.0008249849641698976 -0.0010210555563631156
v -0.003421564621741369 -0.0001164948448577185 -0.0010276978978284172
v -0.0032098924396211097 0.0012008093774137781 -0.001040141559240038
v -0.0023950224579493144 0.0024589964197800356 -0.001054145670217
v -0.0018668752491427523 0.002883866364869481 -0.001060437536378856
v -0.0006959771954422324 0.0033691411457402736 -0.0010722505806628486
v 0.0007270169095616731 0.003367224856453577 -0.0010855328794077141
v 0.002168493222404422 0.002680474161793123 -0.0011004656307295197
v 0.0026819574233452052 0.0021674216799269235 -0.0011072045317171992
v 0.0033080159878429165 0.0009710743061212975 -0.0011197989928767311
v 0.0034014987185262417 -0.0005432911095777649 -0.001133975957319678
v 0.0032243620628633622 -0.0012059438704115774 -0.0011403435213787067
v 0.0025540518189806076 -0.002301420070944277 -0.0011523157100606924
v 0.0013813984085306876 -0.003142063845498922 -0.0011657863594788382
v -0.0002150726270286896 -0.003419716579771415 -0.0011809456084457277
v -0.0009389483718809102 -0.0032934280493834294 -0.0011877679559342276
v -0.002153957438007948 -0.0026592534186112853 -0.0012005537479992119
v -0.00310077362282335 -0.0014471146140892512 -0.0012149291959048243
v -0.0033302747458903163 -0.0007883365276082633 -0.0012214046443684852
v -0.003386853261585832 0.0005099382137521009 -0.0012335204802411688
v -0.002871042425832693 0.001876207995201468 -0.0012471586187073897
v -0.001675050221196184 0.0030002110525918506 -0.0012625163511369448
v -0.0009921872394043076 0.003292809949230924 -0.0012694149925690519
v 0.0003908038051991803 0.0034215151498873113 -0.001282376022285759
v 0.0018615555347154535 0.002901371652602292 -0.0012969594903969879
v 0.0024154292997249365 0.0024607866452458498 -0.0013035291141972889
v 0.0031627976187438294 0.0013733319631219212 -0.0013158333007432528
v 0.0034448646729097203 -8.100953703352351e-05 -0.0013296699226721393
v 0.003362302704998044 -0.0007453984600589021 -0.0013358848988439538
v 0.0028700076892225206 -0.0018962655537665134 -0.001347549527565773
v 0.0018678772031990312 -0.00288211756463086 -0.0013606697016804732
v 0.00037838815796997777 -0.0034074794484493247 -0.0013754379441863758
v -0.00033905028539038545 -0.0034094863367940547 -0.0013820981670447103
v -0.0016170388098722956 -0.0030170153897177703 -0.0013945662663601428
v -0.002751669822223413 -0.0020336848042826765 -0.001408593027101613
v -0.003099359800680879 -0.001449569133306239 -0.001414902774656502
v -0.0034162908028895216 -0.00021991066143116358 -0.0014267390647514373
v -0.00321319334477499 0.001191951158822674 -0.0014400541460501965
v -0.0023255174832302887 0.0025252621801511448 -0.0014550357731796255
v -0.001745210846993084 0.0029598011904999337 -0.0014617663295172232
v -0.00046817063238835393 0.003409107847308191 -0.0014743941692770832
v 0.0010462820296075483 0.0032829540234143866 -0.0014885937834845384
v 0.0020919954309166493 0.002740588722960902 -0.0014995640181102452
v 0.0028928446123113187 0.0018767983791947722 -0.0015105223318072633
v -0.0033138250563928833 -2.190796143767323e-05 -0.0014919763469999356
v -0.003187158632565468 0.0009177086297189747 -0.0015010881088430858
v -0.0024125295338214285 0.0022840602185414676 -0.0015162747759459591
v -0.0018722104607773462 0.002748078940479182 -0.0015231090443631476
v -0.0006486725662200322 0.0032666622862220778 -0.0015359228506105502
v 0.0008431160261530569 0.0032270120853108435 -0.0015503382336272695
v 0.0019543408910704945 0.002705761133750651 -0.0015621614107006474
v 0.002800719675405628 0.0018168839406173534 -0.0015739845877740253
v 0.0028929006406761553 0.0018768342909924467 -0.0015104949136712795
v 0.0028929137536977127 0.001876810598146678 -0.0007104968865849773
v 0.0032660650476947777 0.0011048049977837873 -0.000718499406013651
v 0.0034317051597303476 -0.0003055662220962444 -0.0007317548826689673
v 0.0029227327647194383 -0.0018148560416358097 -0.0007466506791118381
v 0.0024771236819671754 -0.0023832007709920226 -0.0007533567975456239
v 0.0013674127749931932 -0.003147986758917865 -0.0007659274168477785
v -0.00012242912972504352 -0.0034245716760030747 -0.000780085903851258
v -0.0008020019351988595 -0.003329793140371296 -0.0007864540639567212
v -0.0019692241705382423 -0.0027991753190940165 -0.0007984065831063707
v -0.0029456358489624583 -0.0017410032062008254 -0.0008118492183420982
v -0.003417934698955683 -0.000195403336836323 -0.0008269655519657086
v -0.003382677360266207 0.0005379401027126586 -0.000833783131082733
v -0.002906907731885289 0.0018198252807596629 -0.0008465391208259958
v -0.001826592046918152 0.0029097157066378947 -0.0008608805940848456
v -0.0012068611113683627 0.0032193642135106564 -0.0008673119351123586
v 7.18879683638818e-05 0.0034420331543229547 -0.0008794134658706159
v 0.001491364207311774 0.0031071680089719282 -0.000893032530850935
v 0.0027586280682989632 0.0020688285961263935 -0.0009083622490980718
v 0.0031379889740499327 0.0014294820704426894 -0.0009152650628552199
v 0.003445353430985954 7.774467871908814e-05 -0.0009281992704823776
v 0.003123824526582109 -0.0014448789929253083 -0.0009427469758075407
v 0.002760788140577342 -0.0020506858367319585 -0.000949301698446981
v 0.0017848884660403022 -0.0029336535274910873 -0.00096157429453192
v 0.0003847920808615069 -0.0034067758156334786 -0.0009753781339069128
v -0.00028256773317081324 -0.003414819462266128 -0.0009815728444999565
v -0.0014876162673320705 -0.0030832579042779367 -0.0009932195918287427
v -0.002598827423181516 -0.0022258029380633764 -0.0010063183082718035
v -0.0033215533944617186 -0.0008249854112047235 -0.0010210549603166812
v -0.0034215640256949347 -0.00011649481691804188 -0.0010276984938748517
v -0.0032098918435746753 0.0012008093029079738 -0.001040141559240038
v -0.00239502186190288 0.0024589961217568184 -0.001054145670217
v -0.0018668758451891867 0.0028838669609159155 -0.001060437536378856
v -0.0006959771954422324 0.0033691393576009703 -0.001072251176709283
v 0.0007270169095616731 0.00336722455843036 -0.0010855334754541486
v 0.002168493222404422 0.002680474161793123 -0.0011004656307295197
v 0.0026819574233452052 0.0021674221269617493 -0.0011072039356707648
v 0.0033080171799357854 0.000971074678650319 -0.0011197983968302967
v 0.0034014987185262417 -0.0005432911468306671 -0.001133975957319678
v 0.0032243608707704934 -0.0012059436468941644 -0.0011403441174251412
v 0.0025540506268877388 -0.0023014191768746255 -0.0011523163061071269
v 0.0013813984085306876 -0.003142063845498922 -0.0011657863594788382
v -0.0002150726270286896 -0.003419716579771415 -0.0011809456084457277
v -0.000938949563973779 -0.0032934292414762982 -0.0011877673598877931
v -0.0021539586301008167 -0.0026592549087273713 -0.0012005531519527774
v -0.003100772430730481 -0.0014471140180428168 -0.0012149297919512587
v -0.0033302747458903163 -0.0007883365276082633 -0.0012214046443684852
v -0.003386852069492963 0.0005099380647404923 -0.0012335210762876032
v -0.0028710418297862588 0.0018762076971782509 -0.0012471586187073897
v -0.001675050221196184 0.0030002110525918506 -0.0012625163511369448
v -0.0009921872394043076 0.0032928087571380553 -0.0012694155886154863
v 0.0003908026131063114 0.0034215142558176597 -0.0012823766183321934
v 0.0018615543426225847 0.0029013707585326402 -0.0012969600864434223
v 0.0024154292997249365 0.0024607866452458498 -0.0013035291141972889
v 0.0031627964266509605 0.001373331665098704 -0.0013158338967896872
v 0.003444865865002589 -8.100956497320012e-05 -0.0013296699226721393
v 0.003362302704998044 -0.0007453985345647064 -0.0013358843027975193
v 0.0028700076892225206 -0.0018962654047549048 -0.001347549527565773
v 0.0018678783952919 -0.00288211756463086 -0.0013606691056340387
v 0.00037838815796997777 -0.003407480044495759 -0.0013754379441863758
v -0.00033905028539038545 -0.003409486932840489 -0.0013820981670447103
v -0.00161703940591873 -0.003017016581810639 -0.0013945656703137084
v -0.0027516692261769786 -0.0020336840592246335 -0.0014085936231480474
v -0.0030993592046344447 -0.0014495688352830218 -0.0014149033707029364
v -0.0034162896107966527 -0.00021991058692535928 -0.0014267396607978717
v -0.003213192152682121 0.0011919507862936526 -0.001440054742096631
v -0.0023255168871838543 0.002525260988058276 -0.00145503636922606
v -0.001745210846993084 0.002959800296430282 -0.0014617669255636576
v -0.00046817063238835393 0.0034091072512617564 -0.0014743941692770832
v 0.0010462820296075483 0.0032829540234143866 -0.0014885937834845384
v 0.0020919954309166493 0.002740588722960902 -0.0014995640181102452
v 0.0028007649749346446 0.0018168086897550064 -0.000773987752780592
v 0.0031953417540637745 0.0009651682310141271 -0.0007829785171975527
v 0.0033358990400456094 3.719326956883214e-05 -0.0007919698776609478
v 0.0030756735114230165 -0.0012821434151647217 -0.0008049350797026959
v 0.0022434639429271823 -0.002456515227485107 -0.0008188259418571158
v 0.0008182966526233405 -0.0032180567856567315 -0.0008344536833214682
v 9.195327553257472e-05 -0.0033163531873445233 -0.0008414858391548878
v -0.00125258621753932 -0.003067866197201619 -0.0008546715783773755
v -0.0024996345676563396 -0.0021722849717970565 -0.0008695053859910655
v -0.0030985187791618967 -0.0011697163171384558 -0.0008807456296515697
v -0.0033138739322005066 -2.190866458620135e-05 -0.0008919858733120738
v -0.0030536466154386104 0.0012974224694649319 -0.0009049570358181662
v -0.0022213875750887184 0.002471725587433749 -0.0009188544544833648
v -0.0007961892903702862 0.0032330920569652592 -0.0009344893485049304
v -6.991863094452101e-05 0.0033317675441853494 -0.0009415244845705223
v 0.0012746536446812675 0.0030832605864868916 -0.0009547167803037887
v 0.0025216268929475487 0.002187606047370894 -0.0009695571444282575
v 0.003120626141414951 0.0011850655559063202 -0.0009808027525066714
v 0.0033359860628250364 3.719495526265452e-05 -0.000992047764538651
v 0.0030757748393168698 -0.0012821760487070068 -0.0010050040258838826
v 0.0022435402368707895 -0.002456537281203181 -0.001018885947341786
v 0.0008183109577377669 -0.0032178469773118117 -0.0010345023639238842
v 9.193062576806633e-05 -0.0033164226267541346 -0.0010415303474322628
v -0.001252634497300509 -0.0030679529219578287 -0.0010547071459582342
v -0.0024997466243860127 -0.0021724448612530927 -0.001069530820782539
v -0.003098640968680955 -0.0011697736121019655 -0.0010807633158393954
v -0.0033138596270860803 -2.1908529544431048e-05 -0.001091995810896252
v -0.0030536412510207005 0.0012974311121382311 -0.001104956840612959
v -0.002221446583685727 0.0024718142493408706 -0.0011188441264887723
v -0.0007962846577997952 0.0032333480589088475 -0.0011344670995816492
v -6.991028629443897e-05 0.00333160690967127 -0.0011414974672757656
v 0.0012746202660809394 0.003083130052317751 -0.0011546796302196467
v 0.002521693650148205 0.0021875868248733836 -0.0011695092655082957
v 0.0031205522316570815 0.0011849938813225799 -0.0011807459328901932
v 0.0033358728140024945 3.7193073991095844e-05 -0.0011919831963185252
v 0.0030756472853799015 -0.001282125831794906 -0.0012049537627781832
v 0.0022434031461908703 -0.002456433122088764 -0.0012188505853969473
v 0.000818222742865471 -0.003217850255567201 -0.0012344848833720785
v 9.195804390405017e-05 -0.0033164348457060404 -0.0012415200194376703
v -0.0012525987345144431 -0.003067930868239755 -0.0012547117191245023
v -0.002499570194641421 -0.002172282140576493 -0.001269552083248971
v -0.003098547985437184 -0.0011697574443424316 -0.0012807970952809506
v -0.0033139389012618596 -2.190982408278083e-05 -0.0012920421073129302
v -0.0030537252935679553 0.0012974533148679137 -0.001305001348890334
v -0.0022214745978681454 0.002471788172309364 -0.001318885654533975
v -0.0007962477029208604 0.003233080732083005 -0.0013345062434411143
v -6.989598118001263e-05 0.0033317535370941402 -0.0013415354190423618
v 0.0012746810628172513 0.0030832757856709696 -0.0013547146017540708
v 0.0025217568310702547 0.0021877267467738663 -0.001369541852856982
v 0.0031206988590799516 0.0011850780728814433 -0.0013807767320995763
v 0.0033359240739958555 3.71939214946198e-05 -0.0013920116113421705
v 0.0030757080821162135 -0.0012821575712675395 -0.00140497025687314
v 0.002243517587106281 -0.0024565536724801278 -0.0014188539664703465
v 0.0008183407600594884 -0.0032180460568209117 -0.001434473363284617
v 9.19413546038861e-05 -0.003316326365254974 -0.0014415025388858644
v -0.0012525927740500988 -0.0030678557663890165 -0.001454681125551139
v -0.002499694768346217 -0.002172340702138676 -0.001469507780607616
v -0.0030985396407871017 -0.00116971639164426 -0.0014807420638037758
v 0.0032128571745859706 0.0009042874521548867 -0.0015201651710234918
v 0.0028929316350907457 0.001876852768431914 -0.0015105580945933292
v 0.0028007470935416117 0.001816900033871083 -0.001574039424045993
v 0.0028929852792698445 0.0018768469569791783 -0.001462569204064402
v 0.0032128690955146593 0.0009042896873290158 -0.0014721828370053433
v 0.0032128690955146593 0.0009042893147999943 -0.0015201741117200082
v 0.002892972166248287 0.001876872884999076 -0.0015105223318072633
v 0.0028928982564904175 0.0018767936108232968 -0.001462490525935057
v 0.0032128822085362167 0.0009042919225031449 -0.0014721846251446466
v 0.0028007494777273494 0.001816909123579208 -0.0013990479395006312
v 0.002135403108550538 0.002565546574468614 -0.0007009029231763723
v 0.0028007983535349727 0.0018168332766704267 -0.0007740586823062894
v 0.0028929423639265654 0.0018768332479111864 -0.0007105606635534615
v 0.0033359407632960196 3.719421486122425e-05 -0.0008170991953365685
v 0.00305231087537905 0.0013517117198174058 -0.0008041393577127303
v 0.0021993362412005006 0.0025110884939635873 -0.0007902544560226548
v 0.0007608270475083502 0.0032470508684132042 -0.0007746332710690811
v 3.284931109437395e-05 0.003332624062911627 -0.0007676040954678336
v -0.0013070845311786707 0.0030602782280680922 -0.0007544237206632558
v -0.002538024130358752 0.0021426747260389904 -0.0007395964695603445
v -0.0031190329092957163 0.001129586671376526 -0.0007283609942713157
v -0.003313903734522228 -2.190958193891684e-05 -0.000717125518982287
v -0.003313903734522228 -2.190940033101885e-05 -0.0004920744785947841
v 0.0033359407632960196 3.7194326619930704e-05 -0.0004920744785947841
v 0.0031929313422829346 0.0009727360090746875 -0.0004920744785947841
v 0.0027921437593070313 0.0018300915845463064 -0.0004920744785947841
v 0.0021660458557446476 0.002539803328965529 -0.0004920744785947841
v 0.001365359991073012 0.003044374219081381 -0.0004920744785947841
v 0.000454952706658407 0.00330292724140896 -0.0004920744785947841
v -0.0004914188275169097 0.0032945158341262664 -0.0004920744785947841
v -0.0013970857546384832 0.0030198215763310725 -0.0004920744785947841
v -0.0021886765467671325 0.0025010984576993027 -0.0004920744785947841
v -0.002802060779883098 0.0017803704340673134 -0.0004920744785947841
v -0.003187546658794283 0.0009160263631635969 -0.0004920744785947841
v 0.0033359407632960196 3.7194582733633e-05 -0.0006171208482134153
v 0.0031952022791981176 0.0009652191929842709 -0.0006080943210103887
v 0.002800719675405628 0.0018169359456687575 -0.0005990677938073622
v 0.002135412645293489 0.0025655573033044336 -0.0006529122445081418
v 0.00213541145320062 0.002565557899350868 -0.000700909479687151
v 0.0028007912009777596 0.0018168261241132135 -0.0007740288799845678
v 0.0031952213526840194 0.0009651563845912428 -0.0007830232206801351
v 0.0033359407632960196 3.7194093789292254e-05 -0.0007920169653292679
v -0.003313903734522228 -2.1909614535206224e-05 -0.0009171205554056043
v -0.0030302738466052585 -0.0013364270030760685 -0.0009041547573174218
v -0.0021772998084731436 -0.002495803479199033 -0.0008902627030701331
v -0.0007387900187345587 -0.0032317658536486498 -0.0008746343655593463
v -1.0812282320582513e-05 -0.0033173390481470726 -0.0008676016136794922
v 0.0013291203678595933 -0.0030449932133035378 -0.0008544152784105701
v 0.0025600599670396744 -0.0021273898602860446 -0.0008395802787040112
v 0.0031410693420230733 -0.001114302029140993 -0.000828340035043507
v 0.0033359407632960196 3.719421486122425e-05 -0.0008170991953365685
v 0.0033359407632960196 3.7194093789292254e-05 -0.0007920169653292679
v 0.003075720003044902 -0.001282156975221105 -0.0008049803792317127
v 0.0022434889768774284 -0.002456511800218109 -0.0008188694532468292
v 0.0008182871158803896 -0.0032179265495108082 -0.0008344942144790095
v 9.194612297536155e-05 -0.003316425905009524 -0.0008415257742659947
v -0.0012526172119539105 -0.003067939510913054 -0.0008547091293027447
v -0.0024996721185817088 -0.0021723605206826206 -0.0008695411487771314
v -0.0030985962651983727 -0.0011697599030339736 -0.0008807796042983322
v -0.003313903734522228 -2.1909228036346397e-05 -0.0008920180598195331
v 0.0033359407632960196 3.7194647926211764e-05 -0.0010171288024530827
v 0.003052309683286181 0.0013517121668522316 -0.0010041647925042034
v 0.0021993362412005006 0.0025110887919868046 -0.000990274526396218
v 0.0007608258554154813 0.0032470508684132042 -0.000974648573071169
v 3.284931109437395e-05 0.003332624062911627 -0.0009676164172377494
v -0.0013070845311786707 0.0030602782280680922 -0.0009544318701081306
v -0.002538024130358752 0.002142674577027382 -0.0009395992545873094
v -0.0031190329092957163 0.0011295865968707216 -0.0009283596069732396
v -0.003313903734522228 -2.1909614535206224e-05 -0.0009171205554056043
v -0.003313903734522228 -2.1909228036346397e-05 -0.0008920180598195331
v -0.003053683570317545 0.0012974419899856595 -0.0009049814737219779
v -0.002221451948103637 0.002471796665971055 -0.0009188705477370944
v -0.0007962500871065982 0.0032332115642753627 -0.0009344965010621435
v -6.990909420157011e-05 0.0033317109197740784 -0.0009415280608491289
v 0.0012746536446812675 0.0030832245256776085 -0.0009547120119323132
v 0.0025217091473555 0.002187645535447175 -0.0009695440314067
v 0.003120633293972164 0.0011850448432927237 -0.0009807824869279007
v 0.0033359407632960196 3.719429868025409e-05 -0.000992021538495536
v -0.003313903734522228 -2.1909474836823154e-05 -0.0011171287048504792
v -0.0030302738466052585 -0.00133642685406446 -0.0011041658869944688
v -0.0021772998084731436 -0.002495803479199033 -0.0010902768129793523
v -0.0007387900187345587 -0.0032317658536486498 -0.001074652051747172
v -1.0812282320582513e-05 -0.0033173390481470726 -0.0010676204919601868
v 0.0013291215599524622 -0.0030449932133035378 -0.0010544371369234369
v 0.0025600611591325433 -0.0021273895622628274 -0.0010396057134954844
v 0.0031410693420230733 -0.0011143017311177757 -0.0010283672579742835
v 0.0033359407632960196 3.7194647926211764e-05 -0.0010171288024530827
v 0.0033359407632960196 3.719429868025409e-05 -0.000992021538495536
v 0.003075720003044902 -0.0012821568262094964 -0.0010049843563515464
v 0.0022434889768774284 -0.0024565116512065004 -0.0010188734303666629
v 0.0008182871158803896 -0.0032179265495108082 -0.0010344981915988431
v 9.194612297536155e-05 -0.003316425905009524 -0.0010415297513858284
v -0.001252616615907476 -0.003067939510913054 -0.0010547131064225785
v -0.0024996721185817088 -0.0021723605206826206 -0.0010695445298505308
v -0.0030985962651983727 -0.0011697598285281693 -0.0010807829853717317
v -0.003313903734522228 -2.190917681360594e-05 -0.0010920214408929325
v 0.0033359407632960196 3.71944476918627e-05 -0.001217128011201441
v 0.003052309683286181 0.0013517118688290144 -0.0012041651933454307
v 0.0021993362412005006 0.0025110884939635873 -0.0011902767153767486
v 0.0007608258554154813 0.0032470508684132042 -0.001174651358098134
v 3.284931109437395e-05 0.003332624062911627 -0.0011676203943575831
v -0.0013070845311786707 0.0030602782280680922 -0.0011544370393208332
v -0.002538024130358752 0.0021426747260389904 -0.0011396050198464464
v -0.0031190329092957163 0.0011295867458823302 -0.00112836716037168
v -0.003313903734522228 -2.1909474836823154e-05 -0.0011171287048504792
v -0.003313903734522228 -2.190917681360594e-05 -0.0010920214408929325
v -0.003053683570317545 0.0012974419899856595 -0.0011049842587489429
v -0.002221451948103637 0.0024717968149826634 -0.0011188733327640594
v -0.0007962500871065982 0.0032332115642753627 -0.0011344980939962397
v -6.990909420157011e-05 0.0033317109197740784 -0.0011415296537832249
v 0.0012746536446812675 0.0030832245256776085 -0.0011547130088199748
v 0.0025217091473555 0.0021876453864355665 -0.0011695450282943616
v 0.003120633293972164 0.0011850446197753108 -0.0011807834838155624
v 0.0033359407632960196 3.719403325332626e-05 -0.0011920219393367632
v 0.0028929769346197625 0.0018768606660471703 -0.0007105201323959201
v 0.0028929960081056643 0.0018768369732014016 -0.0006625717730245343
v 0.0021353971480861937 0.0025655388258649663 -0.000700909479687151
v 0.0021353971480861937 0.0025655394219114007 -0.0006529122445081418
v 0.0028929685899696804 0.0018768143234368932 -0.0006625324339598618
v 0.0028007244437771033 0.0018169408630518415 -0.0005990379914856406
v 0.0021353923797147183 0.002565531673307753 -0.0006529205891582238
v -0.003313903734522228 -2.190940033101885e-05 -0.0004920744785947841
v -0.003170895505602012 -0.0009574511433217416 -0.0004920744785947841
v -0.0027701073265796743 -0.001814806569781752 -0.0004920744785947841
v -0.002144008826970856 -0.0025245183142009746 -0.0004920744785947841
v -0.0013433229622992207 -0.0030290892043168265 -0.0004920744785947841
v -0.0004329168699774844 -0.0032876422266444054 -0.0004920744785947841
v 0.0005134546641978323 -0.003279230819361712 -0.0004920744785947841
v 0.0014191221873658402 -0.003004536561566518 -0.0004920744785947841
v 0.002210712383448055 -0.0024858134429347483 -0.0004920744785947841
v 0.0028240978086568895 -0.001765085419302759 -0.0004920744785947841
v 0.0032095836875680743 -0.000900741497410651 -0.0004920744785947841
v 0.0033359407632960196 3.7194326619930704e-05 -0.0004920744785947841
v -0.003313903734522228 -2.190958193891684e-05 -0.000717125518982287
v -0.0030302738466052585 -0.0013364270030760685 -0.0007041621050798422
v -0.0021772998084731436 -0.00249580377722225 -0.0006902724350182913
v -0.0007387900187345587 -0.0032317658536486498 -0.0006746464816932421
v -1.0812282320582513e-05 -0.0033173390481470726 -0.0006676149219062569
v 0.0013291215599524622 -0.0030449932133035378 -0.0006544309708230725
v 0.0025600611591325433 -0.0021273895622628274 -0.0006395983553022514
v 0.0031410693420230733 -0.0011143017311177757 -0.0006283593037346161
v 0.0033359407632960196 3.7194582733633e-05 -0.0006171208482134153
v -0.003313903734522228 -2.190940033101885e-05 -0.0004920744785947841
v -0.003170895505602012 -0.0009574511433217416 -0.0004920744785947841
v -0.0027701073265796743 -0.001814806569781752 -0.0004920744785947841
v -0.002144008826970856 -0.0025245183142009746 -0.0004920744785947841
v -0.0013433229622992207 -0.0030290892043168265 -0.0004920744785947841
v -0.0004329168699774844 -0.0032876422266444054 -0.0004920744785947841
v 0.0005134546641978323 -0.003279230819361712 -0.0004920744785947841
v 0.0014191221873658402 -0.003004536561566518 -0.0004920744785947841
v 0.002210712383448055 -0.0024858134429347483 -0.0004920744785947841
v 0.0028240978086568895 -0.001765085419302759 -0.0004920744785947841
v 0.0032095836875680743 -0.000900741497410651 -0.0004920744785947841
v 0.0033359407632960196 3.7194326619930704e-05 -0.0004920744785947841
v 0.0031929313422829346 0.0009727360090746875 -0.0004920744785947841
v 0.0027921437593070313 0.0018300915845463064 -0.0004920744785947841
v 0.0021660458557446476 0.002539803328965529 -0.0004920744785947841
v 0.001365359991073012 0.003044374219081381 -0.0004920744785947841
v 0.000454952706658407 0.00330292724140896 -0.0004920744785947841
v -0.0004914188275169097 0.0032945158341262664 -0.0004920744785947841
v -0.0013970857546384832 0.0030198215763310725 -0.0004920744785947841
v -0.0021886765467671325 0.0025010984576993027 -0.0004920744785947841
v -0.002802060779883098 0.0017803704340673134 -0.0004920744785947841
v -0.003187546658794283 0.0009160263631635969 -0.0004920744785947841
v 0.0030662941247308066 3.479772169595088e-05 -0.0004920744785947841
v 0.0029251503290574914 -0.0009106637333930191 -0.0004920744785947841
v 0.002498750630794078 -0.001766234745839951 -0.0004920744785947841
v 0.0018288337775580479 -0.0024481665540896373 -0.0004920744785947841
v 0.000980976798065525 -0.0028897064278340383 -0.0004920744785947841
v 3.81731978467137e-05 -0.0030476339970312853 -0.0004920744785947841
v -0.000907287577376792 -0.0029064893072883184 -0.0004920744785947841
v -0.0017628591858701583 -0.0024800894600132965 -0.0004920744785947841
v -0.002444790547085019 -0.0018101729048004835 -0.0004920744785947841
v -0.0028863310168758542 -0.0009623160743195693 -0.0004920744785947841
v -0.003044258288049884 -1.9512796571192216e-05 -0.0004920744785947841
v -0.0029031138963301344 0.0009259485991459649 -0.0004920744785947841
v -0.0024767136020202867 0.0017815197606045054 -0.0004920744785947841
v -0.0018067973448306909 0.002463451568854192 -0.0004920744785947841
v -0.0009589397692917336 0.0029049914425985928 -0.0004920744785947841
v -1.6137361165791123e-05 0.00306291901179584 -0.0004920744785947841
v 0.0009293246061505834 0.002921774322052873 -0.0004920744785947841
v 0.0017848956185975153 0.002495374474777851 -0.0004920744785947841
v 0.0024668275758588103 0.001825457919565038 -0.0004920744785947841
v 0.002908366853556777 0.0009776009400725152 -0.0004920744785947841
v -0.003044258288049884 -1.9512796571192216e-05 -0.0004920744785947841
v -0.0029031138963301344 0.0009259485991459649 -0.0004920744785947841
v -0.0024767136020202867 0.0017815197606045054 -0.0004920744785947841
v -0.0018067973448306909 0.002463451568854192 -0.0004920744785947841
v -0.0009589397692917336 0.0029049914425985928 -0.0004920744785947841
v -1.6137361165791123e-05 0.00306291901179584 -0.0004920744785947841
v 0.0009293246061505834 0.002921774322052873 -0.0004920744785947841
v 0.0017848956185975153 0.002495374474777851 -0.0004920744785947841
v 0.0024668275758588103 0.001825457919565038 -0.0004920744785947841
v 0.002908366853556777 0.0009776009400725152 -0.0004920744785947841
v 0.0030662941247308066 3.479772169595088e-05 -0.0004920744785947841
v -0.002988442115744006 -1.9016706658153826e-05 -0.0004424142738637118
v 0.0030104791445177974 3.43016294546061e-05 -0.0004424142738637118
v 0.0028554367380864147 0.0009598810756233091 -0.0004424142738637118
v 0.0024219631607391716 0.0017922488944474848 -0.0004424142738637118
v 0.0017524897660503582 0.00244992697723373 -0.0004424142738637118
v 0.000912548283207082 0.0028685372426687787 -0.0004424142738637118
v -1.564145053234434e-05 0.003007103137513179 -0.0004424142738637118
v -0.000941220500888962 0.0028520610291050135 -0.0004424142738637118
v -0.0017735880216899205 0.0024185873027461617 -0.0004424142738637118
v -0.0024312662534877742 0.0017491134610225225 -0.0004424142738637118
v -0.002849876220899606 0.0009091723507082678 -0.0004424142738637118
v 0.0030662941247308066 3.479772169595088e-05 -0.0004920744785947841
v 0.0029251503290574914 -0.0009106637333930191 -0.0004920744785947841
v 0.002498750630794078 -0.001766234745839951 -0.0004920744785947841
v 0.0018288337775580479 -0.0024481665540896373 -0.0004920744785947841
v 0.000980976798065525 -0.0028897064278340383 -0.0004920744785947841
v 3.81731978467137e-05 -0.0030476339970312853 -0.0004920744785947841
v -0.000907287577376792 -0.0029064893072883184 -0.0004920744785947841
v -0.0017628591858701583 -0.0024800894600132965 -0.0004920744785947841
v -0.002444790547085019 -0.0018101729048004835 -0.0004920744785947841
v -0.0028863310168758542 -0.0009623160743195693 -0.0004920744785947841
v -0.003044258288049884 -1.9512796571192216e-05 -0.0004920744785947841
v 0.0030104791445177974 3.43016294546061e-05 -0.0004424142738637118
v -0.002988442115744006 -1.9016706658153826e-05 -0.0004424142738637118
v -0.0028334003053590577 -0.0009445962098703633 -0.0004424142738637118
v -0.0023999267280118146 -0.0017769638796829303 -0.0004424142738637118
v -0.0017304527372765668 -0.0024346419624691755 -0.0004424142738637118
v -0.0008905112544332906 -0.0028532522279042243 -0.0004424142738637118
v 3.7677287213266915e-05 -0.0029918181227486245 -0.0004424142738637118
v 0.0009632575296627535 -0.002836776014340459 -0.0004424142738637118
v 0.0017956244544172775 -0.0024033022879816073 -0.0004424142738637118
v 0.0024533032822615657 -0.001733828446257968 -0.0004424142738637118
v 0.002871912653626963 -0.000893887484955322 -0.0004424142738637118
v 0.002760909734049966 3.2083461275321356e-05 0.0016879206518548582
v 0.0026034306897946284 -0.0009099087660780076 0.0016879206518548582
v 0.0021332680702224054 -0.0017412307469271695 0.0016879206518548582
v 0.0014071309251979527 -0.0023616127141949665 0.0016879206518548582
v 0.0005126011257037267 -0.0026962276690551405 0.0016879206518548582
v -0.00044242619479240025 -0.0027047159663278757 0.0016879206518548582
v -0.001342760890511552 -0.0023860537472504277 0.0016879206518548582
v -0.0020798104536575717 -0.0017786764701006599 0.0016879206518548582
v -0.0025646751545814754 -0.0009558427865242333 0.0016879206518548582
v -0.002738873301322609 -1.679853847886908e-05 0.0016879206518548582
v -0.002988442115744006 -1.9016706658153826e-05 -0.0004424142738637118
v -0.0028334003053590577 -0.0009445962098703633 -0.0004424142738637118
v -0.0023999267280118146 -0.0017769638796829303 -0.0004424142738637118
v -0.0017304527372765668 -0.0024346419624691755 -0.0004424142738637118
v -0.0008905112544332906 -0.0028532522279042243 -0.0004424142738637118
v 3.7677287213266915e-05 -0.0029918181227486245 -0.0004424142738637118
v 0.0009632575296627535 -0.002836776014340459 -0.0004424142738637118
v 0.0017956244544172775 -0.0024033022879816073 -0.0004424142738637118
v 0.0024533032822615657 -0.001733828446257968 -0.0004424142738637118
v 0.002871912653626963 -0.000893887484955322 -0.0004424142738637118
v 0.0030104791445177974 3.43016294546061e-05 -0.0004424142738637118
v 0.0027132200588311233 -0.0008438797851529762 0.0009778088112665233
v 0.0027925657601826086 -0.0008688836350541491 0.000267697566724623
v 0.002317830272365429 -0.0016372294358038277 0.0009778088112665233
v 0.002385566181267063 -0.0016855290155367022 0.000267697566724623
v 0.0016966330625869388 -0.0022695676475114894 0.0009778088112665233
v 0.0017461287585021081 -0.0023364349677465483 0.000267697566724623
v 0.0009104358946434578 -0.002678996562682168 0.0009778088112665233
v 0.0009368467121531056 -0.0027578862885113136 0.000267697566724623
v 3.6199092055877464e-05 -0.0028254386151111426 0.0009778088112665233
v 3.693818963457219e-05 -0.002908628219918275 0.000267697566724623
v -0.0008405041506773793 -0.0026945590370619503 0.0009778088112665233
v -0.0008655082986017694 -0.0027739056324830873 0.000267697566724623
v -0.001633853875834035 -0.002299168952573039 0.0009778088112665233
v -0.001682153306555301 -0.0023669054575211072 0.000267697566724623
v -0.0022661917895184795 -0.0016779721898293745 0.0009778088112665233
v -0.002333059258765147 -0.0017274680347561524 0.000267697566724623
v -0.002675620853700767 -0.0008917757669439365 0.0009778088112665233
v -0.0027545105795299123 -0.0009181859884071498 0.000267697566724623
v -0.002738873301322609 -1.679853847886908e-05 0.0016879206518548582
v -0.002581393661020837 0.0009251936318309535 0.0016879206518548582
v -0.002111231041448614 0.001756515761691724 0.0016879206518548582
v -0.0013850938964241612 0.002376897728959521 0.0016879206518548582
v -0.0004905652890228042 0.002711512683819695 0.0016879206518548582
v 0.0004644620314733228 0.00272000098109243 0.0016879206518548582
v 0.001364797323238909 0.002401338762014982 0.0016879206518548582
v 0.0021018468863849287 0.0017939614848652143 0.0016879206518548582
v 0.0025867115873088324 0.0009711276522771791 0.0016879206518548582
v 0.002760909734049966 3.2083461275321356e-05 0.0016879206518548582
v 0.0030104791445177974 3.43016294546061e-05 -0.0004424142738637118
v 0.0028554367380864147 0.0009598810756233091 -0.0004424142738637118
v 0.0024219631607391716 0.0017922488944474848 -0.0004424142738637118
v 0.0017524897660503582 0.00244992697723373 -0.0004424142738637118
v 0.000912548283207082 0.0028685372426687787 -0.0004424142738637118
v -1.564145053234434e-05 0.003007103137513179 -0.0004424142738637118
v -0.000941220500888962 0.0028520610291050135 -0.0004424142738637118
v -0.0017735880216899205 0.0024185873027461617 -0.0004424142738637118
v -0.0024312662534877742 0.0017491134610225225 -0.0004424142738637118
v -0.002849876220899606 0.0009091723507082678 -0.0004424142738637118
v -0.002988442115744006 -1.9016706658153826e-05 -0.0004424142738637118
v -0.002691183030057332 0.0008591646509059221 0.0009778088112665233
v -0.002770529923501686 0.000884168500807095 0.000267697566724623
v -0.0022957932435916377 0.0016525144505683822 0.0009778088112665233
v -0.002363529748539706 0.0017008140303012567 0.000267697566724623
v -0.0016745966298595818 0.002284852662276044 0.0009778088112665233
v -0.0017240923257747511 0.002351719982511103 0.000267697566724623
v -0.0008884000579625352 0.0026942815774467226 0.0009778088112665233
v -0.0009148096833793141 0.002773171303275868 0.000267697566724623
v -1.4162063282086025e-05 0.002840723629875697 0.0009778088112665233
v -1.4901160860780752e-05 0.0029239132346828294 0.000267697566724623
v 0.0008625399873583018 0.0027098440518265048 0.0009778088112665233
v 0.0008875441352826919 0.0027891906472476418 0.000267697566724623
v 0.0016558897125149576 0.0023144539673375934 0.0009778088112665233
v 0.001704189739282658 0.0023821904722856617 0.000267697566724623
v 0.0022882282222458365 0.001693257204593929 0.0009778088112665233
v 0.0023550950954460696 0.0017427530495207069 0.000267697566724623
v 0.002697657286428124 0.0009070606326968823 0.0009778088112665233
v 0.0027765476083037037 0.0009334708541600957 0.000267697566724623
v 0.002760909734049966 3.2083461275321356e-05 0.0021879207598882746
v 0.00272424810996097 0.000455840443316688 0.0021879207598882746
v 0.0026226806054410194 0.0008688753649098714 0.0021879207598882746
v 0.0024586343215711186 0.0012613075689679178 0.0021879207598882746
v 0.002760909734049966 3.2083461275321356e-05 0.0016879206518548582
v -0.002738873301322609 -1.679853847886908e-05 0.0016879206518548582
v -0.002581393661020837 0.0009251936318309535 0.0016879206518548582
v -0.002111231041448614 0.001756515761691724 0.0016879206518548582
v -0.0013850938964241612 0.002376897728959521 0.0016879206518548582
v -0.0004905652890228042 0.002711512683819695 0.0016879206518548582
v 0.0004644620314733228 0.00272000098109243 0.0016879206518548582
v 0.001364797323238909 0.002401338762014982 0.0016879206518548582
v 0.0021018468863849287 0.0017939614848652143 0.0016879206518548582
v 0.0025867115873088324 0.0009711276522771791 0.0016879206518548582
v -0.002738873301322609 -1.679853847886908e-05 0.0021879207598882746
v -0.002487515751551484 0.0011564794669342157 0.0021879207598882746
v -0.002628548682587995 0.000779124704469933 0.0021879207598882746
v -0.0027129381288676373 0.0003852143425073993 0.0021879207598882746
v -0.002487515751551484 0.0011564794669342157 0.002687920271875256
v -0.001242646547198745 0.0024552584635781087 0.002687920271875256
v -0.0017511230315762074 0.002118888002956926 0.002687920271875256
v -0.0021729909887986403 0.0016787509244959589 0.002687920271875256
v -0.001242646547198745 0.0024552584635781087 0.0021879207598882746
v 0.0011598551014098126 0.002506176773320657 0.0021879207598882746
v 0.00036623596326479385 0.0027346041187359953 0.0021879207598882746
v -0.00045941828654516575 0.0027171053875139632 0.0021879207598882746
v 0.0011598551014098126 0.002506176773320657 0.002687920271875256
v 0.0024586343215711186 0.0012613075689679178 0.002687920271875256
v 0.002122263860949936 0.0017697839043337717 0.002687920271875256
v 0.0016821264844657515 0.002191651712544596 0.002687920271875256
v 0.0025867258924232588 0.0012148511138219133 0.002687920271875256
v 0.0025867258924232588 0.0012148511138219133 0.0021879207598882746
v 0.0025378453164284225 0.0012073759464761027 0.002687920271875256
v 0.002491358462914262 0.0012242355669088158 0.002687920271875256
v 0.0024586343215711186 0.0012613075689679178 0.002687920271875256
v 0.0024586343215711186 0.0012613075689679178 0.0021879207598882746
v 0.002491358462914262 0.0012242355669088158 0.0021879207598882746
v 0.0025378453164284225 0.0012073759464761027 0.0021879207598882746
v 0.0025867258924232588 0.0012148511138219133 0.0021879207598882746
v 0.0028696095302043205 0.0013349817394841814 0.0021879207598882746
v 0.0028696095302043205 0.0013349817394841814 0.002687920271875256
v 0.0025867258924232588 0.0012148511138219133 0.002687920271875256
v 0.002918332749940467 -0.0012035140871216184 0.0021879207598882746
v 0.002637853563475901 -0.0010902461165879786 0.0021879207598882746
v 0.0030492626939133687 -0.0011462954175555237 0.0021879207598882746
v 0.0030184447090675364 -0.001188717904939102 0.0021879207598882746
v 0.0029703985980809038 -0.0012097150562022237 0.0021879207598882746
v 0.003239515947412342 -0.00036558765100864343 0.0021879207598882746
v 0.0031976973295726467 -0.0006307729937708452 0.0021879207598882746
v 0.0031341349378049004 -0.0008916021684199084 0.0021879207598882746
v 0.003232371734849249 0.00043819880996200106 0.0021879207598882746
v 0.003000687293692961 0.0012821532499308899 0.0021879207598882746
v 0.0031031739018148046 0.0010081786436994674 0.0021879207598882746
v 0.003180611062483241 0.0007260987745352361 0.0021879207598882746
v 0.0028696095302043205 0.0013349817394841814 0.0021879207598882746
v 0.0029208230319435207 0.0013421998618051436 0.0021879207598882746
v 0.002968792848986546 0.0013228664996579322 0.0021879207598882746
v 0.0025867258924232588 0.0012148511138219133 0.0021879207598882746
v 0.0024586343215711186 0.0012613075689679178 0.0021879207598882746
v 0.002491358462914262 0.0012242355669088158 0.0021879207598882746
v 0.0025378453164284225 0.0012073759464761027 0.0021879207598882746
v 0.002760909734049966 3.2083461275321356e-05 0.0021879207598882746
v 0.00272424810996097 0.000455840443316688 0.0021879207598882746
v 0.0026226806054410194 0.0008688753649098714 0.0021879207598882746
v 0.002509552184278841 -0.0011411946011812698 0.0021879207598882746
v 0.002650585115315352 -0.0007638398387169871 0.0021879207598882746
v 0.0027349745615949943 -0.0003699294022486491 0.0021879207598882746
v 0.002588033618300401 -0.0010837391521690972 0.0021879207598882746
v 0.0025413369564413206 -0.0011022823057558614 0.0021879207598882746
v 0.002637853563475901 -0.0010902461165879786 0.002687920271875256
v 0.002918332749940467 -0.0012035140871216184 0.002687920271875256
v 0.002918332749940467 -0.0012035140871216184 0.0021879207598882746
v 0.002637853563475901 -0.0010902461165879786 0.0021879207598882746
v 0.0012182271208265318 -0.0025680654667005203 0.002687920271875256
v 0.0012107515064458953 -0.0025191845926824667 0.002687920271875256
v 0.0012276112758902171 -0.002472698186203132 0.002687920271875256
v 0.001264682979926102 -0.0024399734488135543 0.002687920271875256
v 0.0017731594643035644 -0.0021036029881923717 0.002687920271875256
v 0.0021950280175724317 -0.0016634659097314044 0.002687920271875256
v 0.002509552184278841 -0.0011411946011812698 0.002687920271875256
v 0.0025413369564413206 -0.0011022823057558614 0.002687920271875256
v 0.002588033618300401 -0.0010837391521690972 0.002687920271875256
v 0.002637853563475901 -0.0010902461165879786 0.002687920271875256
v 0.002918332749940467 -0.0012035140871216184 0.002687920271875256
v 0.0029703985980809038 -0.0012097150562022237 0.002687920271875256
v 0.0030184447090675364 -0.001188717904939102 0.002687920271875256
v 0.0030492626939133687 -0.0011462954175555237 0.002687920271875256
v 0.0031341349378049004 -0.0008916021684199084 0.002687920271875256
v 0.0031976973295726467 -0.0006307729937708452 0.002687920271875256
v 0.003239515947412342 -0.00036558765100864343 0.002687920271875256
v 0.0032386099568320064 -0.00026368257931584307 0.002687920271875256
v 0.002938622170568506 -0.00026634886265511365 0.002687920271875256
v 0.0028885053942686594 -0.0002533963079736461 0.002687920271875256
v 0.002851579125562776 -0.00021712053081868884 0.002687920271875256
v 0.002837737735262414 -0.00016724157704618023 0.002687920271875256
v 0.002834182914327466 0.00023274260984191417 0.002687920271875256
v 0.0028471350033476566 0.00028285970279142916 0.002687920271875256
v 0.002883410389347141 0.00031978610188247025 0.002687920271875256
v 0.0029332899391660843 0.00033362741767702797 0.002687920271875256
v 0.0032332777254295846 0.0003362937196427496 0.002687920271875256
v 0.003232371734849249 0.00043819880996200106 0.002687920271875256
v 0.003180611062483241 0.0007260987745352361 0.002687920271875256
v 0.0031031739018148046 0.0010081786436994674 0.002687920271875256
v 0.003000687293692961 0.0012821532499308899 0.002687920271875256
v 0.002968792848986546 0.0013228664996579322 0.002687920271875256
v 0.0029208230319435207 0.0013421998618051436 0.002687920271875256
v 0.0028696095302043205 0.0013349817394841814 0.002687920271875256
v 0.0025867258924232588 0.0012148511138219133 0.002687920271875256
v 0.0025378453164284225 0.0012073759464761027 0.002687920271875256
v 0.002491358462914262 0.0012242355669088158 0.002687920271875256
v 0.0024586343215711186 0.0012613075689679178 0.002687920271875256
v 0.002122263860949936 0.0017697839043337717 0.002687920271875256
v 0.0016821264844657515 0.002191651712544596 0.002687920271875256
v 0.0011598551014098126 0.002506176773320657 0.002687920271875256
v 0.0011209428059844042 0.0025379612474599193 0.002687920271875256
v 0.0011023998014092486 0.0025846576112957824 0.002687920271875256
v 0.0011089062442875 0.0026344781525177168 0.002687920271875256
v 0.0012221753324082043 0.0029149564449126313 0.002687920271875256
v 0.001228375407419158 0.0029670228890995025 0.002687920271875256
v 0.0012073790757198834 0.0030150692981093523 0.002687920271875256
v 0.001164956066795675 0.00304588668690875 0.002687920271875256
v 0.0009102630411774727 0.003130759228823499 0.002687920271875256
v 0.0006494331214703665 0.0031943219186144627 0.002687920271875256
v 0.0003842484865133056 0.0032361405364541578 0.002687920271875256
v -0.000419538011710241 0.003228996323891065 0.002687920271875256
v -0.000707437976283476 0.003177235651525057 0.002687920271875256
v -0.0009895181434709246 0.0030997981928334033 0.002687920271875256
v -0.0012634926751965427 0.00299731158471156 0.002687920271875256
v -0.001304205626900368 0.0029654165439587103 0.002687920271875256
v -0.0013235389890475793 0.002917446726915685 0.002687920271875256
v -0.001316320866726617 0.0028662338212229192 0.002687920271875256
v -0.0011961900920527404 0.0025833504814650747 0.002687920271875256
v -0.0011887150737185383 0.002534469607447021 0.002687920271875256
v -0.0012055748431628601 0.0024879832009676865 0.002687920271875256
v -0.001242646547198745 0.0024552584635781087 0.002687920271875256
v -0.0017511230315762074 0.002118888002956926 0.002687920271875256
v -0.0021729909887986403 0.0016787509244959589 0.002687920271875256
v -0.002487515751551484 0.0011564794669342157 0.002687920271875256
v -0.0025193005237139636 0.0011175671715088072 0.002687920271875256
v -0.002565997185573044 0.001099024017922043 0.002687920271875256
v -0.002615817130748544 0.0011055309823409245 0.002687920271875256
v -0.0028962957211666755 0.0012187989528745643 0.002687920271875256
v -0.0029483621653535468 0.0012249999219551696 0.002687920271875256
v -0.002996408872386614 0.0012040027706920477 0.002687920271875256
v -0.0030272256651395772 0.0011615802833084695 0.002687920271875256
v -0.0031120985050775434 0.0009068870341728542 0.002687920271875256
v -0.0031756608968452897 0.000646057859523791 0.002687920271875256
v -0.003217479514684985 0.0003808725912673936 0.002687920271875256
v -0.0032165741201510838 0.00027896751957459323 0.002687920271875256
v -0.002916585737841149 0.0002816338029138638 0.002687920271875256
v -0.0028664689615413024 0.0002686812482323963 0.002687920271875256
v -0.0028295420967889844 0.000232405471077439 0.002687920271875256
v -0.0028157007064886224 0.00018252651730493039 0.002687920271875256
v -0.0028121458855536745 -0.000217457669583164 0.002687920271875256
v -0.0028250985706202996 -0.000267574762532679 0.002687920271875256
v -0.002861373956619784 -0.00030450118025017117 0.002687920271875256
v -0.002911252910392293 -0.0003183424774182778 0.002687920271875256
v -0.0032112412927022276 -0.00032100877938399946 0.002687920271875256
v -0.003210335302121892 -0.0004229138697032509 0.002687920271875256
v -0.003158574629755884 -0.0007108139087822902 0.002687920271875256
v -0.0030811374690874476 -0.0009928937779465216 0.002687920271875256
v -0.002978650860965604 -0.0012668682351663354 0.002687920271875256
v -0.0029467558202127546 -0.0013075814848933778 0.002687920271875256
v -0.0028987860031697292 -0.0013269148470405891 0.002687920271875256
v -0.0028475730974769635 -0.001319696724719627 0.002687920271875256
v -0.002564690055742336 -0.0011995662480689675 0.002687920271875256
v -0.0025158088837010655 -0.0011920910807231568 0.002687920271875256
v -0.0024693226262333394 -0.00120895070115587 0.002687920271875256
v -0.0024365978888437616 -0.0012460226287091677 0.002687920271875256
v -0.002100227428222579 -0.0017544988895692173 0.002687920271875256
v -0.0016600900517383945 -0.0021763666977800415 0.002687920271875256
v -0.0011378186686824556 -0.0024908917585561023 0.002687920271875256
v -0.0010989063732570472 -0.002522676232695365 0.002687920271875256
v -0.0010803633686818916 -0.002569372596531228 0.002687920271875256
v -0.0010868704076065774 -0.0026191931377531623 0.002687920271875256
v -0.0012001383036344129 -0.002899671430148077 0.002687920271875256
v -0.001206338974691801 -0.002951737874334948 0.002687920271875256
v -0.001185342046946092 -0.002999784283344798 0.002687920271875256
v -0.001142919634068318 -0.0030306016721441957 0.002687920271875256
v -0.0008882260124036813 -0.0031154742140589446 0.002687920271875256
v -0.0006273972847894439 -0.003179036903849908 0.002687920271875256
v -0.0003622114577395142 -0.0032208555216896033 0.002687920271875256
v 0.00044157504048403245 -0.0032137113091265106 0.002687920271875256
v 0.0007294750050572675 -0.0031619506367605026 0.002687920271875256
v 0.0010115539801518472 -0.003084513178068849 0.002687920271875256
v 0.0012855291079238997 -0.0029820265699470054 0.002687920271875256
v 0.0013262426556741593 -0.002950131529194156 0.002687920271875256
v 0.0013455760178213707 -0.0029021617121511305 0.002687920271875256
v 0.0013383578955004085 -0.0028509488064583648 0.002687920271875256
v -0.0019678771055964277 -9.94592882813672e-06 0.002687920271875256
v -0.0017795359690591097 0.0008504063445983896 0.002687920271875256
v -0.0012365537605459889 0.0015438389433062307 0.002687920271875256
v -0.00044647454217505716 0.0019330089852286352 0.002687920271875256
v 0.0004342162512045445 0.0019408365650288033 0.002687920271875256
v 0.001231088610788689 0.0015657713659307795 0.002687920271875256
v 0.0017863094407399862 0.0008820995491273799 0.002687920271875256
v 0.001989914134370219 2.523086443027411e-05 0.002687920271875256
v 0.0018015729978329011 -0.0008351214788454437 0.002687920271875256
v 0.0012585901932733459 -0.0015285539285416763 0.002687920271875256
v 0.0004685115709488486 -0.0019177239704640807 0.002687920271875256
v -0.0004121804145236219 -0.0019255515502642488 0.002687920271875256
v -0.0012090515820148975 -0.001550486351166225 0.002687920271875256
v -0.0017642736040590636 -0.000866814683374434 0.002687920271875256
v 0.0012182271208265318 -0.0025680654667005203 0.0021879207598882746
v 0.0013383578955004085 -0.0028509488064583648 0.0021879207598882746
v 0.0013383578955004085 -0.0028509488064583648 0.002687920271875256
v 0.0012182271208265318 -0.0025680654667005203 0.002687920271875256
v 0.0012855291079238997 -0.0029820265699470054 0.0021879207598882746
v 0.0010115539801518472 -0.003084513178068849 0.0021879207598882746
v 0.0007294750050572675 -0.0031619506367605026 0.0021879207598882746
v 0.00044157504048403245 -0.0032137113091265106 0.0021879207598882746
v 0.0013383578955004085 -0.0028509488064583648 0.0021879207598882746
v 0.0013455760178213707 -0.0029021617121511305 0.0021879207598882746
v 0.0013262426556741593 -0.002950131529194156 0.0021879207598882746
v 0.0012182271208265318 -0.0025680654667005203 0.0021879207598882746
v 0.001264682979926102 -0.0024399734488135543 0.0021879207598882746
v 0.0012276112758902171 -0.002472698186203132 0.0021879207598882746
v 0.0012107515064458953 -0.0025191845926824667 0.0021879207598882746
v -0.0011378186686824556 -0.0024908917585561023 0.0021879207598882746
v -0.0003441989344910024 -0.002719319103971441 0.0021879207598882746
v 0.0004814541232260884 -0.0027018203727494088 0.0021879207598882746
v -0.0010868704076065774 -0.0026191931377531623 0.0021879207598882746
v -0.0010803633686818916 -0.002569372596531228 0.0021879207598882746
v -0.0010989063732570472 -0.002522676232695365 0.0021879207598882746
v -0.0012001383036344129 -0.002899671430148077 0.0021879207598882746
v -0.001142919634068318 -0.0030306016721441957 0.0021879207598882746
v -0.001185342046946092 -0.002999784283344798 0.0021879207598882746
v -0.001206338974691801 -0.002951737874334948 0.0021879207598882746
v -0.0003622114577395142 -0.0032208555216896033 0.0021879207598882746
v -0.0006273972847894439 -0.003179036903849908 0.0021879207598882746
v -0.0008882260124036813 -0.0031154742140589446 0.0021879207598882746
v 0.00044157504048403245 -0.0032137113091265106 0.002687920271875256
v 0.00044157504048403245 -0.0032137113091265106 0.0021879207598882746
v 0.0012855291079238997 -0.0029820265699470054 0.0021879207598882746
v 0.0010115539801518472 -0.003084513178068849 0.0021879207598882746
v 0.0007294750050572675 -0.0031619506367605026 0.0021879207598882746
v 0.0012855291079238997 -0.0029820265699470054 0.002687920271875256
v 0.0007294750050572675 -0.0031619506367605026 0.002687920271875256
v 0.0010115539801518472 -0.003084513178068849 0.002687920271875256
v 0.0013383578955004085 -0.0028509488064583648 0.0021879207598882746
v 0.0013455760178213707 -0.0029021617121511305 0.0021879207598882746
v 0.0013262426556741593 -0.002950131529194156 0.0021879207598882746
v 0.0012855291079238997 -0.0029820265699470054 0.0021879207598882746
v 0.0013383578955004085 -0.0028509488064583648 0.002687920271875256
v 0.0012855291079238997 -0.0029820265699470054 0.002687920271875256
v 0.0013262426556741593 -0.002950131529194156 0.002687920271875256
v 0.0013455760178213707 -0.0029021617121511305 0.002687920271875256
v -0.0003622114577395142 -0.0032208555216896033 0.002687920271875256
v 0.00044157504048403245 -0.0032137113091265106 0.002687920271875256
v 0.00044157504048403245 -0.0032137113091265106 0.0021879207598882746
v -0.0003622114577395142 -0.0032208555216896033 0.0021879207598882746
v -0.0003622114577395142 -0.0032208555216896033 0.0021879207598882746
v -0.0003622114577395142 -0.0032208555216896033 0.002687920271875256
v -0.001142919634068318 -0.0030306016721441957 0.002687920271875256
v -0.0008882260124036813 -0.0031154742140589446 0.002687920271875256
v -0.0006273972847894439 -0.003179036903849908 0.002687920271875256
v -0.001142919634068318 -0.0030306016721441957 0.0021879207598882746
v -0.0006273972847894439 -0.003179036903849908 0.0021879207598882746
v -0.0008882260124036813 -0.0031154742140589446 0.0021879207598882746
v -0.0012001383036344129 -0.002899671430148077 0.002687920271875256
v -0.001206338974691801 -0.002951737874334948 0.002687920271875256
v -0.001185342046946092 -0.002999784283344798 0.002687920271875256
v -0.001142919634068318 -0.0030306016721441957 0.002687920271875256
v -0.0012001383036344129 -0.002899671430148077 0.0021879207598882746
v -0.001142919634068318 -0.0030306016721441957 0.0021879207598882746
v -0.001185342046946092 -0.002999784283344798 0.0021879207598882746
v -0.001206338974691801 -0.002951737874334948 0.0021879207598882746
v -0.0010868704076065774 -0.0026191931377531623 0.002687920271875256
v -0.0012001383036344129 -0.002899671430148077 0.002687920271875256
v -0.0012001383036344129 -0.002899671430148077 0.0021879207598882746
v -0.0010868704076065774 -0.0026191931377531623 0.0021879207598882746
v -0.0011378186686824556 -0.0024908917585561023 0.0021879207598882746
v -0.0011378186686824556 -0.0024908917585561023 0.002687920271875256
v -0.0010989063732570472 -0.002522676232695365 0.002687920271875256
v -0.0010803633686818916 -0.002569372596531228 0.002687920271875256
v -0.0010868704076065774 -0.0026191931377531623 0.002687920271875256
v -0.0010868704076065774 -0.0026191931377531623 0.0021879207598882746
v -0.0010803633686818916 -0.002569372596531228 0.0021879207598882746
v -0.0010989063732570472 -0.002522676232695365 0.0021879207598882746
v -0.0011378186686824556 -0.0024908917585561023 0.0021879207598882746
v -0.0003441989344910024 -0.002719319103971441 0.0021879207598882746
v 0.0004814541232260884 -0.0027018203727494088 0.0021879207598882746
v 0.001264682979926102 -0.0024399734488135543 0.0021879207598882746
v -0.0011378186686824556 -0.0024908917585561023 0.002687920271875256
v -0.0024365978888437616 -0.0012460226287091677 0.002687920271875256
v -0.002100227428222579 -0.0017544988895692173 0.002687920271875256
v -0.0016600900517383945 -0.0021763666977800415 0.002687920271875256
v -0.0024365978888437616 -0.0012460226287091677 0.0021879207598882746
v -0.002738873301322609 -1.679853847886908e-05 0.0021879207598882746
v -0.002702211677233613 -0.00044055550305793783 0.0021879207598882746
v -0.002600643576667228 -0.0008535904991569255 0.0021879207598882746
v -0.002738873301322609 -1.679853847886908e-05 0.0016879206518548582
v 0.002760909734049966 3.2083461275321356e-05 0.0016879206518548582
v 0.0026034306897946284 -0.0009099087660780076 0.0016879206518548582
v 0.0021332680702224054 -0.0017412307469271695 0.0016879206518548582
v 0.0014071309251979527 -0.0023616127141949665 0.0016879206518548582
v 0.0005126011257037267 -0.0026962276690551405 0.0016879206518548582
v -0.00044242619479240025 -0.0027047159663278757 0.0016879206518548582
v -0.001342760890511552 -0.0023860537472504277 0.0016879206518548582
v -0.0020798104536575717 -0.0017786764701006599 0.0016879206518548582
v -0.0025646751545814754 -0.0009558427865242333 0.0016879206518548582
v 0.002760909734049966 3.2083461275321356e-05 0.0021879207598882746
v 0.002509552184278841 -0.0011411946011812698 0.0021879207598882746
v 0.002650585115315352 -0.0007638398387169871 0.0021879207598882746
v 0.0027349745615949943 -0.0003699294022486491 0.0021879207598882746
v 0.002509552184278841 -0.0011411946011812698 0.002687920271875256
v 0.001264682979926102 -0.0024399734488135543 0.002687920271875256
v 0.0017731594643035644 -0.0021036029881923717 0.002687920271875256
v 0.0021950280175724317 -0.0016634659097314044 0.002687920271875256
v 0.0012182271208265318 -0.0025680654667005203 0.002687920271875256
v 0.0012182271208265318 -0.0025680654667005203 0.0021879207598882746
v 0.0012107515064458953 -0.0025191845926824667 0.002687920271875256
v 0.0012276112758902171 -0.002472698186203132 0.002687920271875256
v 0.001264682979926102 -0.0024399734488135543 0.002687920271875256
v 0.001264682979926102 -0.0024399734488135543 0.0021879207598882746
v 0.0012276112758902171 -0.002472698186203132 0.0021879207598882746
v 0.0012107515064458953 -0.0025191845926824667 0.0021879207598882746
v 0.002509552184278841 -0.0011411946011812698 0.0021879207598882746
v 0.002509552184278841 -0.0011411946011812698 0.002687920271875256
v 0.0025413369564413206 -0.0011022823057558614 0.002687920271875256
v 0.002588033618300401 -0.0010837391521690972 0.002687920271875256
v 0.002637853563475901 -0.0010902461165879786 0.002687920271875256
v 0.002637853563475901 -0.0010902461165879786 0.0021879207598882746
v 0.002588033618300401 -0.0010837391521690972 0.0021879207598882746
v 0.0025413369564413206 -0.0011022823057558614 0.0021879207598882746
v -0.0028962957211666755 0.0012187989528745643 0.0021879207598882746
v -0.002615817130748544 0.0011055309823409245 0.0021879207598882746
v -0.0030272256651395772 0.0011615802833084695 0.0021879207598882746
v -0.002996408872386614 0.0012040027706920477 0.0021879207598882746
v -0.0029483621653535468 0.0012249999219551696 0.0021879207598882746
v -0.003217479514684985 0.0003808725912673936 0.0021879207598882746
v -0.0031756608968452897 0.000646057859523791 0.0021879207598882746
v -0.0031120985050775434 0.0009068870341728542 0.0021879207598882746
v -0.003210335302121892 -0.0004229138697032509 0.0021879207598882746
v -0.002978650860965604 -0.0012668682351663354 0.0021879207598882746
v -0.0030811374690874476 -0.0009928937779465216 0.0021879207598882746
v -0.003158574629755884 -0.0007108139087822902 0.0021879207598882746
v -0.0028475730974769635 -0.001319696724719627 0.0021879207598882746
v -0.0028987860031697292 -0.0013269148470405891 0.0021879207598882746
v -0.0029467558202127546 -0.0013075814848933778 0.0021879207598882746
v -0.002564690055742336 -0.0011995662480689675 0.0021879207598882746
v -0.0024365978888437616 -0.0012460226287091677 0.0021879207598882746
v -0.0024693226262333394 -0.00120895070115587 0.0021879207598882746
v -0.0025158088837010655 -0.0011920910807231568 0.0021879207598882746
v -0.002738873301322609 -1.679853847886908e-05 0.0021879207598882746
v -0.002702211677233613 -0.00044055550305793783 0.0021879207598882746
v -0.002600643576667228 -0.0008535904991569255 0.0021879207598882746
v -0.002487515751551484 0.0011564794669342157 0.0021879207598882746
v -0.002628548682587995 0.000779124704469933 0.0021879207598882746
v -0.0027129381288676373 0.0003852143425073993 0.0021879207598882746
v -0.002565997185573044 0.001099024017922043 0.0021879207598882746
v -0.0025193005237139636 0.0011175671715088072 0.0021879207598882746
v -0.002615817130748544 0.0011055309823409245 0.002687920271875256
v -0.0028962957211666755 0.0012187989528745643 0.002687920271875256
v -0.0028962957211666755 0.0012187989528745643 0.0021879207598882746
v -0.002615817130748544 0.0011055309823409245 0.0021879207598882746
v -0.0028962957211666755 0.0012187989528745643 0.002687920271875256
v -0.0029483621653535468 0.0012249999219551696 0.002687920271875256
v -0.002996408872386614 0.0012040027706920477 0.002687920271875256
v -0.0030272256651395772 0.0011615802833084695 0.002687920271875256
v -0.0028962957211666755 0.0012187989528745643 0.0021879207598882746
v -0.0030272256651395772 0.0011615802833084695 0.0021879207598882746
v -0.002996408872386614 0.0012040027706920477 0.0021879207598882746
v -0.0029483621653535468 0.0012249999219551696 0.0021879207598882746
v -0.003217479514684985 0.0003808725912673936 0.0021879207598882746
v -0.003217479514684985 0.0003808725912673936 0.002687920271875256
v -0.0030272256651395772 0.0011615802833084695 0.002687920271875256
v -0.0031120985050775434 0.0009068870341728542 0.002687920271875256
v -0.0031756608968452897 0.000646057859523791 0.002687920271875256
v -0.0030272256651395772 0.0011615802833084695 0.0021879207598882746
v -0.0031756608968452897 0.000646057859523791 0.0021879207598882746
v -0.0031120985050775434 0.0009068870341728542 0.0021879207598882746
v -0.0032165741201510838 0.00027896751957459323 0.002637920320676558
v -0.0032165741201510838 0.00027896751957459323 0.002687920271875256
v -0.0032112412927022276 -0.00032100877938399946 0.002637920320676558
v -0.0032112412927022276 -0.00032100877938399946 0.002687920271875256
v -0.003210335302121892 -0.0004229138697032509 0.002687920271875256
v -0.003210335302121892 -0.0004229138697032509 0.0021879207598882746
v -0.003217479514684985 0.0003808725912673936 0.0021879207598882746
v -0.003217479514684985 0.0003808725912673936 0.002687920271875256
v -0.002916585737841149 0.0002816338029138638 0.002687920271875256
v -0.0032165741201510838 0.00027896751957459323 0.002687920271875256
v -0.002916585737841149 0.0002816338029138638 0.002637920320676558
v -0.0032165741201510838 0.00027896751957459323 0.002637920320676558
v -0.0028157007064886224 0.00018252651730493039 0.002637920320676558
v -0.0028157007064886224 0.00018252651730493039 0.002687920271875256
v -0.0028295420967889844 0.000232405471077439 0.002637920320676558
v -0.0028664689615413024 0.0002686812482323963 0.002637920320676558
v -0.002916585737841149 0.0002816338029138638 0.002637920320676558
v -0.002916585737841149 0.0002816338029138638 0.002687920271875256
v -0.0028664689615413024 0.0002686812482323963 0.002687920271875256
v -0.0028295420967889844 0.000232405471077439 0.002687920271875256
v -0.0028157007064886224 0.00018252651730493039 0.002637920320676558
v -0.0028121458855536745 -0.000217457669583164 0.002637920320676558
v -0.0028157007064886224 0.00018252651730493039 0.002687920271875256
v -0.0028121458855536745 -0.000217457669583164 0.002687920271875256
v -0.0032165741201510838 0.00027896751957459323 0.002637920320676558
v -0.0032112412927022276 -0.00032100877938399946 0.002637920320676558
v -0.002911252910392293 -0.0003183424774182778 0.002637920320676558
v -0.002861373956619784 -0.00030450118025017117 0.002637920320676558
v -0.0028250985706202996 -0.000267574762532679 0.002637920320676558
v -0.0028121458855536745 -0.000217457669583164 0.002637920320676558
v -0.0028157007064886224 0.00018252651730493039 0.002637920320676558
v -0.0028295420967889844 0.000232405471077439 0.002637920320676558
v -0.0028664689615413024 0.0002686812482323963 0.002637920320676558
v -0.002916585737841149 0.0002816338029138638 0.002637920320676558
v -0.003162798810836698 -0.0001455713124073003 0.002637920320676558
v -0.0031631320007935453 -0.00010807279255823506 0.002637920320676558
v -0.003086761167196306 -8.23930353136427e-05 0.002637920320676558
v -0.003087872197750086 4.260202774549957e-05 0.002637920320676558
v -0.0031646870859409764 6.692028454869348e-05 0.002637920320676558
v -0.0031650202758978234 0.0001044188043977587 0.002637920320676558
v -0.002864143784400586 7.089042761235471e-06 0.002637920320676558
v -0.0028636991337605004 -4.290897768939335e-05 0.002637920320676558
v -0.002911252910392293 -0.0003183424774182778 0.002637920320676558
v -0.002911252910392293 -0.0003183424774182778 0.002687920271875256
v -0.002861373956619784 -0.00030450118025017117 0.002637920320676558
v -0.0028250985706202996 -0.000267574762532679 0.002637920320676558
v -0.0028121458855536745 -0.000217457669583164 0.002637920320676558
v -0.0028121458855536745 -0.000217457669583164 0.002687920271875256
v -0.0028250985706202996 -0.000267574762532679 0.002687920271875256
v -0.002861373956619784 -0.00030450118025017117 0.002687920271875256
v -0.002911252910392293 -0.0003183424774182778 0.002637920320676558
v -0.0032112412927022276 -0.00032100877938399946 0.002637920320676558
v -0.002911252910392293 -0.0003183424774182778 0.002687920271875256
v -0.0032112412927022276 -0.00032100877938399946 0.002687920271875256
v -0.003162798810836698 -0.0001455713124073003 0.0026679205298143507
v -0.0028636991337605004 -4.290897768939335e-05 0.0026679205298143507
v -0.003162798810836698 -0.0001455713124073003 0.002637920320676558
v -0.0028636991337605004 -4.290897768939335e-05 0.002637920320676558
v -0.002864143784400586 7.089042761235471e-06 0.0026679205298143507
v -0.0028636991337605004 -4.290897768939335e-05 0.0026679205298143507
v -0.0028636991337605004 -4.290897768939335e-05 0.002637920320676558
v -0.002864143784400586 7.089042761235471e-06 0.002637920320676558
v -0.002864143784400586 7.089042761235471e-06 0.0026679205298143507
v -0.0031650202758978234 0.0001044188043977587 0.0026679205298143507
v -0.002864143784400586 7.089042761235471e-06 0.002637920320676558
v -0.0031650202758978234 0.0001044188043977587 0.002637920320676558
v -0.0031646870859409764 6.692028454869348e-05 0.0026679205298143507
v -0.0031650202758978234 0.0001044188043977587 0.0026679205298143507
v -0.0031650202758978234 0.0001044188043977587 0.002637920320676558
v -0.0031646870859409764 6.692028454869348e-05 0.002637920320676558
v -0.0031646870859409764 6.692028454869348e-05 0.0026679205298143507
v -0.003087872197750086 4.260202774549957e-05 0.0026679205298143507
v -0.0031646870859409764 6.692028454869348e-05 0.002637920320676558
v -0.003087872197750086 4.260202774549957e-05 0.002637920320676558
v -0.003086761167196306 -8.23930353136427e-05 0.0026679205298143507
v -0.003087872197750086 4.260202774549957e-05 0.0026679205298143507
v -0.003087872197750086 4.260202774549957e-05 0.002637920320676558
v -0.003086761167196306 -8.23930353136427e-05 0.002637920320676558
v -0.003086761167196306 -8.23930353136427e-05 0.0026679205298143507
v -0.0031631320007935453 -0.00010807279255823506 0.0026679205298143507
v -0.003086761167196306 -8.23930353136427e-05 0.002637920320676558
v -0.0031631320007935453 -0.00010807279255823506 0.002637920320676558
v -0.003162798810836698 -0.0001455713124073003 0.0026679205298143507
v -0.0031631320007935453 -0.00010807279255823506 0.0026679205298143507
v -0.0031631320007935453 -0.00010807279255823506 0.002637920320676558
v -0.003162798810836698 -0.0001455713124073003 0.002637920320676558
v -0.0031646870859409764 6.692028454869348e-05 0.0026679205298143507
v -0.0031650202758978234 0.0001044188043977587 0.0026679205298143507
v -0.003087872197750086 4.260202774549957e-05 0.0026679205298143507
v -0.003086761167196306 -8.23930353136427e-05 0.0026679205298143507
v -0.0031631320007935453 -0.00010807279255823506 0.0026679205298143507
v -0.003162798810836698 -0.0001455713124073003 0.0026679205298143507
v -0.0028636991337605004 -4.290897768939335e-05 0.0026679205298143507
v -0.002864143784400586 7.089042761235471e-06 0.0026679205298143507
v -0.0030622857124592566 3.657919272975937e-05 0.0026679205298143507
v -0.0028894525120529706 -1.8136881584967334e-05 0.0026679205298143507
v -0.0030612861425887154 -7.591636681743634e-05 0.0026679205298143507
v -0.0030622857124592566 3.657919272975937e-05 0.0026679205298143507
v -0.0030612861425887154 -7.591636681743634e-05 0.0026679205298143507
v -0.0030612861425887154 -7.591636681743634e-05 0.002637920320676558
v -0.0030622857124592566 3.657919272975937e-05 0.002637920320676558
v -0.0030622857124592566 3.657919272975937e-05 0.0026679205298143507
v -0.0028894525120529706 -1.8136881584967334e-05 0.0026679205298143507
v -0.0030622857124592566 3.657919272975937e-05 0.002637920320676558
v -0.0028894525120529706 -1.8136881584967334e-05 0.002637920320676558
v -0.0028894525120529706 -1.8136881584967334e-05 0.0026679205298143507
v -0.0030612861425887154 -7.591636681743634e-05 0.0026679205298143507
v -0.0028894525120529706 -1.8136881584967334e-05 0.002637920320676558
v -0.0030612861425887154 -7.591636681743634e-05 0.002637920320676558
v -0.0030622857124592566 3.657919272975937e-05 0.002637920320676558
v -0.0030612861425887154 -7.591636681743634e-05 0.002637920320676558
v -0.0028894525120529706 -1.8136881584967334e-05 0.002637920320676558
v -0.003210335302121892 -0.0004229138697032509 0.002687920271875256
v -0.003210335302121892 -0.0004229138697032509 0.0021879207598882746
v -0.002978650860965604 -0.0012668682351663354 0.0021879207598882746
v -0.0030811374690874476 -0.0009928937779465216 0.0021879207598882746
v -0.003158574629755884 -0.0007108139087822902 0.0021879207598882746
v -0.002978650860965604 -0.0012668682351663354 0.002687920271875256
v -0.003158574629755884 -0.0007108139087822902 0.002687920271875256
v -0.0030811374690874476 -0.0009928937779465216 0.002687920271875256
v -0.0028475730974769635 -0.001319696724719627 0.0021879207598882746
v -0.0028987860031697292 -0.0013269148470405891 0.0021879207598882746
v -0.0029467558202127546 -0.0013075814848933778 0.0021879207598882746
v -0.002978650860965604 -0.0012668682351663354 0.0021879207598882746
v -0.0028475730974769635 -0.001319696724719627 0.002687920271875256
v -0.002978650860965604 -0.0012668682351663354 0.002687920271875256
v -0.0029467558202127546 -0.0013075814848933778 0.002687920271875256
v -0.0028987860031697292 -0.0013269148470405891 0.002687920271875256
v -0.002564690055742336 -0.0011995662480689675 0.0021879207598882746
v -0.0028475730974769635 -0.001319696724719627 0.0021879207598882746
v -0.0028475730974769635 -0.001319696724719627 0.002687920271875256
v -0.002564690055742336 -0.0011995662480689675 0.002687920271875256
v -0.002564690055742336 -0.0011995662480689675 0.002687920271875256
v -0.002564690055742336 -0.0011995662480689675 0.0021879207598882746
v -0.0025158088837010655 -0.0011920910807231568 0.002687920271875256
v -0.0024693226262333394 -0.00120895070115587 0.002687920271875256
v -0.0024365978888437616 -0.0012460226287091677 0.002687920271875256
v -0.0024365978888437616 -0.0012460226287091677 0.0021879207598882746
v -0.0024693226262333394 -0.00120895070115587 0.0021879207598882746
v -0.0025158088837010655 -0.0011920910807231568 0.0021879207598882746
v -0.002487515751551484 0.0011564794669342157 0.0021879207598882746
v -0.002487515751551484 0.0011564794669342157 0.002687920271875256
v -0.0025193005237139636 0.0011175671715088072 0.002687920271875256
v -0.002565997185573044 0.001099024017922043 0.002687920271875256
v -0.002615817130748544 0.0011055309823409245 0.002687920271875256
v -0.002615817130748544 0.0011055309823409245 0.0021879207598882746
v -0.002565997185573044 0.001099024017922043 0.0021879207598882746
v -0.0025193005237139636 0.0011175671715088072 0.0021879207598882746
v -0.0011961900920527404 0.0025833504814650747 0.002687920271875256
v -0.0011961900920527404 0.0025833504814650747 0.0021879207598882746
v -0.0011887150737185383 0.002534469607447021 0.002687920271875256
v -0.0012055748431628601 0.0024879832009676865 0.002687920271875256
v -0.001242646547198745 0.0024552584635781087 0.002687920271875256
v -0.001242646547198745 0.0024552584635781087 0.0021879207598882746
v -0.0012055748431628601 0.0024879832009676865 0.0021879207598882746
v -0.0011887150737185383 0.002534469607447021 0.0021879207598882746
v -0.0011961900920527404 0.0025833504814650747 0.0021879207598882746
v -0.001316320866726617 0.0028662338212229192 0.0021879207598882746
v -0.001316320866726617 0.0028662338212229192 0.002687920271875256
v -0.0011961900920527404 0.0025833504814650747 0.002687920271875256
v 0.0012221753324082043 0.0029149564449126313 0.0021879207598882746
v 0.0011089062442875 0.0026344781525177168 0.0021879207598882746
v 0.001164956066795675 0.00304588668690875 0.0021879207598882746
v 0.0012073790757198834 0.0030150692981093523 0.0021879207598882746
v 0.001228375407419158 0.0029670228890995025 0.0021879207598882746
v 0.0003842484865133056 0.0032361405364541578 0.0021879207598882746
v 0.0006494331214703665 0.0031943219186144627 0.0021879207598882746
v 0.0009102630411774727 0.003130759228823499 0.0021879207598882746
v -0.000419538011710241 0.003228996323891065 0.0021879207598882746
v -0.0012634926751965427 0.00299731158471156 0.0021879207598882746
v -0.0009895181434709246 0.0030997981928334033 0.0021879207598882746
v -0.000707437976283476 0.003177235651525057 0.0021879207598882746
v -0.001316320866726617 0.0028662338212229192 0.0021879207598882746
v -0.0013235389890475793 0.002917446726915685 0.0021879207598882746
v -0.001304205626900368 0.0029654165439587103 0.0021879207598882746
v -0.0011961900920527404 0.0025833504814650747 0.0021879207598882746
v -0.001242646547198745 0.0024552584635781087 0.0021879207598882746
v -0.0012055748431628601 0.0024879832009676865 0.0021879207598882746
v -0.0011887150737185383 0.002534469607447021 0.0021879207598882746
v 0.0011598551014098126 0.002506176773320657 0.0021879207598882746
v 0.00036623596326479385 0.0027346041187359953 0.0021879207598882746
v -0.00045941828654516575 0.0027171053875139632 0.0021879207598882746
v 0.0011023998014092486 0.0025846576112957824 0.0021879207598882746
v 0.0011209428059844042 0.0025379612474599193 0.0021879207598882746
v 0.0011089062442875 0.0026344781525177168 0.002687920271875256
v 0.0012221753324082043 0.0029149564449126313 0.002687920271875256
v 0.0012221753324082043 0.0029149564449126313 0.0021879207598882746
v 0.0011089062442875 0.0026344781525177168 0.0021879207598882746
v 0.0012221753324082043 0.0029149564449126313 0.002687920271875256
v 0.001228375407419158 0.0029670228890995025 0.002687920271875256
v 0.0012073790757198834 0.0030150692981093523 0.002687920271875256
v 0.001164956066795675 0.00304588668690875 0.002687920271875256
v 0.0012221753324082043 0.0029149564449126313 0.0021879207598882746
v 0.001164956066795675 0.00304588668690875 0.0021879207598882746
v 0.0012073790757198834 0.0030150692981093523 0.0021879207598882746
v 0.001228375407419158 0.0029670228890995025 0.0021879207598882746
v 0.0003842484865133056 0.0032361405364541578 0.0021879207598882746
v 0.0003842484865133056 0.0032361405364541578 0.002687920271875256
v 0.001164956066795675 0.00304588668690875 0.002687920271875256
v 0.0009102630411774727 0.003130759228823499 0.002687920271875256
v 0.0006494331214703665 0.0031943219186144627 0.002687920271875256
v 0.001164956066795675 0.00304588668690875 0.0021879207598882746
v 0.0006494331214703665 0.0031943219186144627 0.0021879207598882746
v 0.0009102630411774727 0.003130759228823499 0.0021879207598882746
v 0.0003842484865133056 0.0032361405364541578 0.002687920271875256
v -0.000419538011710241 0.003228996323891065 0.002687920271875256
v -0.000419538011710241 0.003228996323891065 0.0021879207598882746
v 0.0003842484865133056 0.0032361405364541578 0.0021879207598882746
v -0.000419538011710241 0.003228996323891065 0.002687920271875256
v -0.000419538011710241 0.003228996323891065 0.0021879207598882746
v -0.0012634926751965427 0.00299731158471156 0.0021879207598882746
v -0.0009895181434709246 0.0030997981928334033 0.0021879207598882746
v -0.000707437976283476 0.003177235651525057 0.0021879207598882746
v -0.0012634926751965427 0.00299731158471156 0.002687920271875256
v -0.000707437976283476 0.003177235651525057 0.002687920271875256
v -0.0009895181434709246 0.0030997981928334033 0.002687920271875256
v -0.001316320866726617 0.0028662338212229192 0.0021879207598882746
v -0.0013235389890475793 0.002917446726915685 0.0021879207598882746
v -0.001304205626900368 0.0029654165439587103 0.0021879207598882746
v -0.0012634926751965427 0.00299731158471156 0.0021879207598882746
v -0.001316320866726617 0.0028662338212229192 0.002687920271875256
v -0.0012634926751965427 0.00299731158471156 0.002687920271875256
v -0.001304205626900368 0.0029654165439587103 0.002687920271875256
v -0.0013235389890475793 0.002917446726915685 0.002687920271875256
v 0.0011598551014098126 0.002506176773320657 0.0021879207598882746
v 0.0011598551014098126 0.002506176773320657 0.002687920271875256
v 0.0011209428059844042 0.0025379612474599193 0.002687920271875256
v 0.0011023998014092486 0.0025846576112957824 0.002687920271875256
v 0.0011089062442875 0.0026344781525177168 0.002687920271875256
v 0.0011089062442875 0.0026344781525177168 0.0021879207598882746
v 0.0011023998014092486 0.0025846576112957824 0.0021879207598882746
v 0.0011209428059844042 0.0025379612474599193 0.0021879207598882746
v 0.0028696095302043205 0.0013349817394841814 0.0021879207598882746
v 0.0029208230319435207 0.0013421998618051436 0.0021879207598882746
v 0.002968792848986546 0.0013228664996579322 0.0021879207598882746
v 0.003000687293692961 0.0012821532499308899 0.0021879207598882746
v 0.0028696095302043205 0.0013349817394841814 0.002687920271875256
v 0.003000687293692961 0.0012821532499308899 0.002687920271875256
v 0.002968792848986546 0.0013228664996579322 0.002687920271875256
v 0.0029208230319435207 0.0013421998618051436 0.002687920271875256
v 0.003232371734849249 0.00043819880996200106 0.002687920271875256
v 0.003232371734849249 0.00043819880996200106 0.0021879207598882746
v 0.003000687293692961 0.0012821532499308899 0.0021879207598882746
v 0.0031031739018148046 0.0010081786436994674 0.0021879207598882746
v 0.003180611062483241 0.0007260987745352361 0.0021879207598882746
v 0.003000687293692961 0.0012821532499308899 0.002687920271875256
v 0.003180611062483241 0.0007260987745352361 0.002687920271875256
v 0.0031031739018148046 0.0010081786436994674 0.002687920271875256
v 0.0032386099568320064 -0.00026368257931584307 0.002637920320676558
v 0.0032386099568320064 -0.00026368257931584307 0.002687920271875256
v 0.0032332777254295846 0.0003362937196427496 0.002637920320676558
v 0.0032332777254295846 0.0003362937196427496 0.002687920271875256
v 0.003232371734849249 0.00043819880996200106 0.002687920271875256
v 0.003232371734849249 0.00043819880996200106 0.0021879207598882746
v 0.003239515947412342 -0.00036558765100864343 0.0021879207598882746
v 0.003239515947412342 -0.00036558765100864343 0.002687920271875256
v 0.002938622170568506 -0.00026634886265511365 0.002687920271875256
v 0.0032386099568320064 -0.00026368257931584307 0.002687920271875256
v 0.002938622170568506 -0.00026634886265511365 0.002637920320676558
v 0.0032386099568320064 -0.00026368257931584307 0.002637920320676558
v 0.002837737735262414 -0.00016724157704618023 0.002637920320676558
v 0.002837737735262414 -0.00016724157704618023 0.002687920271875256
v 0.002851579125562776 -0.00021712053081868884 0.002637920320676558
v 0.0028885053942686594 -0.0002533963079736461 0.002637920320676558
v 0.002938622170568506 -0.00026634886265511365 0.002637920320676558
v 0.002938622170568506 -0.00026634886265511365 0.002687920271875256
v 0.0028885053942686594 -0.0002533963079736461 0.002687920271875256
v 0.002851579125562776 -0.00021712053081868884 0.002687920271875256
v 0.002837737735262414 -0.00016724157704618023 0.002637920320676558
v 0.002834182914327466 0.00023274260984191417 0.002637920320676558
v 0.002837737735262414 -0.00016724157704618023 0.002687920271875256
v 0.002834182914327466 0.00023274260984191417 0.002687920271875256
v 0.0032332777254295846 0.0003362937196427496 0.002637920320676558
v 0.0032386099568320064 -0.00026368257931584307 0.002637920320676558
v 0.0029332899391660843 0.00033362741767702797 0.002637920320676558
v 0.002883410389347141 0.00031978610188247025 0.002637920320676558
v 0.0028471350033476566 0.00028285970279142916 0.002637920320676558
v 0.002834182914327466 0.00023274260984191417 0.002637920320676558
v 0.002837737735262414 -0.00016724157704618023 0.002637920320676558
v 0.002851579125562776 -0.00021712053081868884 0.002637920320676558
v 0.0028885053942686594 -0.0002533963079736461 0.002637920320676558
v 0.002938622170568506 -0.00026634886265511365 0.002637920320676558
v 0.0031859456780714006 3.586118029368265e-05 0.002637920320676558
v 0.002937019997752755 3.3648725778265456e-05 0.002637920320676558
v 0.0029820322323881325 -3.4526851187791263e-06 0.002637920320676558
v 0.002930970126443278 -3.906522091704857e-06 0.002637920320676558
v 0.0028859578918079003 3.3194887641186534e-05 0.002637920320676558
v 0.0028856252978974877 7.069340749025177e-05 0.002637920320676558
v 0.003185613084160988 7.335969548613511e-05 0.002637920320676558
v 0.0029332899391660843 0.00033362741767702797 0.002637920320676558
v 0.0029332899391660843 0.00033362741767702797 0.002687920271875256
v 0.002883410389347141 0.00031978610188247025 0.002637920320676558
v 0.0028471350033476566 0.00028285970279142916 0.002637920320676558
v 0.002834182914327466 0.00023274260984191417 0.002637920320676558
v 0.002834182914327466 0.00023274260984191417 0.002687920271875256
v 0.0028471350033476566 0.00028285970279142916 0.002687920271875256
v 0.002883410389347141 0.00031978610188247025 0.002687920271875256
v 0.0029332899391660843 0.00033362741767702797 0.002637920320676558
v 0.0032332777254295846 0.0003362937196427496 0.002637920320676558
v 0.0029332899391660843 0.00033362741767702797 0.002687920271875256
v 0.0032332777254295846 0.0003362937196427496 0.002687920271875256
v 0.003185613084160988 7.335969548613511e-05 0.0026679205298143507
v 0.0031859456780714006 3.586118029368265e-05 0.0026679205298143507
v 0.0031859456780714006 3.586118029368265e-05 0.002637920320676558
v 0.003185613084160988 7.335969548613511e-05 0.002637920320676558
v 0.0028856252978974877 7.069340749025177e-05 0.0026679205298143507
v 0.003185613084160988 7.335969548613511e-05 0.0026679205298143507
v 0.003185613084160988 7.335969548613511e-05 0.002637920320676558
v 0.0028856252978974877 7.069340749025177e-05 0.002637920320676558
v 0.0028859578918079003 3.3194887641186534e-05 0.0026679205298143507
v 0.0028856252978974877 7.069340749025177e-05 0.0026679205298143507
v 0.0028856252978974877 7.069340749025177e-05 0.002637920320676558
v 0.0028859578918079003 3.3194887641186534e-05 0.002637920320676558
v 0.0028859578918079003 3.3194887641186534e-05 0.0026679205298143507
v 0.002930970126443278 -3.906522091704857e-06 0.0026679205298143507
v 0.0028859578918079003 3.3194887641186534e-05 0.002637920320676558
v 0.002930970126443278 -3.906522091704857e-06 0.002637920320676558
v 0.0029820322323881325 -3.4526851187791263e-06 0.0026679205298143507
v 0.002930970126443278 -3.906522091704857e-06 0.0026679205298143507
v 0.002930970126443278 -3.906522091704857e-06 0.002637920320676558
v 0.0029820322323881325 -3.4526851187791263e-06 0.002637920320676558
v 0.0029820322323881325 -3.4526851187791263e-06 0.0026679205298143507
v 0.002937019997752755 3.3648725778265456e-05 0.0026679205298143507
v 0.0029820322323881325 -3.4526851187791263e-06 0.002637920320676558
v 0.002937019997752755 3.3648725778265456e-05 0.002637920320676558
v 0.0031859456780714006 3.586118029368265e-05 0.0026679205298143507
v 0.002937019997752755 3.3648725778265456e-05 0.0026679205298143507
v 0.002937019997752755 3.3648725778265456e-05 0.002637920320676558
v 0.0031859456780714006 3.586118029368265e-05 0.002637920320676558
v 0.0028859578918079003 3.3194887641186534e-05 0.0026679205298143507
v 0.002930970126443278 -3.906522091704857e-06 0.0026679205298143507
v 0.0029820322323881325 -3.4526851187791263e-06 0.0026679205298143507
v 0.002937019997752755 3.3648725778265456e-05 0.0026679205298143507
v 0.0031859456780714006 3.586118029368265e-05 0.0026679205298143507
v 0.003185613084160988 7.335969548613511e-05 0.0026679205298143507
v 0.0028856252978974877 7.069340749025177e-05 0.0026679205298143507
v 0.003239515947412342 -0.00036558765100864343 0.0021879207598882746
v 0.003239515947412342 -0.00036558765100864343 0.002687920271875256
v 0.0030492626939133687 -0.0011462954175555237 0.002687920271875256
v 0.0031341349378049004 -0.0008916021684199084 0.002687920271875256
v 0.0031976973295726467 -0.0006307729937708452 0.002687920271875256
v 0.0030492626939133687 -0.0011462954175555237 0.0021879207598882746
v 0.0031976973295726467 -0.0006307729937708452 0.0021879207598882746
v 0.0031341349378049004 -0.0008916021684199084 0.0021879207598882746
v 0.002918332749940467 -0.0012035140871216184 0.002687920271875256
v 0.0029703985980809038 -0.0012097150562022237 0.002687920271875256
v 0.0030184447090675364 -0.001188717904939102 0.002687920271875256
v 0.0030492626939133687 -0.0011462954175555237 0.002687920271875256
v 0.002918332749940467 -0.0012035140871216184 0.0021879207598882746
v 0.0030492626939133687 -0.0011462954175555237 0.0021879207598882746
v 0.0030184447090675364 -0.001188717904939102 0.0021879207598882746
v 0.0029703985980809038 -0.0012097150562022237 0.0021879207598882746
v 0.001989914134370219 2.523085977366134e-05 0.002687920271875256
v 0.0018015729978329011 -0.0008351214788454437 0.002687920271875256
v 0.0012585901932733459 -0.0015285539285416763 0.002687920271875256
v 0.0004685115709488486 -0.0019177239704640807 0.002687920271875256
v -0.0004121804145236219 -0.0019255515502642488 0.002687920271875256
v -0.0012090515820148975 -0.001550486351166225 0.002687920271875256
v -0.0017642736040590636 -0.000866814683374434 0.002687920271875256
v -0.0019678771055964277 -9.945934648902682e-06 0.002687920271875256
v -0.0019678771055964277 -9.945934648902682e-06 0.0026679205298143507
v -0.0017642736040590636 -0.000866814683374434 0.0026679205298143507
v -0.0012090515820148975 -0.001550486351166225 0.0026679205298143507
v -0.0004121804145236219 -0.0019255515502642488 0.0026679205298143507
v 0.0004685115709488486 -0.0019177239704640807 0.0026679205298143507
v 0.0012585901932733459 -0.0015285539285416763 0.0026679205298143507
v 0.0018015729978329011 -0.0008351214788454437 0.0026679205298143507
v 0.001989914134370219 2.523085977366134e-05 0.0026679205298143507
v 0.001989914134370219 2.523085977366134e-05 0.0026679205298143507
v 0.001786310632832855 0.0008820995491273799 0.0026679205298143507
v 0.001231088610788689 0.0015657713659307795 0.0026679205298143507
v 0.0004342162512045445 0.0019408365650288033 0.0026679205298143507
v -0.00044647454217505716 0.0019330089852286352 0.0026679205298143507
v -0.0012365537605459889 0.0015438389433062307 0.0026679205298143507
v -0.0017795359690591097 0.0008504063445983896 0.0026679205298143507
v -0.0019678771055964277 -9.945934648902682e-06 0.0026679205298143507
v -0.0019678771055964277 -9.94592882813672e-06 0.002687920271875256
v -0.0017795359690591097 0.0008504063445983896 0.002687920271875256
v -0.0012365537605459889 0.0015438389433062307 0.002687920271875256
v -0.00044647454217505716 0.0019330089852286352 0.002687920271875256
v 0.0004342162512045445 0.0019408365650288033 0.002687920271875256
v 0.001231088610788689 0.0015657713659307795 0.002687920271875256
v 0.0017863094407399862 0.0008820995491273799 0.002687920271875256
v 0.001989914134370219 2.523085977366134e-05 0.002687920271875256
v 0.0014281356015473092 2.0237783449043697e-05 0.00220480794746858
v 0.0011500870924423536 0.0008507928807111182 0.00220480794746858
v 0.0004369532964314527 0.0013592932814517624 0.00220480794746858
v -0.0004388737580431901 0.0013515089150180906 0.00220480794746858
v -0.0011428570491927028 0.0008304132335540672 0.00220480794746858
v -0.0014060991688199522 -4.952858324285036e-06 0.00220480794746858
v -0.0019678771055964277 -9.945934648902682e-06 0.0026679205298143507
v 0.001989914134370219 2.523085977366134e-05 0.0026679205298143507
v 0.001786310632832855 0.0008820995491273799 0.0026679205298143507
v 0.001231088610788689 0.0015657713659307795 0.0026679205298143507
v 0.0004342162512045445 0.0019408365650288033 0.0026679205298143507
v -0.00044647454217505716 0.0019330089852286352 0.0026679205298143507
v -0.0012365537605459889 0.0015438389433062307 0.0026679205298143507
v -0.0017795359690591097 0.0008504063445983896 0.0026679205298143507
v 0.0013721215418252 1.9739926351459474e-05 0.002124808383178524
v 0.0011050629368782874 0.0008174656893879391 0.002124808383178524
v 0.0004201173688445082 0.0013058665102899105 0.002124808383178524
v -0.0004210913087183688 0.0012983898528280138 0.002124808383178524
v -0.001097247576030025 0.0007978915244812175 0.002124808383178524
v -0.0013500845130514085 -4.455002390854006e-06 0.002124808383178524
v -0.0014060991688199522 -4.952858324285036e-06 0.00220480794746858
v 0.0014281356015473092 2.0237783449043697e-05 0.00220480794746858
v 0.0011500870924423536 0.0008507928807111182 0.00220480794746858
v 0.0004369532964314527 0.0013592932814517624 0.00220480794746858
v -0.0004388737580431901 0.0013515089150180906 0.00220480794746858
v -0.0011428570491927028 0.0008304132335540672 0.00220480794746858
v -0.0013700836590658796 -4.6327557776252364e-06 0.002124808383178524
v -0.0011135321606651207 0.0008095029560587637 0.002124808383178524
v -0.00042744039533793027 0.0013173553053135725 0.002124808383178524
v 0.0004261279010893127 0.0013249417843310132 0.002124808383178524
v 0.0011211383092148976 0.0008293647133700983 0.002124808383178524
v 0.0013921200917932366 1.9917678574077512e-05 0.002124808383178524
v 0.0011355685933924777 -0.0007942180903058178 0.002124808383178524
v 0.00044947623201885284 -0.001302070290549018 0.002124808383178524
v -0.00040409087231552126 -0.0013096567695664587 0.002124808383178524
v -0.0010991012804411062 -0.0008140798476171525 0.002124808383178524
v -0.0013500845130514085 -4.455002390854006e-06 0.002124808383178524
v -0.0010830265041509304 -0.0008021808236349932 0.002124808383178524
v -0.00039808034007071674 -0.001290581495525356 0.002124808383178524
v 0.0004431271453992914 -0.0012831048380634593 0.002124808383178524
v 0.0011192846048038165 -0.0007826066587282716 0.002124808383178524
v 0.0013721215418252 1.9739926351459474e-05 0.002124808383178524
v 0.0011050629368782874 0.0008174656893879391 0.002124808383178524
v 0.0004201173688445082 0.0013058665102899105 0.002124808383178524
v -0.0004210913087183688 0.0012983898528280138 0.002124808383178524
v -0.001097247576030025 0.0007978915244812175 0.002124808383178524
v 0.001426759926376642 2.022555518391232e-05 0.002104808045071184
v 0.0011489808302600493 0.0008499744344508399 0.002104808045071184
v 0.0004365396402059574 0.0013579812342379707 0.002104808045071184
v -0.00043843745205318646 0.0013502044673963378 0.002104808045071184
v -0.0011417370779424065 0.0008296146058377336 0.002104808045071184
v -0.001404723493649285 -4.940632387460043e-06 0.002104808045071184
v -0.0013700836590658796 -4.6327557776252364e-06 0.002124808383178524
v -0.0011135321606651207 0.0008095029560587637 0.002124808383178524
v -0.00042744039533793027 0.0013173553053135725 0.002124808383178524
v 0.0004261279010893127 0.0013249417843310132 0.002124808383178524
v 0.0011211383092148976 0.0008293647133700983 0.002124808383178524
v 0.0013921200917932366 1.9917678574077512e-05 0.002124808383178524
v 0.001426759926376642 2.022555518391232e-05 0.002104808045071184
v 0.0011489808302600493 0.0008499744344508399 0.002104808045071184
v 0.0004365396402059574 0.0013579812342379707 0.002104808045071184
v -0.00043843745205318646 0.0013502044673963378 0.002104808045071184
v -0.0011417370779424065 0.0008296146058377336 0.002104808045071184
v -0.001404723493649285 -4.940632387460043e-06 0.002104808045071184
v -0.0011269443975326923 -0.000834689568697894 0.002104808045071184
v -0.000414502611432166 -0.0013426962194734162 0.002104808045071184
v 0.00046047328873410903 -0.0013349194526317833 0.002104808045071184
v 0.0011637735106697635 -0.0008143297400847878 0.002104808045071184
v 0.0013619565659324098 1.9649581078821837e-05 0.002104808045071184
v 0.0011110079040153045 -0.0007767049794635551 0.002104808045071184
v 0.0004399001500032807 -0.0012734652771026202 0.002104808045071184
v -0.00039502500604782226 -0.0012808862042228977 0.002104808045071184
v -0.001074855899627747 -0.0007961328894764281 0.002104808045071184
v -0.0013399195371586183 -4.364657118216369e-06 0.002104808045071184
v -0.001088970875241513 0.000791989845216501 0.002104808045071184
v -0.0004178643133223581 0.0012887502918671747 0.002104808045071184
v 0.0004170620348216137 0.0012961712189874521 0.002104808045071184
v 0.001096892332355104 0.000811417755229374 0.002104808045071184
v 0.0013921200917932366 1.9917678574077512e-05 0.002124808383178524
v 0.0011355685933924777 -0.0007942180903058178 0.002124808383178524
v 0.00044947623201885284 -0.001302070290549018 0.002124808383178524
v -0.00040409087231552126 -0.0013096567695664587 0.002124808383178524
v -0.0010991012804411062 -0.0008140798476171525 0.002124808383178524
v -0.0013700836590658796 -4.6327557776252364e-06 0.002124808383178524
v -0.001404723493649285 -4.940632387460043e-06 0.002104808045071184
v -0.0011269443975326923 -0.000834689568697894 0.002104808045071184
v -0.000414502611432166 -0.0013426962194734162 0.002104808045071184
v 0.00046047328873410903 -0.0013349194526317833 0.002104808045071184
v 0.0011637735106697635 -0.0008143297400847878 0.002104808045071184
v 0.001426759926376642 2.022555518391232e-05 0.002104808045071184
v -0.0013042294687577451 -4.047441671473345e-06 0.002119792652432785
v -0.0010599106313308184 0.0007712682164176949 0.002119792652432785
v -0.00040653347060382044 0.0012549048381692576 0.002119792652432785
v 0.0004063343910947204 0.0012621296660126071 0.002119792652432785
v 0.001068204617465929 0.0007901828559447184 0.002119792652432785
v 0.0013262653054386677 1.9332365632078813e-05 0.002119792652432785
v -0.0013146453801994309 -4.14001746162733e-06 0.0021116673474386185
v -0.001326825589087033 -4.248274395280902e-06 0.0021065532690311985
v -0.0013399195371586183 -4.364657118216369e-06 0.002104808045071184
v -0.001088970875241513 0.000791989845216501 0.002104808045071184
v -0.0004178643133223581 0.0012887502918671747 0.002104808045071184
v 0.0004170620348216137 0.0012961712189874521 0.002104808045071184
v 0.001096892332355104 0.000811417755229374 0.002104808045071184
v 0.0013619565659324098 1.9649581078821837e-05 0.002104808045071184
v 0.0013366818129267879 1.94249414222328e-05 0.0021116673474386185
v 0.0013488614257679556 1.953319835588637e-05 0.0021065532690311985
v 0.00107657668568395 0.0007963800252293042 0.0021116673474386185
v 0.0010863673444159174 0.000803626981296532 0.0021065532690311985
v 0.00040946482696835323 0.0012720642699584896 0.0021116673474386185
v 0.00041312574416862985 0.0012836818110119887 0.0021065532690311985
v -0.0004098403362220449 0.0012647823706690433 0.0021116673474386185
v -0.00041370629339576587 0.001276332856498669 0.0021065532690311985
v -0.0010683917760463404 0.0007773156290356299 0.0021116673474386185
v -0.0010783093926688416 0.0007843873474511349 0.0021065532690311985
v 0.0012909674355916503 1.9018636824146574e-05 0.0021557735914936606
v 0.0013262653054386677 1.9332365632078813e-05 0.002119792652432785
v -0.0013042294687577451 -4.047441671473345e-06 0.002119792652432785
v -0.0010599106313308184 0.0007712682164176949 0.002119792652432785
v -0.00040653347060382044 0.0012549048381692576 0.002119792652432785
v 0.0004063343910947204 0.0012621296660126071 0.002119792652432785
v 0.001068204617465929 0.0007901828559447184 0.002119792652432785
v -0.0012689310028642933 -3.733712863541106e-06 0.0021557735914936606
v 0.0010398328071870024 0.0007691813088391426 0.0021557735914936606
v 0.0003957247645618445 0.0012284621321753677 0.0021557735914936606
v -0.0003953277976365133 0.0012214312429406212 0.0021557735914936606
v -0.0010311692722625445 0.0007507742773568417 0.0021557735914936606
v 0.0012859677980996411 1.8974197604338872e-05 0.0021608793252509985
v 0.0012909674355916503 1.9018636824146574e-05 0.0021557735914936606
v 0.0010398328071870024 0.0007691813088391426 0.0021557735914936606
v 0.0003957247645618445 0.0012284621321753677 0.0021557735914936606
v -0.0003953277976365133 0.0012214312429406212 0.0021557735914936606
v -0.0010311692722625445 0.0007507742773568417 0.0021557735914936606
v -0.0012689310028642933 -3.733712863541106e-06 0.0021557735914936606
v -0.0012639313653722841 -3.689273643733404e-06 0.0021608793252509985
v 0.0010358130700331982 0.0007662065900965049 0.0021608793252509985
v 0.0003942227275470778 0.0012236932391592877 0.0021608793252509985
v -0.0003937399299351885 0.0012166898425663294 0.0021608793252509985
v -0.0010270982751153792 0.0007478714567153573 0.0021608793252509985
v 1.1018514386895719e-05 7.642461980302734e-06 0.002618306816705164
v 0.0012859677980996411 1.8974197604338872e-05 0.0021608793252509985
v 1.1018514386895719e-05 7.642461980302734e-06 0.002618306816705164
v -0.0012639313653722841 -3.689273643733404e-06 0.0021608793252509985
v 0.0010358130700331982 0.0007662065900965049 0.0021608793252509985
v 0.0003942227275470778 0.0012236932391592877 0.0021608793252509985
v -0.0003937399299351885 0.0012166898425663294 0.0021608793252509985
v -0.0010270982751153792 0.0007478714567153573 0.0021608793252509985
v -0.0012639313653722841 -3.689273643733404e-06 0.0021608793252509985
v -0.0010137772333522756 -0.0007509217243435591 0.0021608793252509985
v -0.0003721856987732864 -0.0012084083734063419 0.0021608793252509985
v 0.00041577695870897996 -0.0012014049768133835 0.0021608793252509985
v 0.0010491347078427362 -0.0007325865909624114 0.0021608793252509985
v 0.0012859677980996411 1.8974197604338872e-05 0.0021608793252509985
v 1.1018514386895719e-05 7.642461980302734e-06 0.002618306816705164
v 1.1018514386895719e-05 7.642461980302734e-06 0.002618306816705164
v 0.0012859677980996411 1.8974197604338872e-05 0.0021608793252509985
v 0.0012909674355916503 1.9018636824146574e-05 0.0021557735914936606
v -0.0012639313653722841 -3.689273643733404e-06 0.0021608793252509985
v -0.0010137772333522756 -0.0007509217243435591 0.0021608793252509985
v -0.0003721856987732864 -0.0012084083734063419 0.0021608793252509985
v 0.00041577695870897996 -0.0012014049768133835 0.0021608793252509985
v 0.0010491347078427362 -0.0007325865909624114 0.0021608793252509985
v -0.0012689310028642933 -3.733712863541106e-06 0.0021557735914936606
v 0.0010532057049899015 -0.0007354894116038958 0.0021557735914936606
v 0.0004173636343174359 -0.0012061463771876754 0.0021557735914936606
v -0.00037368892788092195 -0.0012131772664224218 0.0021557735914936606
v -0.001017795778413211 -0.0007538964430861967 0.0021557735914936606
v 0.0012909674355916503 1.9018636824146574e-05 0.0021557735914936606
v 0.0013262653054386677 1.9332365632078813e-05 0.002119792652432785
v 0.0010532057049899015 -0.0007354894116038958 0.0021557735914936606
v 0.0004173636343174359 -0.0012061463771876754 0.0021557735914936606
v -0.00037368892788092195 -0.0012131772664224218 0.0021557735914936606
v -0.001017795778413211 -0.0007538964430861967 0.0021557735914936606
v -0.0012689310028642933 -3.733712863541106e-06 0.0021557735914936606
v -0.0013042294687577451 -4.047441671473345e-06 0.002119792652432785
v 0.0010819470640581754 -0.0007559833506647491 0.002119792652432785
v 0.000428569307284743 -0.0012396199724163117 0.002119792652432785
v -0.000384297362320929 -0.001246844725753857 0.002119792652432785
v -0.001046168184738572 -0.0007748979901917725 0.002119792652432785
v 0.0013619565659324098 1.9649581078821837e-05 0.002104808045071184
v 0.0011110079040153045 -0.0007767049794635551 0.002104808045071184
v 0.0004399001500032807 -0.0012734652771026202 0.002104808045071184
v -0.00039502500604782226 -0.0012808862042228977 0.002104808045071184
v -0.001074855899627747 -0.0007961328894764281 0.002104808045071184
v -0.0013399195371586183 -4.364657118216369e-06 0.002104808045071184
v -0.0013042294687577451 -4.047441671473345e-06 0.002119792652432785
v -0.0013146453801994309 -4.14001746162733e-06 0.0021116673474386185
v -0.001326825589087033 -4.248274395280902e-06 0.0021065532690311985
v 0.0013262653054386677 1.9332365632078813e-05 0.002119792652432785
v 0.0010819470640581754 -0.0007559833506647491 0.002119792652432785
v 0.000428569307284743 -0.0012396199724163117 0.002119792652432785
v -0.000384297362320929 -0.001246844725753857 0.002119792652432785
v -0.001046168184738572 -0.0007748979901917725 0.002119792652432785
v 0.0013366818129267879 1.94249414222328e-05 0.0021116673474386185
v 0.0013488614257679556 1.953319835588637e-05 0.0021065532690311985
v -0.001054540252956593 -0.0007810951594763583 0.0021116673474386185
v -0.0010643309116885604 -0.0007883421155435861 0.0021065532690311985
v -0.00038742899028743066 -0.0012567792551939352 0.0021116673474386185
v -0.0003910899074877073 -0.0012683967962474343 0.0021065532690311985
v 0.0004318761729029675 -0.0012494974304102931 0.0021116673474386185
v 0.0004357433221695573 -0.0012610478417341144 0.0021065532690311985
v 0.001090427612727263 -0.000762030763282684 0.0021116673474386185
v 0.0011003458253961986 -0.0007691024816981891 0.0021065532690311985
v 0.0014281356015473092 2.0237783449043697e-05 0.00220480794746858
v 0.0011648940779664942 -0.0008151283678011213 0.00220480794746858
v 0.00046091078681698155 -0.001336223900253536 0.00220480794746858
v -0.00041491626765766126 -0.001344008266687208 0.00220480794746858
v -0.0011280500636685622 -0.0008355080149581724 0.00220480794746858
v -0.0014060991688199522 -4.952858324285036e-06 0.00220480794746858
v -0.0013500845130514085 -4.455002390854006e-06 0.002124808383178524
v -0.0010830265041509304 -0.0008021808236349932 0.002124808383178524
v -0.00039808034007071674 -0.001290581495525356 0.002124808383178524
v 0.0004431271453992914 -0.0012831048380634593 0.002124808383178524
v 0.0011192846048038165 -0.0007826066587282716 0.002124808383178524
v 0.0013721215418252 1.9739926351459474e-05 0.002124808383178524
v -0.0019678771055964277 -9.945934648902682e-06 0.0026679205298143507
v -0.0017642736040590636 -0.000866814683374434 0.0026679205298143507
v -0.0012090515820148975 -0.001550486351166225 0.0026679205298143507
v -0.0004121804145236219 -0.0019255515502642488 0.0026679205298143507
v 0.0004685115709488486 -0.0019177239704640807 0.0026679205298143507
v 0.0012585901932733459 -0.0015285539285416763 0.0026679205298143507
v 0.0018015729978329011 -0.0008351214788454437 0.0026679205298143507
v 0.001989914134370219 2.523085977366134e-05 0.0026679205298143507
v -0.0014060991688199522 -4.952858324285036e-06 0.00220480794746858
v 0.0014281356015473092 2.0237783449043697e-05 0.00220480794746858
v 0.0011648940779664942 -0.0008151283678011213 0.00220480794746858
v 0.00046091078681698155 -0.001336223900253536 0.00220480794746858
v -0.00041491626765766126 -0.001344008266687208 0.00220480794746858
v -0.0011280500636685622 -0.0008355080149581724 0.00220480794746858
v 0.0033359407632960196 3.7194326619930704e-05 -0.0016920744994564094
v 0.0032095836875680743 -0.000900741497410651 -0.0016920744994564094
v 0.0028240978086568895 -0.001765085419302759 -0.0016920744994564094
v 0.002210712383448055 -0.0024858134429347483 -0.0016920744994564094
v 0.0014191221873658402 -0.003004536561566518 -0.0016920744994564094
v 0.0005134546641978323 -0.003279230819361712 -0.0016920744994564094
v -0.0004329168699774844 -0.0032876422266444054 -0.0016920744994564094
v -0.0013433229622992207 -0.0030290892043168265 -0.0016920744994564094
v -0.002144008826970856 -0.0025245183142009746 -0.0016920744994564094
v -0.0027701073265796743 -0.001814806569781752 -0.0016920744994564094
v -0.003170895505602012 -0.0009574511433217416 -0.0016920744994564094
v -0.003313903734522228 -2.190940033101885e-05 -0.0016920744994564094
v 0.0033359407632960196 3.719415898187102e-05 -0.0013920211480851214
v 0.003075720003044902 -0.001282156975221105 -0.0014049845619875663
v 0.0022434889768774284 -0.0024565116512065004 -0.0014188730399562483
v 0.0008182871158803896 -0.0032179265495108082 -0.001434498397234863
v 9.194612297536155e-05 -0.003316425905009524 -0.0014415293609754138
v -0.0012526172119539105 -0.003067939510913054 -0.0014547133120585982
v -0.0024996721185817088 -0.002172360371671012 -0.0014695447354865507
v -0.0030985962651983727 -0.001169759754022365 -0.0014807831910077516
v -0.003313903734522228 -2.1909092994576097e-05 -0.0014920216465289524
v 0.0033359407632960196 3.7194326619930704e-05 -0.0016920744994564094
v 0.0032095836875680743 -0.000900741497410651 -0.0016920744994564094
v 0.0028240978086568895 -0.001765085419302759 -0.0016920744994564094
v 0.002210712383448055 -0.0024858134429347483 -0.0016920744994564094
v 0.0014191221873658402 -0.003004536561566518 -0.0016920744994564094
v 0.0005134546641978323 -0.003279230819361712 -0.0016920744994564094
v -0.0004329168699774844 -0.0032876422266444054 -0.0016920744994564094
v -0.0013433229622992207 -0.0030290892043168265 -0.0016920744994564094
v -0.002144008826970856 -0.0025245183142009746 -0.0016920744994564094
v -0.0027701073265796743 -0.001814806569781752 -0.0016920744994564094
v -0.003170895505602012 -0.0009574511433217416 -0.0016920744994564094
v -0.003313903734522228 -2.190940033101885e-05 -0.0016920744994564094
v -0.003187546658794283 0.0009160263631635969 -0.0016920744994564094
v -0.002802060779883098 0.0017803704340673134 -0.0016920744994564094
v -0.0021886765467671325 0.0025010984576993027 -0.0016920744994564094
v -0.0013970857546384832 0.0030198215763310725 -0.0016920744994564094
v -0.0004914188275169097 0.0032945158341262664 -0.0016920744994564094
v 0.000454952706658407 0.00330292724140896 -0.0016920744994564094
v 0.001365359991073012 0.003044374219081381 -0.0016920744994564094
v 0.0021660458557446476 0.002539803328965529 -0.0016920744994564094
v 0.0027921437593070313 0.0018300915845463064 -0.0016920744994564094
v 0.0031929313422829346 0.0009727360090746875 -0.0016920744994564094
v 0.003315941021235114 3.7016574397312665e-05 -0.0016920744994564094
v 0.003173792291273348 0.0009669310383439574 -0.0016920744994564094
v 0.0027754151200782844 0.0018191296945706816 -0.0016920744994564094
v 0.002153083037888637 0.002524572554426508 -0.0016920744994564094
v 0.001357213228407206 0.003026108376098236 -0.0016920744994564094
v 0.00045228241863215507 0.0032831063132783837 -0.0016920744994564094
v -0.0004883968720943433 0.003274745569942617 -0.0016920744994564094
v -0.0013886159348052154 0.0030017035528636664 -0.0016920744994564094
v -0.002175445508015628 0.002486100439292927 -0.0016920744994564094
v -0.0027851402137024643 0.0017697076103901645 -0.0016920744994564094
v -0.0031683074719837116 0.0009105624800049701 -0.0016920744994564094
v -0.003293904588507757 -2.1731648108400812e-05 -0.0016920744994564094
v -0.0031517564545924253 -0.0009516461725910116 -0.0016920744994564094
v -0.0027533786873509274 -0.0018038446798061272 -0.0016920744994564094
v -0.00213104660516128 -0.0025092875396619534 -0.0016920744994564094
v -0.001335176795679849 -0.0030108233613336814 -0.0016920744994564094
v -0.0004302465819512325 -0.0032678212985138293 -0.0016920744994564094
v 0.0005104327087752659 -0.0032594605551780624 -0.0016920744994564094
v 0.0014106523675325724 -0.002986418538099112 -0.0016920744994564094
v 0.0021974813446965506 -0.0024708154245283724 -0.0016920744994564094
v 0.0028071772424762558 -0.00175442259562561 -0.0016920744994564094
v 0.003190344500757503 -0.0008952776142520242 -0.0016920744994564094
v 0.003315941021235114 3.7016574397312665e-05 -0.0016920744994564094
v 0.003315941021235114 3.7016574397312665e-05 -0.0024620747015906565
v -0.003293904588507757 -2.1731648108400812e-05 -0.0024620747015906565
v -0.0031683074719837116 0.0009105624800049701 -0.0024620747015906565
v -0.0027851402137024643 0.0017697076103901645 -0.0024620747015906565
v -0.002175445508015628 0.002486100439292927 -0.0024620747015906565
v -0.0013886159348052154 0.0030017035528636664 -0.0024620747015906565
v -0.0004883968720943433 0.003274745569942617 -0.0024620747015906565
v 0.00045228241863215507 0.0032831063132783837 -0.0024620747015906565
v 0.001357213228407206 0.003026108376098236 -0.0024620747015906565
v 0.002153083037888637 0.002524572554426508 -0.0024620747015906565
v 0.0027754151200782844 0.0018191296945706816 -0.0024620747015906565
v 0.003173792291273348 0.0009669310383439574 -0.0024620747015906565
v -0.003293904588507757 -2.1731648108400812e-05 -0.0016920744994564094
v 0.003173792291273348 0.0009669310383439574 -0.0016920744994564094
v 0.0027754151200782844 0.0018191296945706816 -0.0016920744994564094
v 0.002153083037888637 0.002524572554426508 -0.0016920744994564094
v 0.001357213228407206 0.003026108376098236 -0.0016920744994564094
v 0.00045228241863215507 0.0032831063132783837 -0.0016920744994564094
v -0.0004883968720943433 0.003274745569942617 -0.0016920744994564094
v -0.0013886159348052154 0.0030017035528636664 -0.0016920744994564094
v -0.002175445508015628 0.002486100439292927 -0.0016920744994564094
v -0.0027851402137024643 0.0017697076103901645 -0.0016920744994564094
v -0.0031683074719837116 0.0009105624800049701 -0.0016920744994564094
v 0.003315941021235114 3.7016574397312665e-05 -0.0016920744994564094
v 0.003315941021235114 3.7016574397312665e-05 -0.0024620747015906565
v -0.003293904588507757 -2.1731648108400812e-05 -0.0016920744994564094
v -0.0031517564545924253 -0.0009516461725910116 -0.0016920744994564094
v -0.0027533786873509274 -0.0018038446798061272 -0.0016920744994564094
v -0.00213104660516128 -0.0025092875396619534 -0.0016920744994564094
v -0.001335176795679849 -0.0030108233613336814 -0.0016920744994564094
v -0.0004302465819512325 -0.0032678212985138293 -0.0016920744994564094
v 0.0005104327087752659 -0.0032594605551780624 -0.0016920744994564094
v 0.0014106523675325724 -0.002986418538099112 -0.0016920744994564094
v 0.0021974813446965506 -0.0024708154245283724 -0.0016920744994564094
v 0.0028071772424762558 -0.00175442259562561 -0.0016920744994564094
v 0.003190344500757503 -0.0008952776142520242 -0.0016920744994564094
v -0.003293904588507757 -2.1731648108400812e-05 -0.0024620747015906565
v 0.003190344500757503 -0.0008952776142520242 -0.0024620747015906565
v 0.0028071772424762558 -0.00175442259562561 -0.0024620747015906565
v 0.0021974813446965506 -0.0024708154245283724 -0.0024620747015906565
v 0.0014106523675325724 -0.002986418538099112 -0.0024620747015906565
v 0.0005104327087752659 -0.0032594605551780624 -0.0024620747015906565
v -0.0004302465819512325 -0.0032678212985138293 -0.0024620747015906565
v -0.001335176795679849 -0.0030108233613336814 -0.0024620747015906565
v -0.00213104660516128 -0.0025092875396619534 -0.0024620747015906565
v -0.0027533786873509274 -0.0018038446798061272 -0.0024620747015906565
v -0.0031517564545924253 -0.0009516461725910116 -0.0024620747015906565
v 0.003315941021235114 3.7016574397312665e-05 -0.0024620747015906565
v 0.003190344500757503 -0.0008952776142520242 -0.0024620747015906565
v 0.0028071772424762558 -0.00175442259562561 -0.0024620747015906565
v 0.0021974813446965506 -0.0024708154245283724 -0.0024620747015906565
v 0.0014106523675325724 -0.002986418538099112 -0.0024620747015906565
v 0.0005104327087752659 -0.0032594605551780624 -0.0024620747015906565
v -0.0004302465819512325 -0.0032678212985138293 -0.0024620747015906565
v -0.001335176795679849 -0.0030108233613336814 -0.0024620747015906565
v -0.00213104660516128 -0.0025092875396619534 -0.0024620747015906565
v -0.0027533786873509274 -0.0018038446798061272 -0.0024620747015906565
v -0.0031517564545924253 -0.0009516461725910116 -0.0024620747015906565
v -0.003293904588507757 -2.1731648108400812e-05 -0.0024620747015906565
v -0.0031683074719837116 0.0009105624800049701 -0.0024620747015906565
v -0.0027851402137024643 0.0017697076103901645 -0.0024620747015906565
v -0.002175445508015628 0.002486100439292927 -0.0024620747015906565
v -0.0013886159348052154 0.0030017035528636664 -0.0024620747015906565
v -0.0004883968720943433 0.003274745569942617 -0.0024620747015906565
v 0.00045228241863215507 0.0032831063132783837 -0.0024620747015906565
v 0.001357213228407206 0.003026108376098236 -0.0024620747015906565
v 0.002153083037888637 0.002524572554426508 -0.0024620747015906565
v 0.0027754151200782844 0.0018191296945706816 -0.0024620747015906565
v 0.003173792291273348 0.0009669310383439574 -0.0024620747015906565
v 0.003095949819029498 3.5061295291901474e-05 -0.0024620747015906565
v 0.002936489516426111 0.0009870154935043565 -0.0024620747015906565
v 0.002490663472771715 0.0018431019371054627 -0.0024620747015906565
v 0.0018021130159024958 0.002519520762871486 -0.0024620747015906565
v 0.0009382378845310682 0.0029500594075755897 -0.0024620747015906565
v -1.6400813689809727e-05 0.0030925738120248796 -0.0024620747015906565
v -0.0009683549187700093 0.00293311380744471 -0.0024620747015906565
v -0.0018244415113827241 0.002487288061813531 -0.0024620747015906565
v -0.0025008600391255302 0.0017987374559327032 -0.0024620747015906565
v -0.002931398683829634 0.0009348618030206453 -0.0024620747015906565
v -0.003073913386302141 -1.977636900298962e-05 -0.0024620747015906565
v -0.0030705302267403094 -0.00013937511169817045 -0.0024620747015906565
v -0.003062511614057906 -0.0002587527165095645 -0.0024620747015906565
v -0.0030498706612764885 -0.0003777296384186377 -0.0024620747015906565
v -0.003032625845835524 -0.0004961269237966777 -0.0024620747015906565
v -0.003010803393778128 -0.000613766522397849 -0.0024620747015906565
v -0.0029844354916117592 -0.0007304714456840279 -0.0024620747015906565
v -0.002953562074447525 -0.0008460661579802743 -0.0024620747015906565
v -0.0029182296339073104 -0.0009603768372451473 -0.0024620747015906565
v -0.0028784912181237803 -0.0010732315240823134 -0.0024620747015906565
v -0.002834407027786812 -0.0011844604942695682 -0.0024620747015906565
v -0.002786042628004193 -0.0012938962587588367 -0.0024620747015906565
v -0.0027334713324873587 -0.001401374606757433 -0.0024620747015906565
v -0.002676772415412088 -0.0015067335626468006 -0.0024620747015906565
v -0.00261603051537207 -0.0016098147270869891 -0.0024620747015906565
v -0.002551337423518208 -0.0017104631280050466 -0.0024620747015906565
v -0.002482790295419313 -0.0018085273696066275 -0.0024620747015906565
v -0.0024104922471085426 -0.0019038597813876017 -0.0024620747015906565
v -0.002334551759036963 -0.0019963171631920966 -0.0024620747015906565
v -0.0022550832721199847 -0.0020857604871892814 -0.0024620747015906565
v -0.0021722065916909288 -0.0021720550468849746 -0.0024620747015906565
v -0.002086046291454591 -0.0022550712021796875 -0.0024620747015906565
v -0.0019967317134872435 -0.0023346840813454066 -0.0024620747015906565
v -0.0019043969682366328 -0.0024107737300372027 -0.0024620747015906565
v -0.0018091815305684158 -0.0024832258563512737 -0.0024620747015906565
v -0.0017112284516268563 -0.0025519316818133357 -0.0024620747015906565
v -0.0016106849548812587 -0.002616787494343798 -0.0024620747015906565
v -0.0015077018400795341 -0.002677695989362239 -0.0024620747015906565
v -0.001402434675341069 -0.0027345653757177573 -0.0024620747015906565
v -0.0012950420090174222 -0.0027873101207470112 -0.0024620747015906565
v -0.0011856841775994555 -0.002835851248297439 -0.0024620747015906565
v -0.001074526881995941 -0.0028801154446576054 -0.0024620747015906565
v -0.000961736419162085 -0.002920035952626854 -0.0024620747015906565
v -0.0008474826623317001 -0.0029555531675617423 -0.0024620747015906565
v -0.0007319378689243373 -0.002986613445283171 -0.0024620747015906565
v -0.0006152760844988504 -0.003013169996146037 -0.0024620747015906565
v -0.0004976725467069621 -0.0030351831830624514 -0.0024620747015906565
v -0.0003793024932003953 -0.003052619329408868 -0.0024620747015906565
v -0.000260347122095217 -0.003065452805188607 -0.0024620747015906565
v -0.00014098167104314999 -0.0030736639408693316 -0.0024620747015906565
v -2.138853025313026e-05 -0.003077240517499136 -0.0024620747015906565
v 9.825229425164396e-05 -0.003076177170660111 -0.0024620747015906565
v 0.00021776318063371217 -0.0030704753904683417 -0.0024620747015906565
v 0.0003369629307770073 -0.003060143819597128 -0.0024620747015906565
v 0.0004556727307511999 -0.003045198253276982 -0.0024620747015906565
v 0.0005737137666259607 -0.003025660745225978 -0.0024620747015906565
v 0.0006909072244709603 -0.00300156079974262 -0.0024620747015906565
v 0.0008070790587273448 -0.0029729347756594087 -0.0024620747015906565
v 0.0009220540317433913 -0.0029398255883196227 -0.0024620747015906565
v 0.001035658097960246 -0.0029022833056237545 -0.0024620747015906565
v 0.0011477207880976616 -0.0028603639559366405 -0.0024620747015906565
v 0.0012580740170611284 -0.002814131316226765 -0.0024620747015906565
v 0.0013665508918490057 -0.0027636539318340874 -0.0024620747015906565
v 0.0014729892878311281 -0.0027090086927486494 -0.0024620747015906565
v 0.0015772294645630682 -0.002650276959308751 -0.0024620747015906565
v 0.0016791128736932672 -0.0025875478404563394 -0.0024620747015906565
v 0.0017784881194273796 -0.0025209149154816206 -0.0024620747015906565
v 0.001875204998063929 -0.0024504792142552305 -0.0024620747015906565
v 0.0019691180742729135 -0.0023763459389728463 -0.0024620747015906565
v 0.002060085489002939 -0.002298627146364141 -0.0024620747015906565
v 0.002147970151574086 -0.002217439363507046 -0.0024620747015906565
v 0.002232642123863649 -0.002132904928932228 -0.0024620747015906565
v 0.0023139714677489214 -0.0020451508005302215 -0.0024620747015906565
v 0.0023918377818501484 -0.001954309151597861 -0.0024620747015906565
v 0.0024661218568804437 -0.0018605164767686313 -0.0024620747015906565
v 0.002536714020295872 -0.001763914039047493 -0.0024620747015906565
v 0.0026035081758311045 -0.0016646469757412299 -0.0024620747015906565
v 0.002666401803499419 -0.001562864596481667 -0.0024620747015906565
v 0.0027253019200570443 -0.0014587199361908445 -0.0024620747015906565
v 0.0027801191185388156 -0.0013523697550810179 -0.0024620747015906565
v 0.0028307711445367816 -0.0012439741661256362 -0.0024620747015906565
v 0.0028771828962002037 -0.001133695890001299 -0.0024620747015906565
v 0.0029192828479569504 -0.0010217010001458001 -0.0024620747015906565
v 0.0029570090109778406 -0.0009081578051710616 -0.0024620747015906565
v 0.002990304164805169 -0.0007932372213921569 -0.0024620747015906565
v 0.0030191182415384436 -0.0006771119532634624 -0.0024620747015906565
v 0.0030434071337415163 -0.0005599567541489729 -0.0024620747015906565
v 0.00306313627072119 -0.0004419478675287692 -0.0024620747015906565
v 0.0030782734659700055 -0.0003232627662287033 -0.0024620747015906565
v 0.003088798453909192 -0.00020407994752943626 -0.0024620747015906565
v 0.003094693353145717 -8.457869102257433e-05 -0.0024620747015906565
v -0.0003615987220049189 -0.003074971964769691 -0.0024620747015906565
v -0.00048139213439690753 -0.0030581178577664962 -0.0024620747015906565
v -0.0006004381045601194 -0.003036610416249697 -0.0024620747015906565
v -0.0007185566264713562 -0.0030104821247499696 -0.0024620747015906565
v -0.000835566502014551 -0.0029797726203552037 -0.0024620747015906565
v -0.000951292493537981 -0.0029445286927105023 -0.0024620747015906565
v -0.0010655569792041855 -0.0029048033899485297 -0.0024620747015906565
v -0.001178187701593614 -0.002860657508805598 -0.0024620747015906565
v -0.0012890129993331503 -0.002812157806482363 -0.0024620747015906565
v -0.0013978653833747192 -0.0027593778947134777 -0.0024620747015906565
v -0.001504579152809549 -0.00270239823976759 -0.0024620747015906565
v -0.001608992183007474 -0.0026413046723312576 -0.0024620747015906565
v -0.0017109465216633704 -0.0025761904736714696 -0.0024620747015906565
v -0.0018102871967042857 -0.002507154289473124 -0.0024620747015906565
v -0.0019068628123358748 -0.002434301023908681 -0.0024620747015906565
v -0.0020005273371817016 -0.0023577410945801185 -0.0024620747015906565
v -0.0020911389121903716 -0.002277590730542151 -0.0024620747015906565
v -0.0021785598506355312 -0.0021939715252674023 -0.0024620747015906565
v -0.002262656638115868 -0.0021070107346696236 -0.0024620747015906565
v -0.0023433023167408478 -0.0020168399359992155 -0.0024620747015906565
v -0.0024203746969914124 -0.0019235963689477058 -0.0024620747015906565
v -0.002493756357719979 -0.0018274212965200545 -0.0024620747015906565
v -0.002563336434289743 -0.0017284607500926976 -0.0024620747015906565
v -0.0026290082343889414 -0.0016268650823787203 -0.0024620747015906565
v -0.002690673410355893 -0.001522788371381423 -0.0024620747015906565
v -0.0027482371908075236 -0.00141638856940593 -0.0024620747015906565
v -0.0028016131490108402 -0.0013078273540475807 -0.0024620747015906565
v -0.002850719626604326 -0.001197269457639691 -0.0024620747015906565
v -0.002895482117783677 -0.0010848825927477492 -0.0024620747015906565
v -0.0029358332693018023 -0.0009708373031578068 -0.0024620747015906565
v -0.0029717110923295213 -0.0008553068893706746 -0.0024620747015906565
v -0.0030030613466413007 -0.0007384665145322712 -0.0024620747015906565
v -0.0030298369445688205 -0.0006204936887213506 -0.0024620747015906565
v -0.0030519967589081047 -0.0005015673748798509 -0.0024620747015906565
v -0.0030695074110588254 -0.0003818681750774045 -0.0024620747015906565
v -0.0030823414828849986 -0.0002615777158384535 -0.0024620747015906565
v -0.0030904810929935915 -0.00014087864814224876 -0.0024620747015906565
v -0.003093912532316612 -1.995412122560766e-05 -0.0024620747015906565
v -0.00035998701244621684 -0.0032563933002264793 -0.0024620747015906565
v -0.003273905442493286 -2.1553895885782773e-05 -0.0024620747015906565
v -0.0031286364094472723 -0.0009588683927312105 -0.0024620747015906565
v -0.002721623717510169 -0.0018156076561896275 -0.0024620747015906565
v -0.002086799098101278 -0.0025203480753224765 -0.0024620747015906565
v -0.001277085514133747 -0.0030143373530878708 -0.0024620747015906565
v 0.0032959412791742086 3.683882217469463e-05 -0.0024620747015906565
v 0.003154653240263761 0.0009611260676132274 -0.0024620747015906565
v 0.0027586864808495375 0.0018081678045950569 -0.0024620747015906565
v 0.002140120220032627 0.0025093414818642694 -0.0024620747015906565
v 0.0013490664657414 0.003007842533115091 -0.0024620747015906565
v 0.00044961213060590316 0.0032632853851478076 -0.0024620747015906565
v -0.00048537372457890815 0.0032549753057589674 -0.0024620747015906565
v -0.0013801461149719476 0.0029835855293962603 -0.0024620747015906565
v -0.0021622144692641236 0.0024711025698981597 -0.0024620747015906565
v -0.002768220243568265 0.001759044637701407 -0.0024620747015906565
v -0.0031490682851731404 0.0009050986713521476 -0.0024620747015906565
v 0.00043998121231836334 -0.0032492833603333664 -0.0024620747015906565
v 0.0013526332076050365 -0.002990964584254519 -0.0024620747015906565
v 0.002153438281563558 -0.0024826609533430415 -0.0024620747015906565
v 0.002775636849351893 -0.0017667480908316049 -0.0024620747015906565
v 0.0031673561818743594 -0.0009029096908216989 -0.0024620747015906565
v 0.0004383695027596613 -0.0030678617268533608 -0.0024620747015906565
v 0.0031159483689975347 3.523904751451951e-05 -0.0024620747015906565
v 0.0031146668691635075 -8.572736563397869e-05 -0.0024620747015906565
v 0.003108675410404605 -0.00020655205011623978 -0.0024620747015906565
v 0.003097979953185171 -0.00032705160989496973 -0.0024620747015906565
v 0.0030826007630839762 -0.0004470431332206024 -0.0024620747015906565
v 0.0030625581056797917 -0.0005663445092809681 -0.0024620747015906565
v 0.0030378841674800765 -0.000684774651718706 -0.0024620747015906565
v 0.0030086147112708965 -0.0008021537780280309 -0.0024620747015906565
v 0.0029747962286741374 -0.00091830370757795 -0.0024620747015906565
v 0.0029364787875902913 -0.0010330481596354804 -0.0024620747015906565
v 0.0028937208005699326 -0.0011462129396301592 -0.0024620747015906565
v 0.00284658664062798 -0.001257626237177262 -0.0024620747015906565
v 0.0027951490254294335 -0.0013671190731126273 -0.0024620747015906565
v 0.00273948544101077 -0.0014745251504810488 -0.0024620747015906565
v 0.002679680525965678 -0.0015796814505827097 -0.0024620747015906565
v 0.0026158248793521914 -0.001682428381984791 -0.0024620747015906565
v 0.002548015060692688 -0.0017826100785446888 -0.0024620747015906565
v 0.002476354782066759 -0.0018800742503984062 -0.0024620747015906565
v 0.002400951331832602 -0.001974673078030204 -0.0024620747015906565
v 0.002321921535091365 -0.002066263063260993 -0.0024620747015906565
v 0.002239383409037066 -0.0021547048802367246 -0.0024620747015906565
v 0.0021534621234209354 -0.0022398647165328693 -0.0024620747015906565
v 0.002064290000551417 -0.0023216129320499383 -0.0024620747015906565
v 0.001972000554829823 -0.0023998256981411785 -0.0024620747015906565
v 0.0018767356453075483 -0.002474384103542921 -0.0024620747015906565
v 0.0017786371310359874 -0.0025451751974558405 -0.0024620747015906565
v 0.0016778564078094862 -0.002612091244486914 -0.0024620747015906565
v 0.0015745460635152588 -0.002675031065753897 -0.0024620747015906565
v 0.0014688622623191263 -0.002733898697780846 -0.0024620747015906565
v 0.0013609647446655162 -0.002788604733602596 -0.0024620747015906565
v 0.0012510192114632004 -0.002839066620787978 -0.0024620747015906565
v 0.0011391913636209507 -0.0028852077673701686 -0.0024620747015906565
v 0.0010256504783261457 -0.002926957541846687 -0.0024620747015906565
v 0.0009105694090447703 -0.0029642530613187006 -0.0024620747015906565
v 0.0007941233934285475 -0.0029970374033517215 -0.0024620747015906565
v 0.0006764888612220689 -0.003025261096091692 -0.0024620747015906565
v 0.0005578434342627948 -0.0030488812241953327 -0.0024620747015906565
v -0.0029504739578707366 0.00094087285680608 -0.0024620747015906565
v -0.0025171440277141914 0.0018103488875102494 -0.0024620747015906565
v -0.0018363403863532748 0.002503363136126924 -0.0024620747015906565
v -0.0009747040053895708 0.00295207911091866 -0.0024620747015906565
v -1.6578435527270233e-05 0.003112573256062568 -0.0024620747015906565
v 0.0009442484167758727 0.0029691349796399096 -0.0024620747015906565
v 0.001813725192538085 0.0025358050494833644 -0.0024620747015906565
v 0.0025067388451083254 0.0018550011100992305 -0.0024620747015906565
v 0.002955454521876844 0.0009933646546297222 -0.0024620747015906565
v 0.003095949819029498 3.5061295291901474e-05 -0.0024620747015906565
v 0.002936489516426111 0.0009870154935043565 -0.0024620747015906565
v 0.002490663472771715 0.0018431019371054627 -0.0024620747015906565
v 0.0018021130159024958 0.002519520762871486 -0.0024620747015906565
v 0.0009382378845310682 0.0029500594075755897 -0.0024620747015906565
v -1.6400813689809727e-05 0.0030925738120248796 -0.0024620747015906565
v -0.0009683549187700093 0.00293311380744471 -0.0024620747015906565
v -0.0018244415113827241 0.002487288061813531 -0.0024620747015906565
v -0.0025008600391255302 0.0017987374559327032 -0.0024620747015906565
v -0.002931398683829634 0.0009348618030206453 -0.0024620747015906565
v -0.003073913386302141 -1.977636900298962e-05 -0.0024620747015906565
v -0.003041818669993757 -1.949111538213978e-05 -0.0018496548716056002
v 0.003063855102721114 3.477604050689844e-05 -0.0018496548716056002
v 0.0029060541933911836 0.0009768265267425804 -0.0018496548716056002
v 0.0024648665830895315 0.0018240066955088066 -0.0018496548716056002
v 0.0017834794122693067 0.0024933882990467175 -0.0018496548716056002
v 0.000928591469036233 0.002919447952819288 -0.0018496548716056002
v -1.6114711401282736e-05 0.00306047969176293 -0.0018496548716056002
v -0.0009581661010198419 0.0029026784844097824 -0.0018496548716056002
v -0.0018053459717628508 0.0024614908741081303 -0.0018496548716056002
v -0.002474727575300762 0.0017801037032879055 -0.0018496548716056002
v -0.002900786931050115 0.0009252154620316145 -0.0018496548716056002
v 0.003063855102721114 3.477604050689844e-05 -0.0018496548716056002
v 0.002922823363777472 -0.0009099305962786687 -0.0018496548716056002
v 0.0024967646040745532 -0.001764818688523351 -0.0018496548716056002
v 0.0018273830005366423 -0.002446205859343576 -0.0018496548716056002
v 0.0009802019377007645 -0.002887393469645228 -0.0018496548716056002
v 3.8151740175074174e-05 -0.0030451946769983755 -0.0018496548716056002
v -0.0009065544402624416 -0.0029041629380547333 -0.0018496548716056002
v -0.0017614429795419497 -0.002478103284282163 -0.0018496548716056002
v -0.0024428301503621745 -0.001808721680744252 -0.0018496548716056002
v -0.0028840177606638266 -0.0009615416609896346 -0.0018496548716056002
v -0.003041818669993757 -1.949111538213978e-05 -0.0018496548716056002
v -0.003073913386302141 -1.977636900298962e-05 -0.0024620747015906565
v -0.0030705302267403094 -0.00013937511169817045 -0.0024620747015906565
v -0.003062511614057906 -0.0002587527165095645 -0.0024620747015906565
v -0.0030498706612764885 -0.0003777296384186377 -0.0024620747015906565
v -0.003032625845835524 -0.0004961269237966777 -0.0024620747015906565
v -0.003010803393778128 -0.000613766522397849 -0.0024620747015906565
v -0.0029844354916117592 -0.0007304714456840279 -0.0024620747015906565
v -0.002953562074447525 -0.0008460661579802743 -0.0024620747015906565
v -0.0029182296339073104 -0.0009603768372451473 -0.0024620747015906565
v -0.0028784912181237803 -0.0010732315240823134 -0.0024620747015906565
v -0.002834407027786812 -0.0011844604942695682 -0.0024620747015906565
v -0.002786042628004193 -0.0012938962587588367 -0.0024620747015906565
v -0.0027334713324873587 -0.001401374606757433 -0.0024620747015906565
v -0.002676772415412088 -0.0015067335626468006 -0.0024620747015906565
v -0.00261603051537207 -0.0016098147270869891 -0.0024620747015906565
v -0.002551337423518208 -0.0017104631280050466 -0.0024620747015906565
v -0.002482790295419313 -0.0018085273696066275 -0.0024620747015906565
v -0.0024104922471085426 -0.0019038597813876017 -0.0024620747015906565
v -0.002334551759036963 -0.0019963171631920966 -0.0024620747015906565
v -0.0022550832721199847 -0.0020857604871892814 -0.0024620747015906565
v -0.0021722065916909288 -0.0021720550468849746 -0.0024620747015906565
v -0.002086046291454591 -0.0022550712021796875 -0.0024620747015906565
v -0.0019967317134872435 -0.0023346840813454066 -0.0024620747015906565
v -0.0019043969682366328 -0.0024107737300372027 -0.0024620747015906565
v -0.0018091815305684158 -0.0024832258563512737 -0.0024620747015906565
v -0.0017112284516268563 -0.0025519316818133357 -0.0024620747015906565
v -0.0016106849548812587 -0.002616787494343798 -0.0024620747015906565
v -0.0015077018400795341 -0.002677695989362239 -0.0024620747015906565
v -0.001402434675341069 -0.0027345653757177573 -0.0024620747015906565
v -0.0012950420090174222 -0.0027873101207470112 -0.0024620747015906565
v -0.0011856841775994555 -0.002835851248297439 -0.0024620747015906565
v -0.001074526881995941 -0.0028801154446576054 -0.0024620747015906565
v -0.000961736419162085 -0.002920035952626854 -0.0024620747015906565
v -0.0008474826623317001 -0.0029555531675617423 -0.0024620747015906565
v -0.0007319378689243373 -0.002986613445283171 -0.0024620747015906565
v -0.0006152760844988504 -0.003013169996146037 -0.0024620747015906565
v -0.0004976725467069621 -0.0030351831830624514 -0.0024620747015906565
v -0.0003793024932003953 -0.003052619329408868 -0.0024620747015906565
v -0.000260347122095217 -0.003065452805188607 -0.0024620747015906565
v -0.00014098167104314999 -0.0030736639408693316 -0.0024620747015906565
v -2.138853025313026e-05 -0.003077240517499136 -0.0024620747015906565
v 9.825229425164396e-05 -0.003076177170660111 -0.0024620747015906565
v 0.00021776318063371217 -0.0030704753904683417 -0.0024620747015906565
v 0.0003369629307770073 -0.003060143819597128 -0.0024620747015906565
v 0.0004556727307511999 -0.003045198253276982 -0.0024620747015906565
v 0.0005737137666259607 -0.003025660745225978 -0.0024620747015906565
v 0.0006909072244709603 -0.00300156079974262 -0.0024620747015906565
v 0.0008070790587273448 -0.0029729347756594087 -0.0024620747015906565
v 0.0009220540317433913 -0.0029398255883196227 -0.0024620747015906565
v 0.001035658097960246 -0.0029022833056237545 -0.0024620747015906565
v 0.0011477207880976616 -0.0028603639559366405 -0.0024620747015906565
v 0.0012580740170611284 -0.002814131316226765 -0.0024620747015906565
v 0.0013665508918490057 -0.0027636539318340874 -0.0024620747015906565
v 0.0014729892878311281 -0.0027090086927486494 -0.0024620747015906565
v 0.0015772294645630682 -0.002650276959308751 -0.0024620747015906565
v 0.0016791128736932672 -0.0025875478404563394 -0.0024620747015906565
v 0.0017784881194273796 -0.0025209149154816206 -0.0024620747015906565
v 0.001875204998063929 -0.0024504792142552305 -0.0024620747015906565
v 0.0019691180742729135 -0.0023763459389728463 -0.0024620747015906565
v 0.002060085489002939 -0.002298627146364141 -0.0024620747015906565
v 0.002147970151574086 -0.002217439363507046 -0.0024620747015906565
v 0.002232642123863649 -0.002132904928932228 -0.0024620747015906565
v 0.0023139714677489214 -0.0020451508005302215 -0.0024620747015906565
v 0.0023918377818501484 -0.001954309151597861 -0.0024620747015906565
v 0.0024661218568804437 -0.0018605164767686313 -0.0024620747015906565
v 0.002536714020295872 -0.001763914039047493 -0.0024620747015906565
v 0.0026035081758311045 -0.0016646469757412299 -0.0024620747015906565
v 0.002666401803499419 -0.001562864596481667 -0.0024620747015906565
v 0.0027253019200570443 -0.0014587199361908445 -0.0024620747015906565
v 0.0027801191185388156 -0.0013523697550810179 -0.0024620747015906565
v 0.0028307711445367816 -0.0012439741661256362 -0.0024620747015906565
v 0.0028771828962002037 -0.001133695890001299 -0.0024620747015906565
v 0.0029192828479569504 -0.0010217010001458001 -0.0024620747015906565
v 0.0029570090109778406 -0.0009081578051710616 -0.0024620747015906565
v 0.002990304164805169 -0.0007932372213921569 -0.0024620747015906565
v 0.0030191182415384436 -0.0006771119532634624 -0.0024620747015906565
v 0.0030434071337415163 -0.0005599567541489729 -0.0024620747015906565
v 0.00306313627072119 -0.0004419478675287692 -0.0024620747015906565
v 0.0030782734659700055 -0.0003232627662287033 -0.0024620747015906565
v 0.003088798453909192 -0.00020407994752943626 -0.0024620747015906565
v 0.003094693353145717 -8.457869102257433e-05 -0.0024620747015906565
v 0.003095949819029498 3.5061295291901474e-05 -0.0024620747015906565
v -0.0029388802586746148 -1.8576200403432533e-05 -0.001746712287961417
v -0.002786400255864852 -0.0009288618506000519 -0.001746712287961417
v -0.0023600887724737345 -0.0017474758234439227 -0.001746712287961417
v -0.0017016774035615303 -0.002394286638626009 -0.001746712287961417
v -0.0008756148619439853 -0.0028059797851894834 -0.001746712287961417
v 3.723740494465667e-05 -0.0029422562656792333 -0.001746712287961417
v 0.0009475230958866379 -0.0027897759648462532 -0.001746712287961417
v 0.0017661368452130957 -0.002363464779478353 -0.001746712287961417
v 0.002412947362371965 -0.0017050531125429316 -0.001746712287961417
v 0.002824640210912222 -0.0008789909434544081 -0.001746712287961417
v 0.0029609166914019718 3.386112319988481e-05 -0.001746712287961417
v -0.003041818669993757 -1.949111538213978e-05 -0.0018496548716056002
v 0.003063855102721114 3.477604050689844e-05 -0.0018496548716056002
v 0.002922823363777472 -0.0009099305962786687 -0.0018496548716056002
v 0.0024967646040745532 -0.001764818688523351 -0.0018496548716056002
v 0.0018273830005366423 -0.002446205859343576 -0.0018496548716056002
v 0.0009802019377007645 -0.002887393469645228 -0.0018496548716056002
v 3.8151740175074174e-05 -0.0030451946769983755 -0.0018496548716056002
v -0.0009065544402624416 -0.0029041629380547333 -0.0018496548716056002
v -0.0017614429795419497 -0.002478103284282163 -0.0018496548716056002
v -0.0024428301503621745 -0.001808721680744252 -0.0018496548716056002
v -0.0028840177606638266 -0.0009615416609896346 -0.0018496548716056002
v 0.0029609166914019718 3.386112319988481e-05 -0.001746712287961417
v 0.0029609166914019718 3.386112319988481e-05 -0.0017967122391601151
v -0.0029388802586746148 -1.8576200403432533e-05 -0.001746712287961417
v -0.002786400255864852 -0.0009288618506000519 -0.001746712287961417
v -0.0023600887724737345 -0.0017474758234439227 -0.001746712287961417
v -0.0017016774035615303 -0.002394286638626009 -0.001746712287961417
v -0.0008756148619439853 -0.0028059797851894834 -0.001746712287961417
v 3.723740494465667e-05 -0.0029422562656792333 -0.001746712287961417
v 0.0009475230958866379 -0.0027897759648462532 -0.001746712287961417
v 0.0017661368452130957 -0.002363464779478353 -0.001746712287961417
v 0.002412947362371965 -0.0017050531125429316 -0.001746712287961417
v 0.002824640210912222 -0.0008789909434544081 -0.001746712287961417
v -0.0029388802586746148 -1.8576200403432533e-05 -0.0017967122391601151
v 0.002824640210912222 -0.0008789909434544081 -0.0017967122391601151
v 0.002412947362371965 -0.0017050531125429316 -0.0017967122391601151
v 0.0017661368452130957 -0.002363464779478353 -0.0017967122391601151
v 0.0009475230958866379 -0.0027897759648462532 -0.0017967122391601151
v 3.723740494465667e-05 -0.0029422562656792333 -0.0017967122391601151
v -0.0008756148619439853 -0.0028059797851894834 -0.0017967122391601151
v -0.0017016774035615303 -0.002394286638626009 -0.0017967122391601151
v -0.0023600887724737345 -0.0017474758234439227 -0.0017967122391601151
v -0.002786400255864852 -0.0009288618506000519 -0.0017967122391601151
v 0.0029609166914019718 3.386112319988481e-05 -0.0017967122391601151
v 0.002824640210912222 -0.0008789909434544081 -0.0017967122391601151
v 0.002412947362371965 -0.0017050531125429316 -0.0017967122391601151
v 0.0017661368452130957 -0.002363464779478353 -0.0017967122391601151
v 0.0009475230958866379 -0.0027897759648462532 -0.0017967122391601151
v 3.723740494465667e-05 -0.0029422562656792333 -0.0017967122391601151
v -0.0008756148619439853 -0.0028059797851894834 -0.0017967122391601151
v -0.0017016774035615303 -0.002394286638626009 -0.0017967122391601151
v -0.0023600887724737345 -0.0017474758234439227 -0.0017967122391601151
v -0.002786400255864852 -0.0009288618506000519 -0.0017967122391601151
v -0.0029388802586746148 -1.8576200403432533e-05 -0.0017967122391601151
v -0.0028026043742312994 0.0008942758092073539 -0.0017967122391601151
v -0.002390910929644608 0.001720338127307486 -0.0017967122391601151
v -0.0017440998164393042 0.0023787497942429074 -0.0017967122391601151
v -0.0009254860671128463 0.0028050609796108077 -0.0017967122391601151
v -1.520037617086523e-05 0.0029575412804437877 -0.0017967122391601151
v 0.0008976518907177767 0.002821264799954038 -0.0017967122391601151
v 0.0017237138362888873 0.0024095716533905636 -0.0017967122391601151
v 0.002382125801247526 0.0017627608382084772 -0.0017967122391601151
v 0.0028084360925457745 0.0009441467163529978 -0.0017967122391601151
v 0.0029336153805192837 3.361846710849253e-05 -0.0017967122391601151
v 0.0027825462196198196 0.0009354791581151074 -0.0017967122391601151
v 0.002360180563624637 0.0017465169337425315 -0.0017967122391601151
v 0.0017078625774116232 0.002387341356560408 -0.0017967122391601151
v 0.0008894455234085276 0.002795224425303389 -0.0017967122391601151
v -1.4957189225617288e-05 0.0029302393735146652 -0.0017967122391601151
v -0.0009168183598633474 0.002779170212615201 -0.0017967122391601151
v -0.0017278563590081843 0.002356804705631627 -0.0017967122391601151
v -0.0023686807818260607 0.001704486868430222 -0.0017967122391601151
v -0.0027765637015574334 0.0008860698889329306 -0.0017967122391601151
v -0.0029115783517454923 -1.8333541983733872e-05 -0.0017967122391601151
v -0.0027605097868924626 -0.0009201942923621615 -0.0017967122391601151
v -0.00233814413089728 -0.001731231918977977 -0.0017967122391601151
v -0.0016858261446842662 -0.0023720563417958533 -0.0017967122391601151
v -0.000867409686727605 -0.0027799394105388346 -0.0017967122391601151
v 3.6994217999408725e-05 -0.0029149543587501108 -0.0017967122391601151
v 0.0009388553886371389 -0.0027638851978506467 -0.0017967122391601151
v 0.001749892195689107 -0.0023415196908670726 -0.0017967122391601151
v 0.0023907172145534177 -0.0016892018536656674 -0.0017967122391601151
v 0.0027986001342847904 -0.0008707850231799847 -0.0017967122391601151
v 0.0029609166914019718 3.386112319988481e-05 -0.001746712287961417
v 0.0029609166914019718 3.386112319988481e-05 -0.0017967122391601151
v -0.0029388802586746148 -1.8576200403432533e-05 -0.0017967122391601151
v -0.0028026043742312994 0.0008942758092073539 -0.0017967122391601151
v -0.002390910929644608 0.001720338127307486 -0.0017967122391601151
v -0.0017440998164393042 0.0023787497942429074 -0.0017967122391601151
v -0.0009254860671128463 0.0028050609796108077 -0.0017967122391601151
v -1.520037617086523e-05 0.0029575412804437877 -0.0017967122391601151
v 0.0008976518907177767 0.002821264799954038 -0.0017967122391601151
v 0.0017237138362888873 0.0024095716533905636 -0.0017967122391601151
v 0.002382125801247526 0.0017627608382084772 -0.0017967122391601151
v 0.0028084360925457745 0.0009441467163529978 -0.0017967122391601151
v -0.0029388802586746148 -1.8576200403432533e-05 -0.001746712287961417
v 0.0028084360925457745 0.0009441467163529978 -0.001746712287961417
v 0.002382125801247526 0.0017627608382084772 -0.001746712287961417
v 0.0017237138362888873 0.0024095716533905636 -0.001746712287961417
v 0.0008976518907177767 0.002821264799954038 -0.001746712287961417
v -1.520037617086523e-05 0.0029575412804437877 -0.001746712287961417
v -0.0009254860671128463 0.0028050609796108077 -0.001746712287961417
v -0.0017440998164393042 0.0023787497942429074 -0.001746712287961417
v -0.002390910929644608 0.001720338127307486 -0.001746712287961417
v -0.0028026043742312994 0.0008942758092073539 -0.001746712287961417
v 0.003063855102721114 3.477604050689844e-05 -0.0018496548716056002
v 0.0029060541933911836 0.0009768265267425804 -0.0018496548716056002
v 0.0024648665830895315 0.0018240066955088066 -0.0018496548716056002
v 0.0017834794122693067 0.0024933882990467175 -0.0018496548716056002
v 0.000928591469036233 0.002919447952819288 -0.0018496548716056002
v -1.6114711401282736e-05 0.00306047969176293 -0.0018496548716056002
v -0.0009581661010198419 0.0029026784844097824 -0.0018496548716056002
v -0.0018053459717628508 0.0024614908741081303 -0.0018496548716056002
v -0.002474727575300762 0.0017801037032879055 -0.0018496548716056002
v -0.002900786931050115 0.0009252154620316145 -0.0018496548716056002
v -0.003041818669993757 -1.949111538213978e-05 -0.0018496548716056002
v -0.0029388802586746148 -1.8576200403432533e-05 -0.001746712287961417
v 0.0029609166914019718 3.386112319988481e-05 -0.001746712287961417
v 0.0028084360925457745 0.0009441467163529978 -0.001746712287961417
v 0.002382125801247526 0.0017627608382084772 -0.001746712287961417
v 0.0017237138362888873 0.0024095716533905636 -0.001746712287961417
v 0.0008976518907177767 0.002821264799954038 -0.001746712287961417
v -1.520037617086523e-05 0.0029575412804437877 -0.001746712287961417
v -0.0009254860671128463 0.0028050609796108077 -0.001746712287961417
v -0.0017440998164393042 0.0023787497942429074 -0.001746712287961417
v -0.002390910929644608 0.001720338127307486 -0.001746712287961417
v -0.0028026043742312994 0.0008942758092073539 -0.001746712287961417
v 0.0029336153805192837 3.361846710849253e-05 -0.0017967122391601151
v 0.002863918478848371 3.2998997911833264e-05 -0.0018964123302009927
v -0.0028418814500745797 -1.7714075115380987e-05 -0.0018964123302009927
v -0.002678502738211242 0.0009595642024376046 -0.0018964123302009927
v -0.0021907287346408792 0.0018220267782652346 -0.0018964123302009927
v -0.0014373910105811574 0.0024656478509534623 -0.0018964123302009927
v -0.0005093538647289454 0.0028127970662832906 -0.0018964123302009927
v 0.00048144816276174407 0.002821603354328795 -0.0018964123302009927
v 0.001415508953880318 0.00249100441133221 -0.0018964123302009927
v 0.0021801673878691923 0.001860875296722159 -0.0018964123302009927
v 0.0026831948157430845 0.0010072189344342288 -0.0018964123302009927
v -0.0029115783517454923 -1.8333541983733872e-05 -0.0017967122391601151
v 0.0027825462196198196 0.0009354791581151074 -0.0017967122391601151
v 0.002360180563624637 0.0017465169337425315 -0.0017967122391601151
v 0.0017078625774116232 0.002387341356560408 -0.0017967122391601151
v 0.0008894455234085276 0.002795224425303389 -0.0017967122391601151
v -1.4957189225617288e-05 0.0029302393735146652 -0.0017967122391601151
v -0.0009168183598633474 0.002779170212615201 -0.0017967122391601151
v -0.0017278563590081843 0.002356804705631627 -0.0017967122391601151
v -0.0023686807818260607 0.001704486868430222 -0.0017967122391601151
v -0.0027765637015574334 0.0008860698889329306 -0.0017967122391601151
v 0.0029336153805192837 3.361846710849253e-05 -0.0017967122391601151
v 0.002863918478848371 3.2998997911833264e-05 -0.0018964123302009927
v -0.0029115783517454923 -1.8333541983733872e-05 -0.0017967122391601151
v -0.0027605097868924626 -0.0009201942923621615 -0.0017967122391601151
v -0.00233814413089728 -0.001731231918977977 -0.0017967122391601151
v -0.0016858261446842662 -0.0023720563417958533 -0.0017967122391601151
v -0.000867409686727605 -0.0027799394105388346 -0.0017967122391601151
v 3.6994217999408725e-05 -0.0029149543587501108 -0.0017967122391601151
v 0.0009388553886371389 -0.0027638851978506467 -0.0017967122391601151
v 0.001749892195689107 -0.0023415196908670726 -0.0017967122391601151
v 0.0023907172145534177 -0.0016892018536656674 -0.0017967122391601151
v 0.0027986001342847904 -0.0008707850231799847 -0.0017967122391601151
v -0.0028418814500745797 -1.7714075115380987e-05 -0.0018964123302009927
v 0.0027005397669850333 -0.0009442793366846588 -0.0018964123302009927
v 0.0022127651673682362 -0.0018067417635006802 -0.0018964123302009927
v 0.0014594280393549488 -0.002450362836188908 -0.0018964123302009927
v 0.0005313908935027368 -0.002797512051518736 -0.0018964123302009927
v -0.0004594111339879526 -0.0028063183395642404 -0.0018964123302009927
v -0.0013934719251065266 -0.0024757193965676554 -0.0018964123302009927
v -0.0021581309551418353 -0.0018455902819576044 -0.0018964123302009927
v -0.002661157786969293 -0.000991934068681283 -0.0018964123302009927
v 0.002863918478848371 3.2998997911833264e-05 -0.0018964123302009927
v 0.0027005397669850333 -0.0009442793366846588 -0.0018964123302009927
v 0.0022127651673682362 -0.0018067417635006802 -0.0018964123302009927
v 0.0014594280393549488 -0.002450362836188908 -0.0018964123302009927
v 0.0005313908935027368 -0.002797512051518736 -0.0018964123302009927
v -0.0004594111339879526 -0.0028063183395642404 -0.0018964123302009927
v -0.0013934719251065266 -0.0024757193965676554 -0.0018964123302009927
v -0.0021581309551418353 -0.0018455902819576044 -0.0018964123302009927
v -0.002661157786969293 -0.000991934068681283 -0.0018964123302009927
v -0.0028418814500745797 -1.7714075115380987e-05 -0.0018964123302009927
v -0.002678502738211242 0.0009595642024376046 -0.0018964123302009927
v -0.0021907287346408792 0.0018220267782652346 -0.0018964123302009927
v -0.0014373910105811574 0.0024656478509534623 -0.0018964123302009927
v -0.0005093538647289454 0.0028127970662832906 -0.0018964123302009927
v 0.00048144816276174407 0.002821603354328795 -0.0018964123302009927
v 0.001415508953880318 0.00249100441133221 -0.0018964123302009927
v 0.0021801673878691923 0.001860875296722159 -0.0018964123302009927
v 0.0026831948157430845 0.0010072189344342288 -0.0018964123302009927
v 0.0025359188943523407 3.0083744114255656e-05 -0.0018964123302009927
v 0.0023351335003569678 0.0009946129248750298 -0.0018964123302009927
v 0.0017805242140473967 0.0018088849974672863 -0.0018964123302009927
v 0.0009565222049536806 0.0023489340614765712 -0.0018964123302009927
v -1.1422633869440093e-05 0.002532542589324505 -0.0018964123302009927
v -0.0009759521266232698 0.0023317582384103923 -0.0018964123302009927
v -0.0017902242737213305 0.0017771482070427782 -0.0018964123302009927
v -0.0023302733377306155 0.0009531468685013008 -0.0018964123302009927
v -0.0025138818655785493 -1.4798818989496995e-05 -0.0018964123302009927
v -0.002313097663676045 -0.000979328059122084 -0.0018964123302009927
v -0.0017584871852736053 -0.0017935999827027318 -0.0018964123302009927
v -0.0009344863682727579 -0.0023336490467120168 -0.0018964123302009927
v 3.345966264323153e-05 -0.0025172575745599506 -0.0018964123302009927
v 0.0009979891553970612 -0.002316473223645838 -0.0018964123302009927
v 0.001812261302495122 -0.0017618631922782237 -0.0018964123302009927
v 0.002352310366504407 -0.000937862002748355 -0.0018964123302009927
v 0.0025359188943523407 3.0083744114255656e-05 -0.0018964123302009927
v 0.0023351335003569678 0.0009946129248750298 -0.0018964123302009927
v 0.0017805242140473967 0.0018088849974672863 -0.0018964123302009927
v 0.0009565222049536806 0.0023489340614765712 -0.0018964123302009927
v -1.1422633869440093e-05 0.002532542589324505 -0.0018964123302009927
v -0.0009759521266232698 0.0023317582384103923 -0.0018964123302009927
v -0.0017902242737213305 0.0017771482070427782 -0.0018964123302009927
v -0.0023302733377306155 0.0009531468685013008 -0.0018964123302009927
v -0.0025138818655785493 -1.4798818989496995e-05 -0.0018964123302009927
v -0.0013243037166229545 -4.225865610483311e-06 -0.0024376457384754926
v 1.1018514386895719e-05 7.642461980302734e-06 -0.002158957075499958
v 1.1018514386895719e-05 7.642461980302734e-06 -0.002158957075499958
v 0.0013463401493503115 1.951078957108878e-05 -0.0024376457384754926
v 0.001240153284963519 0.0005296130732533392 -0.0024376457384754926
v 0.0009468412187656485 0.0009602500283662221 -0.0024376457384754926
v 0.0005110585575314187 0.0012458611001254368 -0.0024376457384754926
v -8.49962215498934e-07 0.0013429647383921275 -0.0024376457384754926
v -0.00051095246126609 0.0012367775014763135 -0.0024376457384754926
v -0.0009415888575854405 0.0009434656587958559 -0.0024376457384754926
v -0.001227200599896894 0.0005076832583319411 -0.0024376457384754926
v 0.0022895645583518314 0.00025252574490325716 -0.0021454542395743527
v 0.002198008249744588 0.0006923426532966793 -0.0021454542395743527
v 0.0018555342736348293 0.0007909436347124655 -0.002328973360457122
v 0.0019729065454101584 0.0004160455893863977 -0.002328973360457122
v 0.002022408201789672 0.0011058469614569774 -0.0021454542395743527
v 0.0016672777756912007 0.0011357398822365724 -0.002328973360457122
v 0.0016782080752058006 0.00018682114362371385 -0.002426179593216339
v 0.0017695104680319764 0.0014771480528157634 -0.0021454542395743527
v 0.0014153718632003989 0.0014371840334568011 -0.002328973360457122
v 0.0016112172243472058 0.0005086308604039803 -0.002426179593216339
v 0.0014490353737242059 0.0017919766502385583 -0.0021454542395743527
v 0.0011094987144433246 0.001683691702402568 -0.002328973360457122
v 0.0015544068465886964 0.0006630653739780474 -0.002426179593216339
v 0.001482732262848341 0.0008111878303172921 -0.002426179593216339
v 0.0010732972382017094 0.00203823442671669 -0.0021454542395743527
v 0.0007614099809212239 0.0018657896995740444 -0.002328973360457122
v 0.0012976896472791657 0.0010828650500730038 -0.002426179593216339
v 0.0006567370744778868 0.0022064575059758678 -0.0021454542395743527
v 0.00038448571299420925 0.001976480141807791 -0.002328973360457122
v 0.0011861037942892951 0.0012038033931597305 -0.002426179593216339
v 0.0010632014036953132 0.0013132221703256177 -0.002426179593216339
v 0.00021536230559582317 0.0022901814664114677 -0.0021454542395743527
v -6.792545166778297e-06 0.00201150919471288 -0.002328973360457122
v 0.000788277369999646 0.001493406411407744 -0.002426179593216339
v -0.0002338647790134374 0.00228618884937043 -0.0021454542395743527
v -0.00039738534992816993 0.001969530836428757 -0.002328973360457122
v 0.0006389045572525732 0.001562436784153354 -0.002426179593216339
v 0.00048348425738176115 0.0016164937254080083 -0.002426179593216339
v -0.0006736814825158978 0.002194632838786404 -0.0021454542395743527
v -0.0007722830599781184 0.0018521582666302108 -0.002328973360457122
v 0.00016053557037110092 0.0016777537388111554 -0.002426179593216339
v -0.001087186312216826 0.002019032045773445 -0.0021454542395743527
v -0.001117079232996421 0.0016639019176981908 -0.002328973360457122
v -3.883838566753895e-06 0.00168436687400117 -0.002426179593216339
v -0.0001681601963603452 0.0016748322172127907 -0.002426179593216339
v -0.0014584874780814163 0.0017661346100389665 -0.0021454542395743527
v -0.0014185231606992368 0.0014119964522422148 -0.002328973360457122
v -0.0004899704346812418 0.0016078416643774132 -0.002426179593216339
v -0.0017733156284693854 0.0014456593667195874 -0.0021454542395743527
v -0.001665030680633395 0.0011061224094154889 -0.002328973360457122
v -0.0006444048737495046 0.001551030839584078 -0.002426179593216339
v -0.0007925271810771407 0.0014793562558437225 -0.002426179593216339
v -0.002019573404947517 0.0010699219017493297 -0.0021454542395743527
v -0.00184712882681648 0.0007580344209514313 -0.002328973360457122
v -0.001064204549844461 0.0012943137892861558 -0.002426179593216339
v -0.002187796782229912 0.0006533616635197027 -0.0021454542395743527
v -0.001957819418061835 0.00038110933346056924 -0.002328973360457122
v -0.001185142967436992 0.0011827277872846766 -0.002426179593216339
v -0.0012945615955912706 0.0010598251731732818 -0.002426179593216339
v -0.0022715204446422947 0.00021198687601118804 -0.0021454542395743527
v -0.001474745836673397 0.0007849018100298534 -0.002426179593216339
v -0.0015437763584306154 0.0006355287737653676 -0.002426179593216339
v -0.0015978330016620525 0.0004801088464235771 -0.002426179593216339
v -0.001659092866053591 0.00015715924671681414 -0.002426179593216339
v 0.001851609903910534 0.00011447069910606665 -0.0023892437877675045
v 0.002003489687960825 0.00022178032871081682 -0.002328973360457122
v -0.0021413111208086204 9.421194692972418e-05 -0.002246823856678072
v -0.001984944895246366 0.0001863311748281603 -0.002328973360457122
v 0.0022342442966794 8.199584487089859e-05 -0.0021983330950513537
v -0.0017496341075829982 3.520938023456825e-05 -0.0024105852303523147
v 0.0018130743098316862 4.577893661456695e-05 -0.0024006479441974773
v -0.0021786379327184417 1.5052490298394326e-05 -0.0022231554488132423
v 0.0022179388504190993 4.0801008251286845e-05 -0.002210885236914041
v -0.0017706811032291994 2.7395149779055636e-06 -0.002405797785390963
v 0.0018029844357896343 2.9067713117576086e-05 -0.002403268164323237
v -0.0021873884904223266 -5.151951803223374e-06 -0.002217055509603273
v 0.002213711689106113 3.059917526843006e-05 -0.0022139793139551735
v -0.001775836308840595 -5.497895058291514e-06 -0.002404544299739354
v 0.0018004333570502686 2.491934634925395e-05 -0.002403909510286685
v -0.0021895390259577545 -1.0228135860082447e-05 -0.002215519497941744
v 0.00221264595808135 2.805488121386882e-05 -0.002214750001994893
v -0.0017771178086746222 -7.564677920609459e-06 -0.0024042277990826712
v 0.0017997943952725584 2.38841044965959e-05 -0.002404068654684678
v -0.0021900742756558737 -1.1498735727770569e-05 -0.0022151350479915357
v 0.0025359188943523407 3.0083744114255656e-05 -0.0018964123302009927
v 0.0013463401493503115 1.951078957108878e-05 -0.0024376457384754926
v 1.1018514386895719e-05 7.642461980302734e-06 -0.002158957075499958
v 1.1018514386895719e-05 7.642461980302734e-06 -0.002158957075499958
v -0.0025138818655785493 -1.4798818989496995e-05 -0.0018964123302009927
v -0.0013243037166229545 -4.225865610483311e-06 -0.0024376457384754926
v -0.002313097663676045 -0.000979328059122084 -0.0018964123302009927
v -0.0017584871852736053 -0.0017935999827027318 -0.0018964123302009927
v -0.0009344863682727579 -0.0023336490467120168 -0.0018964123302009927
v 3.345966264323153e-05 -0.0025172575745599506 -0.0018964123302009927
v 0.0009979891553970612 -0.002316473223645838 -0.0018964123302009927
v 0.001812261302495122 -0.0017618631922782237 -0.0018964123302009927
v 0.002352310366504407 -0.000937862002748355 -0.0018964123302009927
v -0.001218116852236162 -0.0005143281329945891 -0.0024376457384754926
v -0.0009248053820847258 -0.0009449651626132762 -0.0024376457384754926
v -0.0004890227208504961 -0.001230576234372491 -0.0024376457384754926
v 2.288699098929037e-05 -0.001327679723627573 -0.0024376457384754926
v 0.0005329882979470125 -0.0012214926357233676 -0.0024376457384754926
v 0.000963625886359232 -0.0009281807930429099 -0.0024376457384754926
v 0.001249237032624251 -0.000492398318073191 -0.0024376457384754926
v -0.002175971817017231 -0.0006770577875437335 -0.0021454542395743527
v -0.0022675281256244744 -0.000237240804644507 -0.0021454542395743527
v -0.0018334972448610378 -0.0007756587689595197 -0.002328973360457122
v -0.0019508701126828014 -0.0004007606491276475 -0.002328973360457122
v -0.0020003711730158806 -0.0010905620957040315 -0.0021454542395743527
v -0.0016452413429638437 -0.0011204550164836265 -0.002328973360457122
v -0.0017474740353046194 -0.001461863038051209 -0.0021454542395743527
v -0.0013933354304730419 -0.0014218990186922467 -0.002328973360457122
v -0.0015891807916198488 -0.0004933459201452302 -0.002426179593216339
v -0.0016561716424784436 -0.0001715362033649637 -0.002426179593216339
v -0.0014269983449504144 -0.0017766916354740039 -0.0021454542395743527
v -0.0010874616856695332 -0.0016684066876380135 -0.002328973360457122
v -0.001532369817814905 -0.0006477805082251016 -0.002426179593216339
v -0.0014606952340745496 -0.0007959029645643463 -0.002426179593216339
v -0.0010512614015207868 -0.0020229494119521356 -0.0021454542395743527
v -0.0007393741442403013 -0.00185050468480949 -0.002328973360457122
v -0.0012756532145518087 -0.001067580184320058 -0.002426179593216339
v -0.0006347012377969642 -0.0021911724912113133 -0.0021454542395743527
v -0.0003624486842204178 -0.0019611951270432364 -0.002328973360457122
v -0.0011640673615619381 -0.0011885185274067846 -0.002426179593216339
v -0.0010411643749215218 -0.0012979371555610633 -0.002426179593216339
v -0.0001933264689149006 -0.0022748964516469132 -0.0021454542395743527
v 2.882838184770087e-05 -0.0019962241799483253 -0.002328973360457122
v -0.0007662415333187235 -0.0014781213966431896 -0.002426179593216339
v 0.0002559018077872289 -0.0022709038346058756 -0.0021454542395743527
v 0.0004194211866090925 -0.0019542458216642027 -0.002328973360457122
v -0.0006168675284787818 -0.0015471517693887995 -0.002426179593216339
v -0.0004614484207008385 -0.0016012087106434538 -0.002426179593216339
v 0.0006957185112896892 -0.0021793478240218493 -0.0021454542395743527
v 0.000794318896659041 -0.0018368732518656563 -0.002328973360457122
v -0.00013849854159730948 -0.001662468724046601 -0.002426179593216339
v 0.0011092233409906174 -0.0020037470310088905 -0.0021454542395743527
v 0.0011391162617702124 -0.0016486169029336364 -0.002328973360457122
v 2.592086734054533e-05 -0.0016690818592366154 -0.002426179593216339
v 0.00019019722513413664 -0.0016595472024482363 -0.002426179593216339
v 0.0014805233147623389 -0.001750849595274412 -0.0021454542395743527
v 0.0014405595934265938 -0.0013967114374776604 -0.002328973360457122
v 0.0005120062713621644 -0.0015925566496128587 -0.002426179593216339
v 0.0017953526572431768 -0.001430374351955033 -0.0021454542395743527
v 0.0016870677094071864 -0.001090837543662543 -0.002328973360457122
v 0.0006664407104304272 -0.0015357458248195235 -0.002426179593216339
v 0.0008145642098509321 -0.001464071241079168 -0.002426179593216339
v 0.0020416104337213086 -0.0010546370359963838 -0.0021454542395743527
v 0.0018691658555902715 -0.0007427495551984854 -0.002328973360457122
v 0.001086240982571818 -0.0012790287745216013 -0.002426179593216339
v 0.0022098338110037035 -0.0006380767977667569 -0.0021454542395743527
v 0.0019798564468356265 -0.0003658243932018191 -0.002328973360457122
v 0.0012071788041179146 -0.0011674429215317308 -0.002426179593216339
v 0.0013165974322721932 -0.001044540307420336 -0.002426179593216339
v 0.0022935568773696517 -0.00019670193575243788 -0.0021454542395743527
v 0.001496782269400754 -0.0007696169442769075 -0.002426179593216339
v 0.0015658127911579724 -0.0006202438707595196 -0.002426179593216339
v 0.0016198694343894096 -0.0004648239061648269 -0.002426179593216339
v 0.0016811298948273825 -0.00014187432508451506 -0.002426179593216339
v -0.002139432382447293 -0.0001171700723356737 -0.002246823856678072
v -0.0019814538512799022 -0.00020649538845206666 -0.002328973360457122
v 0.002163348149582412 -7.89270252974251e-05 -0.002246823856678072
v 0.002006981327973723 -0.00017104623456941015 -0.002328973360457122
v -0.0017488658037290163 -5.1214945289158535e-05 -0.0024105852303523147
v 0.0017716705403103552 -1.9924458602269168e-05 -0.0024105852303523147
v -0.0021781604995244623 -3.868659871772082e-05 -0.0022231554488132423
v 0.002200674961492233 2.3243366221114252e-07 -0.0022231554488132423
v -0.0017704867920915748 -1.9124309337713355e-05 -0.002405797785390963
v 0.0017927181320029908 1.2545408400623308e-05 -0.002405797785390963
v -0.002187268685089006 -1.864088075479386e-05 -0.002217055509603273
v 0.0022094249231496836 2.0436876927982035e-05 -0.002217055509603273
v -0.0017757874330329717 -1.0979826083857724e-05 -0.002404544299739354
v 0.001797872741567952 2.0782819018896982e-05 -0.002404544299739354
v -0.002189509223636033 -1.3603727262011301e-05 -0.002215519497941744
v 0.0022115754586851115 2.5513059820687915e-05 -0.002215519497941744
v -0.0017771058877459336 -8.936156319018682e-06 -0.0024042277990826712
v 0.0017991542414019792 2.284960304536812e-05 -0.0024042277990826712
v -0.0021900671230986606 -1.2342842252712493e-05 -0.0022151350479915357
v 0.0022121107083832308 2.6783658524222844e-05 -0.0022151350479915357
v -0.0003615987220049189 -0.003074971964769691 -0.0024620747015906565
v -0.00048139213439690753 -0.0030581178577664962 -0.0024620747015906565
v -0.0006004381045601194 -0.003036610416249697 -0.0024620747015906565
v -0.0007185566264713562 -0.0030104821247499696 -0.0024620747015906565
v -0.000835566502014551 -0.0029797726203552037 -0.0024620747015906565
v -0.000951292493537981 -0.0029445286927105023 -0.0024620747015906565
v -0.0010655569792041855 -0.0029048033899485297 -0.0024620747015906565
v -0.001178187701593614 -0.002860657508805598 -0.0024620747015906565
v -0.0012890129993331503 -0.002812157806482363 -0.0024620747015906565
v -0.0013978653833747192 -0.0027593778947134777 -0.0024620747015906565
v -0.001504579152809549 -0.00270239823976759 -0.0024620747015906565
v -0.001608992183007474 -0.0026413046723312576 -0.0024620747015906565
v -0.0017109465216633704 -0.0025761904736714696 -0.0024620747015906565
v -0.0018102871967042857 -0.002507154289473124 -0.0024620747015906565
v -0.0019068628123358748 -0.002434301023908681 -0.0024620747015906565
v -0.0020005273371817016 -0.0023577410945801185 -0.0024620747015906565
v -0.0020911389121903716 -0.002277590730542151 -0.0024620747015906565
v -0.0021785598506355312 -0.0021939715252674023 -0.0024620747015906565
v -0.002262656638115868 -0.0021070107346696236 -0.0024620747015906565
v -0.0023433023167408478 -0.0020168399359992155 -0.0024620747015906565
v -0.0024203746969914124 -0.0019235963689477058 -0.0024620747015906565
v -0.002493756357719979 -0.0018274212965200545 -0.0024620747015906565
v -0.002563336434289743 -0.0017284607500926976 -0.0024620747015906565
v -0.0026290082343889414 -0.0016268650823787203 -0.0024620747015906565
v -0.002690673410355893 -0.001522788371381423 -0.0024620747015906565
v -0.0027482371908075236 -0.00141638856940593 -0.0024620747015906565
v -0.0028016131490108402 -0.0013078273540475807 -0.0024620747015906565
v -0.002850719626604326 -0.001197269457639691 -0.0024620747015906565
v -0.002895482117783677 -0.0010848825927477492 -0.0024620747015906565
v -0.0029358332693018023 -0.0009708373031578068 -0.0024620747015906565
v -0.0029717110923295213 -0.0008553068893706746 -0.0024620747015906565
v -0.0030030613466413007 -0.0007384665145322712 -0.0024620747015906565
v -0.0030298369445688205 -0.0006204936887213506 -0.0024620747015906565
v -0.0030519967589081047 -0.0005015673748798509 -0.0024620747015906565
v -0.0030695074110588254 -0.0003818681750774045 -0.0024620747015906565
v -0.0030823414828849986 -0.0002615777158384535 -0.0024620747015906565
v -0.0030904810929935915 -0.00014087864814224876 -0.0024620747015906565
v -0.003093912532316612 -1.995412122560766e-05 -0.0024620747015906565
v -0.003093912532316612 -1.995412122560766e-05 -0.0024920743146820148
v -0.0029579001003973153 -0.0009016860819976159 -0.0024920743146820148
v -0.002576786818129118 -0.0017083476101976416 -0.0024920743146820148
v -0.0019820344005070383 -0.002373344100117442 -0.0024920743146820148
v -0.0012227439607066517 -0.0028417762478789026 -0.0024920743146820148
v -0.0003615987220049189 -0.003074971964769691 -0.0024920743146820148
v 0.0031159483689975347 3.523904751451951e-05 -0.0024920743146820148
v 0.002955454521876844 0.0009933646546297222 -0.0024920743146820148
v 0.0025067388451083254 0.0018550011100992305 -0.0024920743146820148
v 0.001813725192538085 0.0025358050494833644 -0.0024920743146820148
v 0.0009442484167758727 0.0029691349796399096 -0.0024920743146820148
v -1.6578435527270233e-05 0.003112573256062568 -0.0024920743146820148
v -0.0009747040053895708 0.00295207911091866 -0.0024920743146820148
v -0.0018363403863532748 0.002503363136126924 -0.0024920743146820148
v -0.0025171440277141914 0.0018103488875102494 -0.0024920743146820148
v -0.0029504739578707366 0.00094087285680608 -0.0024920743146820148
v -0.003093912532316612 -1.995412122560766e-05 -0.0024920743146820148
v -0.003093912532316612 -1.995412122560766e-05 -0.0024620747015906565
v -0.0029504739578707366 0.00094087285680608 -0.0024620747015906565
v -0.0025171440277141914 0.0018103488875102494 -0.0024620747015906565
v -0.0018363403863532748 0.002503363136126924 -0.0024620747015906565
v -0.0009747040053895708 0.00295207911091866 -0.0024620747015906565
v -1.6578435527270233e-05 0.003112573256062568 -0.0024620747015906565
v 0.0009442484167758727 0.0029691349796399096 -0.0024620747015906565
v 0.001813725192538085 0.0025358050494833644 -0.0024620747015906565
v 0.0025067388451083254 0.0018550011100992305 -0.0024620747015906565
v 0.002955454521876844 0.0009933646546297222 -0.0024620747015906565
v 0.0031159483689975347 3.523904751451951e-05 -0.0024620747015906565
v 0.0004383695027596613 -0.0030678617268533608 -0.0024920743146820148
v 0.0012952327438764402 -0.002819396492405313 -0.0024920743146820148
v 0.002046077205700936 -0.002337542273010113 -0.0024920743146820148
v 0.00262891525114517 -0.0016620793567133087 -0.0024920743146820148
v 0.0029956304357432466 -0.0008487711657113318 -0.0024920743146820148
v 0.0031159483689975347 3.523904751451951e-05 -0.0024920743146820148
v 0.00043998121231836334 -0.0032492833603333664 -0.0024920743146820148
v 0.0032959412791742086 3.683882217469463e-05 -0.0024920743146820148
v 0.0031673561818743594 -0.0009029096908216989 -0.0024920743146820148
v 0.002775636849351893 -0.0017667480908316049 -0.0024920743146820148
v 0.002153438281563558 -0.0024826609533430415 -0.0024920743146820148
v 0.0013526332076050365 -0.002990964584254519 -0.0024920743146820148
v -0.003273905442493286 -2.1553895885782773e-05 -0.0024920743146820148
v -0.0031490682851731404 0.0009050986713521476 -0.0024920743146820148
v -0.002768220243568265 0.001759044637701407 -0.0024920743146820148
v -0.0021622144692641236 0.0024711025698981597 -0.0024920743146820148
v -0.0013801461149719476 0.0029835855293962603 -0.0024920743146820148
v -0.00048537372457890815 0.0032549753057589674 -0.0024920743146820148
v 0.00044961213060590316 0.0032632853851478076 -0.0024920743146820148
v 0.0013490664657414 0.003007842533115091 -0.0024920743146820148
v 0.002140120220032627 0.0025093414818642694 -0.0024920743146820148
v 0.0027586864808495375 0.0018081678045950569 -0.0024920743146820148
v 0.003154653240263761 0.0009611260676132274 -0.0024920743146820148
v -0.00035998701244621684 -0.0032563933002264793 -0.0024920743146820148
v -0.001277085514133747 -0.0030143373530878708 -0.0024920743146820148
v -0.002086799098101278 -0.0025203480753224765 -0.0024920743146820148
v -0.002721623717510169 -0.0018156076561896275 -0.0024920743146820148
v -0.0031286364094472723 -0.0009588683927312105 -0.0024920743146820148
v -0.0003615987220049189 -0.003074971964769691 -0.0024920743146820148
v -0.003093912532316612 -1.995412122560766e-05 -0.0024920743146820148
v -0.0029579001003973153 -0.0009016860819976159 -0.0024920743146820148
v -0.002576786818129118 -0.0017083476101976416 -0.0024920743146820148
v -0.0019820344005070383 -0.002373344100117442 -0.0024920743146820148
v -0.0012227439607066517 -0.0028417762478789026 -0.0024920743146820148
v 0.002955454521876844 0.0009933646546297222 -0.0024920743146820148
v 0.0025067388451083254 0.0018550011100992305 -0.0024920743146820148
v 0.001813725192538085 0.0025358050494833644 -0.0024920743146820148
v 0.0009442484167758727 0.0029691349796399096 -0.0024920743146820148
v -1.6578435527270233e-05 0.003112573256062568 -0.0024920743146820148
v -0.0009747040053895708 0.00295207911091866 -0.0024920743146820148
v -0.0018363403863532748 0.002503363136126924 -0.0024920743146820148
v -0.0025171440277141914 0.0018103488875102494 -0.0024920743146820148
v -0.0029504739578707366 0.00094087285680608 -0.0024920743146820148
v 0.0004383695027596613 -0.0030678617268533608 -0.0024920743146820148
v 0.0012952327438764402 -0.002819396492405313 -0.0024920743146820148
v 0.002046077205700936 -0.002337542273010113 -0.0024920743146820148
v 0.00262891525114517 -0.0016620793567133087 -0.0024920743146820148
v 0.0029956304357432466 -0.0008487711657113318 -0.0024920743146820148
v 0.0031159483689975347 3.523904751451951e-05 -0.0024920743146820148
v 0.0031159483689975347 3.523904751451951e-05 -0.0024620747015906565
v 0.0031146668691635075 -8.572736563397869e-05 -0.0024620747015906565
v 0.003108675410404605 -0.00020655205011623978 -0.0024620747015906565
v 0.003097979953185171 -0.00032705160989496973 -0.0024620747015906565
v 0.0030826007630839762 -0.0004470431332206024 -0.0024620747015906565
v 0.0030625581056797917 -0.0005663445092809681 -0.0024620747015906565
v 0.0030378841674800765 -0.000684774651718706 -0.0024620747015906565
v 0.0030086147112708965 -0.0008021537780280309 -0.0024620747015906565
v 0.0029747962286741374 -0.00091830370757795 -0.0024620747015906565
v 0.0029364787875902913 -0.0010330481596354804 -0.0024620747015906565
v 0.0028937208005699326 -0.0011462129396301592 -0.0024620747015906565
v 0.00284658664062798 -0.001257626237177262 -0.0024620747015906565
v 0.0027951490254294335 -0.0013671190731126273 -0.0024620747015906565
v 0.00273948544101077 -0.0014745251504810488 -0.0024620747015906565
v 0.002679680525965678 -0.0015796814505827097 -0.0024620747015906565
v 0.0026158248793521914 -0.001682428381984791 -0.0024620747015906565
v 0.002548015060692688 -0.0017826100785446888 -0.0024620747015906565
v 0.002476354782066759 -0.0018800742503984062 -0.0024620747015906565
v 0.002400951331832602 -0.001974673078030204 -0.0024620747015906565
v 0.002321921535091365 -0.002066263063260993 -0.0024620747015906565
v 0.002239383409037066 -0.0021547048802367246 -0.0024620747015906565
v 0.0021534621234209354 -0.0022398647165328693 -0.0024620747015906565
v 0.002064290000551417 -0.0023216129320499383 -0.0024620747015906565
v 0.001972000554829823 -0.0023998256981411785 -0.0024620747015906565
v 0.0018767356453075483 -0.002474384103542921 -0.0024620747015906565
v 0.0017786371310359874 -0.0025451751974558405 -0.0024620747015906565
v 0.0016778564078094862 -0.002612091244486914 -0.0024620747015906565
v 0.0015745460635152588 -0.002675031065753897 -0.0024620747015906565
v 0.0014688622623191263 -0.002733898697780846 -0.0024620747015906565
v 0.0013609647446655162 -0.002788604733602596 -0.0024620747015906565
v 0.0012510192114632004 -0.002839066620787978 -0.0024620747015906565
v 0.0011391913636209507 -0.0028852077673701686 -0.0024620747015906565
v 0.0010256504783261457 -0.002926957541846687 -0.0024620747015906565
v 0.0009105694090447703 -0.0029642530613187006 -0.0024620747015906565
v 0.0007941233934285475 -0.0029970374033517215 -0.0024620747015906565
v 0.0006764888612220689 -0.003025261096091692 -0.0024620747015906565
v 0.0005578434342627948 -0.0030488812241953327 -0.0024620747015906565
v 0.0004383695027596613 -0.0030678617268533608 -0.0024620747015906565
v 0.0004383695027596613 -0.0030678617268533608 -0.0024920743146820148
v 0.00043998121231836334 -0.0032492833603333664 -0.0024920743146820148
v 0.0004383695027596613 -0.0030678617268533608 -0.0024620747015906565
v 0.00043998121231836334 -0.0032492833603333664 -0.0024620747015906565
v 0.00043998121231836334 -0.0032492833603333664 -0.0024620747015906565
v 0.0013526332076050365 -0.002990964584254519 -0.0024620747015906565
v 0.002153438281563558 -0.0024826609533430415 -0.0024620747015906565
v 0.002775636849351893 -0.0017667480908316049 -0.0024620747015906565
v 0.0031673561818743594 -0.0009029096908216989 -0.0024620747015906565
v 0.0032959412791742086 3.683882217469463e-05 -0.0024620747015906565
v 0.00043998121231836334 -0.0032492833603333664 -0.0024920743146820148
v 0.0032959412791742086 3.683882217469463e-05 -0.0024920743146820148
v 0.0031673561818743594 -0.0009029096908216989 -0.0024920743146820148
v 0.002775636849351893 -0.0017667480908316049 -0.0024920743146820148
v 0.002153438281563558 -0.0024826609533430415 -0.0024920743146820148
v 0.0013526332076050365 -0.002990964584254519 -0.0024920743146820148
v 0.0032959412791742086 3.683882217469463e-05 -0.0024620747015906565
v 0.003154653240263761 0.0009611260676132274 -0.0024620747015906565
v 0.0027586864808495375 0.0018081678045950569 -0.0024620747015906565
v 0.002140120220032627 0.0025093414818642694 -0.0024620747015906565
v 0.0013490664657414 0.003007842533115091 -0.0024620747015906565
v 0.00044961213060590316 0.0032632853851478076 -0.0024620747015906565
v -0.00048537372457890815 0.0032549753057589674 -0.0024620747015906565
v -0.0013801461149719476 0.0029835855293962603 -0.0024620747015906565
v -0.0021622144692641236 0.0024711025698981597 -0.0024620747015906565
v -0.002768220243568265 0.001759044637701407 -0.0024620747015906565
v -0.0031490682851731404 0.0009050986713521476 -0.0024620747015906565
v -0.003273905442493286 -2.1553895885782773e-05 -0.0024620747015906565
v 0.0032959412791742086 3.683882217469463e-05 -0.0024920743146820148
v -0.003273905442493286 -2.1553895885782773e-05 -0.0024920743146820148
v -0.0031490682851731404 0.0009050986713521476 -0.0024920743146820148
v -0.002768220243568265 0.001759044637701407 -0.0024920743146820148
v -0.0021622144692641236 0.0024711025698981597 -0.0024920743146820148
v -0.0013801461149719476 0.0029835855293962603 -0.0024920743146820148
v -0.00048537372457890815 0.0032549753057589674 -0.0024920743146820148
v 0.00044961213060590316 0.0032632853851478076 -0.0024920743146820148
v 0.0013490664657414 0.003007842533115091 -0.0024920743146820148
v 0.002140120220032627 0.0025093414818642694 -0.0024920743146820148
v 0.0027586864808495375 0.0018081678045950569 -0.0024920743146820148
v 0.003154653240263761 0.0009611260676132274 -0.0024920743146820148
v -0.00035998701244621684 -0.0032563933002264793 -0.0024920743146820148
v -0.001277085514133747 -0.0030143373530878708 -0.0024920743146820148
v -0.002086799098101278 -0.0025203480753224765 -0.0024920743146820148
v -0.002721623717510169 -0.0018156076561896275 -0.0024920743146820148
v -0.0031286364094472723 -0.0009588683927312105 -0.0024920743146820148
v -0.003273905442493286 -2.1553895885782773e-05 -0.0024920743146820148
v -0.00035998701244621684 -0.0032563933002264793 -0.0024620747015906565
v -0.003273905442493286 -2.1553895885782773e-05 -0.0024620747015906565
v -0.0031286364094472723 -0.0009588683927312105 -0.0024620747015906565
v -0.002721623717510169 -0.0018156076561896275 -0.0024620747015906565
v -0.002086799098101278 -0.0025203480753224765 -0.0024620747015906565
v -0.001277085514133747 -0.0030143373530878708 -0.0024620747015906565
v -0.0003615987220049189 -0.003074971964769691 -0.0024620747015906565
v -0.00035998701244621684 -0.0032563933002264793 -0.0024620747015906565
v -0.0003615987220049189 -0.003074971964769691 -0.0024920743146820148
v -0.00035998701244621684 -0.0032563933002264793 -0.0024920743146820148
usemtl front_cover
f 17 1 2
f 17 18 1
f 16 17 2
f 3 16 2
f 15 16 3
f 4 15 3
f 14 4 5
f 14 15 4
f 13 14 5
f 6 13 5
f 12 13 6
f 7 12 6
f 11 7 8
f 11 12 7
f 10 8 9
f 10 11 8
f 49 28 29
f 49 29 40
f 50 28 49
f 27 28 50
f 48 40 39
f 48 49 40
f 38 48 39
f 26 27 51
f 37 47 38
f 25 26 52
f 36 46 37
f 24 53 54
f 24 25 53
f 34 45 35
f 44 34 33
f 43 44 33
f 32 43 33
f 22 23 55
f 42 32 31
f 21 22 56
f 30 42 31
f 41 42 30
f 19 21 57
f 42 43 32
f 44 45 34
f 45 46 36
f 45 36 35
f 46 47 37
f 47 48 38
f 50 51 27
f 51 52 26
f 52 53 25
f 54 55 24
f 24 55 23
f 55 56 22
f 56 57 21
f 57 20 19
f 130 129 128
f 127 130 128
f 126 130 127
f 131 130 126
f 125 131 126
f 125 132 131
f 133 132 125
f 124 133 125
f 123 133 124
f 134 133 123
f 122 134 123
f 122 135 134
f 121 135 122
f 121 136 135
f 137 136 121
f 120 137 121
f 119 137 120
f 138 137 119
f 118 138 119
f 139 138 118
f 117 139 118
f 140 139 117
f 116 140 117
f 141 140 116
f 115 141 116
f 142 141 115
f 114 142 115
f 143 142 114
f 113 143 114
f 144 143 113
f 112 144 113
f 111 144 112
f 111 145 144
f 110 145 111
f 110 146 145
f 109 146 110
f 147 146 109
f 108 147 109
f 148 147 108
f 107 148 108
f 149 148 107
f 106 149 107
f 150 149 106
f 105 150 106
f 151 150 105
f 104 151 105
f 152 151 104
f 103 152 104
f 153 152 103
f 153 103 102
f 101 153 102
f 154 153 101
f 100 154 101
f 155 154 100
f 99 155 100
f 156 155 99
f 98 156 99
f 157 156 98
f 97 157 98
f 158 157 97
f 96 158 97
f 159 158 96
f 95 159 96
f 160 159 95
f 94 160 95
f 161 160 94
f 93 161 94
f 162 161 93
f 92 162 93
f 91 163 162
f 91 162 92
f 164 163 91
f 90 164 91
f 165 164 90
f 89 165 90
f 166 89 88
f 166 165 89
f 87 167 166
f 87 166 88
f 168 167 87
f 86 168 87
f 85 168 86
f 169 168 85
f 84 169 85
f 170 169 84
f 83 170 84
f 171 170 83
f 82 171 83
f 172 171 82
f 81 172 82
f 173 172 81
f 80 173 81
f 174 173 80
f 79 174 80
f 175 79 78
f 175 174 79
f 176 175 78
f 77 176 78
f 177 176 77
f 76 177 77
f 178 177 76
f 75 178 76
f 74 178 75
f 179 178 74
f 73 179 74
f 180 179 73
f 72 180 73
f 181 180 72
f 71 181 72
f 182 181 71
f 70 182 71
f 183 182 70
f 69 183 70
f 184 183 69
f 68 184 69
f 185 184 68
f 67 185 68
f 186 185 67
f 66 186 67
f 187 66 65
f 187 186 66
f 64 187 65
f 188 187 64
f 63 189 188
f 63 188 64
f 62 189 63
f 190 189 62
f 61 190 62
f 191 190 61
f 60 191 61
f 192 191 60
f 59 192 60
f 59 193 192
f 194 193 59
f 58 194 59
f 264 265 336
f 335 264 336
f 263 264 335
f 334 263 335
f 262 263 334
f 333 262 334
f 261 262 333
f 332 261 333
f 260 261 332
f 331 260 332
f 259 260 331
f 330 259 331
f 258 259 330
f 329 258 330
f 257 258 329
f 328 257 329
f 256 257 328
f 327 256 328
f 255 256 327
f 326 255 327
f 254 255 326
f 325 254 326
f 253 254 325
f 324 253 325
f 252 253 324
f 323 252 324
f 251 252 323
f 322 251 323
f 321 251 322
f 321 250 251
f 320 250 321
f 320 249 250
f 319 249 320
f 319 248 249
f 318 248 319
f 247 248 318
f 317 247 318
f 246 247 317
f 316 246 317
f 245 246 316
f 315 245 316
f 244 245 315
f 314 244 315
f 243 244 314
f 313 243 314
f 313 242 243
f 241 242 313
f 312 241 313
f 240 241 312
f 311 240 312
f 239 240 311
f 310 239 311
f 238 239 310
f 309 238 310
f 237 238 309
f 308 237 309
f 236 237 308
f 307 236 308
f 235 236 307
f 306 235 307
f 234 235 306
f 305 234 306
f 233 234 305
f 304 233 305
f 232 233 304
f 303 232 304
f 231 232 303
f 302 231 303
f 230 231 302
f 301 230 302
f 229 230 301
f 300 229 301
f 228 229 300
f 299 228 300
f 227 228 299
f 298 227 299
f 226 227 298
f 297 226 298
f 225 226 297
f 296 225 297
f 224 225 296
f 295 224 296
f 223 224 295
f 294 223 295
f 293 223 294
f 293 222 223
f 292 222 293
f 292 221 222
f 291 221 292
f 220 221 291
f 290 220 291
f 219 220 290
f 289 219 290
f 218 219 289
f 288 218 289
f 217 218 288
f 287 217 288
f 216 217 287
f 286 216 287
f 215 216 286
f 285 215 286
f 214 215 285
f 284 214 285
f 213 214 284
f 283 213 284
f 212 213 283
f 282 211 212
f 282 212 283
f 210 211 282
f 281 210 282
f 209 210 281
f 280 209 281
f 208 209 280
f 279 208 280
f 207 208 279
f 278 207 279
f 206 207 278
f 277 206 278
f 205 206 277
f 276 205 277
f 204 205 276
f 275 204 276
f 203 204 275
f 274 203 275
f 202 203 274
f 273 202 274
f 201 202 273
f 272 201 273
f 200 201 272
f 271 200 272
f 199 200 271
f 270 199 271
f 198 199 270
f 269 198 270
f 197 198 269
f 268 197 269
f 196 197 268
f 267 196 268
f 195 196 267
f 266 195 267
f 415 345 344
f 343 415 344
f 414 415 343
f 342 414 343
f 413 414 342
f 341 413 342
f 412 413 341
f 340 412 341
f 411 412 340
f 339 411 340
f 410 411 339
f 338 410 339
f 409 338 337
f 409 410 338
f 473 409 337
f 408 409 473
f 407 408 473
f 472 407 473
f 406 407 472
f 471 406 472
f 405 406 471
f 470 405 471
f 404 405 470
f 469 404 470
f 403 404 469
f 468 403 469
f 402 403 468
f 467 402 468
f 401 402 467
f 466 401 467
f 466 400 401
f 465 400 466
f 399 400 465
f 464 399 465
f 398 399 464
f 397 398 464
f 463 397 464
f 396 397 463
f 462 396 463
f 395 396 462
f 395 462 461
f 394 395 461
f 460 394 461
f 393 394 460
f 459 393 460
f 392 393 459
f 458 392 459
f 391 392 458
f 457 391 458
f 390 391 457
f 456 390 457
f 389 390 456
f 455 389 456
f 388 389 455
f 454 387 388
f 454 388 455
f 453 387 454
f 386 387 453
f 452 386 453
f 385 386 452
f 451 384 385
f 451 385 452
f 383 384 451
f 450 383 451
f 382 383 450
f 449 382 450
f 381 382 449
f 448 381 449
f 380 381 448
f 447 380 448
f 379 380 447
f 446 379 447
f 378 379 446
f 445 378 446
f 377 378 445
f 444 376 377
f 444 377 445
f 443 376 444
f 375 376 443
f 442 375 443
f 442 374 375
f 373 374 442
f 441 373 442
f 372 373 441
f 440 372 441
f 371 372 440
f 439 371 440
f 370 371 439
f 438 370 439
f 369 370 438
f 437 369 438
f 368 369 437
f 436 368 437
f 367 368 436
f 435 366 367
f 435 367 436
f 365 366 435
f 434 365 435
f 433 365 434
f 364 365 433
f 363 364 433
f 432 363 433
f 362 363 432
f 431 362 432
f 361 362 431
f 430 361 431
f 429 361 430
f 360 361 429
f 359 360 429
f 428 359 429
f 358 359 428
f 427 358 428
f 357 358 427
f 426 357 427
f 356 357 426
f 425 356 426
f 355 356 425
f 424 355 425
f 354 355 424
f 423 354 424
f 353 354 423
f 422 352 353
f 422 353 423
f 421 352 422
f 351 352 421
f 420 351 421
f 350 351 420
f 349 350 420
f 419 349 420
f 348 349 419
f 418 348 419
f 347 348 418
f 417 347 418
f 416 347 417
f 416 346 347
f 476 475 474
f 480 478 479
f 477 478 480
f 481 483 482
f 484 486 485
f 514 515 487
f 488 514 487
f 509 497 508
f 498 497 509
f 510 498 509
f 489 513 488
f 499 498 510
f 512 513 489
f 500 510 511
f 500 499 510
f 490 512 489
f 501 511 512
f 501 500 511
f 501 512 490
f 502 490 491
f 502 501 490
f 503 502 491
f 492 503 491
f 504 503 492
f 505 492 493
f 505 504 492
f 506 493 494
f 506 505 493
f 507 506 494
f 495 507 494
f 496 507 495
f 513 514 488
f 532 516 517
f 532 533 516
f 531 532 517
f 518 531 517
f 530 531 518
f 519 530 518
f 529 519 520
f 529 530 519
f 528 529 520
f 521 528 520
f 527 528 521
f 522 527 521
f 526 522 523
f 526 527 522
f 525 523 524
f 525 526 523
f 550 534 535
f 550 551 534
f 549 550 535
f 536 549 535
f 548 549 536
f 537 548 536
f 547 537 538
f 547 548 537
f 546 547 538
f 539 546 538
f 545 546 539
f 540 545 539
f 544 540 541
f 544 545 540
f 543 541 542
f 543 544 541
f 568 552 553
f 568 569 552
f 567 568 553
f 554 567 553
f 566 567 554
f 555 566 554
f 565 555 556
f 565 566 555
f 564 565 556
f 557 564 556
f 563 564 557
f 558 563 557
f 562 558 559
f 562 563 558
f 561 559 560
f 561 562 559
f 586 570 571
f 586 587 570
f 585 586 571
f 572 585 571
f 584 585 572
f 573 584 572
f 583 573 574
f 583 584 573
f 582 583 574
f 575 582 574
f 581 582 575
f 576 581 575
f 580 576 577
f 580 581 576
f 579 577 578
f 579 580 577
f 590 589 588
f 591 589 590
f 594 593 592
f 596 595 607
f 596 607 608
f 597 596 608
f 609 597 608
f 598 597 609
f 599 609 610
f 599 598 609
f 600 610 611
f 600 599 610
f 601 600 611
f 612 601 611
f 602 601 612
f 603 612 613
f 603 602 612
f 604 603 613
f 614 604 613
f 605 604 614
f 615 605 614
f 606 605 615
f 655 630 631
f 656 629 630
f 656 630 655
f 654 655 631
f 657 628 629
f 657 629 656
f 632 654 631
f 653 654 632
f 638 627 628
f 638 628 657
f 633 653 632
f 626 627 638
f 652 653 633
f 639 626 638
f 634 652 633
f 625 626 639
f 651 652 634
f 640 625 639
f 635 651 634
f 624 625 640
f 650 651 635
f 641 624 640
f 636 650 635
f 623 624 641
f 649 650 636
f 642 623 641
f 637 649 636
f 622 623 642
f 648 649 637
f 643 622 642
f 616 648 637
f 621 622 643
f 644 621 643
f 617 648 616
f 617 647 648
f 620 621 644
f 620 644 645
f 618 647 617
f 618 646 647
f 619 620 645
f 619 646 618
f 619 645 646
f 659 658 669
f 659 669 679
f 660 679 678
f 660 659 679
f 661 678 677
f 661 660 678
f 662 677 676
f 662 661 677
f 663 676 675
f 663 662 676
f 664 675 674
f 664 663 675
f 665 674 673
f 665 664 674
f 666 673 672
f 666 665 673
f 667 672 671
f 667 666 672
f 668 671 670
f 668 667 671
f 701 680 691
f 681 680 701
f 700 681 701
f 682 681 700
f 699 682 700
f 683 682 699
f 698 683 699
f 684 683 698
f 697 684 698
f 685 684 697
f 696 685 697
f 686 685 696
f 695 686 696
f 687 686 695
f 694 687 695
f 688 687 694
f 693 688 694
f 689 688 693
f 692 689 693
f 690 689 692
f 723 702 703
f 723 722 702
f 724 721 722
f 724 722 723
f 725 703 704
f 725 723 703
f 726 720 721
f 726 723 725
f 726 721 724
f 726 724 723
f 727 704 705
f 727 725 704
f 728 719 720
f 728 720 726
f 728 726 725
f 728 725 727
f 729 705 706
f 729 727 705
f 730 718 719
f 730 727 729
f 730 728 727
f 730 719 728
f 731 706 707
f 731 729 706
f 732 717 718
f 732 718 730
f 732 730 729
f 732 729 731
f 733 707 708
f 733 731 707
f 734 716 717
f 734 717 732
f 734 732 731
f 734 731 733
f 735 708 709
f 735 733 708
f 736 715 716
f 736 716 734
f 736 734 733
f 736 733 735
f 737 709 710
f 737 735 709
f 738 714 715
f 738 715 736
f 738 736 735
f 738 735 737
f 739 710 711
f 739 737 710
f 740 711 712
f 740 712 713
f 740 713 714
f 740 739 711
f 740 714 738
f 740 738 737
f 740 737 739
f 762 741 742
f 763 760 761
f 763 761 741
f 763 741 762
f 764 742 743
f 764 762 742
f 765 759 760
f 765 762 764
f 765 760 763
f 765 763 762
f 766 743 744
f 766 764 743
f 767 758 759
f 767 759 765
f 767 765 764
f 767 764 766
f 768 744 745
f 768 766 744
f 769 757 758
f 769 767 766
f 769 766 768
f 769 758 767
f 770 745 746
f 770 768 745
f 771 756 757
f 771 757 769
f 771 769 768
f 771 768 770
f 772 746 747
f 772 770 746
f 773 755 756
f 773 756 771
f 773 771 770
f 773 770 772
f 774 747 748
f 774 772 747
f 775 754 755
f 775 755 773
f 775 773 772
f 775 772 774
f 776 748 749
f 776 774 748
f 777 753 754
f 777 754 775
f 777 775 774
f 777 774 776
f 778 749 750
f 778 776 749
f 779 750 751
f 779 751 752
f 779 752 753
f 779 778 750
f 779 753 777
f 779 777 776
f 779 776 778
f 781 780 784
f 793 781 784
f 782 781 793
f 783 782 793
f 792 783 793
f 808 807 783
f 808 783 792
f 809 792 791
f 809 808 792
f 803 809 791
f 790 803 791
f 806 809 803
f 804 803 790
f 789 804 790
f 805 804 789
f 802 789 788
f 802 805 789
f 800 788 787
f 800 799 802
f 800 802 788
f 801 800 787
f 795 787 786
f 795 801 787
f 796 795 786
f 798 801 795
f 797 786 785
f 797 796 786
f 794 797 785
f 811 812 810
f 817 813 812
f 817 812 811
f 816 814 813
f 816 813 817
f 815 814 816
f 821 819 818
f 820 819 821
f 834 835 836
f 834 836 831
f 832 834 831
f 843 832 833
f 843 837 834
f 843 838 839
f 843 839 840
f 843 840 837
f 843 834 832
f 842 833 830
f 842 843 833
f 841 830 827
f 841 842 830
f 846 827 828
f 846 841 827
f 845 828 829
f 845 846 828
f 826 824 825
f 822 829 824
f 822 845 829
f 822 824 826
f 823 845 822
f 847 845 823
f 848 845 847
f 844 845 848
f 850 852 851
f 849 852 850
f 898 899 900
f 886 883 884
f 886 884 885
f 897 898 900
f 882 883 886
f 901 897 900
f 887 882 886
f 896 901 902
f 896 897 901
f 895 896 902
f 878 879 880
f 878 880 881
f 877 881 882
f 877 887 888
f 877 882 887
f 877 878 881
f 876 877 888
f 974 891 892
f 974 892 893
f 975 888 889
f 975 889 890
f 975 890 891
f 975 876 888
f 975 891 974
f 871 869 870
f 868 871 872
f 868 869 871
f 973 893 894
f 973 894 895
f 973 902 903
f 973 895 902
f 973 974 893
f 867 868 872
f 976 873 874
f 976 874 875
f 976 875 876
f 976 876 975
f 864 865 866
f 863 866 867
f 863 864 866
f 910 906 907
f 910 907 908
f 910 908 909
f 862 863 867
f 862 867 872
f 972 973 903
f 972 903 904
f 972 904 905
f 861 872 873
f 861 862 872
f 911 906 910
f 911 905 906
f 860 861 873
f 912 972 905
f 912 905 911
f 913 972 912
f 914 972 913
f 977 859 860
f 977 860 873
f 977 873 976
f 858 859 977
f 971 914 915
f 971 972 914
f 978 858 977
f 857 858 978
f 916 971 915
f 970 971 916
f 856 857 978
f 917 970 916
f 918 970 917
f 979 854 855
f 979 855 856
f 979 856 978
f 966 967 968
f 965 966 968
f 924 921 922
f 924 922 923
f 964 968 853
f 964 965 968
f 925 921 924
f 925 920 921
f 963 853 854
f 963 854 979
f 963 964 853
f 930 920 925
f 930 919 920
f 930 925 926
f 931 969 970
f 931 919 930
f 931 918 919
f 931 970 918
f 929 930 926
f 932 969 931
f 927 929 926
f 962 963 979
f 928 929 927
f 933 969 932
f 934 982 969
f 934 969 933
f 961 962 979
f 961 979 980
f 938 936 937
f 951 980 981
f 951 952 980
f 953 980 952
f 948 982 947
f 946 982 934
f 946 947 982
f 946 934 935
f 945 946 935
f 960 953 954
f 960 961 980
f 960 980 953
f 950 951 981
f 939 936 938
f 939 935 936
f 949 981 982
f 949 950 981
f 949 982 948
f 959 960 954
f 940 945 935
f 940 935 939
f 955 959 954
f 944 945 940
f 958 955 956
f 958 959 955
f 957 958 956
f 941 944 940
f 942 944 941
f 942 943 944
f 986 984 983
f 985 984 986
f 993 991 992
f 987 991 993
f 988 994 991
f 988 991 987
f 1000 995 996
f 1000 996 997
f 1000 997 994
f 1000 994 988
f 989 1000 988
f 990 1000 989
f 999 1000 990
f 1008 999 990
f 998 999 1003
f 1002 1003 999
f 1001 1002 999
f 1009 999 1008
f 1010 1001 999
f 1010 999 1009
f 1004 1001 1010
f 1005 1007 1004
f 1005 1004 1010
f 1006 1007 1005
f 1017 1011 1012
f 1017 1012 1015
f 1018 1014 1013
f 1018 1015 1014
f 1018 1017 1015
f 1016 1018 1013
f 1024 1022 1021
f 1025 1021 1020
f 1025 1024 1021
f 1026 1025 1020
f 1023 1020 1019
f 1023 1026 1020
f 1030 1029 1028
f 1027 1030 1028
f 1033 1036 1038
f 1034 1038 1037
f 1034 1033 1038
f 1035 1037 1031
f 1035 1034 1037
f 1032 1035 1031
f 1044 1042 1041
f 1045 1041 1040
f 1045 1044 1041
f 1046 1040 1039
f 1046 1045 1040
f 1043 1046 1039
f 1048 1050 1049
f 1047 1050 1048
f 1051 1053 1052
f 1058 1054 1053
f 1058 1053 1051
f 1057 1055 1054
f 1057 1054 1058
f 1056 1055 1057
f 1069 1068 1071
f 1080 1069 1071
f 1070 1069 1080
f 1067 1070 1080
f 1079 1067 1080
f 1065 1064 1067
f 1065 1067 1079
f 1066 1079 1078
f 1066 1065 1079
f 1059 1066 1078
f 1077 1059 1078
f 1063 1066 1059
f 1060 1059 1077
f 1076 1060 1077
f 1061 1060 1076
f 1062 1076 1075
f 1062 1061 1076
f 1087 1075 1074
f 1087 1086 1062
f 1087 1062 1075
f 1088 1087 1074
f 1082 1074 1073
f 1082 1088 1074
f 1083 1082 1073
f 1085 1088 1082
f 1084 1073 1072
f 1084 1083 1073
f 1081 1084 1072
f 1090 1091 1089
f 1096 1092 1091
f 1096 1091 1090
f 1095 1093 1092
f 1095 1092 1096
f 1094 1093 1095
f 1097 1099 1098
f 1104 1100 1099
f 1104 1099 1097
f 1103 1101 1100
f 1103 1100 1104
f 1102 1101 1103
f 1128 1105 1106
f 1128 1106 1130
f 1128 1130 1131
f 1128 1131 1127
f 1107 1108 1109
f 1107 1109 1105
f 1112 1105 1128
f 1112 1107 1105
f 1111 1128 1129
f 1111 1112 1128
f 1110 1129 1124
f 1110 1111 1129
f 1113 1124 1125
f 1113 1110 1124
f 1121 1122 1126
f 1123 1126 1122
f 1120 1126 1123
f 1116 1125 1126
f 1116 1113 1125
f 1115 1116 1126
f 1117 1126 1120
f 1117 1115 1126
f 1114 1115 1117
f 1119 1117 1118
f 1119 1114 1117
f 1133 1135 1134
f 1132 1135 1133
f 1141 1139 1138
f 1142 1138 1137
f 1142 1141 1138
f 1143 1137 1136
f 1143 1142 1137
f 1140 1143 1136
f 1146 1149 1151
f 1147 1151 1150
f 1147 1146 1151
f 1148 1150 1144
f 1148 1147 1150
f 1145 1148 1144
f 1154 1157 1156
f 1155 1154 1156
f 1158 1157 1154
f 1152 1158 1154
f 1159 1152 1153
f 1159 1158 1152
f 1161 1162 1160
f 1161 1163 1162
f 1167 1169 1168
f 1167 1170 1169
f 1166 1171 1170
f 1166 1170 1167
f 1164 1165 1171
f 1164 1171 1166
f 1174 1172 1173
f 1174 1173 1175
f 1181 1178 1179
f 1181 1179 1180
f 1192 1193 1181
f 1182 1192 1181
f 1186 1177 1178
f 1189 1187 1188
f 1184 1182 1183
f 1185 1182 1184
f 1190 1187 1189
f 1176 1191 1185
f 1176 1177 1187
f 1187 1177 1186
f 1176 1187 1190
f 1176 1190 1191
f 1191 1192 1182
f 1191 1182 1185
f 1193 1186 1181
f 1181 1186 1178
f 1197 1199 1198
f 1197 1200 1199
f 1197 1201 1200
f 1196 1201 1197
f 1194 1195 1201
f 1194 1201 1196
f 1202 1203 1205
f 1204 1202 1205
f 1207 1206 1208
f 1207 1208 1209
f 1213 1211 1212
f 1210 1211 1213
f 1217 1214 1216
f 1215 1214 1217
f 1221 1219 1220
f 1218 1219 1221
f 1223 1222 1224
f 1223 1224 1225
f 1229 1227 1228
f 1226 1227 1229
f 1233 1230 1232
f 1231 1230 1233
f 1234 1235 1236
f 1234 1236 1237
f 1247 1244 1245
f 1248 1244 1247
f 1243 1244 1248
f 1243 1248 1241
f 1242 1243 1241
f 1246 1247 1245
f 1246 1241 1248
f 1240 1241 1246
f 1239 1238 1240
f 1239 1246 1245
f 1239 1240 1246
f 1252 1250 1251
f 1249 1250 1252
f 1256 1253 1255
f 1254 1253 1256
f 1258 1257 1259
f 1258 1259 1260
f 1261 1262 1263
f 1270 1264 1265
f 1270 1265 1268
f 1271 1268 1267
f 1271 1270 1268
f 1269 1267 1266
f 1269 1271 1267
f 1278 1274 1273
f 1278 1275 1274
f 1278 1277 1275
f 1279 1278 1273
f 1276 1273 1272
f 1276 1279 1273
f 1283 1281 1280
f 1282 1281 1283
f 1285 1286 1284
f 1291 1287 1286
f 1291 1286 1285
f 1290 1288 1287
f 1290 1287 1291
f 1289 1288 1290
f 1292 1294 1293
f 1299 1295 1294
f 1299 1294 1292
f 1298 1296 1295
f 1298 1295 1299
f 1297 1296 1298
f 1301 1302 1300
f 1307 1303 1302
f 1307 1302 1301
f 1306 1304 1303
f 1306 1303 1307
f 1305 1304 1306
f 1311 1309 1308
f 1310 1309 1311
f 1316 1314 1315
f 1312 1314 1316
f 1319 1314 1312
f 1313 1319 1312
f 1332 1317 1318
f 1332 1318 1319
f 1332 1313 1334
f 1332 1334 1335
f 1332 1335 1331
f 1332 1319 1313
f 1320 1317 1332
f 1333 1323 1320
f 1333 1320 1332
f 1322 1323 1333
f 1324 1321 1322
f 1324 1325 1326
f 1324 1326 1321
f 1327 1322 1333
f 1327 1324 1322
f 1330 1327 1333
f 1329 1330 1333
f 1328 1329 1333
f 1337 1339 1338
f 1336 1339 1337
f 1345 1343 1342
f 1346 1342 1341
f 1346 1345 1342
f 1347 1341 1340
f 1347 1346 1341
f 1344 1347 1340
f 1350 1353 1355
f 1351 1355 1354
f 1351 1350 1355
f 1352 1354 1348
f 1352 1351 1354
f 1349 1352 1348
f 1359 1358 1357
f 1356 1359 1357
f 1366 1360 1361
f 1366 1361 1364
f 1367 1364 1363
f 1367 1366 1364
f 1365 1363 1362
f 1365 1367 1363
f 1374 1370 1369
f 1374 1371 1370
f 1374 1373 1371
f 1375 1374 1369
f 1372 1369 1368
f 1372 1375 1369
f 1376 1378 1377
f 1383 1379 1378
f 1383 1378 1376
f 1382 1380 1379
f 1382 1379 1383
f 1381 1380 1382
f 1390 1386 1385
f 1390 1387 1386
f 1390 1389 1387
f 1391 1390 1385
f 1388 1385 1384
f 1388 1391 1385
f 1398 1392 1393
f 1398 1393 1396
f 1399 1396 1395
f 1399 1398 1396
f 1397 1395 1394
f 1397 1399 1395
f 1402 1405 1404
f 1403 1402 1404
f 1406 1405 1402
f 1400 1406 1402
f 1407 1400 1401
f 1407 1406 1400
f 1409 1410 1408
f 1409 1411 1410
f 1415 1417 1416
f 1415 1418 1417
f 1414 1419 1418
f 1414 1418 1415
f 1412 1413 1419
f 1412 1419 1414
f 1422 1420 1421
f 1422 1421 1423
f 1430 1431 1432
f 1430 1432 1433
f 1436 1433 1425
f 1436 1425 1434
f 1436 1430 1433
f 1437 1430 1436
f 1424 1440 1434
f 1424 1434 1425
f 1438 1430 1437
f 1426 1440 1424
f 1429 1439 1426
f 1428 1426 1427
f 1428 1429 1426
f 1429 1430 1438
f 1429 1438 1439
f 1434 1435 1436
f 1439 1440 1426
f 1444 1446 1445
f 1444 1447 1446
f 1444 1448 1447
f 1443 1442 1448
f 1443 1448 1444
f 1441 1442 1443
f 1449 1450 1452
f 1451 1449 1452
f 1456 1454 1455
f 1453 1454 1456
f 1457 1458 1459
f 1457 1459 1460
f 1461 1462 1463
f 1461 1463 1464
f 1468 1465 1467
f 1466 1465 1468
f 1472 1470 1471
f 1469 1470 1472
f 1474 1473 1475
f 1474 1475 1476
f 1480 1478 1479
f 1477 1478 1480
f 1484 1482 1483
f 1481 1482 1484
f 1487 1484 1486
f 1487 1481 1484
f 1484 1485 1486
f 1490 1493 1495
f 1491 1495 1494
f 1491 1490 1495
f 1492 1494 1488
f 1492 1491 1494
f 1489 1492 1488
f 1501 1499 1498
f 1502 1498 1497
f 1502 1501 1498
f 1503 1497 1496
f 1503 1502 1497
f 1500 1503 1496
f 1510 1512 1511
f 1510 1513 1512
f 1509 1514 1513
f 1509 1513 1510
f 1508 1515 1514
f 1508 1514 1509
f 1507 1516 1515
f 1507 1517 1516
f 1507 1515 1508
f 1506 1518 1517
f 1506 1517 1507
f 1505 1519 1518
f 1505 1518 1506
f 1504 1519 1505
f 1535 1521 1520
f 1534 1522 1521
f 1534 1521 1535
f 1533 1523 1522
f 1533 1522 1534
f 1532 1523 1533
f 1531 1524 1523
f 1531 1523 1532
f 1530 1525 1524
f 1530 1524 1531
f 1529 1526 1525
f 1529 1525 1530
f 1528 1527 1526
f 1528 1526 1529
f 1544 1537 1536
f 1544 1536 1543
f 1545 1538 1537
f 1545 1537 1544
f 1546 1538 1545
f 1547 1539 1538
f 1547 1538 1546
f 1548 1540 1539
f 1548 1539 1547
f 1549 1540 1548
f 1541 1540 1549
f 1542 1541 1549
f 1558 1551 1550
f 1558 1550 1557
f 1559 1552 1551
f 1559 1551 1558
f 1560 1553 1552
f 1560 1552 1559
f 1561 1554 1553
f 1561 1553 1560
f 1556 1555 1554
f 1556 1554 1561
f 1579 1565 1566
f 1579 1566 1578
f 1567 1578 1566
f 1577 1578 1567
f 1580 1564 1565
f 1580 1565 1579
f 1576 1567 1568
f 1576 1577 1567
f 1563 1580 1581
f 1563 1564 1580
f 1569 1575 1576
f 1569 1576 1568
f 1562 1581 1572
f 1562 1563 1581
f 1570 1574 1575
f 1570 1575 1569
f 1571 1572 1573
f 1571 1573 1574
f 1571 1562 1572
f 1571 1574 1570
f 1586 1588 1587
f 1586 1589 1588
f 1585 1590 1589
f 1585 1589 1586
f 1584 1591 1590
f 1584 1590 1585
f 1583 1592 1591
f 1583 1591 1584
f 1593 1592 1583
f 1582 1593 1583
f 1596 1613 1595
f 1612 1613 1596
f 1604 1594 1595
f 1604 1595 1613
f 1597 1612 1596
f 1611 1612 1597
f 1605 1603 1594
f 1605 1594 1604
f 1598 1610 1611
f 1598 1611 1597
f 1606 1603 1605
f 1602 1603 1606
f 1599 1609 1610
f 1599 1610 1598
f 1607 1602 1606
f 1601 1602 1607
f 1600 1607 1608
f 1600 1608 1609
f 1600 1609 1599
f 1600 1601 1607
f 1624 1615 1614
f 1624 1614 1625
f 1623 1616 1615
f 1623 1615 1624
f 1622 1617 1616
f 1622 1616 1623
f 1621 1618 1617
f 1621 1617 1622
f 1620 1619 1618
f 1620 1618 1621
f 1634 1633 1635
f 1642 1630 1631
f 1642 1631 1640
f 1643 1639 1638
f 1643 1640 1641
f 1643 1641 1639
f 1643 1642 1640
f 1644 1629 1630
f 1644 1630 1642
f 1645 1638 1637
f 1645 1642 1643
f 1645 1643 1638
f 1645 1644 1642
f 1646 1628 1629
f 1646 1629 1644
f 1647 1637 1636
f 1647 1644 1645
f 1647 1645 1637
f 1647 1646 1644
f 1648 1626 1627
f 1648 1627 1628
f 1648 1632 1626
f 1648 1628 1646
f 1649 1633 1632
f 1649 1636 1635
f 1649 1647 1636
f 1649 1646 1647
f 1649 1648 1646
f 1649 1635 1633
f 1649 1632 1648
f 1653 1652 1657
f 1653 1657 1661
f 1654 1661 1660
f 1654 1653 1661
f 1655 1660 1659
f 1655 1654 1660
f 1656 1659 1658
f 1656 1655 1659
f 1651 1658 1650
f 1651 1656 1658
f 1667 1668 1669
f 1667 1669 1673
f 1666 1673 1672
f 1666 1667 1673
f 1665 1672 1671
f 1665 1666 1672
f 1664 1671 1670
f 1664 1665 1671
f 1663 1670 1662
f 1663 1664 1670
f 1678 1674 1675
f 1679 1674 1678
f 1680 1676 1674
f 1680 1674 1679
f 1681 1676 1680
f 1677 1676 1681
f 1683 1688 1682
f 1684 1688 1683
f 1685 1689 1688
f 1685 1688 1684
f 1686 1689 1685
f 1687 1689 1686
f 1698 1691 1690
f 1698 1690 1696
f 1699 1696 1695
f 1699 1698 1696
f 1700 1695 1694
f 1700 1699 1695
f 1701 1694 1693
f 1701 1700 1694
f 1697 1693 1692
f 1697 1701 1693
f 1710 1703 1702
f 1710 1702 1704
f 1711 1704 1705
f 1711 1710 1704
f 1712 1705 1706
f 1712 1711 1705
f 1713 1706 1707
f 1713 1712 1706
f 1709 1707 1708
f 1709 1713 1707
f 1718 1722 1719
f 1730 1720 1721
f 1730 1727 1720
f 1731 1721 1722
f 1731 1722 1718
f 1731 1730 1721
f 1732 1726 1727
f 1732 1727 1730
f 1733 1718 1717
f 1733 1731 1718
f 1733 1732 1730
f 1733 1730 1731
f 1734 1725 1726
f 1734 1726 1732
f 1735 1717 1716
f 1735 1732 1733
f 1735 1734 1732
f 1735 1733 1717
f 1736 1723 1724
f 1736 1724 1725
f 1736 1728 1723
f 1736 1725 1734
f 1737 1715 1714
f 1737 1716 1715
f 1737 1729 1728
f 1737 1714 1729
f 1737 1735 1716
f 1737 1734 1735
f 1737 1728 1736
f 1737 1736 1734
f 1745 1744 1743
f 1742 1745 1743
f 1741 1746 1745
f 1741 1745 1742
f 1740 1747 1746
f 1740 1746 1741
f 1739 1748 1747
f 1739 1747 1740
f 1749 1748 1739
f 1738 1749 1739
f 1751 1758 1750
f 1751 1763 1758
f 1752 1762 1763
f 1752 1763 1751
f 1753 1762 1752
f 1754 1761 1762
f 1754 1762 1753
f 1755 1760 1761
f 1755 1761 1754
f 1756 1760 1755
f 1759 1760 1756
f 1757 1759 1756
f 1774 1784 1775
f 1783 1784 1774
f 1773 1783 1774
f 1782 1773 1772
f 1782 1783 1773
f 1781 1772 1771
f 1781 1782 1772
f 1770 1781 1771
f 1780 1770 1769
f 1780 1781 1770
f 1779 1769 1768
f 1779 1780 1769
f 1778 1767 1766
f 1778 1768 1767
f 1778 1779 1768
f 1777 1766 1765
f 1777 1778 1766
f 1776 1765 1764
f 1776 1777 1765
f 1809 1804 1805
f 1809 1810 1804
f 1811 1803 1804
f 1811 1804 1810
f 1808 1805 1806
f 1808 1809 1805
f 1812 1802 1803
f 1812 1803 1811
f 1785 1808 1806
f 1807 1808 1785
f 1813 1801 1802
f 1813 1802 1812
f 1828 1785 1786
f 1828 1807 1785
f 1814 1800 1801
f 1814 1801 1813
f 1827 1786 1787
f 1827 1828 1786
f 1815 1799 1800
f 1815 1800 1814
f 1826 1827 1787
f 1788 1826 1787
f 1816 1799 1815
f 1798 1799 1816
f 1825 1826 1788
f 1789 1825 1788
f 1817 1798 1816
f 1797 1798 1817
f 1790 1825 1789
f 1790 1824 1825
f 1796 1797 1817
f 1796 1817 1818
f 1823 1824 1790
f 1791 1823 1790
f 1819 1796 1818
f 1795 1796 1819
f 1792 1823 1791
f 1792 1822 1823
f 1794 1795 1819
f 1794 1819 1820
f 1793 1822 1792
f 1793 1794 1820
f 1793 1820 1821
f 1793 1821 1822
f 1843 1829 1830
f 1843 1830 1841
f 1844 1841 1840
f 1844 1843 1841
f 1845 1840 1839
f 1845 1844 1840
f 1846 1839 1838
f 1846 1845 1839
f 1847 1838 1837
f 1847 1846 1838
f 1848 1837 1836
f 1848 1847 1837
f 1849 1836 1835
f 1849 1848 1836
f 1850 1835 1834
f 1850 1849 1835
f 1851 1834 1833
f 1851 1850 1834
f 1852 1833 1832
f 1852 1851 1833
f 1842 1832 1831
f 1842 1852 1832
f 1856 1855 1866
f 1856 1866 1876
f 1857 1876 1875
f 1857 1856 1876
f 1858 1875 1874
f 1858 1857 1875
f 1859 1873 1872
f 1859 1874 1873
f 1859 1858 1874
f 1860 1859 1872
f 1861 1871 1870
f 1861 1872 1871
f 1861 1860 1872
f 1862 1861 1870
f 1863 1870 1869
f 1863 1862 1870
f 1864 1869 1868
f 1864 1863 1869
f 1865 1868 1867
f 1865 1864 1868
f 1853 1867 1854
f 1853 1865 1867
f 1885 1886 2031
f 1885 2032 1884
f 2030 1888 2029
f 2030 1887 1888
f 2031 1887 2030
f 2031 1886 1887
f 2032 1885 2031
f 2033 1884 2032
f 2028 1883 2033
f 2036 1897 2035
f 1897 1898 2035
f 2037 1896 2036
f 1896 1897 2036
f 2038 1895 2037
f 1895 1896 2037
f 2039 1894 2038
f 1894 1895 2038
f 2040 1893 2039
f 1893 1894 2039
f 2041 1892 2040
f 1892 1893 2040
f 2042 1891 2041
f 1891 1892 2041
f 2043 1890 2042
f 1890 1891 2042
f 2044 1889 2043
f 1889 1890 2043
f 2046 1882 2045
f 2047 1881 2046
f 2048 1880 2047
f 2049 1878 2048
f 1878 1879 2048
f 2034 1877 2049
f 1877 1878 2049
f 2088 1908 2027
f 1908 1909 2027
f 2089 1907 2088
f 1907 1908 2088
f 2090 1906 2089
f 1906 1907 2089
f 2091 1905 2090
f 1905 1906 2090
f 2092 1904 2091
f 1904 1905 2091
f 2093 1904 2092
f 2093 1903 1904
f 2094 1903 2093
f 2094 1902 1903
f 2095 1902 2094
f 2095 1901 1902
f 2096 1901 2095
f 2096 1900 1901
f 2051 1900 2096
f 2051 1899 1900
f 2034 1898 1877
f 2034 2035 1898
f 1989 2051 2052
f 1989 1899 2051
f 1988 2052 2053
f 1988 1989 2052
f 1987 2053 2054
f 1987 1988 2053
f 1986 2054 2055
f 1986 1987 2054
f 1985 2055 2056
f 1985 1986 2055
f 1984 1985 2056
f 1984 2056 2057
f 1983 1984 2057
f 1983 2057 2058
f 1982 2058 2059
f 1982 1983 2058
f 1981 1982 2059
f 1981 2059 2060
f 1980 1981 2060
f 1980 2060 2061
f 1979 1980 2061
f 1979 2061 2062
f 1978 1979 2062
f 1978 2062 2063
f 1977 1978 2063
f 2064 1977 2063
f 1976 1977 2064
f 2065 1976 2064
f 1975 1976 2065
f 2066 1975 2065
f 1974 1975 2066
f 2067 1974 2066
f 1973 1974 2067
f 2068 1973 2067
f 1972 1973 2068
f 2069 1972 2068
f 1971 1972 2069
f 2070 1971 2069
f 1970 1971 2070
f 2071 1970 2070
f 1969 1970 2071
f 2072 1969 2071
f 1968 1969 2072
f 2073 1968 2072
f 1880 2048 1879
f 1967 1968 2073
f 2074 1967 2073
f 1966 1967 2074
f 2075 1966 2074
f 1965 1966 2075
f 2076 1965 2075
f 1964 1965 2076
f 2077 1964 2076
f 1963 1964 2077
f 2078 1963 2077
f 1962 1963 2078
f 2079 1962 2078
f 1961 1962 2079
f 2080 1961 2079
f 1960 1961 2080
f 1881 2047 1880
f 2081 1960 2080
f 1959 1960 2081
f 2082 1959 2081
f 1958 1959 2082
f 2083 1958 2082
f 1957 1958 2083
f 2084 1957 2083
f 1956 1957 2084
f 2085 1956 2084
f 1955 1956 2085
f 2086 1955 2085
f 1954 1955 2086
f 2087 1954 2086
f 1953 1954 2087
f 2050 1953 2087
f 1952 1953 2050
f 1882 2046 1881
f 2045 1952 2050
f 1951 1952 2045
f 1950 1951 2045
f 1949 1950 2045
f 1910 2027 1909
f 2026 2027 1910
f 2029 1889 2044
f 1888 1889 2029
f 1911 2026 1910
f 2025 2026 1911
f 1912 2025 1911
f 2024 2025 1912
f 1990 1946 1947
f 1913 2024 1912
f 2023 2024 1913
f 1991 1946 1990
f 1991 1945 1946
f 1914 2023 1913
f 2022 2023 1914
f 2028 1990 1947
f 2028 1947 1948
f 2028 1948 1949
f 2028 1949 2045
f 1992 1945 1991
f 1992 1944 1945
f 1915 2022 1914
f 2021 2022 1915
f 1883 2028 2045
f 1883 2045 1882
f 1993 1944 1992
f 1993 1943 1944
f 1916 2021 1915
f 2020 2021 1916
f 1994 1943 1993
f 1994 1942 1943
f 1917 2020 1916
f 2019 2020 1917
f 1995 1942 1994
f 1995 1941 1942
f 1918 2019 1917
f 2018 2019 1918
f 1996 1941 1995
f 1996 1940 1941
f 1919 2018 1918
f 2017 2018 1919
f 1997 1940 1996
f 1997 1939 1940
f 1920 2017 1919
f 2016 2017 1920
f 1998 1938 1939
f 1998 1939 1997
f 1921 2016 1920
f 2015 2016 1921
f 1999 1938 1998
f 1999 1937 1938
f 1922 2015 1921
f 2014 2015 1922
f 1923 2014 1922
f 2000 1937 1999
f 2000 1936 1937
f 2013 2014 1923
f 1924 2013 1923
f 2001 1936 2000
f 2001 1935 1936
f 2012 2013 1924
f 1925 2012 1924
f 2002 1935 2001
f 2002 1934 1935
f 2011 1925 1926
f 2011 2012 1925
f 2003 1934 2002
f 2003 1933 1934
f 2010 2011 1926
f 2010 1926 1927
f 2004 1933 2003
f 2004 1932 1933
f 2009 2010 1927
f 2009 1927 1928
f 1884 2033 1883
f 2005 1931 1932
f 2005 1932 2004
f 2008 1928 1929
f 2008 2009 1928
f 2006 1930 1931
f 2006 1931 2005
f 2007 2008 1929
f 2007 1929 1930
f 2007 1930 2006
f 2106 2108 2107
f 2106 2118 2108
f 2117 2118 2106
f 2105 2117 2106
f 2116 2117 2105
f 2104 2116 2105
f 2115 2116 2104
f 2103 2115 2104
f 2114 2115 2103
f 2102 2114 2103
f 2113 2114 2102
f 2101 2113 2102
f 2100 2112 2113
f 2100 2113 2101
f 2099 2111 2112
f 2099 2112 2100
f 2110 2111 2099
f 2098 2110 2099
f 2109 2110 2098
f 2097 2109 2098
f 2210 2119 2211
f 2209 2119 2210
f 2208 2119 2209
f 2207 2120 2119
f 2207 2119 2208
f 2206 2120 2207
f 2205 2120 2206
f 2204 2120 2205
f 2203 2120 2204
f 2202 2120 2203
f 2201 2120 2202
f 2200 2120 2201
f 2199 2121 2120
f 2199 2120 2200
f 2198 2121 2199
f 2197 2121 2198
f 2196 2121 2197
f 2195 2121 2196
f 2194 2121 2195
f 2193 2121 2194
f 2192 2121 2193
f 2191 2122 2121
f 2191 2121 2192
f 2190 2122 2191
f 2189 2122 2190
f 2188 2122 2189
f 2187 2122 2188
f 2186 2122 2187
f 2185 2122 2186
f 2184 2122 2185
f 2183 2123 2122
f 2183 2122 2184
f 2182 2123 2183
f 2181 2123 2182
f 2180 2123 2181
f 2179 2123 2180
f 2178 2123 2179
f 2177 2123 2178
f 2176 2123 2177
f 2175 2124 2123
f 2175 2123 2176
f 2174 2124 2175
f 2173 2124 2174
f 2172 2124 2173
f 2171 2124 2172
f 2170 2124 2171
f 2169 2124 2170
f 2168 2124 2169
f 2167 2124 2168
f 2166 2125 2124
f 2166 2124 2167
f 2165 2125 2166
f 2164 2125 2165
f 2163 2125 2164
f 2162 2125 2163
f 2161 2125 2162
f 2160 2125 2161
f 2159 2125 2160
f 2158 2126 2125
f 2158 2125 2159
f 2157 2126 2158
f 2156 2126 2157
f 2155 2126 2156
f 2154 2126 2155
f 2153 2126 2154
f 2152 2126 2153
f 2151 2126 2152
f 2150 2127 2126
f 2150 2126 2151
f 2149 2127 2150
f 2148 2127 2149
f 2147 2127 2148
f 2146 2127 2147
f 2145 2127 2146
f 2144 2127 2145
f 2143 2127 2144
f 2142 2128 2127
f 2142 2127 2143
f 2141 2128 2142
f 2140 2128 2141
f 2139 2128 2140
f 2138 2128 2139
f 2137 2128 2138
f 2136 2128 2137
f 2135 2128 2136
f 2134 2129 2128
f 2134 2128 2135
f 2133 2129 2134
f 2132 2129 2133
f 2131 2129 2132
f 2130 2129 2131
f 2225 2221 2222
f 2225 2222 2224
f 2226 2220 2221
f 2226 2221 2225
f 2227 2219 2220
f 2227 2220 2226
f 2228 2218 2219
f 2228 2219 2227
f 2229 2217 2218
f 2229 2218 2228
f 2230 2216 2217
f 2230 2217 2229
f 2231 2215 2216
f 2231 2216 2230
f 2232 2214 2215
f 2232 2215 2231
f 2233 2213 2214
f 2233 2214 2232
f 2223 2212 2213
f 2223 2213 2233
f 2237 2236 2246
f 2237 2246 2255
f 2238 2255 2254
f 2238 2237 2255
f 2239 2254 2253
f 2239 2238 2254
f 2240 2253 2252
f 2240 2239 2253
f 2241 2252 2251
f 2241 2240 2252
f 2242 2251 2250
f 2242 2241 2251
f 2243 2250 2249
f 2243 2242 2250
f 2244 2249 2248
f 2244 2243 2249
f 2245 2248 2247
f 2245 2244 2248
f 2234 2247 2235
f 2234 2245 2247
f 2279 2273 2274
f 2278 2279 2274
f 2275 2278 2274
f 2280 2272 2273
f 2280 2273 2279
f 2277 2278 2275
f 2256 2277 2275
f 2281 2271 2272
f 2281 2272 2280
f 2276 2277 2256
f 2257 2276 2256
f 2282 2270 2271
f 2282 2271 2281
f 2295 2276 2257
f 2258 2295 2257
f 2283 2269 2270
f 2283 2270 2282
f 2294 2295 2258
f 2259 2293 2294
f 2259 2294 2258
f 2268 2283 2284
f 2268 2269 2283
f 2260 2292 2293
f 2260 2293 2259
f 2267 2284 2285
f 2267 2268 2284
f 2286 2267 2285
f 2261 2291 2292
f 2261 2292 2260
f 2266 2267 2286
f 2287 2266 2286
f 2262 2291 2261
f 2262 2290 2291
f 2265 2266 2287
f 2263 2290 2262
f 2263 2289 2290
f 2264 2265 2287
f 2264 2289 2263
f 2264 2287 2288
f 2264 2288 2289
f 2309 2296 2297
f 2309 2297 2307
f 2310 2307 2306
f 2310 2309 2307
f 2311 2306 2305
f 2311 2310 2306
f 2312 2305 2304
f 2312 2311 2305
f 2313 2304 2303
f 2313 2312 2304
f 2314 2303 2302
f 2314 2313 2303
f 2315 2302 2301
f 2315 2314 2302
f 2316 2301 2300
f 2316 2315 2301
f 2317 2300 2299
f 2317 2316 2300
f 2308 2299 2298
f 2308 2317 2299
f 2339 2329 2328
f 2327 2339 2328
f 2326 2338 2339
f 2326 2339 2327
f 2325 2337 2338
f 2325 2338 2326
f 2324 2336 2337
f 2324 2337 2325
f 2323 2335 2336
f 2323 2336 2324
f 2322 2334 2335
f 2322 2335 2323
f 2321 2333 2334
f 2321 2334 2322
f 2320 2332 2333
f 2320 2333 2321
f 2319 2331 2332
f 2319 2332 2320
f 2330 2331 2319
f 2318 2330 2319
f 2352 2340 2341
f 2352 2341 2350
f 2353 2352 2350
f 2349 2353 2350
f 2354 2353 2349
f 2348 2354 2349
f 2355 2354 2348
f 2347 2355 2348
f 2356 2355 2347
f 2346 2356 2347
f 2357 2356 2346
f 2345 2357 2346
f 2358 2357 2345
f 2344 2358 2345
f 2359 2358 2344
f 2343 2359 2344
f 2360 2359 2343
f 2342 2360 2343
f 2351 2360 2342
f 2364 2363 2373
f 2364 2373 2381
f 2365 2364 2381
f 2380 2365 2381
f 2366 2365 2380
f 2379 2366 2380
f 2367 2366 2379
f 2378 2367 2379
f 2368 2367 2378
f 2377 2368 2378
f 2369 2368 2377
f 2376 2369 2377
f 2370 2369 2376
f 2375 2370 2376
f 2371 2370 2375
f 2374 2371 2375
f 2372 2371 2374
f 2362 2372 2374
f 2361 2372 2362
f 2402 2397 2398
f 2403 2396 2397
f 2403 2397 2402
f 2401 2398 2399
f 2401 2402 2398
f 2404 2396 2403
f 2400 2399 2382
f 2400 2401 2399
f 2395 2396 2404
f 2383 2400 2382
f 2405 2395 2404
f 2415 2400 2383
f 2394 2395 2405
f 2384 2415 2383
f 2406 2394 2405
f 2414 2415 2384
f 2393 2394 2406
f 2385 2414 2384
f 2407 2393 2406
f 2413 2414 2385
f 2392 2393 2407
f 2386 2413 2385
f 2408 2392 2407
f 2412 2413 2386
f 2391 2392 2408
f 2387 2411 2412
f 2387 2412 2386
f 2390 2408 2409
f 2390 2391 2408
f 2388 2410 2411
f 2388 2411 2387
f 2389 2410 2388
f 2389 2409 2410
f 2389 2390 2409
f 2429 2428 2427
f 2430 2429 2427
f 2431 2430 2427
f 2432 2427 2426
f 2432 2431 2427
f 2433 2432 2426
f 2434 2433 2426
f 2435 2426 2425
f 2435 2434 2426
f 2436 2417 2416
f 2437 2417 2436
f 2437 2439 2438
f 2437 2436 2439
f 2440 2438 2441
f 2440 2417 2437
f 2440 2437 2438
f 2442 2428 2429
f 2443 2418 2417
f 2443 2417 2440
f 2443 2441 2444
f 2443 2440 2441
f 2445 2442 2429
f 2445 2438 2439
f 2446 2443 2444
f 2446 2418 2443
f 2446 2444 2447
f 2448 2438 2445
f 2448 2445 2429
f 2449 2448 2429
f 2449 2441 2438
f 2449 2438 2448
f 2450 2419 2418
f 2450 2446 2447
f 2450 2418 2446
f 2450 2447 2451
f 2452 2449 2429
f 2452 2441 2449
f 2452 2429 2430
f 2452 2444 2441
f 2453 2419 2450
f 2453 2450 2451
f 2453 2451 2454
f 2455 2452 2430
f 2455 2444 2452
f 2456 2455 2430
f 2456 2444 2455
f 2456 2447 2444
f 2457 2420 2419
f 2457 2419 2453
f 2457 2453 2454
f 2457 2454 2458
f 2459 2456 2430
f 2459 2447 2456
f 2459 2430 2431
f 2459 2451 2447
f 2460 2420 2457
f 2460 2457 2458
f 2460 2458 2461
f 2462 2451 2459
f 2462 2459 2431
f 2463 2462 2431
f 2463 2451 2462
f 2463 2454 2451
f 2464 2421 2420
f 2464 2420 2460
f 2464 2460 2461
f 2464 2461 2465
f 2466 2431 2432
f 2466 2463 2431
f 2466 2454 2463
f 2466 2458 2454
f 2467 2464 2465
f 2467 2421 2464
f 2467 2465 2468
f 2469 2466 2432
f 2469 2458 2466
f 2470 2458 2469
f 2470 2469 2432
f 2470 2461 2458
f 2471 2422 2421
f 2471 2421 2467
f 2471 2467 2468
f 2471 2468 2472
f 2473 2432 2433
f 2473 2470 2432
f 2473 2461 2470
f 2473 2465 2461
f 2474 2422 2471
f 2474 2471 2472
f 2474 2472 2475
f 2476 2473 2433
f 2476 2465 2473
f 2477 2476 2433
f 2477 2465 2476
f 2477 2468 2465
f 2478 2423 2422
f 2478 2474 2475
f 2478 2422 2474
f 2478 2475 2479
f 2480 2433 2434
f 2480 2477 2433
f 2480 2468 2477
f 2480 2472 2468
f 2481 2424 2423
f 2481 2423 2478
f 2481 2478 2479
f 2481 2479 2482
f 2483 2480 2434
f 2483 2472 2480
f 2484 2483 2434
f 2484 2475 2472
f 2484 2472 2483
f 2485 2424 2481
f 2486 2434 2435
f 2486 2484 2434
f 2486 2479 2475
f 2486 2475 2484
f 2487 2486 2435
f 2487 2479 2486
f 2488 2482 2479
f 2488 2487 2435
f 2488 2479 2487
f 2489 2435 2425
f 2489 2488 2435
f 2489 2482 2488
f 2490 2445 2439
f 2490 2439 2491
f 2490 2442 2445
f 2492 2481 2482
f 2492 2485 2481
f 2493 2492 2482
f 2494 2491 2439
f 2494 2436 2416
f 2494 2439 2436
f 2495 2482 2489
f 2495 2493 2482
f 2495 2489 2425
f 2496 2442 2490
f 2496 2490 2491
f 2497 2485 2492
f 2497 2492 2493
f 2498 2494 2416
f 2498 2491 2494
f 2499 2495 2425
f 2499 2493 2495
f 2500 2442 2496
f 2501 2485 2497
f 2502 2498 2416
f 2502 2491 2498
f 2503 2499 2425
f 2503 2493 2499
f 2504 2442 2500
f 2505 2485 2501
f 2506 2496 2491
f 2506 2500 2496
f 2506 2502 2416
f 2506 2491 2502
f 2506 2504 2500
f 2507 2503 2425
f 2507 2497 2493
f 2507 2501 2497
f 2507 2493 2503
f 2507 2505 2501
f 2508 2416 2428
f 2508 2506 2416
f 2508 2428 2442
f 2508 2504 2506
f 2508 2442 2504
f 2509 2425 2424
f 2509 2507 2425
f 2509 2424 2485
f 2509 2485 2505
f 2509 2505 2507
f 2523 2515 2513
f 2524 2523 2513
f 2525 2524 2513
f 2526 2513 2512
f 2526 2525 2513
f 2527 2526 2512
f 2528 2527 2512
f 2529 2512 2511
f 2529 2528 2512
f 2530 2516 2514
f 2530 2514 2531
f 2530 2533 2532
f 2534 2532 2535
f 2534 2516 2530
f 2534 2530 2532
f 2536 2517 2516
f 2536 2535 2537
f 2536 2516 2534
f 2536 2534 2535
f 2538 2515 2523
f 2538 2539 2515
f 2538 2532 2533
f 2538 2533 2539
f 2540 2536 2537
f 2540 2537 2541
f 2540 2517 2536
f 2542 2538 2523
f 2542 2532 2538
f 2543 2542 2523
f 2543 2532 2542
f 2543 2535 2532
f 2544 2518 2517
f 2544 2540 2541
f 2544 2517 2540
f 2544 2541 2545
f 2546 2543 2523
f 2546 2535 2543
f 2546 2523 2524
f 2546 2537 2535
f 2547 2518 2544
f 2547 2544 2545
f 2547 2545 2548
f 2549 2546 2524
f 2549 2537 2546
f 2550 2549 2524
f 2550 2537 2549
f 2550 2541 2537
f 2551 2519 2518
f 2551 2518 2547
f 2551 2547 2548
f 2551 2548 2552
f 2553 2550 2524
f 2553 2541 2550
f 2553 2524 2525
f 2553 2545 2541
f 2554 2519 2551
f 2554 2551 2552
f 2554 2552 2555
f 2556 2545 2553
f 2556 2553 2525
f 2557 2545 2556
f 2557 2556 2525
f 2557 2548 2545
f 2558 2520 2519
f 2558 2519 2554
f 2558 2554 2555
f 2558 2555 2559
f 2560 2525 2526
f 2560 2557 2525
f 2560 2548 2557
f 2560 2552 2548
f 2561 2520 2558
f 2561 2558 2559
f 2561 2559 2562
f 2563 2552 2560
f 2563 2560 2526
f 2564 2563 2526
f 2564 2552 2563
f 2564 2555 2552
f 2565 2521 2520
f 2565 2561 2562
f 2565 2520 2561
f 2565 2562 2566
f 2567 2526 2527
f 2567 2564 2526
f 2567 2555 2564
f 2567 2559 2555
f 2568 2521 2565
f 2568 2565 2566
f 2568 2566 2569
f 2570 2567 2527
f 2570 2559 2567
f 2571 2570 2527
f 2571 2559 2570
f 2571 2562 2559
f 2572 2522 2521
f 2572 2521 2568
f 2572 2568 2569
f 2572 2569 2573
f 2574 2527 2528
f 2574 2562 2571
f 2574 2571 2527
f 2574 2566 2562
f 2575 2522 2572
f 2575 2572 2573
f 2575 2573 2576
f 2577 2574 2528
f 2577 2566 2574
f 2578 2577 2528
f 2578 2569 2566
f 2578 2566 2577
f 2579 2510 2522
f 2579 2522 2575
f 2580 2528 2529
f 2580 2578 2528
f 2580 2573 2569
f 2580 2569 2578
f 2581 2580 2529
f 2581 2573 2580
f 2582 2576 2573
f 2582 2581 2529
f 2582 2573 2581
f 2583 2529 2511
f 2583 2576 2582
f 2583 2582 2529
f 2584 2530 2531
f 2584 2533 2530
f 2585 2533 2584
f 2586 2575 2576
f 2586 2579 2575
f 2587 2586 2576
f 2588 2533 2585
f 2588 2515 2539
f 2588 2539 2533
f 2589 2576 2583
f 2589 2587 2576
f 2589 2583 2511
f 2590 2585 2584
f 2590 2584 2531
f 2591 2579 2586
f 2591 2586 2587
f 2592 2515 2588
f 2592 2588 2585
f 2593 2589 2511
f 2593 2587 2589
f 2594 2590 2531
f 2595 2579 2591
f 2596 2515 2592
f 2596 2592 2585
f 2597 2587 2593
f 2597 2593 2511
f 2598 2594 2531
f 2599 2579 2595
f 2600 2585 2590
f 2600 2515 2596
f 2600 2590 2594
f 2600 2596 2585
f 2600 2594 2598
f 2601 2591 2587
f 2601 2595 2591
f 2601 2587 2597
f 2601 2599 2595
f 2601 2597 2511
f 2602 2514 2515
f 2602 2531 2514
f 2602 2600 2598
f 2602 2598 2531
f 2602 2515 2600
f 2603 2511 2510
f 2603 2601 2511
f 2603 2579 2599
f 2603 2599 2601
f 2603 2510 2579
f 2640 2642 2641
f 2639 2642 2640
f 2638 2642 2639
f 2637 2643 2642
f 2637 2642 2638
f 2636 2643 2637
f 2635 2643 2636
f 2634 2643 2635
f 2633 2643 2634
f 2632 2643 2633
f 2631 2643 2632
f 2630 2644 2643
f 2630 2643 2631
f 2629 2644 2630
f 2628 2644 2629
f 2627 2644 2628
f 2626 2644 2627
f 2625 2644 2626
f 2624 2644 2625
f 2623 2644 2624
f 2622 2645 2644
f 2622 2644 2623
f 2621 2645 2622
f 2620 2645 2621
f 2619 2645 2620
f 2618 2645 2619
f 2617 2645 2618
f 2616 2645 2617
f 2615 2645 2616
f 2615 2646 2645
f 2614 2646 2615
f 2613 2646 2614
f 2612 2646 2613
f 2611 2646 2612
f 2610 2646 2611
f 2609 2646 2610
f 2608 2646 2609
f 2608 2647 2646
f 2607 2647 2608
f 2606 2647 2607
f 2605 2647 2606
f 2604 2647 2605
f 2669 2649 2648
f 2668 2650 2649
f 2668 2649 2669
f 2667 2651 2650
f 2667 2650 2668
f 2666 2652 2651
f 2666 2651 2667
f 2665 2653 2652
f 2665 2652 2666
f 2664 2653 2665
f 2663 2654 2653
f 2663 2653 2664
f 2662 2655 2654
f 2662 2654 2663
f 2661 2656 2655
f 2661 2655 2662
f 2660 2657 2656
f 2660 2656 2661
f 2659 2658 2657
f 2659 2657 2660
f 2706 2689 2690
f 2705 2690 2691
f 2705 2706 2690
f 2707 2689 2706
f 2704 2691 2692
f 2704 2705 2691
f 2688 2689 2707
f 2708 2688 2707
f 2675 2692 2677
f 2675 2704 2692
f 2687 2688 2708
f 2674 2677 2678
f 2674 2675 2677
f 2709 2687 2708
f 2686 2687 2709
f 2673 2678 2679
f 2673 2674 2678
f 2710 2686 2709
f 2685 2686 2710
f 2672 2673 2679
f 2680 2672 2679
f 2711 2685 2710
f 2684 2685 2711
f 2671 2672 2680
f 2681 2671 2680
f 2712 2684 2711
f 2683 2684 2712
f 2670 2671 2681
f 2676 2670 2681
f 2699 2683 2712
f 2682 2683 2699
f 2700 2682 2699
f 2697 2682 2700
f 2701 2697 2700
f 2694 2698 2693
f 2694 2703 2698
f 2696 2697 2701
f 2696 2701 2702
f 2695 2703 2694
f 2695 2696 2702
f 2695 2702 2703
f 2755 2713 2756
f 2754 2713 2755
f 2753 2713 2754
f 2752 2714 2713
f 2752 2713 2753
f 2751 2714 2752
f 2750 2714 2751
f 2749 2714 2750
f 2748 2714 2749
f 2747 2714 2748
f 2746 2714 2747
f 2745 2715 2714
f 2745 2714 2746
f 2744 2715 2745
f 2743 2715 2744
f 2742 2715 2743
f 2741 2715 2742
f 2740 2715 2741
f 2739 2715 2740
f 2738 2716 2715
f 2738 2715 2739
f 2737 2716 2738
f 2736 2716 2737
f 2735 2716 2736
f 2734 2716 2735
f 2733 2716 2734
f 2732 2716 2733
f 2731 2716 2732
f 2730 2717 2716
f 2730 2716 2731
f 2729 2717 2730
f 2728 2717 2729
f 2727 2717 2728
f 2726 2717 2727
f 2725 2717 2726
f 2724 2717 2725
f 2723 2718 2717
f 2723 2717 2724
f 2722 2718 2723
f 2721 2718 2722
f 2720 2718 2721
f 2719 2718 2720
f 2758 2759 2757
f 2758 2760 2759
f 2761 2767 2772
f 2762 2772 2771
f 2762 2761 2772
f 2763 2771 2770
f 2763 2762 2771
f 2764 2770 2769
f 2764 2763 2770
f 2765 2764 2769
f 2766 2769 2768
f 2766 2765 2769
f 2774 2773 2785
f 2774 2785 2796
f 2775 2796 2795
f 2775 2774 2796
f 2776 2795 2794
f 2776 2775 2795
f 2777 2794 2793
f 2777 2776 2794
f 2778 2793 2792
f 2778 2777 2793
f 2779 2792 2791
f 2779 2778 2792
f 2780 2791 2790
f 2780 2779 2791
f 2781 2790 2789
f 2781 2780 2790
f 2782 2789 2788
f 2782 2781 2789
f 2783 2788 2787
f 2783 2782 2788
f 2784 2787 2786
f 2784 2783 2787
f 2804 2802 2801
f 2805 2804 2801
f 2806 2801 2800
f 2806 2805 2801
f 2807 2800 2799
f 2807 2806 2800
f 2808 2799 2798
f 2808 2807 2799
f 2803 2798 2797
f 2803 2808 2798
f 2809 2810 2812
f 2811 2809 2812
