mtllib Gemini2_hand_Orbbec_Gemini2_camera_ir_left_camera_left.mtl
v 0.0006946182095717297 -0.003939080746343415 -0.0014809134271536748
v 0.0006664156764801815 -0.003779142116476397 -0.0013871484684836461
v 0.003758788024810226 -0.001367922692717849 -0.0014309134759549764
v 0.0033914851384277997 -0.0021191852811160983 -0.0014404669082060402
v 0.0028769850087839747 -0.00277839535225044 -0.0014506902966494046
v 0.0022367810703043407 -0.0033155914400013198 -0.0014611369044824638
v 0.0014982461594437182 -0.0037078087693197537 -0.0014713602929258282
v 0.003606188216667142 -0.0013123814468298522 -0.0013371559678653784
v 0.0015198182719986532 -0.0035228025125830786 -0.0013764857938181059
v 0.002790961203181122 -0.002633262813837911 -0.0013563519413094533
v 0.0038376354313425266 1.4831712756400356e-07 -0.0012458464224819894
v 0.0036062001375958305 -0.0013123866622361535 -0.001262170942228192
v 0.003206303047992967 -0.0021086507564339607 -0.001273283929974945
v 0.0021088289743178574 -0.003206131088596631 -0.0012927311369911327
v 0.000666420444851657 -0.003779168044496295 -0.0013121786420305377
v -0.0002231144855220359 -0.003830979678832447 -0.0013232883515219014
v -0.00172229762996068 -0.0034292786546957776 -0.001342729896096962
v -0.002939767771815485 -0.0024666338607676197 -0.0013621717386952399
v -0.0036061667589955024 -0.001312399775257711 -0.0013790091563982705
v -0.003837606821113674 1.483182189576213e-07 -0.0013958462760780839
v -0.003837606821113674 1.4831604526533264e-07 -0.001470845904852914
v -0.0036061667589955024 -0.001312399775257711 -0.0014540004405230185
v -0.002939767771815485 -0.0024666338607676197 -0.0014371552742163402
v -0.002291645952500867 -0.0030781015065736717 -0.0014260425844928044
v -0.0008849930565433269 -0.0037340303420864696 -0.0014065956754998339
v 0.000666420444851657 -0.003779168044496295 -0.0013871484684836461
v 0.001520028080343573 -0.0035236122416642535 -0.0013760390570154997
v 0.0027914046617283387 -0.002633379042892625 -0.001356597512440439
v 0.0036062001375958305 -0.0013123859171781105 -0.0013371559678653784
v 0.0038376354313425266 1.4831712756400356e-07 -0.0013208457532336022
v 0.0038376354313425266 1.4831820986267448e-07 -0.0010208457480181958
v 0.0038376354313425266 1.4831731855788666e-07 -0.0004497569698894701
v 0.003606195369224355 0.0013126963083588405 -0.001004003859966907
v 0.0029397963820443377 0.0024669303938687492 -0.0009871625679620526
v 0.00191882129194987 0.0033236273380303216 -0.0009703212759571983
v 0.0006664109081087061 0.003779466365736728 -0.0009534811760452128
v 1.4305114426349532e-08 0.0038377686477206185 -0.0010472315315775977
v 1.4305114426349532e-08 0.0038377686477206185 -0.0010847311969534041
v 0.0006664109081087061 0.003779466365736728 -0.0011784818505090062
v 0.00191882129194987 0.0033236273380303216 -0.0011953234405370778
v 0.0029397963820443377 0.0024669303938687492 -0.0012121647325419322
v 0.003606195369224355 0.0013126963083588405 -0.0012290057265235694
v 0.0038376354313425266 1.4831603617038583e-07 -0.0012458464224819894
v 0.0038376354313425266 1.4831820986267448e-07 -0.0013208457532336022
v 0.003606195369224355 0.0013126963083588405 -0.001304000586926924
v 0.0029397963820443377 0.0024669303938687492 -0.0012871554206202458
v 0.0022916745627297196 0.0030783983376980184 -0.00127604273089671
v 0.0008850216667721796 0.0037343271732108163 -0.0012565955238805222
v -0.0006663918346228043 0.0037794648756206417 -0.0012371483168643344
v -0.0015199994701147203 0.0035239090727886 -0.001226038905396188
v -0.002791376051499486 0.002633675874016972 -0.0012065973608211273
v -0.003606171527366978 0.00131268245027924 -0.001187156114269284
v -0.003837606821113674 1.4831712756400356e-07 -0.0011708458996375077
v -0.003837606821113674 1.4831712756400356e-07 -0.0004497569698894701
v 0.0037261199118319185 0.0009185509178366302 -0.0004497569698894701
v 0.0033980583385067073 0.0017835792500470737 -0.0004497569698894701
v 0.0028725146605257405 0.0025449612167858793 -0.0004497569698894701
v 0.0021800302971892744 0.003158447969888567 -0.0004497569698894701
v 0.001360852687935844 0.003588385501763547 -0.0004497569698894701
v 0.0004625892535763402 0.003809787843902679 -0.0004497569698894701
v -0.0004625606433474875 0.003809787843902679 -0.0004497569698894701
v -0.0013608240777069913 0.003588385501763547 -0.0004497569698894701
v -0.0021800016869604217 0.003158447969888567 -0.0004497569698894701
v -0.002872486050296888 0.0025449612167858793 -0.0004497569698894701
v -0.0033980297282778546 0.0017835792500470737 -0.0004497569698894701
v -0.003726091301603066 0.0009185509178366302 -0.0004497569698894701
v 0.0038376354313425266 1.4831731855788666e-07 -0.0004497569698894701
v 0.0037261199118319185 0.0009185509178366302 -0.0004497569698894701
v 0.0033980583385067073 0.0017835792500470737 -0.0004497569698894701
v 0.0028725146605257405 0.0025449612167858793 -0.0004497569698894701
v 0.0021800302971892744 0.003158447969888567 -0.0004497569698894701
v 0.001360852687935844 0.003588385501763547 -0.0004497569698894701
v 0.0004625892535763402 0.003809787843902679 -0.0004497569698894701
v -0.0004625606433474875 0.003809787843902679 -0.0004497569698894701
v -0.0013608240777069913 0.003588385501763547 -0.0004497569698894701
v -0.0021800016869604217 0.003158447969888567 -0.0004497569698894701
v -0.002872486050296888 0.0025449612167858793 -0.0004497569698894701
v -0.0033980297282778546 0.0017835792500470737 -0.0004497569698894701
v -0.003726091301603066 0.0009185509178366302 -0.0004497569698894701
v -0.003837606821113674 1.4831712756400356e-07 -0.0004497569698894701
v -0.003726091301603066 -0.0009182542357238921 -0.0004497569698894701
v -0.0033980297282778546 -0.0017832827169459442 -0.0004497569698894701
v -0.002872486050296888 -0.0025446643856615325 -0.0004497569698894701
v -0.0021800016869604217 -0.0031581511387642203 -0.0004497569698894701
v -0.0013608240777069913 -0.0035880886706392 -0.0004497569698894701
v -0.0004625606433474875 -0.003809491012778332 -0.0004497569698894701
v 0.0004625892535763402 -0.003809491012778332 -0.0004497569698894701
v 0.001360852687935844 -0.0035880886706392 -0.0004497569698894701
v 0.0021800302971892744 -0.0031581511387642203 -0.0004497569698894701
v 0.0028725146605257405 -0.0025446643856615325 -0.0004497569698894701
v 0.0033980583385067073 -0.0017832827169459442 -0.0004497569698894701
v 0.0037261199118319185 -0.0009182542357238921 -0.0004497569698894701
v -0.0037999867543581124 1.4831712756400356e-07 -0.0004497569698894701
v -0.0036705040111280093 0.0009836607206539644 -0.0004497569698894701
v -0.003290882037038759 0.001900148200240398 -0.0004497569698894701
v -0.002686991631530413 0.0026871540541837935 -0.0004497569698894701
v -0.001899986224621843 0.0032910447577153557 -0.0004497569698894701
v -0.0009834980744831698 0.003670666433781389 -0.0004497569698894701
v 1.4305114426349532e-08 0.00380014828294184 -0.0004497569698894701
v 0.0009835266847120225 0.003670666433781389 -0.0004497569698894701
v 0.0019000148348506957 0.0032910447577153557 -0.0004497569698894701
v 0.002687020241759266 0.0026871540541837935 -0.0004497569698894701
v 0.0032909106472676117 0.001900148200240398 -0.0004497569698894701
v 0.003670532621356862 0.0009836607206539644 -0.0004497569698894701
v 0.003800015364586965 1.4831712756400356e-07 -0.0004497569698894701
v 0.003670532621356862 -0.0009833640385412262 -0.0004497569698894701
v 0.0032909106472676117 -0.0018998516671392685 -0.0004497569698894701
v 0.002687020241759266 -0.0026868572230594467 -0.0004497569698894701
v 0.0019000148348506957 -0.003290747926591009 -0.0004497569698894701
v 0.0009835266847120225 -0.003670369602657042 -0.0004497569698894701
v 1.4305114426349532e-08 -0.003799851451817493 -0.0004497569698894701
v -0.0009834980744831698 -0.003670369602657042 -0.0004497569698894701
v -0.001899986224621843 -0.003290747926591009 -0.0004497569698894701
v -0.002686991631530413 -0.0026868572230594467 -0.0004497569698894701
v -0.003290882037038759 -0.0018998516671392685 -0.0004497569698894701
v -0.0036705040111280093 -0.0009833640385412262 -0.0004497569698894701
v -0.003837606821113674 1.4831712756400356e-07 -0.0004497569698894701
v -0.003726091301603066 -0.0009182542357238921 -0.0004497569698894701
v -0.0033980297282778546 -0.0017832827169459442 -0.0004497569698894701
v -0.002872486050296888 -0.0025446643856615325 -0.0004497569698894701
v -0.0021800016869604217 -0.0031581511387642203 -0.0004497569698894701
v -0.0013608240777069913 -0.0035880886706392 -0.0004497569698894701
v -0.0004625606433474875 -0.003809491012778332 -0.0004497569698894701
v 0.0004625892535763402 -0.003809491012778332 -0.0004497569698894701
v 0.001360852687935844 -0.0035880886706392 -0.0004497569698894701
v 0.0021800302971892744 -0.0031581511387642203 -0.0004497569698894701
v 0.0028725146605257405 -0.0025446643856615325 -0.0004497569698894701
v 0.0033980583385067073 -0.0017832827169459442 -0.0004497569698894701
v 0.0037261199118319185 -0.0009182542357238921 -0.0004497569698894701
v 0.0038376354313425266 1.4831712756400356e-07 -0.0004497569698894701
v -0.003837606821113674 1.4831604526533264e-07 -0.0011708458996375077
v -0.0036061667589955024 -0.001312399775257711 -0.0011540004353076123
v -0.002939767771815485 -0.0024666338607676197 -0.001137155269000934
v -0.002291645952500867 -0.0030781015065736717 -0.0011260425792773982
v -0.0008849930565433269 -0.0037340303420864696 -0.0011065953722612105
v 0.000666420444851657 -0.003779168044496295 -0.0010871481652450228
v 0.001520028080343573 -0.0035236122416642535 -0.0010760390518000935
v 0.0027914046617283387 -0.002633379042892625 -0.0010565972092018156
v 0.0036062001375958305 -0.0013123859171781105 -0.001037155962649972
v 0.0038376354313425266 1.4831712756400356e-07 -0.0010208457480181958
v 0.003606188216667142 -0.0013123814468298522 -0.001037155962649972
v 0.0038374733067123613 1.5201550583157481e-07 -0.0010211217175173375
v 0.003758788024810226 -0.001367922692717849 -0.0011309134707395703
v 0.003999848276380117 1.520193984688114e-07 -0.0011148839939784112
v 0.003972463518996609 -0.00046419083034565656 -0.0011204439151187857
v 0.0038919281089619985 -0.0009223197939473432 -0.0011258125053537078
v 0.00306418650453866 0.0025713064691877396 -0.001080913519540872
v 0.003574039856179659 0.0017948585347490331 -0.001091675137914528
v 0.003892462166567249 0.0009223678501911192 -0.0011032032720028624
v 0.0029397939978586 0.0024669290527642718 -0.0009871625679620526
v 0.0036059402613504185 0.0013122254316756399 -0.0010036253704810432
v 0.0006664109081087061 0.003779465173643859 -0.0009534805799987783
v 0.0006946062886430411 0.003939378769560631 -0.0010472315315775977
v 0.0029397939978586 0.0024669290527642718 -0.0009871625679620526
v 0.0019188141393926567 0.0033236288281464077 -0.0009708452007730633
v 0.00306418650453866 0.0025713064691877396 -0.001080913519540872
v 0.0015843057278326369 0.003672884918610342 -0.0010588210584486786
v 0.0023885344925105322 0.0032085647461884137 -0.0010702526330146351
v 0.004000015169381758 1.4831712756400356e-07 -0.0011520960669496045
v 0.003892192753578886 0.0009226151349556039 -0.0011408686382874407
v 0.003574542919370319 0.001795351018115482 -0.0011296409116020596
v 0.00306418650453866 0.0025713064691877396 -0.001118413780963113
v 0.0023886441650544676 0.003208645212457062 -0.0011071860542777319
v 0.0015843295696900141 0.0036730142606866134 -0.0010959589236387852
v 0.0006946062886430411 0.003939379365607065 -0.0010847311969534041
v 0.0006946062886430411 0.003939379365607065 -0.0010472315315775977
v 0.0015843295696900141 0.003673013962663396 -0.0010584586622165444
v 0.0023886441650544676 0.003208645212457062 -0.0010696863889019255
v 0.00306418650453866 0.0025713064691877396 -0.001080913519540872
v 0.003574542919370319 0.001795351018115482 -0.0010921412462262532
v 0.003892192753578886 0.0009226151349556039 -0.0011033683768651998
v 0.004000015169381758 1.4831712756400356e-07 -0.001114596103550581
v -0.003999986559152905 1.4831712756400356e-07 -0.0013020962185689162
v -0.0038921641433500333 -0.0009223184528428657 -0.0012908684918835351
v -0.0035745143091414663 -0.0017950544850143524 -0.0012796410632213713
v -0.0030641578943098073 -0.002571009638063393 -0.0012684136345592074
v -0.002462623064310334 -0.003151900697829557 -0.0012584134655055374
v -0.0017534613217384824 -0.0035950320155538895 -0.0012484135944750847
v -0.0009676623128132009 -0.0038810368504888504 -0.0012384134254214147
v -0.00013957261727215464 -0.003997415214834765 -0.001228413554390962
v 0.0006946182095717297 -0.003939080746343415 -0.0012184136833605092
v 0.0014984511994171625 -0.0037085824375916454 -0.0012084135143068393
v 0.0022367977596045047 -0.003315994069367778 -0.0011984136432763865
v 0.002877383167802175 -0.002778474030379785 -0.0011884134742227166
v 0.0033922146992635435 -0.0021195142987479043 -0.0011784136031922638
v 0.0037587904089959635 -0.0013679146460909841 -0.0011684134341385939
v 0.0038921975219503614 -0.0009223029556355705 -0.0011629742124011917
v 0.003972968966373006 -0.00046421713089457584 -0.0011575352886870067
v 0.004000015169381758 1.4831611802490716e-07 -0.0011520960669496045
v 0.004000015169381758 1.4831710937410993e-07 -0.001114596103550581
v 0.003972968966373006 -0.0004642199621151394 -0.0011200350272647659
v 0.0038921951377646237 -0.0009223085435708933 -0.0011254745470253853
v 0.003758788024810226 -0.001367922692717849 -0.0011309134707395703
v 0.0033922123150778058 -0.00211952011020064 -0.0011409136397932402
v 0.002877380783616437 -0.0027784776066583916 -0.001150913510823693
v 0.002236795375418767 -0.0033159961555302986 -0.001160913679877363
v 0.0014984511994171625 -0.00370858303363808 -0.0011709135509078157
v 0.0006946182095717297 -0.003939080746343415 -0.0011809137199614856
v -0.00013957261727215464 -0.003997415214834765 -0.0011909135909919384
v -0.0009676623128132009 -0.0038810368504888504 -0.0012009134620223911
v -0.0017534613217384824 -0.0035950320155538895 -0.001210913631076061
v -0.002462623064310334 -0.003151900697829557 -0.0012209135021065138
v -0.0030641578943098073 -0.002571009638063393 -0.0012309136711601838
v -0.0035745143091414663 -0.0017950544850143524 -0.0012421410998223476
v -0.0038921641433500333 -0.0009223184528428657 -0.0012533685284845115
v -0.003999986559152905 1.4831712756400356e-07 -0.0012645962551698926
v 0.00306418650453866 0.0025713064691877396 -0.0014184134881553019
v 0.002462651674539187 0.003152197528953904 -0.0014084136171248491
v 0.0017534899319673351 0.0035953288466782363 -0.0013984134480711792
v 0.0009676909230420536 0.003881333681613197 -0.0013884135770407264
v 0.00013960122750100734 0.003997712045959112 -0.0013784134079870565
v -0.000694589599342877 0.003939377577467762 -0.0013684135369566037
v -0.001498420205002572 0.003708880460808861 -0.001358413665926151
v -0.002236761996818439 0.0033162947747939486 -0.001348413496872481
v -0.002877347405016109 0.002778778014061345 -0.0013384136258420283
v -0.0033921789364774776 0.0021198223057428967 -0.0013284137548115755
v -0.0037587570303956354 0.0013682271234342347 -0.0013184135857579056
v -0.003892166527535771 0.0009226106646073456 -0.0013129743640205034
v -0.003972937971958416 0.0004645193636897346 -0.0013075351422831012
v -0.003999986559152905 1.4831813710309996e-07 -0.0013020962185689162
v -0.003999986559152905 1.483171457538972e-07 -0.0012645962551698926
v -0.0039729403561441536 0.0004645165697220732 -0.0012700351788840776
v -0.003892166527535771 0.0009226052256836315 -0.0012754744006214797
v -0.003758759414581373 0.0013682192258189785 -0.001280913622358882
v -0.003392183704848953 0.0021198166433017696 -0.0012909134933893347
v -0.0028773521733875844 0.0027787744377827384 -0.0013009136624430046
v -0.0022367667651899143 0.0033162929866546453 -0.0013109135334734574
v -0.0014984225891883098 0.0037088798647624266 -0.0013209137025271273
v -0.000694589599342877 0.003939377577467762 -0.00133091357355758
v 0.00013960122750100734 0.003997712045959112 -0.0013409134445880328
v 0.0009676909230420536 0.003881333681613197 -0.0013509136136417028
v 0.0017534899319673351 0.0035953288466782363 -0.0013609134846721555
v 0.002462651674539187 0.003152197528953904 -0.0013709136537258255
v 0.00306418650453866 0.0025713064691877396 -0.0013809135247562782
v 0.003574542919370319 0.001795351018115482 -0.0013921409534184421
v 0.003892192753578886 0.0009226151349556039 -0.0014033686801038232
v 0.004000015169381758 1.4831712756400356e-07 -0.001414596108765987
v 0.004000015169381758 1.4831712756400356e-07 -0.0014520960721650107
v 0.003892192753578886 0.0009226151349556039 -0.0014408686435028468
v 0.003574542919370319 0.001795351018115482 -0.0014296409168174657
v 0.003758788024810226 -0.001367922692717849 -0.0014684134393540002
v 0.0038919257247762608 -0.0009223220291214723 -0.0014631202489930337
v 0.003972463518996609 -0.00046419541245262125 -0.001457558837736573
v 0.003999845892194379 1.4491418954875262e-07 -0.001451806393597877
v 0.0036061906008528796 -0.001312379658690549 -0.0015621709474435983
v 0.0038374733067123613 1.4490394863863956e-07 -0.0015455680740125164
v 0.002939784461115649 0.0024669211551490156 -0.0015121718903145518
v 0.003605935492978943 0.0013122197692345128 -0.0015283530608932736
v 0.00306418650453866 0.0025713064691877396 -0.0014184134881553019
v 0.003892462166567249 0.0009223630073138395 -0.0014403178965974324
v 0.003574039856179659 0.0017948561505632954 -0.0014289828815538537
v 0.002939784461115649 0.0024669211551490156 -0.0015121718903145518
v 0.00306418650453866 0.0025713064691877396 -0.0014184134881553019
v -0.0006663870662513288 0.003779438947600744 -0.0014621787936498496
v 0.00022322177388023353 0.003830443535064676 -0.0014728414683153898
v 0.0017219495388429722 0.003429313821435409 -0.0014929756188472596
v -0.000694589599342877 0.003939377577467762 -0.0013684135369566037
v 0.0024620842383336083 0.0031516342650733664 -0.0014088600559042381
v 0.001753144225035365 0.0035951160581011443 -0.0013986369654840909
v 0.0009678196690718907 0.003880949231662989 -0.001388190357651032
v 0.0001396751372588768 0.003996914535829843 -0.0013779669692076675
v -0.000694589599342877 0.003939377577467762 -0.0013684135369566037
v -0.0014982175492148655 0.003708106196490535 -0.00135886010470554
v -0.0022367500758897502 0.00331589005926497 -0.0013486370142853927
v -0.0028769516301836466 0.0027786960576766107 -0.0013381904064523338
v -0.0033914517598274715 0.0021194876256699635 -0.0013279670180089693
v -0.003758759414581373 0.0013682219080279334 -0.0013184135857579056
v -0.0006663870662513288 0.003779438947600744 -0.0014621787936498496
v -0.003606159606438289 0.001312677532896156 -0.0014121707958242864
v -0.0032055210350709932 0.0021086033707424234 -0.0014228370467684332
v -0.002108762217117201 0.0032059686659432485 -0.00144297685974143
v -0.003606159606438289 0.001312677532896156 -0.0014121707958242864
v -0.0037587570303956354 0.0013682271234342347 -0.0013184135857579056
v -0.0038374446964835086 1.5173030648936756e-07 -0.0013955682204164217
v -0.0029397558508867964 -0.002466624622047886 -0.0013621717386952399
v -0.0036059068827500903 -0.0013119232361333832 -0.001378353207297179
v -0.0030641578943098073 -0.002571009638063393 -0.0012684136345592074
v -0.003999817281965527 1.5172105692845728e-07 -0.0013018062419785654
v -0.003892433556338396 -0.0009220663252011013 -0.0012903180430013379
v -0.0035740112459508064 -0.0017945596174621659 -0.0012789830279577592
v -0.003891897114547408 0.0009226241501579246 -0.001313120395396939
v -0.003972434908767756 0.00046449485128011864 -0.0013075589841404784
v -0.0029397558508867964 -0.002466624622047886 -0.0013621717386952399
v -0.0030641578943098073 -0.002571009638063393 -0.0012684136345592074
v 0.0006664156764801815 -0.003779142116476397 -0.0013121786420305377
v -0.00022319316365138083 -0.003830146703940329 -0.0013228416147192952
v -0.0017219209286141195 -0.0034290169903110623 -0.001342975765251165
v 0.0006946182095717297 -0.003939080746343415 -0.0012184136833605092
v -0.0024620556281047556 -0.0031513374339490197 -0.0012588602023081436
v -0.0017531156148065123 -0.0035948192269767976 -0.0012486368138647792
v -0.000967791058843038 -0.0038806524005386422 -0.0012381902060317202
v -0.0001396465270300241 -0.003996617704705496 -0.001227967115611573
v 0.0006946182095717297 -0.003939080746343415 -0.0012184136833605092
v 0.0014982485436294559 -0.003707807875250102 -0.0012088602511094455
v 0.002236785838675816 -0.0033155893538387993 -0.001198636862666081
v 0.0028769873929697124 -0.0027783917759718335 -0.001188190254833022
v 0.0033914875226135374 -0.0021191794696633626 -0.0011779668663896576
v 0.003758788024810226 -0.001367920010508894 -0.0011684134341385939
v 0.0006664156764801815 -0.003779142116476397 -0.0013121786420305377
v 0.003606188216667142 -0.001312382340899504 -0.001262170942228192
v 0.003205549645299846 -0.0021083077317109455 -0.0012728371931723388
v 0.002108790827346054 -0.003205672132842119 -0.0012929770061453356
v 0.003606188216667142 -0.001312382340899504 -0.001262170942228192
v 0.0037587904089959635 -0.0013679146460909841 -0.0011684134341385939
v 0.0038374733067123613 1.4490394863863956e-07 -0.00124556806879711
v 0.0029397939978586 0.0024669290527642718 -0.0012121647325419322
v 0.0036059402613504185 0.0013122218553970333 -0.0012283494793992606
v 0.00306418650453866 0.0025713064691877396 -0.001118413780963113
v 0.003999845892194379 1.4491419864369943e-07 -0.001151806388382471
v 0.003892462166567249 0.0009223630073138395 -0.0011403181894052434
v 0.003574039856179659 0.0017948561505632954 -0.0011289828763384475
v 0.0038919281089619985 -0.0009223164411861495 -0.0011631202437776273
v 0.003972463518996609 -0.0004641925812320577 -0.0011575588325211667
v 0.0006946062886430411 0.003939378769560631 -0.0010847311969534041
v 0.0006664109081087061 0.003779465173643859 -0.0011784818505090062
v 0.00306418650453866 0.0025713064691877396 -0.001118413780963113
v 0.0023885344925105322 0.0032085647461884137 -0.001107752894436876
v 0.0015843057278326369 0.003672884918610342 -0.0010963213198709194
v 0.0029397939978586 0.0024669290527642718 -0.0012121647325419322
v 0.0019188141393926567 0.0033236288281464077 -0.0011958467693065084
v 1.4305114426349532e-08 0.0038377686477206185 -0.0010847311969534041
v 0.0006946062886430411 0.003939379365607065 -0.0010847311969534041
v 0.0006664109081087061 0.003779466365736728 -0.0011784812544625718
v 1.4305114426349532e-08 0.0038377686477206185 -0.0010472315315775977
v 1.4305114426349532e-08 0.0038377686477206185 -0.0010847311969534041
v 0.0006946062886430411 0.003939379365607065 -0.0010472315315775977
v 0.0006946062886430411 0.003939379365607065 -0.0010847311969534041
v 0.0006664109081087061 0.003779466365736728 -0.0009534811760452128
v 0.0006946062886430411 0.003939379365607065 -0.0010472315315775977
v 1.4305114426349532e-08 0.0038377686477206185 -0.0010472315315775977
v -0.003606171527366978 0.0013126818542328056 -0.0014121707958242864
v -0.003206276821949852 0.0021089463954654386 -0.0014232837835710394
v -0.0021088003640890047 0.0032064276216977605 -0.0014427312886104444
v -0.0006663918346228043 0.0037794648756206417 -0.0014621787936498496
v 0.0002231430957508886 0.0038312765099567936 -0.001473288205117996
v 0.0017223262401895327 0.0034295754858201244 -0.001492730047716274
v 0.0029397963820443377 0.0024669303938687492 -0.0015121718903145518
v 0.003606195369224355 0.0013126963083588405 -0.0015290090099943652
v 0.0038376354313425266 1.4831603617038583e-07 -0.0015458464276973958
v 0.0038376354313425266 1.4831820986267448e-07 -0.0016208457584490086
v 0.003606195369224355 0.0013126963083588405 -0.0016040005921423304
v 0.0029397963820443377 0.0024669303938687492 -0.0015871554258356521
v 0.0022916745627297196 0.0030783983376980184 -0.0015760427361121163
v 0.0008850216667721796 0.0037343271732108163 -0.0015565955290959286
v -0.0006663918346228043 0.0037794648756206417 -0.0015371483220797408
v -0.0015199994701147203 0.0035239090727886 -0.0015260389106115943
v -0.002791376051499486 0.002633675874016972 -0.0015065973660365337
v -0.003606171527366978 0.00131268245027924 -0.0014871561194846903
v -0.003837606821113674 1.4831712756400356e-07 -0.001470845904852914
v -0.003837606821113674 1.4831712756400356e-07 -0.0013958462760780839
v -0.003606159606438289 0.0013126779799309818 -0.0014871561194846903
v -0.0038374446964835086 1.446187492964323e-07 -0.0014711218743520557
v -0.003758759414581373 0.0013682192258189785 -0.0015809136275742883
v -0.003999819666151264 1.4461485665919572e-07 -0.001564883852789912
v -0.003972434908767756 0.0004644874379525904 -0.0015704440719535038
v -0.003891899498733146 0.0009226164760600813 -0.0015758126621884258
v -0.0030641578943098073 -0.002571009638063393 -0.0015309136763755902
v -0.0035740112459508064 -0.0017945620016479036 -0.001541675294749246
v -0.003892433556338396 -0.0009220711680783811 -0.0015532031308143632
v -0.0029397558508867964 -0.0024666247710594946 -0.0014371552742163402
v -0.0036059068827500903 -0.0013119268124119898 -0.0014536216530139374
v -0.0030641578943098073 -0.002571009638063393 -0.0015309136763755902
v -0.0029397558508867964 -0.0024666247710594946 -0.0014371552742163402
v 0.0006946182095717297 -0.003939080746343415 -0.0014809134271536748
v -0.0001396465270300241 -0.003996617704705496 -0.0014904668594047385
v -0.000967791058843038 -0.0038806524005386422 -0.001500690247848103
v -0.0017531156148065123 -0.0035948192269767976 -0.001511136855681162
v -0.0024620556281047556 -0.0031513374339490197 -0.0015213602441245264
v 0.0006664156764801815 -0.003779142116476397 -0.0013871484684836461
v -0.0022910522902521734 -0.003077520063276884 -0.0014264893212954106
v -0.0008851122658302132 -0.0037335850953999494 -0.001406349806345631
v -0.003999986559152905 1.4831712756400356e-07 -0.0016020959257611054
v -0.0038921641433500333 -0.0009223184528428657 -0.0015908684970989415
v -0.0035745143091414663 -0.0017950544850143524 -0.0015796410684367776
v -0.0030641578943098073 -0.002571009638063393 -0.0015684136397746138
v -0.002462623064310334 -0.003151900697829557 -0.0015584134707209438
v -0.0017534613217384824 -0.0035950320155538895 -0.001548413599690491
v -0.0009676623128132009 -0.0038810368504888504 -0.001538413430636821
v -0.00013957261727215464 -0.003997415214834765 -0.0015284135596063684
v 0.0006946182095717297 -0.003939080746343415 -0.0015184136885759156
v 0.0014984511994171625 -0.00370858303363808 -0.0015084135195222457
v 0.002236795375418767 -0.0033159961555302986 -0.001498413648491793
v 0.002877380783616437 -0.0027784776066583916 -0.001488413479438123
v 0.0033922123150778058 -0.00211952011020064 -0.0014784136084076702
v 0.003758788024810226 -0.001367922692717849 -0.0014684134393540002
v 0.0038921951377646237 -0.0009223085435708933 -0.0014629745156398153
v 0.003972968966373006 -0.0004642199621151394 -0.0014575352939024129
v 0.004000015169381758 1.4831611802490716e-07 -0.0014520960721650107
v 0.004000015169381758 1.4831710937410993e-07 -0.001414596108765987
v 0.003972968966373006 -0.0004642199621151394 -0.0014200353305033892
v 0.0038921951377646237 -0.0009223085435708933 -0.0014254745522407914
v 0.003758788024810226 -0.001367922692717849 -0.0014309134759549764
v 0.0033922123150778058 -0.00211952011020064 -0.0014409136450086464
v 0.002877380783616437 -0.0027784776066583916 -0.0014509135160390991
v 0.002236795375418767 -0.0033159961555302986 -0.0014609136850927693
v 0.0014984511994171625 -0.00370858303363808 -0.001470913556123222
v 0.0006946182095717297 -0.003939080746343415 -0.0014809134271536748
v -0.00013957261727215464 -0.003997415214834765 -0.0014909135962073447
v -0.0009676623128132009 -0.0038810368504888504 -0.0015009134672377975
v -0.0017534613217384824 -0.0035950320155538895 -0.0015109136362914674
v -0.002462623064310334 -0.003151900697829557 -0.0015209135073219202
v -0.0030641578943098073 -0.002571009638063393 -0.0015309136763755902
v -0.0035745143091414663 -0.0017950544850143524 -0.001542141105037754
v -0.0038921641433500333 -0.0009223184528428657 -0.0015533685336999179
v -0.003999986559152905 1.4831712756400356e-07 -0.0015645959623620817
v 0.00306418650453866 0.0025713064691877396 -0.0017184134933707082
v 0.002462651674539187 0.003152197528953904 -0.0017084136223402555
v 0.0017534899319673351 0.0035953288466782363 -0.0016984134532865855
v 0.0009676909230420536 0.003881333681613197 -0.0016884135822561328
v 0.00013960122750100734 0.003997712045959112 -0.0016784134132024628
v -0.000694589599342877 0.003939377577467762 -0.00166841354217201
v -0.0014984225891883098 0.0037088798647624266 -0.0016584136711415573
v -0.0022367667651899143 0.0033162929866546453 -0.0016484135020878874
v -0.0028773521733875844 0.0027787744377827384 -0.0016384136310574346
v -0.003392183704848953 0.0021198166433017696 -0.0016284134620037647
v -0.003758759414581373 0.0013682192258189785 -0.001618413590973312
v -0.003892166527535771 0.0009226052256836315 -0.0016129743692359097
v -0.0039729403561441536 0.0004645165697220732 -0.0016075351474985075
v -0.003999986559152905 1.4831813710309996e-07 -0.0016020959257611054
v -0.003999986559152905 1.483171457538972e-07 -0.0015645959623620817
v -0.0039729403561441536 0.0004645165697220732 -0.001570035184099484
v -0.003892166527535771 0.0009226052256836315 -0.0015754744058368861
v -0.003758759414581373 0.0013682192258189785 -0.0015809136275742883
v -0.003392183704848953 0.0021198166433017696 -0.001590913498604741
v -0.0028773521733875844 0.0027787744377827384 -0.001600913667658411
v -0.0022367667651899143 0.0033162929866546453 -0.0016109135386888638
v -0.0014984225891883098 0.0037088798647624266 -0.0016209137077425337
v -0.000694589599342877 0.003939377577467762 -0.0016309135787729865
v 0.00013960122750100734 0.003997712045959112 -0.0016409134498034392
v 0.0009676909230420536 0.003881333681613197 -0.0016509136188571092
v 0.0017534899319673351 0.0035953288466782363 -0.001660913489887562
v 0.002462651674539187 0.003152197528953904 -0.0016709136589412319
v 0.00306418650453866 0.0025713064691877396 -0.0016809135299716846
v 0.003574542919370319 0.001795351018115482 -0.0016921409586338485
v 0.003892192753578886 0.0009226151349556039 -0.0017033686853192296
v 0.004000015169381758 1.4831712756400356e-07 -0.0017145961139813934
v 0.004000015169381758 1.4831712756400356e-07 -0.001752096077380417
v 0.003892192753578886 0.0009226151349556039 -0.0017408686487182532
v 0.003574542919370319 0.001795351018115482 -0.001729640922032872
v 0.003758788024810226 -0.001367922692717849 -0.0017684134445694064
v 0.0038919257247762608 -0.0009223220291214723 -0.0017631202542084399
v 0.003972463518996609 -0.00046419541245262125 -0.0017575588429519793
v 0.003999845892194379 1.4491420773864625e-07 -0.0017518061007900662
v 0.003606188216667142 -0.0013123835329923728 -0.0018621709526590044
v 0.0038374733067123613 1.4490394863863956e-07 -0.0018455680792279225
v 0.002939784461115649 0.0024669211551490156 -0.001812171895529958
v 0.003605935492978943 0.0013122197692345128 -0.0018283530661086797
v 0.00306418650453866 0.0025713064691877396 -0.0017184134933707082
v 0.003892462166567249 0.0009223630073138395 -0.0017403179018128387
v 0.003574039856179659 0.0017948561505632954 -0.00172898288676926
v 0.002939784461115649 0.0024669211551490156 -0.001812171895529958
v 0.00306418650453866 0.0025713064691877396 -0.0017184134933707082
v -0.0006663870662513288 0.003779438947600744 -0.0017621787988652557
v 0.00022322177388023353 0.003830443535064676 -0.001772841473530796
v 0.0017219495388429722 0.003429313821435409 -0.0017929756240626657
v -0.000694589599342877 0.003939377577467762 -0.00166841354217201
v 0.0024620842383336083 0.0031516342650733664 -0.0017088600611196445
v 0.001753144225035365 0.0035951160581011443 -0.0016986369706994972
v 0.0009678196690718907 0.003880949231662989 -0.0016881903628664383
v 0.0001396751372588768 0.003996914535829843 -0.0016779669744230738
v -0.0006663870662513288 0.003779438947600744 -0.0017621787988652557
v -0.000694589599342877 0.003939377577467762 -0.00166841354217201
v -0.003606161990624027 0.0013126749996988096 -0.0017121708010396927
v -0.003205523419256731 0.0021086017316147287 -0.0017228370519838396
v -0.002108762217117201 0.003205968069896814 -0.0017429768649568364
v -0.003758759414581373 0.0013682192258189785 -0.001618413590973312
v -0.0014982175492148655 0.0037081056004441004 -0.0016588601099209463
v -0.002236752460075488 0.0033158882711256665 -0.0016486367214775819
v -0.002876956398555122 0.002778692183374787 -0.001638190113644523
v -0.003391456528198947 0.002119481814217228 -0.0016279670232243757
v -0.003758759414581373 0.0013682192258189785 -0.001618413590973312
v -0.003891897114547408 0.0009226187112342105 -0.0016131201025891282
v -0.003972434908767756 0.0004644920200595551 -0.0016075589893558848
v -0.003999817281965527 1.517200564843077e-07 -0.0016018062471939718
v -0.003606161990624027 0.0013126749996988096 -0.0017121708010396927
v -0.0038374446964835086 1.5173031558431438e-07 -0.0016955679276086108
v -0.0029397558508867964 -0.002466624622047886 -0.0016621717439106462
v -0.0036059068827500903 -0.0013119232361333832 -0.0016783532125125853
v -0.0030641578943098073 -0.002571009638063393 -0.0015684136397746138
v -0.003892433556338396 -0.0009220663252011013 -0.0015903180482167443
v -0.0035740112459508064 -0.0017945596174621659 -0.0015789827351499483
v -0.0029397558508867964 -0.002466624622047886 -0.0016621717439106462
v -0.0030641578943098073 -0.002571009638063393 -0.0015684136397746138
v 0.0006664156764801815 -0.003779142116476397 -0.001612178647245944
v -0.00022319316365138083 -0.003830146703940329 -0.0016228416199347015
v -0.0017219209286141195 -0.0034290169903110623 -0.0016429757704665713
v 0.0006946182095717297 -0.003939080746343415 -0.0015184136885759156
v -0.0024620556281047556 -0.0031513374339490197 -0.00155886020752355
v -0.0017531156148065123 -0.0035948192269767976 -0.0015486368190801856
v -0.000967791058843038 -0.0038806524005386422 -0.0015381902112471266
v -0.0001396465270300241 -0.003996617704705496 -0.0015279671208269794
v 0.0006664156764801815 -0.003779142116476397 -0.001612178647245944
v 0.0006946182095717297 -0.003939080746343415 -0.0015184136885759156
v 0.0036061906008528796 -0.001312379658690549 -0.0015621709474435983
v 0.003205549645299846 -0.002108306092583251 -0.0015728371983877451
v 0.002108790827346054 -0.0032056715367956845 -0.001592977011360742
v 0.003758788024810226 -0.001367922692717849 -0.0014684134393540002
v 0.0014982461594437182 -0.0037078087693197537 -0.0015088602563248519
v 0.0022367810703043407 -0.0033155914400013198 -0.0014986368678814874
v 0.0028769850087839747 -0.00277839535225044 -0.0014881902600484284
v 0.0033914851384277997 -0.0021191852811160983 -0.001477966871605064
v 0.0038376354313425266 1.4831712756400356e-07 -0.0015458464276973958
v 0.0036062025217815682 -0.0013123841290388072 -0.0015621709474435983
v 0.0032063054321787047 -0.0021086489682946574 -0.0015732836371671341
v 0.0021088289743178574 -0.0032061304925501966 -0.001592731142206539
v 0.000666420444851657 -0.003779168044496295 -0.001612178647245944
v -0.0002231144855220359 -0.003830979678832447 -0.0016232883567373077
v -0.00172229762996068 -0.0034292786546957776 -0.0016427299013123684
v -0.002939767771815485 -0.0024666338607676197 -0.0016621717439106462
v -0.0036061667589955024 -0.001312399775257711 -0.0016790091616136768
v -0.003837606821113674 1.483182189576213e-07 -0.0016958462812934902
v -0.003837606821113674 1.4831603617038583e-07 -0.0017708459100683202
v -0.0036061667589955024 -0.001312399775257711 -0.0017540004457384248
v -0.002939767771815485 -0.0024666338607676197 -0.0017371552794317466
v -0.002291645952500867 -0.0030781015065736717 -0.0017260425897082108
v -0.0008849930565433269 -0.0037340303420864696 -0.0017065956807152402
v 0.000666420444851657 -0.003779168044496295 -0.0016871484736990525
v 0.001520028080343573 -0.0035236122416642535 -0.001676039062230906
v 0.0027914046617283387 -0.002633379042892625 -0.0016565975176558454
v 0.0036062001375958305 -0.0013123859171781105 -0.0016371559730807847
v 0.0038376354313425266 1.4831712756400356e-07 -0.0016208457584490086
v 0.003606188216667142 -0.0013123814468298522 -0.0016371559730807847
v 0.0038374733067123613 1.5201550583157481e-07 -0.0016211220259713674
v 0.003758788024810226 -0.001367922692717849 -0.0017309134811703828
v 0.003999848276380117 1.520193984688114e-07 -0.0017148837063860065
v 0.003972463518996609 -0.00046419083034565656 -0.0017204439255495982
v 0.0038919281089619985 -0.0009223197939473432 -0.0017258128138077375
v 0.00306418650453866 0.0025713064691877396 -0.0016809135299716846
v 0.003574039856179659 0.0017948585347490331 -0.0016916754463685577
v 0.003892462166567249 0.0009223678501911192 -0.0017032029844104577
v 0.002939784461115649 0.002466921304160624 -0.0015871554258356521
v 0.003605935492978943 0.0013122233455131194 -0.0016036218046332493
v 0.00306418650453866 0.0025713064691877396 -0.0016809135299716846
v 0.002939784461115649 0.002466921304160624 -0.0015871554258356521
v -0.000694589599342877 0.003939377577467762 -0.0016309135787729865
v 0.0001396751372588768 0.003996914535829843 -0.0016404670110240502
v 0.0009678196690718907 0.003880949231662989 -0.0016506903994674147
v 0.001753144225035365 0.0035951160581011443 -0.0016611367092772564
v 0.0024620842383336083 0.0031516342650733664 -0.0016713600977206209
v -0.0006663870662513288 0.003779438947600744 -0.0015371483220797408
v 0.002291080900481026 0.0030778168944012307 -0.0015764894729147225
v 0.0008851408760590659 0.003733881926524296 -0.0015563499579649429
v -0.000694589599342877 0.003939377577467762 -0.0016309135787729865
v -0.0006663870662513288 0.003779438947600744 -0.0015371483220797408
v -0.003758759414581373 0.0013682192258189785 -0.0015809136275742883
v -0.003391456528198947 0.002119481814217228 -0.001590467059825352
v -0.002876956398555122 0.002778692183374787 -0.0016006901502454993
v -0.002236752460075488 0.0033158882711256665 -0.0016111367580785583
v -0.0014982175492148655 0.0037081056004441004 -0.0016213601465219227
v -0.003606159606438289 0.0013126779799309818 -0.0014871561194846903
v -0.0015197896617698005 0.0035230993437074254 -0.0015264856474142005
v -0.002790932592952269 0.002633559644962258 -0.001506351794905548
v -0.003999986559152905 1.4831712756400356e-07 -0.0019020959309765117
v -0.0038921641433500333 -0.0009223184528428657 -0.0018908685023143479
v -0.0035745143091414663 -0.0017950544850143524 -0.001879641073652184
v -0.0030641578943098073 -0.002571009638063393 -0.00186841364499002
v -0.002462623064310334 -0.003151900697829557 -0.00185841347593635
v -0.0017534613217384824 -0.0035950320155538895 -0.0018484136049058972
v -0.0009676623128132009 -0.0038810368504888504 -0.0018384134358522273
v -0.00013957261727215464 -0.003997415214834765 -0.0018284135648217745
v 0.0006946182095717297 -0.003939080746343415 -0.0018184133957681045
v 0.0014984511994171625 -0.00370858303363808 -0.0018084135247376518
v 0.002236795375418767 -0.0033159961555302986 -0.001798413653707199
v 0.002877380783616437 -0.0027784776066583916 -0.001788413484653529
v 0.0033922123150778058 -0.00211952011020064 -0.0017784136136230764
v 0.003758788024810226 -0.001367922692717849 -0.0017684134445694064
v 0.0038921951377646237 -0.0009223085435708933 -0.0017629745208552214
v 0.003972968966373006 -0.0004642199621151394 -0.0017575352991178192
v 0.004000015169381758 1.4831612711985397e-07 -0.001752096077380417
v 0.004000015169381758 1.4831710937410993e-07 -0.0017145961139813934
v 0.003972968966373006 -0.0004642199621151394 -0.0017200353357187956
v 0.0038921951377646237 -0.0009223085435708933 -0.0017254745574561978
v 0.003758788024810226 -0.001367922692717849 -0.0017309134811703828
v 0.0033922123150778058 -0.00211952011020064 -0.0017409136502240527
v 0.002877380783616437 -0.0027784776066583916 -0.0017509135212545055
v 0.002236795375418767 -0.0033159961555302986 -0.0017609136903081754
v 0.0014984511994171625 -0.00370858303363808 -0.0017709135613386282
v 0.0006946182095717297 -0.003939080746343415 -0.001780913432369081
v -0.00013957261727215464 -0.003997415214834765 -0.0017909136014227509
v -0.0009676623128132009 -0.0038810368504888504 -0.0018009134724532036
v -0.0017534613217384824 -0.0035950320155538895 -0.0018109136415068736
v -0.002462623064310334 -0.003151900697829557 -0.0018209135125373263
v -0.0030641578943098073 -0.002571009638063393 -0.0018309136815909963
v -0.0035745143091414663 -0.0017950544850143524 -0.0018421411102531602
v -0.0038921641433500333 -0.0009223184528428657 -0.001853368538915324
v -0.003999986559152905 1.4831712756400356e-07 -0.0018645959675774879
v 0.00306418650453866 0.0025713064691877396 -0.0020184134985861144
v 0.002462651674539187 0.003152197528953904 -0.0020084136275556616
v 0.0017534899319673351 0.0035953288466782363 -0.0019984134585019917
v 0.0009676909230420536 0.003881333681613197 -0.001988413587471539
v 0.00013960122750100734 0.003997712045959112 -0.001978413418417869
v -0.000694589599342877 0.003939377577467762 -0.0019684135473874162
v -0.0014984225891883098 0.0037088798647624266 -0.0019584136763569635
v -0.0022367667651899143 0.0033162929866546453 -0.0019484135073032937
v -0.0028773521733875844 0.0027787744377827384 -0.001938413636272841
v -0.003392183704848953 0.0021198166433017696 -0.001928413467219171
v -0.003758759414581373 0.0013682192258189785 -0.0019184135961887183
v -0.003892166527535771 0.0009226052256836315 -0.001912974374451316
v -0.0039729403561441536 0.0004645165697220732 -0.001907535152713914
v -0.003999986559152905 1.4831812800815315e-07 -0.0019020959309765117
v -0.003999986559152905 1.483171457538972e-07 -0.0018645959675774879
v -0.0039729403561441536 0.0004645165697220732 -0.00187003518931489
v -0.003892166527535771 0.0009226052256836315 -0.0018754744110522925
v -0.003758759414581373 0.0013682192258189785 -0.0018809136327896947
v -0.003392183704848953 0.0021198166433017696 -0.0018909135038201474
v -0.0028773521733875844 0.0027787744377827384 -0.0019009136728738174
v -0.0022367667651899143 0.0033162929866546453 -0.0019109135439042701
v -0.0014984225891883098 0.0037088798647624266 -0.0019209134149347229
v -0.000694589599342877 0.003939377577467762 -0.0019309135839883928
v 0.00013960122750100734 0.003997712045959112 -0.0019409134550188456
v 0.0009676909230420536 0.003881333681613197 -0.0019509136240725155
v 0.0017534899319673351 0.0035953288466782363 -0.001960913495102968
v 0.002462651674539187 0.003152197528953904 -0.001970913664156638
v 0.00306418650453866 0.0025713064691877396 -0.0019809135351870908
v 0.003574542919370319 0.001795351018115482 -0.0019921409638492546
v 0.003892192753578886 0.0009226151349556039 -0.0020033686905346357
v 0.004000015169381758 1.4831712756400356e-07 -0.0020145961191967996
v 0.004000015169381758 1.4831712756400356e-07 -0.002052096082595823
v 0.003892192753578886 0.0009226151349556039 -0.0020408686539336593
v 0.003574542919370319 0.001795351018115482 -0.0020296409272482782
v 0.003758788024810226 -0.001367922692717849 -0.0020684134497848125
v 0.0038919257247762608 -0.0009223220291214723 -0.002063120259423846
v 0.003972463518996609 -0.00046419541245262125 -0.0020575588481673854
v 0.003999845892194379 1.4491419864369943e-07 -0.0020518061060054724
v 0.003606188216667142 -0.0013123809997950264 -0.002162170957874411
v 0.0038374733067123613 1.4490394863863956e-07 -0.002145568084443329
v 0.002939784461115649 0.0024669211551490156 -0.0021121719007453645
v 0.003605935492978943 0.0013122197692345128 -0.0021283530713240863
v 0.00306418650453866 0.0025713064691877396 -0.0020184134985861144
v 0.003892462166567249 0.0009223630073138395 -0.002040317907028245
v 0.003574039856179659 0.0017948561505632954 -0.002028982891984666
v 0.002939784461115649 0.0024669211551490156 -0.0021121719007453645
v 0.00306418650453866 0.0025713064691877396 -0.0020184134985861144
v -0.0006663870662513288 0.003779438947600744 -0.002062178804080662
v 0.00022322177388023353 0.003830443535064676 -0.002072841478746202
v 0.0017219495388429722 0.003429313821435409 -0.0020929756292780723
v -0.000694589599342877 0.003939377577467762 -0.0019684135473874162
v 0.0024620842383336083 0.0031516342650733664 -0.0020088600663350506
v 0.001753144225035365 0.0035951160581011443 -0.001998636677891686
v 0.0009678196690718907 0.003880949231662989 -0.0019881903680818444
v 0.0001396751372588768 0.003996914535829843 -0.00197796697963848
v -0.0006663870662513288 0.003779438947600744 -0.002062178804080662
v -0.000694589599342877 0.003939377577467762 -0.0019684135473874162
v -0.003606159606438289 0.0013126788740006334 -0.002012170806255099
v -0.0032055210350709932 0.002108604264812075 -0.0020228370571992458
v -0.002108762217117201 0.0032059689639664657 -0.0020429768701722426
v -0.003758759414581373 0.0013682192258189785 -0.0019184135961887183
v -0.0014982175492148655 0.0037081056004441004 -0.0019588601151363525
v -0.002236752460075488 0.0033158882711256665 -0.0019486367266929882
v -0.002876956398555122 0.002778692183374787 -0.0019381901188599293
v -0.003391456528198947 0.002119481814217228 -0.001927967028439782
v -0.003758759414581373 0.0013682192258189785 -0.0019184135961887183
v -0.003891897114547408 0.0009226187112342105 -0.0019131201078045345
v -0.003972434908767756 0.0004644920200595551 -0.0019075589945712912
v -0.003999817281965527 1.517200564843077e-07 -0.0019018062524093781
v -0.003606159606438289 0.0013126788740006334 -0.002012170806255099
v -0.0038374446964835086 1.5173030648936756e-07 -0.001995567932824017
v -0.0029397558508867964 -0.002466624622047886 -0.0019621717491260524
v -0.0036059068827500903 -0.0013119232361333832 -0.001978352919704774
v -0.0030641578943098073 -0.002571009638063393 -0.00186841364499002
v -0.003892433556338396 -0.0009220663252011013 -0.0018903180534321506
v -0.0035740112459508064 -0.0017945596174621659 -0.0018789827403653547
v -0.0029397558508867964 -0.002466624622047886 -0.0019621717491260524
v -0.0030641578943098073 -0.002571009638063393 -0.00186841364499002
v 0.0006664156764801815 -0.003779142116476397 -0.0019121786524613504
v -0.00022319316365138083 -0.003830146703940329 -0.001922841625150108
v -0.0017219209286141195 -0.0034290169903110623 -0.0019429757756819776
v 0.0006946182095717297 -0.003939080746343415 -0.0018184133957681045
v -0.0024620556281047556 -0.0031513374339490197 -0.0018588602127389562
v -0.0017531156148065123 -0.0035948192269767976 -0.0018486368242955917
v -0.000967791058843038 -0.0038806524005386422 -0.0018381902164625328
v -0.0001396465270300241 -0.003996617704705496 -0.0018279668280191683
v 0.0006664156764801815 -0.003779142116476397 -0.0019121786524613504
v 0.0006946182095717297 -0.003939080746343415 -0.0018184133957681045
v 0.003606188216667142 -0.0013123835329923728 -0.0018621709526590044
v 0.003205549645299846 -0.002108308625780597 -0.0018728372036031513
v 0.002108788443160316 -0.003205672430865336 -0.0018929770165761483
v 0.003758788024810226 -0.001367922692717849 -0.0017684134445694064
v 0.0014982461594437182 -0.0037078087693197537 -0.001808860261540258
v 0.0022367810703043407 -0.0033155914400013198 -0.0017986368730968936
v 0.0028769850087839747 -0.00277839535225044 -0.0017881902652638346
v 0.0033914851384277997 -0.0021191852811160983 -0.0017779668768204701
v 0.0038376354313425266 1.4831712756400356e-07 -0.001845846432912802
v 0.0036062001375958305 -0.0013123878543290224 -0.0018621709526590044
v 0.003206303047992967 -0.0021086516505036124 -0.0018732836423825403
v 0.0021088289743178574 -0.003206131386619848 -0.0018927311474219455
v 0.000666420444851657 -0.003779168044496295 -0.0019121786524613504
v -0.0002231144855220359 -0.003830979678832447 -0.001923288361952714
v -0.00172229762996068 -0.0034292786546957776 -0.0019427299065277747
v -0.002939767771815485 -0.0024666338607676197 -0.0019621717491260524
v -0.0036061667589955024 -0.001312399775257711 -0.001979009166829083
v -0.003837606821113674 1.483182189576213e-07 -0.0019958462865088964
v -0.003837606821113674 1.4831604526533264e-07 -0.0020708459152837264
v -0.0036061667589955024 -0.001312399775257711 -0.002054000450953831
v -0.002939767771815485 -0.0024666338607676197 -0.0020371552846471528
v -0.002291645952500867 -0.0030781015065736717 -0.002026042594923617
v -0.0008849930565433269 -0.0037340303420864696 -0.0020065956859306464
v 0.000666420444851657 -0.003779168044496295 -0.0019871484789144587
v 0.001520028080343573 -0.0035236122416642535 -0.001976039067446312
v 0.0027914046617283387 -0.002633379042892625 -0.0019565975228712515
v 0.0036062001375958305 -0.0013123859171781105 -0.001937155978296191
v 0.0038376354313425266 1.4831712756400356e-07 -0.001920845763664415
v -0.0036061739115527155 0.0013126793210354593 -0.0017121708010396927
v -0.003206276821949852 0.0021089446073261353 -0.0017232837887864458
v -0.0021088027482747424 0.003206427025651326 -0.0017427312938258508
v -0.0006663918346228043 0.0037794648756206417 -0.0017621787988652557
v 0.0002231430957508886 0.0038312765099567936 -0.0017732882103334022
v 0.0017223262401895327 0.0034295754858201244 -0.00179273005293168
v 0.0029397963820443377 0.0024669303938687492 -0.001812171895529958
v 0.003606195369224355 0.0013126963083588405 -0.0018290090152097713
v 0.0038376354313425266 1.4831603617038583e-07 -0.001845846432912802
v 0.0038376354313425266 1.4831820986267448e-07 -0.001920845763664415
v 0.003606195369224355 0.0013126963083588405 -0.0019040005973577367
v 0.0029397963820443377 0.0024669303938687492 -0.0018871554310510585
v 0.0022916745627297196 0.0030783983376980184 -0.0018760427413275227
v 0.0008850216667721796 0.0037343271732108163 -0.0018565955343113347
v -0.0006663918346228043 0.0037794648756206417 -0.001837148327295147
v -0.0015199994701147203 0.0035239090727886 -0.0018260389158270005
v -0.002791376051499486 0.002633675874016972 -0.0018065973712519398
v -0.003606171527366978 0.00131268245027924 -0.0017871561247000964
v -0.003837606821113674 1.4831712756400356e-07 -0.0017708459100683202
v -0.003837606821113674 1.4831712756400356e-07 -0.0016958462812934902
v -0.003606159606438289 0.0013126779799309818 -0.0017871561247000964
v -0.0038374446964835086 1.446187402014855e-07 -0.001771121879567462
v -0.003758759414581373 0.0013682192258189785 -0.0018809136327896947
v -0.003999819666151264 1.4461485665919572e-07 -0.0018648838580053182
v -0.003972434908767756 0.0004644874379525904 -0.0018704437791456927
v -0.003891899498733146 0.0009226164760600813 -0.0018758126674038322
v -0.0030641578943098073 -0.002571009638063393 -0.0018309136815909963
v -0.0035740112459508064 -0.0017945620016479036 -0.0018416752999646522
v -0.003892433556338396 -0.0009220711680783811 -0.0018532031360297694
v -0.0029397558508867964 -0.0024666247710594946 -0.0017371552794317466
v -0.0036059068827500903 -0.0013119268124119898 -0.0017536216582293438
v -0.0030641578943098073 -0.002571009638063393 -0.0018309136815909963
v -0.0029397558508867964 -0.0024666247710594946 -0.0017371552794317466
v 0.0006946182095717297 -0.003939080746343415 -0.001780913432369081
v -0.0001396465270300241 -0.003996617704705496 -0.0017904668646201447
v -0.000967791058843038 -0.0038806524005386422 -0.0018006902530635091
v -0.0017531156148065123 -0.0035948192269767976 -0.001811136860896568
v -0.0024620556281047556 -0.0031513374339490197 -0.0018213602493399325
v 0.0006664156764801815 -0.003779142116476397 -0.0016871484736990525
v -0.0022910522902521734 -0.003077520063276884 -0.001726489326510817
v -0.0008851122658302132 -0.0037335850953999494 -0.0017063498115610374
v 0.0006946182095717297 -0.003939080746343415 -0.001780913432369081
v 0.0006664156764801815 -0.003779142116476397 -0.0016871484736990525
v 0.003758788024810226 -0.001367922692717849 -0.0017309134811703828
v 0.0033914851384277997 -0.0021191852811160983 -0.0017404669134214465
v 0.0028769850087839747 -0.00277839535225044 -0.001750690301864811
v 0.0022367810703043407 -0.0033155914400013198 -0.00176113690969787
v 0.0014982461594437182 -0.0037078087693197537 -0.0017713600001180172
v 0.003606188216667142 -0.0013123814468298522 -0.0016371559730807847
v 0.0015198182719986532 -0.0035228025125830786 -0.0016764857990335122
v 0.002790961203181122 -0.002633262813837911 -0.0016563519465248597
v -0.000694589599342877 0.003939377577467762 -0.0019309135839883928
v -0.0006663870662513288 0.003779438947600744 -0.001837148327295147
v -0.003758759414581373 0.0013682192258189785 -0.0018809136327896947
v -0.003391456528198947 0.002119481814217228 -0.0018904670650407584
v -0.002876956398555122 0.002778692183374787 -0.0019006901554609057
v -0.002236752460075488 0.0033158882711256665 -0.0019111367632939646
v -0.0014982175492148655 0.0037081056004441004 -0.001921360151737329
v -0.003606159606438289 0.0013126779799309818 -0.0017871561247000964
v -0.0015197896617698005 0.0035230993437074254 -0.0018264856526296067
v -0.002790932592952269 0.002633559644962258 -0.0018063518001209542
v 0.00306418650453866 0.0025713064691877396 -0.0019809135351870908
v 0.002939784461115649 0.002466921304160624 -0.0018871554310510585
v -0.000694589599342877 0.003939377577467762 -0.0019309135839883928
v 0.0001396751372588768 0.003996914535829843 -0.0019404670162394566
v 0.0009678196690718907 0.003880949231662989 -0.001950690404682821
v 0.001753144225035365 0.0035951160581011443 -0.0019611367144926626
v 0.0024620842383336083 0.0031516342650733664 -0.001971360102936027
v -0.0006663870662513288 0.003779438947600744 -0.001837148327295147
v 0.002291080900481026 0.0030778168944012307 -0.0018764894781301289
v 0.0008851408760590659 0.003733881926524296 -0.001856349963180349
v 0.003606188216667142 -0.0013123814468298522 -0.001937155978296191
v 0.0038374733067123613 1.5201550583157481e-07 -0.0019211220311867738
v 0.003758788024810226 -0.001367922692717849 -0.002030913486385789
v 0.003999848276380117 1.520193984688114e-07 -0.0020148837116014126
v 0.003972463518996609 -0.00046419083034565656 -0.0020204439307650044
v 0.0038919281089619985 -0.0009223197939473432 -0.0020258128190231437
v 0.00306418650453866 0.0025713064691877396 -0.0019809135351870908
v 0.003574039856179659 0.0017948585347490331 -0.001991675451583964
v 0.003892462166567249 0.0009223678501911192 -0.002003202989625864
v 0.002939784461115649 0.002466921304160624 -0.0018871554310510585
v 0.003605935492978943 0.0013122233455131194 -0.0019036218098486557
v -0.003999986559152905 1.4831712756400356e-07 -0.002202095936191918
v -0.0038921641433500333 -0.0009223184528428657 -0.0021908685075297542
v -0.0035745143091414663 -0.0017950544850143524 -0.0021796410788675904
v -0.0030641578943098073 -0.002571009638063393 -0.0021684136502054265
v -0.002462623064310334 -0.003151900697829557 -0.0021584134811517565
v -0.0017534613217384824 -0.0035950320155538895 -0.002148413610121304
v -0.0009676623128132009 -0.0038810368504888504 -0.002138413441067634
v -0.00013957261727215464 -0.003997415214834765 -0.002128413570037181
v 0.0006946182095717297 -0.003939080746343415 -0.002118413400983511
v 0.0014984511994171625 -0.00370858303363808 -0.0021084135299530584
v 0.002236795375418767 -0.0033159961555302986 -0.0020984136589226056
v 0.002877380783616437 -0.0027784776066583916 -0.0020884134898689357
v 0.0033922123150778058 -0.00211952011020064 -0.0020784136188384825
v 0.003758788024810226 -0.001367922692717849 -0.0020684134497848125
v 0.0038921951377646237 -0.0009223085435708933 -0.0020629745260706276
v 0.003972968966373006 -0.0004642199621151394 -0.0020575353043332254
v 0.004000015169381758 1.4831611802490716e-07 -0.002052096082595823
v 0.004000015169381758 1.4831710937410993e-07 -0.0020145961191967996
v 0.003972968966373006 -0.0004642199621151394 -0.0020200353409342018
v 0.0038921951377646237 -0.0009223085435708933 -0.0020254742646483867
v 0.003758788024810226 -0.001367922692717849 -0.002030913486385789
v 0.0033922123150778058 -0.00211952011020064 -0.002040913655439459
v 0.002877380783616437 -0.0027784776066583916 -0.0020509135264699116
v 0.002236795375418767 -0.0033159961555302986 -0.0020609136955235816
v 0.0014984511994171625 -0.00370858303363808 -0.0020709135665540343
v 0.0006946182095717297 -0.003939080746343415 -0.002080913437584487
v -0.00013957261727215464 -0.003997415214834765 -0.0020909136066381575
v -0.0009676623128132009 -0.0038810368504888504 -0.0021009134776686102
v -0.0017534613217384824 -0.0035950320155538895 -0.00211091364672228
v -0.002462623064310334 -0.003151900697829557 -0.002120913517752733
v -0.0030641578943098073 -0.002571009638063393 -0.002130913686806403
v -0.0035745143091414663 -0.0017950544850143524 -0.0021421411154685667
v -0.0038921641433500333 -0.0009223184528428657 -0.0021533685441307306
v -0.003999986559152905 1.4831712756400356e-07 -0.0021645959727928945
v -0.003758759414581373 0.0013682192258189785 -0.0022184136014041247
v -0.003892166527535771 0.0009226052256836315 -0.0022129743796667225
v -0.0039729403561441536 0.0004645165697220732 -0.0022075351579293203
v -0.003999986559152905 1.4831812800815315e-07 -0.002202095936191918
v -0.003999986559152905 1.483171457538972e-07 -0.0021645959727928945
v -0.0039729403561441536 0.0004645165697220732 -0.0021700351945302967
v -0.003892166527535771 0.0009226052256836315 -0.002175474416267699
v -0.003758759414581373 0.0013682192258189785 -0.002180913638005101
v -0.003392183704848953 0.0021198166433017696 -0.002190913509035554
v -0.0028773521733875844 0.0027787744377827384 -0.0022009136780892237
v -0.0022367667651899143 0.0033162929866546453 -0.0022109135491196765
v -0.0014984225891883098 0.0037088798647624266 -0.0022209134201501292
v -0.000694589599342877 0.003939377577467762 -0.002230913589203799
v -0.000694589599342877 0.003939377577467762 -0.002268413552602823
v -0.0014984225891883098 0.0037088798647624266 -0.002258413383549153
v -0.0022367667651899143 0.0033162929866546453 -0.0022484135125187
v -0.0028773521733875844 0.0027787744377827384 -0.0022384136414882474
v -0.003392183704848953 0.0021198166433017696 -0.0022284134724345774
v -0.0006663894504370665 0.0037794517625990842 -0.002362171060692421
v -0.000694589599342877 0.003939377577467762 -0.002268413552602823
v -0.003606159606438289 0.0013126779799309818 -0.0023121711094937227
v -0.003205523419256731 0.0021086053078933353 -0.0023228355722985663
v -0.002108764601302939 0.0032059755204772444 -0.002342972405039391
v -0.003758759414581373 0.0013682192258189785 -0.0022184136014041247
v -0.0014982175492148655 0.0037081056004441004 -0.002258860120351759
v -0.002236752460075488 0.0033158882711256665 -0.0022486367319083946
v -0.002876956398555122 0.002778692183374787 -0.0022381901240753357
v -0.003391456528198947 0.002119481814217228 -0.0022279670336551884
v -0.003758759414581373 0.0013682192258189785 -0.0022184136014041247
v -0.003891897114547408 0.0009226187112342105 -0.002213120113019941
v -0.003972434908767756 0.00046449205731245724 -0.0022075589997866975
v -0.003999817281965527 1.517200564843077e-07 -0.0022018062576247845
v -0.003606159606438289 0.0013126779799309818 -0.0023121711094937227
v -0.0038374446964835086 1.5173030648936756e-07 -0.002295568236062641
v -0.0029397558508867964 -0.002466624622047886 -0.002262171754341459
v -0.0036059068827500903 -0.0013119232361333832 -0.002278353222943398
v -0.0030641578943098073 -0.002571009638063393 -0.0021684136502054265
v -0.003892433556338396 -0.0009220663252011013 -0.002190318058647557
v -0.0035740112459508064 -0.0017945596174621659 -0.002178982745580761
v -0.0029397558508867964 -0.002466624622047886 -0.002262171754341459
v -0.0030641578943098073 -0.002571009638063393 -0.0021684136502054265
v 0.0006664156764801815 -0.003779142116476397 -0.0022121786576767568
v -0.00022319316365138083 -0.003830146703940329 -0.0022228416303655143
v -0.0017219209286141195 -0.0034290169903110623 -0.002242975780897384
v 0.0006946182095717297 -0.003939080746343415 -0.002118413400983511
v -0.0024620556281047556 -0.0031513374339490197 -0.0021588602179543628
v -0.0017531156148065123 -0.0035948192269767976 -0.0021486368295109983
v -0.000967791058843038 -0.0038806524005386422 -0.0021381902216779393
v -0.0001396465270300241 -0.003996617704705496 -0.002127966833234575
v 0.0006664156764801815 -0.003779142116476397 -0.0022121786576767568
v 0.0006946182095717297 -0.003939080746343415 -0.002118413400983511
v 0.003606188216667142 -0.0013123809997950264 -0.002162170957874411
v 0.003205549645299846 -0.002108306837641294 -0.002172837208818558
v 0.002108790827346054 -0.0032056718348189017 -0.0021929767237683375
v 0.003758788024810226 -0.001367922692717849 -0.0020684134497848125
v 0.0014982461594437182 -0.0037078087693197537 -0.0021088599687324474
v 0.0022367810703043407 -0.0033155914400013198 -0.0020986368783123
v 0.0028769850087839747 -0.00277839535225044 -0.002088190270479241
v 0.0033914851384277997 -0.0021191852811160983 -0.0020779668820358763
v 0.0038376354313425266 1.4831712756400356e-07 -0.0021458464381282085
v 0.0036062001375958305 -0.001312385321131676 -0.002162170957874411
v 0.0032063054321787047 -0.002108649862364309 -0.002173283647597947
v 0.0021088289743178574 -0.0032061307905734138 -0.002192731152637352
v 0.000666420444851657 -0.003779168044496295 -0.0022121786576767568
v -0.0002231144855220359 -0.003830979678832447 -0.0022232883671681205
v -0.00172229762996068 -0.0034292786546957776 -0.002242729911743181
v -0.002939767771815485 -0.0024666338607676197 -0.002262171754341459
v -0.0036061667589955024 -0.001312399775257711 -0.0022790091720444896
v -0.003837606821113674 1.483182189576213e-07 -0.002295846291724303
v -0.003837606821113674 1.4831712756400356e-07 -0.002509756926229069
v 0.0038376354313425266 1.4831712756400356e-07 -0.002509756926229069
v 0.0037261199118319185 -0.0009182542357238921 -0.002509756926229069
v 0.0033980583385067073 -0.0017832827169459442 -0.002509756926229069
v 0.0028725146605257405 -0.0025446643856615325 -0.002509756926229069
v 0.0021800302971892744 -0.0031581511387642203 -0.002509756926229069
v 0.001360852687935844 -0.0035880886706392 -0.002509756926229069
v 0.0004625892535763402 -0.003809491012778332 -0.002509756926229069
v -0.0004625606433474875 -0.003809491012778332 -0.002509756926229069
v -0.0013608240777069913 -0.0035880886706392 -0.002509756926229069
v -0.0021800016869604217 -0.0031581511387642203 -0.002509756926229069
v -0.002872486050296888 -0.0025446643856615325 -0.002509756926229069
v -0.0033980297282778546 -0.0017832827169459442 -0.002509756926229069
v -0.003726091301603066 -0.0009182542357238921 -0.002509756926229069
v -0.0006663918346228043 0.0037794648756206417 -0.0021371635316946315
v -0.0015199994701147203 0.0035239090727886 -0.0021260448815067514
v -0.002791376051499486 0.002633675874016972 -0.0021066003566995186
v -0.003606171527366978 0.00131268245027924 -0.002087156129915503
v -0.003837606821113674 1.4831712756400356e-07 -0.0020708459152837264
v -0.003837606821113674 1.4831712756400356e-07 -0.0019958462865088964
v -0.003606171527366978 0.001312683195337283 -0.002012170806255099
v -0.0032062744377641143 0.0021089472895350903 -0.002023283794001852
v -0.0021088003640890047 0.0032064279197209777 -0.002042731299041257
v -0.0006663918346228043 0.0037794648756206417 -0.002062178804080662
v 0.0002231430957508886 0.0038312765099567936 -0.0020732882155488084
v 0.0017223262401895327 0.0034295754858201244 -0.0020927300581470866
v 0.0029397963820443377 0.0024669303938687492 -0.0021121719007453645
v 0.003606195369224355 0.0013126963083588405 -0.002129009020425178
v 0.0038376354313425266 1.4831603617038583e-07 -0.0021458464381282085
v 0.0038376354313425266 1.4831712756400356e-07 -0.002509756926229069
v -0.003837606821113674 1.4831712756400356e-07 -0.002509756926229069
v -0.003726091301603066 0.0009185509178366302 -0.002509756926229069
v -0.0033980297282778546 0.0017835792500470737 -0.002509756926229069
v -0.002872486050296888 0.0025449612167858793 -0.002509756926229069
v -0.0021800016869604217 0.003158447969888567 -0.002509756926229069
v -0.0013608240777069913 0.003588385501763547 -0.002509756926229069
v -0.0004625606433474875 0.003809787843902679 -0.002509756926229069
v 0.0004625892535763402 0.003809787843902679 -0.002509756926229069
v 0.001360852687935844 0.003588385501763547 -0.002509756926229069
v 0.0021800302971892744 0.003158447969888567 -0.002509756926229069
v 0.0028725146605257405 0.0025449612167858793 -0.002509756926229069
v 0.0033980583385067073 0.0017835792500470737 -0.002509756926229069
v 0.0037261199118319185 0.0009185509178366302 -0.002509756926229069
v -0.003837606821113674 1.4831712756400356e-07 -0.002295846291724303
v -0.003606171527366978 0.00131268245027924 -0.0023121711094937227
v -0.003206276821949852 0.0021089468425002644 -0.0023232823091011725
v -0.0021088003640890047 0.0032064279197209777 -0.002342726535885188
v -0.0006663918346228043 0.0037794648756206417 -0.0023621636101119905
v -7.152557213174766e-09 0.0038377686477206185 -0.002268413552602823
v -7.152557213174766e-09 0.0038377686477206185 -0.002230913589203799
v -0.003606159606438289 0.0013126779799309818 -0.002087156129915503
v -0.0038374446964835086 1.446187492964323e-07 -0.002071121884782868
v -0.003758759414581373 0.0013682192258189785 -0.002180913638005101
v -0.003999819666151264 1.4461485665919572e-07 -0.0021648838632207248
v -0.003972434908767756 0.0004644874379525904 -0.0021704437843610993
v -0.003891899498733146 0.0009226164760600813 -0.0021758126726192386
v -0.0030641578943098073 -0.002571009638063393 -0.002130913686806403
v -0.0035740112459508064 -0.0017945620016479036 -0.0021416753051800587
v -0.003892433556338396 -0.0009220711680783811 -0.002153203141245176
v -0.0029397558508867964 -0.0024666247710594946 -0.0020371552846471528
v -0.0036059068827500903 -0.0013119268124119898 -0.00205362166344475
v -0.0030641578943098073 -0.002571009638063393 -0.002130913686806403
v -0.0029397558508867964 -0.0024666247710594946 -0.0020371552846471528
v 0.0006946182095717297 -0.003939080746343415 -0.002080913437584487
v -0.0001396465270300241 -0.003996617704705496 -0.0020904668698355513
v -0.000967791058843038 -0.0038806524005386422 -0.0021006902582789157
v -0.0017531156148065123 -0.0035948192269767976 -0.0021111368661119747
v -0.0024620556281047556 -0.0031513374339490197 -0.002121360254555339
v 0.0006664156764801815 -0.003779142116476397 -0.0019871484789144587
v -0.0022910522902521734 -0.003077520063276884 -0.002026489331726223
v -0.0008851122658302132 -0.0037335850953999494 -0.0020063498167764435
v 0.0006946182095717297 -0.003939080746343415 -0.002080913437584487
v 0.0006664156764801815 -0.003779142116476397 -0.0019871484789144587
v 0.003758788024810226 -0.001367922692717849 -0.002030913486385789
v 0.0033914851384277997 -0.0021191852811160983 -0.0020404669186368527
v 0.0028769850087839747 -0.00277839535225044 -0.002050690307080217
v 0.0022367810703043407 -0.0033155914400013198 -0.002061136914913276
v 0.0014982461594437182 -0.0037078087693197537 -0.0020713600053334233
v 0.003606188216667142 -0.0013123814468298522 -0.001937155978296191
v 0.0015198182719986532 -0.0035228025125830786 -0.001976485506225701
v 0.002790961203181122 -0.002633262813837911 -0.001956351951740266
v -0.000694589599342877 0.003939377577467762 -0.002230913589203799
v -0.0006663894504370665 0.0037794517625990842 -0.002137156081114201
v -0.003758759414581373 0.0013682192258189785 -0.002180913638005101
v -0.003391456528198947 0.002119481814217228 -0.002190467070256165
v -0.002876956398555122 0.002778692183374787 -0.002200690160676312
v -0.002236752460075488 0.0033158882711256665 -0.002211136768509371
v -0.0014982175492148655 0.0037081056004441004 -0.0022213601569527354
v -0.003606159606438289 0.0013126779799309818 -0.002087156129915503
v -0.0015197920459555383 0.0035231088804503763 -0.0021264916183093576
v -0.0027909373613237446 0.0026335632212408644 -0.002106354785568533
v -7.152557213174766e-09 0.0038377686477206185 -0.002230913589203799
v -0.000694589599342877 0.003939377577467762 -0.002230913589203799
v -0.0006663918346228043 0.0037794648756206417 -0.0021371635316946315
v -0.000694589599342877 0.003939377577467762 -0.002268413552602823
v -7.152557213174766e-09 0.0038377686477206185 -0.002268413552602823
v -0.000694589599342877 0.003939377577467762 -0.002230913589203799
v -7.152557213174766e-09 0.0038377686477206185 -0.002230913589203799
v -0.0006663918346228043 0.0037794648756206417 -0.0023621636101119905
v -0.000694589599342877 0.003939377577467762 -0.002268413552602823
v -7.152557213174766e-09 0.0038377686477206185 -0.002268413552602823
v -0.003837606821113674 1.4831712756400356e-07 -0.002509756926229069
v -0.003726091301603066 0.0009185509178366302 -0.002509756926229069
v -0.0033980297282778546 0.0017835792500470737 -0.002509756926229069
v -0.002872486050296888 0.0025449612167858793 -0.002509756926229069
v -0.0021800016869604217 0.003158447969888567 -0.002509756926229069
v -0.0013608240777069913 0.003588385501763547 -0.002509756926229069
v -0.0004625606433474875 0.003809787843902679 -0.002509756926229069
v 0.0004625892535763402 0.003809787843902679 -0.002509756926229069
v 0.001360852687935844 0.003588385501763547 -0.002509756926229069
v 0.0021800302971892744 0.003158447969888567 -0.002509756926229069
v 0.0028725146605257405 0.0025449612167858793 -0.002509756926229069
v 0.0033980583385067073 0.0017835792500470737 -0.002509756926229069
v 0.0037261199118319185 0.0009185509178366302 -0.002509756926229069
v 0.0038376354313425266 1.4831712756400356e-07 -0.002509756926229069
v 0.0037261199118319185 -0.0009182542357238921 -0.002509756926229069
v 0.0033980583385067073 -0.0017832827169459442 -0.002509756926229069
v 0.0028725146605257405 -0.0025446643856615325 -0.002509756926229069
v 0.0021800302971892744 -0.0031581511387642203 -0.002509756926229069
v 0.001360852687935844 -0.0035880886706392 -0.002509756926229069
v 0.0004625892535763402 -0.003809491012778332 -0.002509756926229069
v -0.0004625606433474875 -0.003809491012778332 -0.002509756926229069
v -0.0013608240777069913 -0.0035880886706392 -0.002509756926229069
v -0.0021800016869604217 -0.0031581511387642203 -0.002509756926229069
v -0.002872486050296888 -0.0025446643856615325 -0.002509756926229069
v -0.0033980297282778546 -0.0017832827169459442 -0.002509756926229069
v -0.003726091301603066 -0.0009182542357238921 -0.002509756926229069
v 0.0036000131756064343 1.4831653639246062e-07 -0.002509756926229069
v 0.003477346819400487 0.0009318969190441756 -0.002509756926229069
v 0.003117706705979109 0.0018001482978430017 -0.002509756926229069
v 0.0025455974963546368 0.0025457327988952505 -0.002509756926229069
v 0.0018000149324532992 0.0031178399223572018 -0.002509756926229069
v 0.0009317636281602767 0.0034774812278714484 -0.002509756926229069
v 1.4305114426349532e-08 0.003600148478147047 -0.002509756926229069
v -0.000931735017931424 0.0034774812278714484 -0.002509756926229069
v -0.0017999863222244465 0.0031178399223572018 -0.002509756926229069
v -0.002545568886125784 0.0025457327988952505 -0.002509756926229069
v -0.0031176780957502563 0.0018001482978430017 -0.002509756926229069
v -0.0034773182091716345 0.0009318969190441756 -0.002509756926229069
v -0.0035999845653775816 1.4831653639246062e-07 -0.002509756926229069
v -0.0034773182091716345 -0.0009316002369314375 -0.002509756926229069
v -0.0031176780957502563 -0.0017998517647418721 -0.002509756926229069
v -0.002545568886125784 -0.0025454359677709038 -0.002509756926229069
v -0.0017999863222244465 -0.003117543091232855 -0.002509756926229069
v -0.000931735017931424 -0.0034771843967471017 -0.002509756926229069
v 1.4305114426349532e-08 -0.0035998516470227004 -0.002509756926229069
v 0.0009317636281602767 -0.0034771843967471017 -0.002509756926229069
v 0.0018000149324532992 -0.003117543091232855 -0.002509756926229069
v 0.0025455974963546368 -0.0025454359677709038 -0.002509756926229069
v 0.003117706705979109 -0.0017998517647418721 -0.002509756926229069
v 0.003477346819400487 -0.0009316002369314375 -0.002509756926229069
v 0.0036000131756064343 1.4831712756400356e-07 -0.004509757060339517
v 0.0036000131756064343 1.4831653639246062e-07 -0.002509756926229069
v -0.0035999845653775816 1.4831712756400356e-07 -0.004509757060339517
v -0.0034773182091716345 0.0009318969190441756 -0.004509757060339517
v -0.0031176780957502563 0.0018001482978430017 -0.004509757060339517
v -0.002545568886125784 0.0025457327988952505 -0.004509757060339517
v -0.0017999863222244465 0.0031178399223572018 -0.004509757060339517
v -0.000931735017931424 0.0034774812278714484 -0.004509757060339517
v 1.4305114426349532e-08 0.003600148478147047 -0.004509757060339517
v 0.0009317636281602767 0.0034774812278714484 -0.004509757060339517
v 0.0018000149324532992 0.0031178399223572018 -0.004509757060339517
v 0.0025455974963546368 0.0025457327988952505 -0.004509757060339517
v 0.003117706705979109 0.0018001482978430017 -0.004509757060339517
v 0.003477346819400487 0.0009318969190441756 -0.004509757060339517
v -0.0035999845653775816 1.4831653639246062e-07 -0.002509756926229069
v 0.003477346819400487 0.0009318969190441756 -0.002509756926229069
v 0.003117706705979109 0.0018001482978430017 -0.002509756926229069
v 0.0025455974963546368 0.0025457327988952505 -0.002509756926229069
v 0.0018000149324532992 0.0031178399223572018 -0.002509756926229069
v 0.0009317636281602767 0.0034774812278714484 -0.002509756926229069
v 1.4305114426349532e-08 0.003600148478147047 -0.002509756926229069
v -0.000931735017931424 0.0034774812278714484 -0.002509756926229069
v -0.0017999863222244465 0.0031178399223572018 -0.002509756926229069
v -0.002545568886125784 0.0025457327988952505 -0.002509756926229069
v -0.0031176780957502563 0.0018001482978430017 -0.002509756926229069
v -0.0034773182091716345 0.0009318969190441756 -0.002509756926229069
v -0.0035999845653775816 1.4831692747517364e-07 -0.002509756926229069
v -0.0034773182091716345 -0.0009316002369314375 -0.002509756926229069
v -0.0031176780957502563 -0.0017998517647418721 -0.002509756926229069
v -0.002545568886125784 -0.0025454359677709038 -0.002509756926229069
v -0.0017999863222244465 -0.003117543091232855 -0.002509756926229069
v -0.000931735017931424 -0.0034771843967471017 -0.002509756926229069
v 1.4305114426349532e-08 -0.0035998516470227004 -0.002509756926229069
v 0.0009317636281602767 -0.0034771843967471017 -0.002509756926229069
v 0.0018000149324532992 -0.003117543091232855 -0.002509756926229069
v 0.0025455974963546368 -0.0025454359677709038 -0.002509756926229069
v 0.003117706705979109 -0.0017998517647418721 -0.002509756926229069
v 0.003477346819400487 -0.0009316002369314375 -0.002509756926229069
v 0.0036000131756064343 1.4831712756400356e-07 -0.002509756926229069
v -0.0035999845653775816 1.4831712756400356e-07 -0.004509757060339517
v 0.0036000131756064343 1.4831712756400356e-07 -0.004509757060339517
v 0.003477346819400487 -0.0009316002369314375 -0.004509757060339517
v 0.003117706705979109 -0.0017998517647418721 -0.004509757060339517
v 0.0025455974963546368 -0.0025454359677709038 -0.004509757060339517
v 0.0018000149324532992 -0.003117543091232855 -0.004509757060339517
v 0.0009317636281602767 -0.0034771843967471017 -0.004509757060339517
v 1.4305114426349532e-08 -0.0035998516470227004 -0.004509757060339517
v -0.000931735017931424 -0.0034771843967471017 -0.004509757060339517
v -0.0017999863222244465 -0.003117543091232855 -0.004509757060339517
v -0.002545568886125784 -0.0025454359677709038 -0.004509757060339517
v -0.0031176780957502563 -0.0017998517647418721 -0.004509757060339517
v -0.0034773182091716345 -0.0009316002369314375 -0.004509757060339517
v 0.0036000131756064343 1.4831712756400356e-07 -0.004509757060339517
v 0.003477346819400487 -0.0009316002369314375 -0.004509757060339517
v 0.003117706705979109 -0.0017998517647418721 -0.004509757060339517
v 0.0025455974963546368 -0.0025454359677709038 -0.004509757060339517
v 0.0018000149324532992 -0.003117543091232855 -0.004509757060339517
v 0.0009317636281602767 -0.0034771843967471017 -0.004509757060339517
v 1.4305114426349532e-08 -0.0035998516470227004 -0.004509757060339517
v -0.000931735017931424 -0.0034771843967471017 -0.004509757060339517
v -0.0017999863222244465 -0.003117543091232855 -0.004509757060339517
v -0.002545568886125784 -0.0025454359677709038 -0.004509757060339517
v -0.0031176780957502563 -0.0017998517647418721 -0.004509757060339517
v -0.0034773182091716345 -0.0009316002369314375 -0.004509757060339517
v -0.0035999845653775816 1.4831712756400356e-07 -0.004509757060339517
v -0.0034773182091716345 0.0009318969190441756 -0.004509757060339517
v -0.0031176780957502563 0.0018001482978430017 -0.004509757060339517
v -0.002545568886125784 0.0025457327988952505 -0.004509757060339517
v -0.0017999863222244465 0.0031178399223572018 -0.004509757060339517
v -0.000931735017931424 0.0034774812278714484 -0.004509757060339517
v 1.4305114426349532e-08 0.003600148478147047 -0.004509757060339517
v 0.0009317636281602767 0.0034774812278714484 -0.004509757060339517
v 0.0018000149324532992 0.0031178399223572018 -0.004509757060339517
v 0.0025455974963546368 0.0025457327988952505 -0.004509757060339517
v 0.003117706705979109 0.0018001482978430017 -0.004509757060339517
v 0.003477346819400487 0.0009318969190441756 -0.004509757060339517
v -0.0035699867404255267 1.4831682743075868e-07 -0.004509757060339517
v -0.003448340815715326 -0.0009238356145359061 -0.004509757060339517
v -0.00309169523958053 -0.0017848516601729758 -0.004509757060339517
v -0.0025243567856172455 -0.0025242226751694963 -0.004509757060339517
v -0.0017849850255626813 -0.0030915623212256493 -0.004509757060339517
v -0.0009239697249836539 -0.0034482067052675758 -0.004509757060339517
v 1.4305114426349532e-08 -0.0035698514378849078 -0.004509757060339517
v 0.0009239983352125066 -0.0034482067052675758 -0.004509757060339517
v 0.001785013635791534 -0.0030915623212256493 -0.004509757060339517
v 0.002524385395846098 -0.0025242226751694963 -0.004509757060339517
v 0.003091723849809383 -0.0017848516601729758 -0.004509757060339517
v 0.0034483694259441785 -0.0009238356145359061 -0.004509757060339517
v 0.0035700153506543794 1.4831682743075868e-07 -0.004509757060339517
v 0.0034483694259441785 0.0009241322966486443 -0.004509757060339517
v 0.003091723849809383 0.0017851481932741053 -0.004509757060339517
v 0.002524385395846098 0.002524519506293843 -0.004509757060339517
v 0.001785013635791534 0.003091859152349996 -0.004509757060339517
v 0.0009239983352125066 0.0034485035363919225 -0.004509757060339517
v 1.4305114426349532e-08 0.0035701482690092545 -0.004509757060339517
v -0.0009239697249836539 0.0034485035363919225 -0.004509757060339517
v -0.0017849850255626813 0.003091859152349996 -0.004509757060339517
v -0.0025243567856172455 0.002524519506293843 -0.004509757060339517
v -0.00309169523958053 0.0017851481932741053 -0.004509757060339517
v -0.003448340815715326 0.0009241322966486443 -0.004509757060339517
v 0.0035553406874386825 1.4831712756400356e-07 -0.0047897570254708
v 0.003434195441733404 -0.0009200377556673189 -0.0047897570254708
v 0.003079016139827309 -0.0017775146265883446 -0.0047897570254708
v 0.0025140094195155193 -0.0025138466988389174 -0.0047897570254708
v 0.0017776774962765544 -0.003078854015197141 -0.0047897570254708
v 0.0009202003273323108 -0.003434032721056801 -0.0047897570254708
v 1.4305114426349532e-08 -0.0035551773707156453 -0.0047897570254708
v -0.0009201717171034581 -0.003434032721056801 -0.0047897570254708
v -0.0017776488860477017 -0.003078854015197141 -0.0047897570254708
v -0.0025139808092866666 -0.0025138466988389174 -0.0047897570254708
v -0.0030789875295984563 -0.0017775146265883446 -0.0047897570254708
v -0.003434166831504551 -0.0009200377556673189 -0.0047897570254708
v -0.00355531207720983 1.4831712756400356e-07 -0.0047897570254708
v 0.0035700153506543794 1.483165272975138e-07 -0.004509757060339517
v -0.0035699867404255267 1.4831712756400356e-07 -0.004509757060339517
v -0.003448340815715326 -0.0009238356145359061 -0.004509757060339517
v -0.00309169523958053 -0.0017848516601729758 -0.004509757060339517
v -0.0025243567856172455 -0.0025242226751694963 -0.004509757060339517
v -0.0017849850255626813 -0.0030915623212256493 -0.004509757060339517
v -0.0009239697249836539 -0.0034482067052675758 -0.004509757060339517
v 1.4305114426349532e-08 -0.0035698514378849078 -0.004509757060339517
v 0.0009239983352125066 -0.0034482067052675758 -0.004509757060339517
v 0.001785013635791534 -0.0030915623212256493 -0.004509757060339517
v 0.002524385395846098 -0.0025242226751694963 -0.004509757060339517
v 0.003091723849809383 -0.0017848516601729758 -0.004509757060339517
v 0.0034483694259441785 -0.0009238356145359061 -0.004509757060339517
v -0.0035699867404255267 1.483165272975138e-07 -0.004509757060339517
v -0.00355531207720983 1.4831712756400356e-07 -0.0047897570254708
v 0.0035700153506543794 1.4831712756400356e-07 -0.004509757060339517
v 0.0034483694259441785 0.0009241322966486443 -0.004509757060339517
v 0.003091723849809383 0.0017851481932741053 -0.004509757060339517
v 0.002524385395846098 0.002524519506293843 -0.004509757060339517
v 0.001785013635791534 0.003091859152349996 -0.004509757060339517
v 0.0009239983352125066 0.0034485035363919225 -0.004509757060339517
v 1.4305114426349532e-08 0.0035701482690092545 -0.004509757060339517
v -0.0009239697249836539 0.0034485035363919225 -0.004509757060339517
v -0.0017849850255626813 0.003091859152349996 -0.004509757060339517
v -0.0025243567856172455 0.002524519506293843 -0.004509757060339517
v -0.00309169523958053 0.0017851481932741053 -0.004509757060339517
v -0.003448340815715326 0.0009241322966486443 -0.004509757060339517
v 0.0035553406874386825 1.4831712756400356e-07 -0.0047897570254708
v -0.003434166831504551 0.0009203344377800571 -0.0047897570254708
v -0.0030789875295984563 0.0017778111596894741 -0.0047897570254708
v -0.0025139808092866666 0.002514143529963264 -0.0047897570254708
v -0.0017776488860477017 0.003079150846321488 -0.0047897570254708
v -0.0009201717171034581 0.003434329552181148 -0.0047897570254708
v 1.4305114426349532e-08 0.003555474201839992 -0.0047897570254708
v 0.0009202003273323108 0.003434329552181148 -0.0047897570254708
v 0.0017776774962765544 0.003079150846321488 -0.0047897570254708
v 0.0025140094195155193 0.002514143529963264 -0.0047897570254708
v 0.003079016139827309 0.0017778111596894741 -0.0047897570254708
v 0.003434195441733404 0.0009203344377800571 -0.0047897570254708
v 0.0035553406874386825 1.4831712756400356e-07 -0.0047897570254708
v 0.003434195441733404 -0.0009200377556673189 -0.0047897570254708
v 0.003079016139827309 -0.0017775146265883446 -0.0047897570254708
v 0.0025140094195155193 -0.0025138466988389174 -0.0047897570254708
v 0.0017776774962765544 -0.003078854015197141 -0.0047897570254708
v 0.0009202003273323108 -0.003434032721056801 -0.0047897570254708
v 1.4305114426349532e-08 -0.0035551773707156453 -0.0047897570254708
v -0.0009201717171034581 -0.003434032721056801 -0.0047897570254708
v -0.0017776488860477017 -0.003078854015197141 -0.0047897570254708
v -0.0025139808092866666 -0.0025138466988389174 -0.0047897570254708
v -0.0030789875295984563 -0.0017775146265883446 -0.0047897570254708
v -0.003434166831504551 -0.0009200377556673189 -0.0047897570254708
v -0.00355531207720983 1.4831712756400356e-07 -0.0047897570254708
v -0.003434166831504551 0.0009203344377800571 -0.0047897570254708
v -0.0030789875295984563 0.0017778111596894741 -0.0047897570254708
v -0.0025139808092866666 0.002514143529963264 -0.0047897570254708
v -0.0017776488860477017 0.003079150846321488 -0.0047897570254708
v -0.0009201717171034581 0.003434329552181148 -0.0047897570254708
v 1.4305114426349532e-08 0.003555474201839992 -0.0047897570254708
v 0.0009202003273323108 0.003434329552181148 -0.0047897570254708
v 0.0017776774962765544 0.003079150846321488 -0.0047897570254708
v 0.0025140094195155193 0.002514143529963264 -0.0047897570254708
v 0.003079016139827309 0.0017778111596894741 -0.0047897570254708
v 0.003434195441733404 0.0009203344377800571 -0.0047897570254708
v 1.4305114426349532e-08 0.00227514828126546 -0.0047897570254708
v -0.0008705901905017307 0.0021019741422986793 -0.0047897570254708
v -0.0016086530325862838 0.001608816200297708 -0.0047897570254708
v -0.002101812315691733 0.0008707531346957426 -0.0047897570254708
v -0.002274985262565645 1.4831712756400356e-07 -0.0047897570254708
v 1.4305114426349532e-08 -0.0022748517481643304 -0.0047897570254708
v 0.0008706188007305834 -0.0021016776091975498 -0.0047897570254708
v 0.0016086816428151364 -0.0016085196671965785 -0.0047897570254708
v 0.0021018409259205856 -0.0008704564525830044 -0.0047897570254708
v 0.002275013872794498 1.4831712756400356e-07 -0.0047897570254708
v 0.0021018409259205856 0.0008707531346957426 -0.0047897570254708
v 0.0016086816428151364 0.001608816200297708 -0.0047897570254708
v 0.0008706188007305834 0.0021019741422986793 -0.0047897570254708
v -0.002101812315691733 -0.0008704564525830044 -0.0047897570254708
v -0.0016086530325862838 -0.0016085196671965785 -0.0047897570254708
v -0.0008705901905017307 -0.0021016776091975498 -0.0047897570254708
v 1.4305114426349532e-08 -0.0022748517481643304 -0.004759756816333008
v -0.0008705901905017307 -0.0021016776091975498 -0.004759756816333008
v -0.0016086530325862838 -0.0016085196671965785 -0.004759756816333008
v -0.002101812315691733 -0.0008704564525830044 -0.004759756816333008
v -0.002274985262565645 1.4831712756400356e-07 -0.004759756816333008
v -0.002101812315691733 0.0008707531346957426 -0.004759756816333008
v -0.0016086530325862838 0.001608816200297708 -0.004759756816333008
v -0.0008705901905017307 0.0021019741422986793 -0.004759756816333008
v 1.4305114426349532e-08 0.00227514828126546 -0.004759756816333008
v 1.4305114426349532e-08 0.00227514828126546 -0.0047897570254708
v -0.0008705901905017307 0.0021019741422986793 -0.0047897570254708
v -0.0016086530325862838 0.001608816200297708 -0.0047897570254708
v -0.002101812315691733 0.0008707531346957426 -0.0047897570254708
v -0.002274985262565645 1.4831712756400356e-07 -0.0047897570254708
v -0.002101812315691733 -0.0008704564525830044 -0.0047897570254708
v -0.0016086530325862838 -0.0016085196671965785 -0.0047897570254708
v -0.0008705901905017307 -0.0021016776091975498 -0.0047897570254708
v 1.4305114426349532e-08 -0.0022748517481643304 -0.0047897570254708
v 1.4305114426349532e-08 0.00227514828126546 -0.004759756816333008
v 0.0008706188007305834 0.0021019741422986793 -0.004759756816333008
v 0.0016086816428151364 0.001608816200297708 -0.004759756816333008
v 0.0021018409259205856 0.0008707531346957426 -0.004759756816333008
v 0.002275013872794498 1.4831712756400356e-07 -0.004759756816333008
v 0.0021018409259205856 -0.0008704564525830044 -0.004759756816333008
v 0.0016086816428151364 -0.0016085196671965785 -0.004759756816333008
v 0.0008706188007305834 -0.0021016776091975498 -0.004759756816333008
v 1.4305114426349532e-08 -0.0022748517481643304 -0.004759756816333008
v -0.0008705901905017307 -0.0021016776091975498 -0.004759756816333008
v -0.0016086530325862838 -0.0016085196671965785 -0.004759756816333008
v -0.002101812315691733 -0.0008704564525830044 -0.004759756816333008
v -0.002274985262565645 1.4831712756400356e-07 -0.004759756816333008
v -0.002101812315691733 0.0008707531346957426 -0.004759756816333008
v -0.0016086530325862838 0.001608816200297708 -0.004759756816333008
v -0.0008705901905017307 0.0021019741422986793 -0.004759756816333008
v 1.4305114426349532e-08 -0.0022048827512961 -0.004759756816333008
v 0.000956740357948683 -0.0019865159246359176 -0.004759756816333008
v 0.0017239760967200383 -0.0013746660640537867 -0.004759756816333008
v 0.002149760675063119 -0.000490517232779028 -0.004759756816333008
v 0.002149760675063119 0.0004908138403859619 -0.004759756816333008
v 0.0017239760967200383 0.0013749625971549162 -0.004759756816333008
v 0.000956740357948683 0.001986812457737047 -0.004759756816333008
v 1.4305114426349532e-08 0.0022051792843972295 -0.004759756816333008
v -0.0009567117477198303 0.001986812457737047 -0.004759756816333008
v -0.0017239474864911856 0.0013749625971549162 -0.004759756816333008
v -0.002149732064834266 0.0004908138403859619 -0.004759756816333008
v -0.002149732064834266 -0.000490517232779028 -0.004759756816333008
v -0.0017239474864911856 -0.0013746660640537867 -0.004759756816333008
v -0.0009567117477198303 -0.0019865159246359176 -0.004759756816333008
v 1.4305114426349532e-08 -0.0022748517481643304 -0.0047897570254708
v 1.4305114426349532e-08 -0.0022748517481643304 -0.004759756816333008
v 0.0008706188007305834 -0.0021016776091975498 -0.0047897570254708
v 0.0016086816428151364 -0.0016085196671965785 -0.0047897570254708
v 0.0021018409259205856 -0.0008704564525830044 -0.0047897570254708
v 0.002275013872794498 1.4831712756400356e-07 -0.0047897570254708
v 0.0021018409259205856 0.0008707531346957426 -0.0047897570254708
v 0.0016086816428151364 0.001608816200297708 -0.0047897570254708
v 0.0008706188007305834 0.0021019741422986793 -0.0047897570254708
v 1.4305114426349532e-08 0.00227514828126546 -0.0047897570254708
v 1.4305114426349532e-08 0.00227514828126546 -0.004759756816333008
v 0.0008706188007305834 0.0021019741422986793 -0.004759756816333008
v 0.0016086816428151364 0.001608816200297708 -0.004759756816333008
v 0.0021018409259205856 0.0008707531346957426 -0.004759756816333008
v 0.002275013872794498 1.4831712756400356e-07 -0.004759756816333008
v 0.0021018409259205856 -0.0008704564525830044 -0.004759756816333008
v 0.0016086816428151364 -0.0016085196671965785 -0.004759756816333008
v 0.0008706188007305834 -0.0021016776091975498 -0.004759756816333008
v 1.4305114426349532e-08 -0.0022048827512961 -0.004759756816333008
v 1.4305114426349532e-08 -0.0020998516209456697 -0.004609756962736913
v 0.000956740357948683 -0.0019865159246359176 -0.004759756816333008
v 0.0017239760967200383 -0.0013746660640537867 -0.004759756816333008
v 0.002149760675063119 -0.000490517232779028 -0.004759756816333008
v 0.002149760675063119 0.0004908138403859619 -0.004759756816333008
v 0.0017239760967200383 0.0013749625971549162 -0.004759756816333008
v 0.000956740357948683 0.001986812457737047 -0.004759756816333008
v 1.4305114426349532e-08 0.0022051792843972295 -0.004759756816333008
v 1.4305114426349532e-08 0.0021001481540467992 -0.004609756962736913
v 0.0009111690317578088 -0.001891886251601138 -0.004609756962736913
v 0.0016418599715413167 -0.0013091802304421307 -0.004609756962736913
v 0.0020473622818135712 -0.0004671456560385451 -0.004609756962736913
v 0.0020473622818135712 0.0004674422636454789 -0.004609756962736913
v 0.0016418599715413167 0.0013094767635432603 -0.004609756962736913
v 0.0009111690317578088 0.0018921827847022676 -0.004609756962736913
v 1.4305114426349532e-08 0.0021001481540467992 -0.004609756962736913
v -0.0009111404215289561 0.0018921827847022676 -0.004609756962736913
v -0.001641831361312464 0.0013094767635432603 -0.004609756962736913
v -0.0020473336715847185 0.0004674422636454789 -0.004609756962736913
v -0.0020473336715847185 -0.0004671456560385451 -0.004609756962736913
v -0.001641831361312464 -0.0013091802304421307 -0.004609756962736913
v -0.0009111404215289561 -0.001891886251601138 -0.004609756962736913
v 1.4305114426349532e-08 -0.0020998516209456697 -0.004609756962736913
v 1.4305114426349532e-08 0.0022051792843972295 -0.004759756816333008
v -0.0009567117477198303 0.001986812457737047 -0.004759756816333008
v -0.0017239474864911856 0.0013749625971549162 -0.004759756816333008
v -0.002149732064834266 0.0004908138403859619 -0.004759756816333008
v -0.002149732064834266 -0.000490517232779028 -0.004759756816333008
v -0.0017239474864911856 -0.0013746660640537867 -0.004759756816333008
v -0.0009567117477198303 -0.0019865159246359176 -0.004759756816333008
v 1.4305114426349532e-08 -0.0022048827512961 -0.004759756816333008
v 1.4305114426349532e-08 0.0021001481540467992 -0.004609756962736913
v -0.0009111404215289561 0.0018921827847022676 -0.004609756962736913
v -0.001641831361312464 0.0013094767635432603 -0.004609756962736913
v -0.0020473336715847185 0.0004674422636454789 -0.004609756962736913
v -0.0020473336715847185 -0.0004671456560385451 -0.004609756962736913
v -0.001641831361312464 -0.0013091802304421307 -0.004609756962736913
v -0.0009111404215289561 -0.001891886251601138 -0.004609756962736913
v 1.4305114426349532e-08 -0.0020998516209456697 -0.004609756962736913
v 1.4305114426349532e-08 -0.002345844603795305 -0.004355024002007604
v -0.0008977579869831061 -0.0021672665588423623 -0.004355024002007604
v -0.0016588520632940822 -0.0016587191449392025 -0.004355024002007604
v -0.0021674012653365455 -0.0008976242490643799 -0.004355024002007604
v -0.00234597916127788 1.4831712756400356e-07 -0.004355024002007604
v -0.0021674012653365455 0.000897920931177118 -0.004355024002007604
v -0.0016588520632940822 0.001659015678040332 -0.004355024002007604
v -0.0008977579869831061 0.002167563091943492 -0.004355024002007604
v 1.4305114426349532e-08 0.0023461411368964347 -0.004355024002007604
v 1.4305114426349532e-08 0.0023461411368964347 -0.004355024002007604
v 1.4305114426349532e-08 0.0021001481540467992 -0.004609756962736913
v 0.0008977865972119588 0.002167563091943492 -0.004355024002007604
v 0.0016588806735229349 0.001659015678040332 -0.004355024002007604
v 0.002167429875565398 0.000897920931177118 -0.004355024002007604
v 0.002346007771506733 1.4831712756400356e-07 -0.004355024002007604
v 0.002167429875565398 -0.0008976242490643799 -0.004355024002007604
v 0.0016588806735229349 -0.0016587191449392025 -0.004355024002007604
v 0.0008977865972119588 -0.0021672665588423623 -0.004355024002007604
v 1.4305114426349532e-08 -0.002345844603795305 -0.004355024002007604
v 1.4305114426349532e-08 -0.0020998516209456697 -0.004609756962736913
v 0.0009111690317578088 -0.001891886251601138 -0.004609756962736913
v 0.0016418599715413167 -0.0013091802304421307 -0.004609756962736913
v 0.0020473622818135712 -0.0004671456560385451 -0.004609756962736913
v 0.0020473622818135712 0.0004674422636454789 -0.004609756962736913
v 0.0016418599715413167 0.0013094767635432603 -0.004609756962736913
v 0.0009111690317578088 0.0018921827847022676 -0.004609756962736913
v 1.4305114426349532e-08 -0.0023818116847765802 -0.0043397568686360825
v 1.4305114426349532e-08 -0.0023685898847448095 -0.004341536663289294
v 1.4305114426349532e-08 -0.002356309540056223 -0.0043467493873816125
v 1.4305114426349532e-08 -0.002345844603795305 -0.004355024002007604
v 1.4305114426349532e-08 0.0023821082178777098 -0.0043397568686360825
v 0.0009115505014758448 0.0022007923826398157 -0.0043397568686360825
v 0.0016843151669729843 0.0016844482343394696 -0.0043397568686360825
v 0.0022006582721920704 0.0009116849844526126 -0.0043397568686360825
v 0.0023819732133603133 1.4831712756400356e-07 -0.0043397568686360825
v 0.0022006582721920704 -0.0009113883023398744 -0.0043397568686360825
v 0.0016843151669729843 -0.00168415170123834 -0.0043397568686360825
v 0.0009115505014758448 -0.002200495849538686 -0.0043397568686360825
v 1.4305114426349532e-08 0.002368886417845939 -0.004341536663289294
v 1.4305114426349532e-08 0.0023566060731573524 -0.0043467493873816125
v 1.4305114426349532e-08 0.0023461411368964347 -0.004355024002007604
v 0.0008977865972119588 0.002167563091943492 -0.004355024002007604
v 0.0016588806735229349 0.001659015678040332 -0.004355024002007604
v 0.002167429875565398 0.000897920931177118 -0.004355024002007604
v 0.002346007771506733 1.4831712756400356e-07 -0.004355024002007604
v 0.002167429875565398 -0.0008976242490643799 -0.004355024002007604
v 0.0016588806735229349 -0.0016587191449392025 -0.004355024002007604
v 0.0008977865972119588 -0.0021672665588423623 -0.004355024002007604
v 0.0009017920292513367 0.002177231412144792 -0.0043467493873816125
v 0.0009064912593403925 0.002188577007012582 -0.004341536663289294
v 0.001666281186052833 0.0016664155945237957 -0.0043467493873816125
v 0.0016749643905096272 0.001675099097003807 -0.004341536663289294
v 0.0021770977487318727 0.0009019256926642572 -0.0043467493873816125
v 0.0021884440886577056 0.0009066252207765302 -0.004341536663289294
v 0.0023564719627096075 1.4831712756400356e-07 -0.0043467493873816125
v 0.0023687529034446286 1.4831712756400356e-07 -0.004341536663289294
v 0.0021770977487318727 -0.000901629010551519 -0.0043467493873816125
v 0.0021884440886577056 -0.000906328538663792 -0.004341536663289294
v 0.001666281186052833 -0.0016661190614226662 -0.0043467493873816125
v 0.0016749643905096272 -0.0016748025639026776 -0.004341536663289294
v 0.0009017920292513367 -0.0021769348790436627 -0.0043467493873816125
v 0.0009064912593403925 -0.0021882804739114525 -0.004341536663289294
v 1.4305114426349532e-08 -0.002345844603795305 -0.004355024002007604
v -0.0008977579869831061 -0.0021672665588423623 -0.004355024002007604
v -0.0016588520632940822 -0.0016587191449392025 -0.004355024002007604
v -0.0021674012653365455 -0.0008976242490643799 -0.004355024002007604
v -0.00234597916127788 1.4831712756400356e-07 -0.004355024002007604
v -0.0021674012653365455 0.000897920931177118 -0.004355024002007604
v -0.0016588520632940822 0.001659015678040332 -0.004355024002007604
v -0.0008977579869831061 0.002167563091943492 -0.004355024002007604
v 1.4305114426349532e-08 0.0023461411368964347 -0.004355024002007604
v 1.4305114426349532e-08 0.0023821082178777098 -0.0043397568686360825
v 1.4305114426349532e-08 0.002368886417845939 -0.004341536663289294
v 1.4305114426349532e-08 0.0023566060731573524 -0.0043467493873816125
v -0.0023819446031314606 1.4831712756400356e-07 -0.0043397568686360825
v -0.0022006296619632177 0.0009116849844526126 -0.0043397568686360825
v -0.0016842865567441316 0.0016844482343394696 -0.0043397568686360825
v -0.0009115218912469921 0.0022007923826398157 -0.0043397568686360825
v 1.4305114426349532e-08 -0.0023818116847765802 -0.0043397568686360825
v -0.0009115218912469921 -0.002200495849538686 -0.0043397568686360825
v -0.0016842865567441316 -0.00168415170123834 -0.0043397568686360825
v -0.0022006296619632177 -0.0009113883023398744 -0.0043397568686360825
v 1.4305114426349532e-08 -0.0023685898847448095 -0.004341536663289294
v 1.4305114426349532e-08 -0.002356309540056223 -0.0043467493873816125
v -0.000901763419022484 -0.0021769348790436627 -0.0043467493873816125
v -0.0009064626491115398 -0.0021882804739114525 -0.004341536663289294
v -0.0016662525758239803 -0.0016661190614226662 -0.0043467493873816125
v -0.0016749357802807745 -0.0016748025639026776 -0.004341536663289294
v -0.00217706913850302 -0.000901629010551519 -0.0043467493873816125
v -0.002188415478428853 -0.000906328538663792 -0.004341536663289294
v -0.002356443352480755 1.4831712756400356e-07 -0.0043467493873816125
v -0.002368724293215776 1.4831712756400356e-07 -0.004341536663289294
v -0.00217706913850302 0.0009019256926642572 -0.0043467493873816125
v -0.002188415478428853 0.0009066252207765302 -0.004341536663289294
v -0.0016662525758239803 0.0016664155945237957 -0.0043467493873816125
v -0.0016749357802807745 0.001675099097003807 -0.004341536663289294
v -0.000901763419022484 0.002177231412144792 -0.0043467493873816125
v -0.0009064626491115398 0.002188577007012582 -0.004341536663289294
v 1.4305114426349532e-08 0.0023821082178777098 -0.0043397568686360825
v 0.0009115505014758448 0.0022007923826398157 -0.0043397568686360825
v 0.0016843151669729843 0.0016844482343394696 -0.0043397568686360825
v 0.0022006582721920704 0.0009116849844526126 -0.0043397568686360825
v 0.0023819732133603133 1.4831712756400356e-07 -0.0043397568686360825
v 0.0022006582721920704 -0.0009113883023398744 -0.0043397568686360825
v 0.0016843151669729843 -0.00168415170123834 -0.0043397568686360825
v 0.0009115505014758448 -0.002200495849538686 -0.0043397568686360825
v 1.4305114426349532e-08 -0.0023818116847765802 -0.0043397568686360825
v -0.0023819446031314606 1.4831712756400356e-07 -0.0043397568686360825
v -0.0022006296619632177 0.0009116849844526126 -0.0043397568686360825
v -0.0016842865567441316 0.0016844482343394696 -0.0043397568686360825
v -0.0009115218912469921 0.0022007923826398157 -0.0043397568686360825
v -0.0009115218912469921 -0.002200495849538686 -0.0043397568686360825
v -0.0016842865567441316 -0.00168415170123834 -0.0043397568686360825
v -0.0022006296619632177 -0.0009113883023398744 -0.0043397568686360825
v 1.4305114426349532e-08 0.002327924169720913 -0.0043397568686360825
v -0.0008907866278859985 0.0021507328267976744 -0.0043397568686360825
v -0.0016459726919388921 0.00164613436953423 -0.0043397568686360825
v -0.0021505712982139453 0.0008909496465858147 -0.0043397568686360825
v -0.002327761598055924 1.4831712756400356e-07 -0.0043397568686360825
v -0.0021505712982139453 -0.0008906529644730765 -0.0043397568686360825
v -0.0016459726919388921 -0.0016458378364331006 -0.0043397568686360825
v -0.0008907866278859985 -0.002150436293696545 -0.0043397568686360825
v 1.4305114426349532e-08 -0.0023276276366197834 -0.0043397568686360825
v 0.0008908152381148512 -0.002150436293696545 -0.0043397568686360825
v 0.0016460013021677448 -0.0016458378364331006 -0.0043397568686360825
v 0.002150599908442798 -0.0008906529644730765 -0.0043397568686360825
v 0.0023277902082847767 1.4831712756400356e-07 -0.0043397568686360825
v 0.002150599908442798 0.0008909496465858147 -0.0043397568686360825
v 0.0016460013021677448 0.00164613436953423 -0.0043397568686360825
v 0.0008908152381148512 0.0021507328267976744 -0.0043397568686360825
v -0.0021699857226762393 1.4831712756400356e-07 -0.0045033418125657336
v -0.0020048045663951814 0.0008305713348707999 -0.0045033418125657336
v -0.001534407104527792 0.001534569974215999 -0.0045033418125657336
v -0.0008304095082638526 0.0020049668400369536 -0.0045033418125657336
v 1.4305114426349532e-08 0.00217014814532962 -0.0045033418125657336
v 1.4305114426349532e-08 -0.0021698516122284905 -0.0045033418125657336
v -0.0008304095082638526 -0.002004670306935824 -0.0045033418125657336
v -0.001534407104527792 -0.0015342734411148695 -0.0045033418125657336
v -0.0020048045663951814 -0.0008302746527580618 -0.0045033418125657336
v 1.4305114426349532e-08 -0.0023276276366197834 -0.0043397568686360825
v 1.4305114426349532e-08 0.002327924169720913 -0.0043397568686360825
v -0.0008907866278859985 0.0021507328267976744 -0.0043397568686360825
v -0.0016459726919388921 0.00164613436953423 -0.0043397568686360825
v -0.0021505712982139453 0.0008909496465858147 -0.0043397568686360825
v -0.002327761598055924 1.4831712756400356e-07 -0.0043397568686360825
v -0.0021505712982139453 -0.0008906529644730765 -0.0043397568686360825
v -0.0016459726919388921 -0.0016458378364331006 -0.0043397568686360825
v -0.0008907866278859985 -0.002150436293696545 -0.0043397568686360825
v 1.4305114426349532e-08 0.002327924169720913 -0.0043397568686360825
v 1.4305114426349532e-08 0.00217014814532962 -0.0045033418125657336
v 1.4305114426349532e-08 -0.0023276276366197834 -0.0043397568686360825
v 0.0008908152381148512 -0.002150436293696545 -0.0043397568686360825
v 0.0016460013021677448 -0.0016458378364331006 -0.0043397568686360825
v 0.002150599908442798 -0.0008906529644730765 -0.0043397568686360825
v 0.0023277902082847767 1.4831712756400356e-07 -0.0043397568686360825
v 0.002150599908442798 0.0008909496465858147 -0.0043397568686360825
v 0.0016460013021677448 0.00164613436953423 -0.0043397568686360825
v 0.0008908152381148512 0.0021507328267976744 -0.0043397568686360825
v 1.4305114426349532e-08 -0.0021698516122284905 -0.0045033418125657336
v 0.0009415411738706867 0.0019552506069410447 -0.0045033418125657336
v 0.0016965889551507922 0.0013531210716116182 -0.0045033418125657336
v 0.0021156072143702093 0.0004830187078635681 -0.0045033418125657336
v 0.0021156072143702093 -0.00048272210025663426 -0.0045033418125657336
v 0.0016965889551507922 -0.0013528245385104887 -0.0045033418125657336
v 0.0009415411738706867 -0.001954954073839915 -0.0045033418125657336
v 1.4305114426349532e-08 1.4831712756400356e-07 -0.004550439017628752
v 1.4305114426349532e-08 -0.0011104700466140344 -0.004730229570040936
v 1.4305114426349532e-08 -0.0021698516122284905 -0.0045033418125657336
v 1.4305114426349532e-08 1.4831712756400356e-07 -0.004550439017628752
v 1.4305114426349532e-08 0.0011107667287267725 -0.004730229570040936
v 1.4305114426349532e-08 0.00217014814532962 -0.0045033418125657336
v 0.0009415411738706867 0.0019552506069410447 -0.0045033418125657336
v 0.0016965889551507922 0.0013531210716116182 -0.0045033418125657336
v 0.0021156072143702093 0.0004830187078635681 -0.0045033418125657336
v 0.0021156072143702093 -0.00048272210025663426 -0.0045033418125657336
v 0.0016965889551507922 -0.0013528245385104887 -0.0045033418125657336
v 0.0009415411738706867 -0.001954954073839915 -0.0045033418125657336
v 0.00048189400549469895 0.0010007809623901326 -0.004730229570040936
v 0.0008683299824223675 0.0006926075959367839 -0.004730229570040936
v 0.001082787489530724 0.0002472841684382221 -0.004730229570040936
v 0.001082787489530724 -0.0002469875235783861 -0.004730229570040936
v 0.0008683299824223675 -0.0006923109138240457 -0.004730229570040936
v 0.00048189400549469895 -0.0010004842802773944 -0.004730229570040936
v 0.0003721022522724663 0.0016303705804712187 -0.004744779957575054
v 0.000725531561847071 0.0015067001840464722 -0.004744779957575054
v 0.001042580581249731 0.0013074850743826083 -0.004744779957575054
v 0.0013073515599812968 0.0010427146916974772 -0.004744779957575054
v 0.0015065669676683781 0.0007256655232832088 -0.004744779957575054
v 0.0016302370660699077 0.00037223591568538716 -0.004744779957575054
v 0.0016721605880820627 1.4831712756400356e-07 -0.004744779957575054
v 0.0016302370660699077 -0.0003719393080784533 -0.004744779957575054
v 0.0015065669676683781 -0.0007253688411704706 -0.004744779957575054
v 0.0013073515599812968 -0.001042418009584739 -0.004744779957575054
v 0.001042580581249731 -0.0013071885412814788 -0.004744779957575054
v 0.000725531561847071 -0.0015064036509453427 -0.004744779957575054
v 0.0003721022522724663 -0.0016300740473700892 -0.004744779957575054
v 0.0006413745736768567 0.0018330475278262592 -0.004666327133782347
v 0.0008425593187832988 0.0017497130837355601 -0.004666327133782347
v 0.001033151126657029 0.0016443770756339182 -0.004666327133782347
v 0.0013731240919279142 0.0013732580533640515 -0.004666327133782347
v 0.0015182304042973284 0.0012108847973297948 -0.004666327133782347
v 0.0016442441572790416 0.0010332857586454053 -0.004666327133782347
v 0.0018329143114481654 0.0006415074920317343 -0.004666327133782347
v 0.0018931984478265402 0.00043225514667655923 -0.004666327133782347
v 0.0019296741054279937 0.0002175688322431854 -0.004666327133782347
v 0.0019296741054279937 -0.0002172721873833494 -0.004666327133782347
v 0.0018931984478265402 -0.0004319585390696254 -0.004666327133782347
v 0.0018329143114481654 -0.0006412108099189961 -0.004666327133782347
v 0.0016442441572790416 -0.0010329890765326671 -0.004666327133782347
v 0.0015182304042973284 -0.0012105881152170567 -0.004666327133782347
v 0.0013731240919279142 -0.001372961520262922 -0.004666327133782347
v 0.001033151126657029 -0.0016440805425327887 -0.004666327133782347
v 0.0008425593187832988 -0.0017494165506344306 -0.004666327133782347
v 0.0006413745736768567 -0.0018327509947251297 -0.004666327133782347
v 0.00021743535509477515 -0.0019295121298094353 -0.004666327133782347
v 8.590698050170438e-05 -0.0015293091193741004 -0.004758181763630023
v 5.265235783191718e-05 -0.0018759670434303488 -0.0046934371137595824
v 2.100467634935656e-05 -0.0014963324033543668 -0.004759379518940013
v 1.3058185285519398e-05 -0.001860078084616107 -0.00469937671647869
v 1.4305114426349532e-08 -0.0021698516122284905 -0.0045033418125657336
v -0.0008304095082638526 -0.002004670306935824 -0.0045033418125657336
v -0.001534407104527792 -0.0015342734411148695 -0.0045033418125657336
v -0.0020048045663951814 -0.0008302746527580618 -0.0045033418125657336
v -0.0021699857226762393 1.4831712756400356e-07 -0.0045033418125657336
v -0.0020048045663951814 0.0008305713348707999 -0.0045033418125657336
v -0.001534407104527792 0.001534569974215999 -0.0045033418125657336
v -0.0008304095082638526 0.0020049668400369536 -0.0045033418125657336
v 1.4305114426349532e-08 0.00217014814532962 -0.0045033418125657336
v 1.4305114426349532e-08 1.4831712756400356e-07 -0.004550439017628752
v 1.4305114426349532e-08 0.0011107667287267725 -0.004730229570040936
v 1.4305114426349532e-08 1.4831712756400356e-07 -0.004550439017628752
v 1.4305114426349532e-08 -0.0011104700466140344 -0.004730229570040936
v -0.00042500018123536914 -0.0010259292790458507 -0.004730229570040936
v -0.0007853126350347856 -0.0007851774815057777 -0.004730229570040936
v -0.0010260629424587728 -0.0004248669648572734 -0.004730229570040936
v -0.0011106037845327607 1.4831712756400356e-07 -0.004730229570040936
v -0.0010260629424587728 0.0004251635724642072 -0.004730229570040936
v -0.0007853126350347856 0.0007854741636185159 -0.004730229570040936
v -0.00042500018123536914 0.0010262259611585889 -0.004730229570040936
v -0.000639889225962254 -0.0015447136414487583 -0.004744779957575054
v -0.0003262042926355238 -0.0016398684313922718 -0.004744779957575054
v -0.0009289812834043517 -0.001390190838496591 -0.004744779957575054
v -0.0011823725436097565 -0.001182237837115574 -0.004744779957575054
v -0.001390323607839862 -0.0009288465024043652 -0.004744779957575054
v -0.0015448474538732894 -0.0006397544449622677 -0.004744779957575054
v -0.001640002690851629 -0.00032607129977484106 -0.004744779957575054
v -0.00167213197785321 1.4831712756400356e-07 -0.004744779957575054
v -0.001640002690851629 0.0003263679073817749 -0.004744779957575054
v -0.0015448474538732894 0.0006400511270750059 -0.004744779957575054
v -0.001390323607839862 0.0009291431845171033 -0.004744779957575054
v -0.0011823725436097565 0.001182534519228312 -0.004744779957575054
v -0.0009289812834043517 0.0013904873715977206 -0.004744779957575054
v -0.000639889225962254 0.0015450101745498879 -0.004744779957575054
v -0.0003262042926355238 0.0016401649644934013 -0.004744779957575054
v -0.00019032239488536734 -0.0019323715135670105 -0.004666327133782347
v -0.0005636811130416147 -0.0018581059159761826 -0.004666327133782347
v -0.0007431077791055791 -0.0017939062015584206 -0.004666327133782347
v -0.0009153771195848933 -0.0017124285911225834 -0.004666327133782347
v -0.0012318944655680408 -0.0015009379051416083 -0.004666327133782347
v -0.0013730954816990615 -0.001372961520262922 -0.004666327133782347
v -0.0015010714195429222 -0.0012317612491899443 -0.004666327133782347
v -0.0017125629995935491 -0.0009152430836429498 -0.004666327133782347
v -0.0017940401629945606 -0.0007429732961288099 -0.004666327133782347
v -0.0018582391323542795 -0.0005635469280880628 -0.004666327133782347
v -0.001932506518084411 -0.00019018826581116907 -0.004666327133782347
v -0.001941857294547768 1.4831712756400356e-07 -0.004666327133782347
v -0.001932506518084411 0.00019048491067100506 -0.004666327133782347
v -0.0018582391323542795 0.0005638435356949967 -0.004666327133782347
v -0.0017940401629945606 0.0007432699782415481 -0.004666327133782347
v -0.0017125629995935491 0.000915539765755688 -0.004666327133782347
v -0.0015010714195429222 0.0012320579313026825 -0.004666327133782347
v -0.0013730954816990615 0.0013732580533640515 -0.004666327133782347
v -0.0012318944655680408 0.0015012344382427378 -0.004666327133782347
v -0.0009153771195848933 0.001712725124223713 -0.004666327133782347
v -0.0007431077791055791 0.0017942027346595502 -0.004666327133782347
v -0.0005636811130416147 0.0018584024490773121 -0.004666327133782347
v -0.00019032239488536734 0.00193266804666814 -0.004666327133782347
v -7.515191863882727e-05 -0.001529873873370724 -0.004758181763630023
v -7.515191863882727e-05 0.0015301704064718535 -0.004758181763630023
v -4.604577915268142e-05 -0.0018761400459079425 -0.0046934371137595824
v -4.604577915268142e-05 0.001876436579009072 -0.0046934371137595824
v -1.8351077623268725e-05 -0.0014963669740475638 -0.004759379518940013
v -1.8351077623268725e-05 0.0014966635071486933 -0.004759379518940013
v -1.1401176197800577e-05 -0.0018600888134519267 -0.00469937671647869
v -1.1401176197800577e-05 0.0018603853465530562 -0.00469937671647869
v 0.003606188216667142 -0.0013123814468298522 -0.0013371559678653784
v 0.0038374733067123613 1.5201550583157481e-07 -0.001321122020755961
v 0.003758788024810226 -0.001367922692717849 -0.0014309134759549764
v 0.003999848276380117 1.520193984688114e-07 -0.0014148837011706001
v 0.003972463518996609 -0.00046419083034565656 -0.0014204439203341919
v 0.0038919281089619985 -0.0009223197939473432 -0.0014258128085923312
v 0.00306418650453866 0.0025713064691877396 -0.0013809135247562782
v 0.003574039856179659 0.0017948585347490331 -0.0013916754411531513
v 0.003892462166567249 0.0009223678501911192 -0.0014032029791950513
v 0.002939784461115649 0.002466921304160624 -0.0012871554206202458
v 0.003605935492978943 0.0013122233455131194 -0.001303621799417843
v 0.00306418650453866 0.0025713064691877396 -0.0013809135247562782
v 0.002939784461115649 0.002466921304160624 -0.0012871554206202458
v -0.000694589599342877 0.003939377577467762 -0.00133091357355758
v 0.0001396751372588768 0.003996914535829843 -0.0013404670058086438
v 0.0009678196690718907 0.003880949231662989 -0.0013506903942520083
v 0.001753144225035365 0.0035951160581011443 -0.0013611370020850673
v 0.0024620842383336083 0.0031516342650733664 -0.0013713600925052145
v -0.0006663870662513288 0.003779438947600744 -0.0012371483168643344
v 0.002291080900481026 0.0030778168944012307 -0.0012764894676993161
v 0.0008851408760590659 0.003733881926524296 -0.0012563499527495365
v -0.000694589599342877 0.003939377577467762 -0.00133091357355758
v -0.0006663870662513288 0.003779438947600744 -0.0012371483168643344
v -0.003758759414581373 0.0013682192258189785 -0.001280913622358882
v -0.003391456528198947 0.002119481814217228 -0.0012904670546099457
v -0.002876956398555122 0.002778692183374787 -0.001300690145030093
v -0.002236752460075488 0.0033158882711256665 -0.0013111367528631519
v -0.0014982175492148655 0.0037081056004441004 -0.0013213601413065163
v -0.003606159606438289 0.0013126779799309818 -0.001187156114269284
v -0.0015197896617698005 0.0035230993437074254 -0.0012264856421987942
v -0.002790932592952269 0.002633559644962258 -0.0012063517896901417
v -0.003606159606438289 0.0013126779799309818 -0.001187156114269284
v -0.0038374446964835086 1.446187492964323e-07 -0.0011711218691366494
v -0.003758759414581373 0.0013682192258189785 -0.001280913622358882
v -0.003999819666151264 1.4461485665919572e-07 -0.0012648838475745057
v -0.003972434908767756 0.0004644874379525904 -0.0012704440667380974
v -0.003891899498733146 0.0009226164760600813 -0.0012758126569730195
v -0.0030641578943098073 -0.002571009638063393 -0.0012309136711601838
v -0.0035740112459508064 -0.0017945620016479036 -0.0012416752895338396
v -0.003892433556338396 -0.0009220711680783811 -0.0012532031255989568
v -0.0029397558508867964 -0.0024666247710594946 -0.001137155269000934
v -0.0036059068827500903 -0.0013119268124119898 -0.0011536216477985313
v -0.0030641578943098073 -0.002571009638063393 -0.0012309136711601838
v -0.0029397558508867964 -0.0024666247710594946 -0.001137155269000934
v 0.0006946182095717297 -0.003939080746343415 -0.0011809137199614856
v -0.0001396465270300241 -0.003996617704705496 -0.0011904668541893322
v -0.000967791058843038 -0.0038806524005386422 -0.0012006902426326966
v -0.0017531156148065123 -0.0035948192269767976 -0.0012111368504657556
v -0.0024620556281047556 -0.0031513374339490197 -0.00122136023890912
v 0.0006664156764801815 -0.003779142116476397 -0.0010871481652450228
v -0.0022910522902521734 -0.003077520063276884 -0.0011264896141032217
v -0.0008851122658302132 -0.0037335850953999494 -0.0011063498011302248
v 0.0006946182095717297 -0.003939080746343415 -0.0011809137199614856
v 0.0006664156764801815 -0.003779142116476397 -0.0010871481652450228
v 0.003758788024810226 -0.001367922692717849 -0.0011309134707395703
v 0.0033914851384277997 -0.0021191852811160983 -0.001140466902990634
v 0.0028769850087839747 -0.00277839535225044 -0.0011506902914339985
v 0.0022367810703043407 -0.0033155914400013198 -0.0011611368992670574
v 0.0014982461594437182 -0.0037078087693197537 -0.0011713602877104219
v 0.003606188216667142 -0.0013123814468298522 -0.001037155962649972
v 0.0015198182719986532 -0.0035228025125830786 -0.0010764854905794825
v 0.002790961203181122 -0.002633262813837911 -0.00105635163807083
v 0.003800015364586965 1.4831712756400356e-07 0.0006902432287430041
v 0.003670532621356862 0.0009836607206539644 0.0006902432287430041
v 0.0032909106472676117 0.001900148200240398 0.0006902432287430041
v 0.002687020241759266 0.0026871540541837935 0.0006902432287430041
v 0.0019000148348506957 0.0032910447577153557 0.0006902432287430041
v 0.0009835266847120225 0.003670666433781389 0.0006902432287430041
v 1.4305114426349532e-08 0.00380014828294184 0.0006902432287430041
v 0.003800015364586965 1.4831712756400356e-07 -0.0004497569698894701
v -0.0037999867543581124 1.4831712756400356e-07 -0.0004497569698894701
v -0.0036705040111280093 0.0009836607206539644 -0.0004497569698894701
v -0.003290882037038759 0.001900148200240398 -0.0004497569698894701
v -0.002686991631530413 0.0026871540541837935 -0.0004497569698894701
v -0.001899986224621843 0.0032910447577153557 -0.0004497569698894701
v -0.0009834980744831698 0.003670666433781389 -0.0004497569698894701
v 1.4305114426349532e-08 0.00380014828294184 -0.0004497569698894701
v 0.0009835266847120225 0.003670666433781389 -0.0004497569698894701
v 0.0019000148348506957 0.0032910447577153557 -0.0004497569698894701
v 0.002687020241759266 0.0026871540541837935 -0.0004497569698894701
v 0.0032909106472676117 0.001900148200240398 -0.0004497569698894701
v 0.003670532621356862 0.0009836607206539644 -0.0004497569698894701
v -0.0037999867543581124 1.4831712756400356e-07 0.0006902432287430041
v -0.0009834980744831698 0.003670666433781389 0.0006902432287430041
v -0.001899986224621843 0.0032910447577153557 0.0006902432287430041
v -0.002686991631530413 0.0026871540541837935 0.0006902432287430041
v -0.003290882037038759 0.001900148200240398 0.0006902432287430041
v -0.0036705040111280093 0.0009836607206539644 0.0006902432287430041
v 1.4305114426349532e-08 0.00380014828294184 0.0006902432287430041
v -0.0009834980744831698 0.003670666433781389 0.0006902432287430041
v -0.001899986224621843 0.0032910447577153557 0.0006902432287430041
v -0.002686991631530413 0.0026871540541837935 0.0006902432287430041
v -0.003290882037038759 0.001900148200240398 0.0006902432287430041
v -0.0036705040111280093 0.0009836607206539644 0.0006902432287430041
v -0.0037999867543581124 1.4831712756400356e-07 0.0006902432287430041
v -0.0036705040111280093 -0.0009833640385412262 0.0006902432287430041
v -0.003290882037038759 -0.0018998516671392685 0.0006902432287430041
v -0.002686991631530413 -0.0026868572230594467 0.0006902432287430041
v -0.001899986224621843 -0.003290747926591009 0.0006902432287430041
v -0.0009834980744831698 -0.003670369602657042 0.0006902432287430041
v 1.4305114426349532e-08 -0.003799851451817493 0.0006902432287430041
v 1.4305114426349532e-08 -0.004756142390754614 0.0012423580607244806
v 1.4305114426349532e-08 0.004756439221878961 0.0012423580607244806
v -0.0009888744133217395 0.004652503028828581 0.0012423580607244806
v -0.001934542612704428 0.004345236323507806 0.0012423580607244806
v -0.0027956628174559154 0.0038480686281308074 0.0012423580607244806
v -0.0035345982715204757 0.0031827282194183404 0.0012423580607244806
v -0.004119055179080625 0.0023782936697089585 0.0012423580607244806
v -0.004523486989956642 0.0014699229269491965 0.0012423580607244806
v -0.0047302221194605075 0.00049731607368627 0.0012423580607244806
v -0.0047302221194605075 -0.0004970194660793362 0.0012423580607244806
v -0.004523486989956642 -0.001469626393848067 0.0012423580607244806
v -0.004119055179080625 -0.002377997136607829 0.0012423580607244806
v -0.0035345982715204757 -0.0031824313882939936 0.0012423580607244806
v -0.0027956628174559154 -0.0038477717970064607 0.0012423580607244806
v -0.001934542612704428 -0.0043449394923834594 0.0012423580607244806
v -0.0009888744133217395 -0.004652206197704234 0.0012423580607244806
v -0.0008894610206158234 0.004184805955332382 0.0009663003467105252
v -0.001740064582078206 0.003908428760429572 0.0009663003467105252
v -0.002514617386878639 0.0034612407506725007 0.0009663003467105252
v -0.0031792663817271664 0.002862786586669386 0.0009663003467105252
v -0.003704967415966823 0.0021392209349746782 0.0009663003467105252
v -0.004068744091643154 0.0013221679332367786 0.0009663003467105252
v -0.004254693889885534 0.00044733627630763606 0.0009663003467105252
v -0.004254693889885534 -0.0004470396687007022 0.0009663003467105252
v -0.004068744091643154 -0.001321871400135649 0.0009663003467105252
v -0.003704967415966823 -0.0021389244018735487 0.0009663003467105252
v -0.0031792663817271664 -0.002862489755545039 0.0009663003467105252
v -0.002514617386878639 -0.003460943919548154 0.0009663003467105252
v -0.001740064582078206 -0.003908131929305225 0.0009663003467105252
v -0.0008894610206158234 -0.004184509124208036 0.0009663003467105252
v 1.4305114426349532e-08 0.004756439221878961 0.0012423580607244806
v 1.4305114426349532e-08 0.00380014828294184 0.0006902432287430041
v 1.4305114426349532e-08 -0.004756142390754614 0.0012423580607244806
v 0.0009889030235505922 -0.004652206197704234 0.0012423580607244806
v 0.0019345712229332807 -0.0043449394923834594 0.0012423580607244806
v 0.002795691427684768 -0.0038477717970064607 0.0012423580607244806
v 0.0035346268817493284 -0.0031824313882939936 0.0012423580607244806
v 0.004119083789309478 -0.002377997136607829 0.0012423580607244806
v 0.004523515600185495 -0.001469626393848067 0.0012423580607244806
v 0.00473025072968936 -0.0004970194660793362 0.0012423580607244806
v 0.00473025072968936 0.00049731607368627 0.0012423580607244806
v 0.004523515600185495 0.0014699229269491965 0.0012423580607244806
v 0.004119083789309478 0.0023782936697089585 0.0012423580607244806
v 0.0035346268817493284 0.0031827282194183404 0.0012423580607244806
v 0.002795691427684768 0.0038480686281308074 0.0012423580607244806
v 0.0019345712229332807 0.004345236323507806 0.0012423580607244806
v 0.0009889030235505922 0.004652503028828581 0.0012423580607244806
v 1.4305114426349532e-08 -0.003799851451817493 0.0006902432287430041
v 0.0009835266847120225 -0.003670369602657042 0.0006902432287430041
v 0.0019000148348506957 -0.003290747926591009 0.0006902432287430041
v 0.002687020241759266 -0.0026868572230594467 0.0006902432287430041
v 0.0032909106472676117 -0.0018998516671392685 0.0006902432287430041
v 0.003670532621356862 -0.0009833640385412262 0.0006902432287430041
v 0.003800015364586965 1.4831712756400356e-07 0.0006902432287430041
v 0.003670532621356862 0.0009836607206539644 0.0006902432287430041
v 0.0032909106472676117 0.001900148200240398 0.0006902432287430041
v 0.002687020241759266 0.0026871540541837935 0.0006902432287430041
v 0.0019000148348506957 0.0032910447577153557 0.0006902432287430041
v 0.0009835266847120225 0.003670666433781389 0.0006902432287430041
v 0.0008894896308446761 -0.004184509124208036 0.0009663003467105252
v 0.0017400931923070588 -0.003908131929305225 0.0009663003467105252
v 0.002514645997107492 -0.003460943919548154 0.0009663003467105252
v 0.003179294991956019 -0.002862489755545039 0.0009663003467105252
v 0.0037049960261956757 -0.0021389244018735487 0.0009663003467105252
v 0.004068772701872007 -0.001321871400135649 0.0009663003467105252
v 0.004254722500114386 -0.0004470396687007022 0.0009663003467105252
v 0.004254722500114386 0.00044733627630763606 0.0009663003467105252
v 0.004068772701872007 0.0013221679332367786 0.0009663003467105252
v 0.0037049960261956757 0.0021392209349746782 0.0009663003467105252
v 0.003179294991956019 0.002862786586669386 0.0009663003467105252
v 0.002514645997107492 0.0034612407506725007 0.0009663003467105252
v 0.0017400931923070588 0.003908428760429572 0.0009663003467105252
v 0.0008894896308446761 0.004184805955332382 0.0009663003467105252
v 1.4305114426349532e-08 -0.003799851451817493 0.0006902432287430041
v 0.0009835266847120225 -0.003670369602657042 0.0006902432287430041
v 0.0019000148348506957 -0.003290747926591009 0.0006902432287430041
v 0.002687020241759266 -0.0026868572230594467 0.0006902432287430041
v 0.0032909106472676117 -0.0018998516671392685 0.0006902432287430041
v 0.003670532621356862 -0.0009833640385412262 0.0006902432287430041
v 0.003800015364586965 1.4831712756400356e-07 0.0006902432287430041
v -0.0037999867543581124 1.4831712756400356e-07 0.0006902432287430041
v -0.0036705040111280093 -0.0009833640385412262 0.0006902432287430041
v -0.003290882037038759 -0.0018998516671392685 0.0006902432287430041
v -0.002686991631530413 -0.0026868572230594467 0.0006902432287430041
v -0.001899986224621843 -0.003290747926591009 0.0006902432287430041
v -0.0009834980744831698 -0.003670369602657042 0.0006902432287430041
v -0.0037999867543581124 1.4831712756400356e-07 -0.0004497569698894701
v 0.003800015364586965 1.4831712756400356e-07 -0.0004497569698894701
v 0.003670532621356862 -0.0009833640385412262 -0.0004497569698894701
v 0.0032909106472676117 -0.0018998516671392685 -0.0004497569698894701
v 0.002687020241759266 -0.0026868572230594467 -0.0004497569698894701
v 0.0019000148348506957 -0.003290747926591009 -0.0004497569698894701
v 0.0009835266847120225 -0.003670369602657042 -0.0004497569698894701
v 1.4305114426349532e-08 -0.003799851451817493 -0.0004497569698894701
v -0.0009834980744831698 -0.003670369602657042 -0.0004497569698894701
v -0.001899986224621843 -0.003290747926591009 -0.0004497569698894701
v -0.002686991631530413 -0.0026868572230594467 -0.0004497569698894701
v -0.003290882037038759 -0.0018998516671392685 -0.0004497569698894701
v -0.0036705040111280093 -0.0009833640385412262 -0.0004497569698894701
v 1.4305114426349532e-08 0.004800148200985455 0.0014902430439686096
v 1.4305114426349532e-08 0.004756439221878961 0.0012423580607244806
v 1.4305114426349532e-08 -0.004799851369861108 0.0014902430439686096
v 0.0009364485531349061 -0.004707620932736523 0.0014902430439686096
v 0.001836895901630166 -0.004434473117415461 0.0014902430439686096
v 0.0026667522788028663 -0.003990905493701125 0.0014902430439686096
v 0.003394126816225199 -0.003393964095548596 0.0014902430439686096
v 0.003991067320308076 -0.0026665886640566128 0.0014902430439686096
v 0.0044346355400688466 -0.0018367321378723045 0.0014902430439686096
v 0.004707784547482778 -0.0009362851619060669 0.0014902430439686096
v 0.004800014388560929 1.4831712756400356e-07 0.0014902430439686096
v 0.004707784547482778 0.0009365818440188051 0.0014902430439686096
v 0.0044346355400688466 0.001837028670973434 0.0014902430439686096
v 0.003991067320308076 0.0026668854951809595 0.0014902430439686096
v 0.003394126816225199 0.003394260926672943 0.0014902430439686096
v 0.0026667522788028663 0.003991202324825471 0.0014902430439686096
v 0.001836895901630166 0.004434769948539807 0.0014902430439686096
v 0.0009364485531349061 0.004707917763860869 0.0014902430439686096
v 1.4305114426349532e-08 -0.004756142390754614 0.0012423580607244806
v 0.0009889030235505922 -0.004652206197704234 0.0012423580607244806
v 0.0019345712229332807 -0.0043449394923834594 0.0012423580607244806
v 0.002795691427684768 -0.0038477717970064607 0.0012423580607244806
v 0.0035346268817493284 -0.0031824313882939936 0.0012423580607244806
v 0.004119083789309478 -0.002377997136607829 0.0012423580607244806
v 0.004523515600185495 -0.001469626393848067 0.0012423580607244806
v 0.00473025072968936 -0.0004970194660793362 0.0012423580607244806
v 0.00473025072968936 0.00049731607368627 0.0012423580607244806
v 0.004523515600185495 0.0014699229269491965 0.0012423580607244806
v 0.004119083789309478 0.0023782936697089585 0.0012423580607244806
v 0.0035346268817493284 0.0031827282194183404 0.0012423580607244806
v 0.002795691427684768 0.0038480686281308074 0.0012423580607244806
v 0.0019345712229332807 0.004345236323507806 0.0012423580607244806
v 0.0009889030235505922 0.004652503028828581 0.0012423580607244806
v 1.4305114426349532e-08 0.004756439221878961 0.0012423580607244806
v -0.0009888744133217395 0.004652503028828581 0.0012423580607244806
v -0.001934542612704428 0.004345236323507806 0.0012423580607244806
v -0.0027956628174559154 0.0038480686281308074 0.0012423580607244806
v -0.0035345982715204757 0.0031827282194183404 0.0012423580607244806
v -0.004119055179080625 0.0023782936697089585 0.0012423580607244806
v -0.004523486989956642 0.0014699229269491965 0.0012423580607244806
v -0.0047302221194605075 0.00049731607368627 0.0012423580607244806
v -0.0047302221194605075 -0.0004970194660793362 0.0012423580607244806
v -0.004523486989956642 -0.001469626393848067 0.0012423580607244806
v -0.004119055179080625 -0.002377997136607829 0.0012423580607244806
v -0.0035345982715204757 -0.0031824313882939936 0.0012423580607244806
v -0.0027956628174559154 -0.0038477717970064607 0.0012423580607244806
v -0.001934542612704428 -0.0043449394923834594 0.0012423580607244806
v -0.0009888744133217395 -0.004652206197704234 0.0012423580607244806
v 1.4305114426349532e-08 -0.004756142390754614 0.0012423580607244806
v 1.4305114426349532e-08 -0.004799851369861108 0.0014902430439686096
v 1.4305114426349532e-08 0.004800148200985455 0.0014902430439686096
v -0.0009364199429060534 0.004707917763860869 0.0014902430439686096
v -0.0018368672914013133 0.004434769948539807 0.0014902430439686096
v -0.0026667236685740136 0.003991202324825471 0.0014902430439686096
v -0.003394098205996346 0.003394260926672943 0.0014902430439686096
v -0.003991038710079223 0.0026668854951809595 0.0014902430439686096
v -0.004434606929839994 0.001837028670973434 0.0014902430439686096
v -0.004707755937253926 0.0009365818440188051 0.0014902430439686096
v -0.004799985778332076 1.4831712756400356e-07 0.0014902430439686096
v -0.004707755937253926 -0.0009362851619060669 0.0014902430439686096
v -0.004434606929839994 -0.0018367321378723045 0.0014902430439686096
v -0.003991038710079223 -0.0026665886640566128 0.0014902430439686096
v -0.003394098205996346 -0.003393964095548596 0.0014902430439686096
v -0.0026667236685740136 -0.003990905493701125 0.0014902430439686096
v -0.0018368672914013133 -0.004434473117415461 0.0014902430439686096
v -0.0009364199429060534 -0.004707620932736523 0.0014902430439686096
v -0.004531357187076872 -0.003117009331650822 0.0014902430439686096
v -0.004738156689595656 -0.0027926533790084695 0.0014902430439686096
v -0.0049217771383722785 -0.0024546360420889535 0.0014902430439686096
v -0.005081322079569355 -0.0021046106046897772 0.0014902430439686096
v -0.004619383708699414 -0.001913268821389924 0.0014902430439686096
v -0.004829614054494784 -0.0012939469227057632 0.0014902430439686096
v -0.004957210906806346 -0.0006524825695347208 0.0014902430439686096
v -0.004999985583126869 1.4831712756400356e-07 0.0014902430439686096
v -0.004957210906806346 0.000652779251647459 0.0014902430439686096
v -0.004829614054494784 0.0012942434558068927 0.0014902430439686096
v -0.004619383708699414 0.0019135653544910536 0.0014902430439686096
v -0.005081322079569355 0.0021049071377909068 0.0014902430439686096
v -0.0049217771383722785 0.002454932575190083 0.0014902430439686096
v -0.004738156689595656 0.0027929502101328163 0.0014902430439686096
v -0.004531357187076872 0.0031173061627751686 0.0014902430439686096
v -0.004023771196072449 0.0035515796344374184 0.0014902430439686096
v -0.0035514163177143873 0.004023933916749045 0.0014902430439686096
v -0.003117144038145006 0.00453151960973025 0.0014902430439686096
v -0.002792787489456219 0.0047383185162026 0.0014902430439686096
v -0.0024547695564902682 0.004921940157072091 0.0014902430439686096
v -0.0021047448641491346 0.005081485992338819 0.0014902430439686096
v -0.0019134020377680212 0.004619545833329575 0.0014902430439686096
v -0.0012940811821651199 0.004829777371217814 0.0014902430439686096
v -0.0006526160094302297 0.00495737273341329 0.0014902430439686096
v 1.4305114426349532e-08 0.005000148303803464 0.0014902430439686096
v 0.0006526446196590824 0.00495737273341329 0.0014902430439686096
v 0.0012941097923939726 0.004829777371217814 0.0014902430439686096
v 0.0019134306479968739 0.004619545833329575 0.0014902430439686096
v 0.0021047734743779873 0.005081485992338819 0.0014902430439686096
v 0.002454798166719121 0.004921940157072091 0.0014902430439686096
v 0.002792816099685072 0.0047383185162026 0.0014902430439686096
v 0.0031171726483738586 0.00453151960973025 0.0014902430439686096
v 0.00355144492794324 0.004023933916749045 0.0014902430439686096
v 0.0040237998063013015 0.0035515796344374184 0.0014902430439686096
v 0.004531385797305725 0.0031173061627751686 0.0014902430439686096
v 0.004738185299824509 0.0027929502101328163 0.0014902430439686096
v 0.004921805748601131 0.002454932575190083 0.0014902430439686096
v 0.005081351881891076 0.0021049071377909068 0.0014902430439686096
v 0.004619412318928266 0.0019135653544910536 0.0014902430439686096
v 0.004903941044868358 0.000975599937686325 0.0014902430439686096
v 0.005000014193355722 1.4831729127304622e-07 0.0014902430439686096
v 0.004903941044868358 -0.0009753032555735869 0.0014902430439686096
v 0.004619412318928266 -0.001913268821389924 0.0014902430439686096
v 0.005081351881891076 -0.0021046106046897772 0.0014902430439686096
v 0.004921805748601131 -0.0024546360420889535 0.0014902430439686096
v 0.004738185299824509 -0.0027926533790084695 0.0014902430439686096
v 0.004531385797305725 -0.003117009331650822 0.0014902430439686096
v 0.0040237998063013015 -0.0035512828033130717 0.0014902430439686096
v 0.00355144492794324 -0.004023637085624698 0.0014902430439686096
v 0.0031171726483738586 -0.004531222778605903 0.0014902430439686096
v 0.002792816099685072 -0.004738021685078253 0.0014902430439686096
v 0.002454798166719121 -0.004921643325947744 0.0014902430439686096
v 0.0021047734743779873 -0.005081189161214472 0.0014902430439686096
v 0.0019134306479968739 -0.004619249002205228 0.0014902430439686096
v 0.0012941097923939726 -0.004829480540093467 0.0014902430439686096
v 0.0006526446196590824 -0.004957075902288943 0.0014902430439686096
v 1.4305114426349532e-08 -0.004999851472679118 0.0014902430439686096
v -0.0006526160094302297 -0.004957075902288943 0.0014902430439686096
v -0.0012940811821651199 -0.004829480540093467 0.0014902430439686096
v -0.0019134020377680212 -0.004619249002205228 0.0014902430439686096
v -0.0021047448641491346 -0.005081189161214472 0.0014902430439686096
v -0.0024547695564902682 -0.004921643325947744 0.0014902430439686096
v -0.002792787489456219 -0.004738021685078253 0.0014902430439686096
v -0.003117144038145006 -0.004531222778605903 0.0014902430439686096
v -0.0035514163177143873 -0.004023637085624698 0.0014902430439686096
v -0.004023771196072449 -0.0035512828033130717 0.0014902430439686096
v 1.4305114426349532e-08 -0.004799851369861108 0.0014902430439686096
v 0.0009364485531349061 -0.004707620932736523 0.0014902430439686096
v 0.001836895901630166 -0.004434473117415461 0.0014902430439686096
v 0.0026667522788028663 -0.003990905493701125 0.0014902430439686096
v 0.003394126816225199 -0.003393964095548596 0.0014902430439686096
v 0.003991067320308076 -0.0026665886640566128 0.0014902430439686096
v 0.0044346355400688466 -0.0018367321378723045 0.0014902430439686096
v 0.004707784547482778 -0.0009362851619060669 0.0014902430439686096
v 0.004800014388560929 1.4831712756400356e-07 0.0014902430439686096
v 0.004707784547482778 0.0009365818440188051 0.0014902430439686096
v 0.0044346355400688466 0.001837028670973434 0.0014902430439686096
v 0.003991067320308076 0.0026668854951809595 0.0014902430439686096
v 0.003394126816225199 0.003394260926672943 0.0014902430439686096
v 0.0026667522788028663 0.003991202324825471 0.0014902430439686096
v 0.001836895901630166 0.004434769948539807 0.0014902430439686096
v 0.0009364485531349061 0.004707917763860869 0.0014902430439686096
v 1.4305114426349532e-08 0.004800148200985455 0.0014902430439686096
v -0.0009364199429060534 0.004707917763860869 0.0014902430439686096
v -0.0018368672914013133 0.004434769948539807 0.0014902430439686096
v -0.0026667236685740136 0.003991202324825471 0.0014902430439686096
v -0.003394098205996346 0.003394260926672943 0.0014902430439686096
v -0.003991038710079223 0.0026668854951809595 0.0014902430439686096
v -0.004434606929839994 0.001837028670973434 0.0014902430439686096
v -0.004707755937253926 0.0009365818440188051 0.0014902430439686096
v -0.004799985778332076 1.4831712756400356e-07 0.0014902430439686096
v -0.004707755937253926 -0.0009362851619060669 0.0014902430439686096
v -0.004434606929839994 -0.0018367321378723045 0.0014902430439686096
v -0.003991038710079223 -0.0026665886640566128 0.0014902430439686096
v -0.003394098205996346 -0.003393964095548596 0.0014902430439686096
v -0.0026667236685740136 -0.003990905493701125 0.0014902430439686096
v -0.0018368672914013133 -0.004434473117415461 0.0014902430439686096
v -0.0009364199429060534 -0.004707620932736523 0.0014902430439686096
v -0.004531357187076872 -0.003117009331650822 0.0014902430439686096
v -0.0045158814374532995 -0.0031025346420138766 0.0020902430543994223
v -0.004008767515224946 -0.003536619464979629 0.0020902430543994223
v -0.003536753575427379 -0.004008633702800413 0.0020902430543994223
v -0.003102669646531278 -0.004515747625028765 0.0020902430543994223
v -0.003117144038145006 -0.004531222778605903 0.0014902430439686096
v -0.0035514163177143873 -0.004023637085624698 0.0014902430439686096
v -0.004023771196072449 -0.0035512828033130717 0.0014902430439686096
v -0.005053911096142731 -0.002115934592874319 0.0020902430543994223
v -0.0048972486355025645 -0.0024568363475016564 0.0020902430543994223
v -0.004717626466208107 -0.0027862178656559156 0.0020902430543994223
v -0.0045158814374532995 -0.0031025346420138766 0.0020902430543994223
v -0.005081322079569355 -0.0021046106046897772 0.0014902430439686096
v -0.004531357187076872 -0.003117009331650822 0.0014902430439686096
v -0.004738156689595656 -0.0027926533790084695 0.0014902430439686096
v -0.0049217771383722785 -0.0024546360420889535 0.0014902430439686096
v -0.004619383708699414 -0.001913268821389924 0.0014902430439686096
v -0.004591967956901315 -0.0019245913194583797 0.0020902430543994223
v -0.005081322079569355 -0.0021046106046897772 0.0014902430439686096
v -0.005053911096142731 -0.002115934592874319 0.0020902430543994223
v -0.003102669646531278 -0.004515747625028765 0.0020902430543994223
v -0.0027863525721500996 -0.0047174911636674866 0.0020902430543994223
v -0.0024569701599261883 -0.00489711482307803 0.0020902430543994223
v -0.002116069746403328 -0.0050537763896485455 0.0020902430543994223
v -0.0019247245358364768 -0.004591832654360695 0.0020902430543994223
v -0.002774901328051807 -0.004133948889360972 0.0020902430543994223
v -0.003520703237041015 -0.0035205697226396993 0.0020902430543994223
v -0.0041340827017855054 -0.0027747666215576228 0.0020902430543994223
v -0.004591967956901315 -0.0019245913194583797 0.0020902430543994223
v -0.005053911096142731 -0.002115934592874319 0.0020902430543994223
v -0.0048972486355025645 -0.0024568363475016564 0.0020902430543994223
v -0.004717626466208107 -0.0027862178656559156 0.0020902430543994223
v -0.0045158814374532995 -0.0031025346420138766 0.0020902430543994223
v -0.004008767515224946 -0.003536619464979629 0.0020902430543994223
v -0.003536753575427379 -0.004008633702800413 0.0020902430543994223
v 1.4305114426349532e-08 0.004906909952158256 0.004160242583746256
v -0.0009572481895108184 0.0048126279232063585 0.004160242583746256
v -0.0018777226982029677 0.004533404904602356 0.004160242583746256
v -0.002726037441357134 0.004079971520305314 0.004160242583746256
v -0.003469591063195668 0.003469752591779396 0.004160242583746256
v -0.004079809097651935 0.002726198969940863 0.004160242583746256
v -0.004533243077995412 0.001877884524809914 0.004160242583746256
v -0.004812464606483329 0.0009574100161177657 0.004160242583746256
v -0.004906747231481661 1.4831712756400356e-07 0.004160242583746256
v -0.004812464606483329 -0.0009571133340050275 0.004160242583746256
v -0.004533243077995412 -0.0018775879917087845 0.004160242583746256
v -0.004079809097651935 -0.002725902138816516 0.004160242583746256
v -0.003469591063195668 -0.003469455760655049 0.004160242583746256
v -0.002726037441357134 -0.004079674689180968 0.004160242583746256
v -0.0018777226982029677 -0.004533108073478009 0.004160242583746256
v -0.0009572481895108184 -0.004812331092082012 0.004160242583746256
v 1.4305114426349532e-08 -0.004906613121033909 0.004160242583746256
v 1.4305114426349532e-08 0.005000148303803464 0.0014902430439686096
v -0.0019134020377680212 0.004619545833329575 0.0014902430439686096
v -0.0012940811821651199 0.004829777371217814 0.0014902430439686096
v -0.0006526160094302297 0.00495737273341329 0.0014902430439686096
v -0.0019247245358364768 0.004592129485485041 0.0020902430543994223
v -0.004591967956901315 0.0019248878525595092 0.0020902430543994223
v -0.0041340827017855054 0.0027750634526819695 0.0020902430543994223
v -0.003520703237041015 0.003520866553764046 0.0020902430543994223
v -0.002774901328051807 0.004134245720485319 0.0020902430543994223
v -0.004619383708699414 0.0019135653544910536 0.0014902430439686096
v -0.004999985583126869 1.4831712756400356e-07 0.0014902430439686096
v -0.004957210906806346 0.000652779251647459 0.0014902430439686096
v -0.004829614054494784 0.0012942434558068927 0.0014902430439686096
v -0.004619383708699414 -0.001913268821389924 0.0014902430439686096
v -0.004829614054494784 -0.0012939469227057632 0.0014902430439686096
v -0.004957210906806346 -0.0006524825695347208 0.0014902430439686096
v -0.004591967956901315 -0.0019245913194583797 0.0020902430543994223
v -0.0019247245358364768 -0.004591832654360695 0.0020902430543994223
v -0.002774901328051807 -0.004133948889360972 0.0020902430543994223
v -0.003520703237041015 -0.0035205697226396993 0.0020902430543994223
v -0.0041340827017855054 -0.0027747666215576228 0.0020902430543994223
v -0.0019134020377680212 -0.004619249002205228 0.0014902430439686096
v 1.4305114426349532e-08 -0.004999851472679118 0.0014902430439686096
v -0.0006526160094302297 -0.004957075902288943 0.0014902430439686096
v -0.0012940811821651199 -0.004829480540093467 0.0014902430439686096
v -0.0009633111738418529 -0.004842813204762042 0.0032702427371537075
v -0.0009693741581728874 -0.0048732956154652896 0.0023802428905611585
v -0.0018896150166627396 -0.004561821716387082 0.0032702427371537075
v -0.0019015097193082493 -0.004590535359296155 0.0023802428905611585
v -0.002743303714469738 -0.004105516282345734 0.0032702427371537075
v -0.0027605699875823423 -0.0041313578755105 0.0023802428905611585
v -0.0034915661031402786 -0.003491432290715746 0.0032702427371537075
v -0.003513543527270627 -0.0035134088207764425 0.0023802428905611585
v -0.004105651286863136 -0.0027431690079755544 0.0032702427371537075
v -0.0041314910918885984 -0.0027604358771345927 0.0023802428905611585
v -0.004561955826834834 -0.001889481651273034 0.0032702427371537075
v -0.004590668575674255 -0.0019013753108372833 0.0023802428905611585
v -0.004842946421140142 -0.0009631766163592792 0.0032702427371537075
v -0.0048734306199826926 -0.0009692399732193352 0.0023802428905611585
v -0.004937827476758643 1.4831712756400356e-07 0.0032702427371537075
v -0.004968905337849887 1.4831712756400356e-07 0.0023802428905611585
v -0.004842946421140142 0.0009634732984720173 0.0032702427371537075
v -0.0048734306199826926 0.0009695366553320733 0.0023802428905611585
v -0.004561955826834834 0.0018897781843741634 0.0032702427371537075
v -0.004590668575674255 0.0019016718439384128 0.0023802428905611585
v -0.004105651286863136 0.002743465839099901 0.0032702427371537075
v -0.0041314910918885984 0.0027607327082589395 0.0023802428905611585
v -0.0034915661031402786 0.0034917291218400925 0.0032702427371537075
v -0.003513543527270627 0.003513705651900789 0.0023802428905611585
v -0.002743303714469738 0.00410581311347008 0.0032702427371537075
v -0.0027605699875823423 0.004131654706634846 0.0023802428905611585
v -0.0018896150166627396 0.004562118547511429 0.0032702427371537075
v -0.0019015097193082493 0.004590832190420502 0.0023802428905611585
v -0.0009633111738418529 0.004843110035886389 0.0032702427371537075
v -0.0009693741581728874 0.004873592446589636 0.0023802428905611585
v 1.4305114426349532e-08 -0.004999851472679118 0.0014902430439686096
v 1.4305114426349532e-08 -0.004906613121033909 0.004160242583746256
v 0.0019134306479968739 -0.004619249002205228 0.0014902430439686096
v 0.0012941097923939726 -0.004829480540093467 0.0014902430439686096
v 0.0006526446196590824 -0.004957075902288943 0.0014902430439686096
v 0.0019247531460653295 -0.004591832654360695 0.0020902430543994223
v 0.004591996567130168 -0.0019245913194583797 0.0020902430543994223
v 0.004134111312014358 -0.0027747666215576228 0.0020902430543994223
v 0.0035207318472698676 -0.0035205697226396993 0.0020902430543994223
v 0.0027749299382806595 -0.004133948889360972 0.0020902430543994223
v 0.004619412318928266 -0.001913268821389924 0.0014902430439686096
v 0.004619412318928266 0.0019135653544910536 0.0014902430439686096
v 0.004903941044868358 0.000975599937686325 0.0014902430439686096
v 0.005000014193355722 1.4831729127304622e-07 0.0014902430439686096
v 0.004903941044868358 -0.0009753032555735869 0.0014902430439686096
v 0.004591996567130168 0.0019248878525595092 0.0020902430543994223
v 0.0019247531460653295 0.004592129485485041 0.0020902430543994223
v 0.0027749299382806595 0.004134245720485319 0.0020902430543994223
v 0.0035207318472698676 0.003520866553764046 0.0020902430543994223
v 0.004134111312014358 0.0027750634526819695 0.0020902430543994223
v 0.0019134306479968739 0.004619545833329575 0.0014902430439686096
v 1.4305114426349532e-08 0.005000148303803464 0.0014902430439686096
v 0.0006526446196590824 0.00495737273341329 0.0014902430439686096
v 0.0012941097923939726 0.004829777371217814 0.0014902430439686096
v 1.4305114426349532e-08 0.004906909952158256 0.004160242583746256
v 0.0009572767997396711 -0.004812331092082012 0.004160242583746256
v 0.0018777513084318204 -0.004533108073478009 0.004160242583746256
v 0.002726066051585987 -0.004079674689180968 0.004160242583746256
v 0.0034696196734245207 -0.003469455760655049 0.004160242583746256
v 0.004079837707880788 -0.002725902138816516 0.004160242583746256
v 0.004533271688224265 -0.0018775879917087845 0.004160242583746256
v 0.004812493216712181 -0.0009571133340050275 0.004160242583746256
v 0.004906775841710513 1.4831712756400356e-07 0.004160242583746256
v 0.004812493216712181 0.0009574100161177657 0.004160242583746256
v 0.004533271688224265 0.001877884524809914 0.004160242583746256
v 0.004079837707880788 0.002726198969940863 0.004160242583746256
v 0.0034696196734245207 0.003469752591779396 0.004160242583746256
v 0.002726066051585987 0.004079971520305314 0.004160242583746256
v 0.0018777513084318204 0.004533404904602356 0.004160242583746256
v 0.0009572767997396711 0.0048126279232063585 0.004160242583746256
v 0.0009633397840707056 0.004843110035886389 0.0032702427371537075
v 0.0009694027684017401 0.004873592446589636 0.0023802428905611585
v 0.0018896436268915923 0.004562118547511429 0.0032702427371537075
v 0.001901538329537102 0.004590832190420502 0.0023802428905611585
v 0.0027433323246985907 0.00410581311347008 0.0032702427371537075
v 0.002760598597811195 0.004131654706634846 0.0023802428905611585
v 0.0034915947133691313 0.0034917291218400925 0.0032702427371537075
v 0.0035135721374994796 0.003513705651900789 0.0023802428905611585
v 0.0041056798970919885 0.002743465839099901 0.0032702427371537075
v 0.004131519702117451 0.0027607327082589395 0.0023802428905611585
v 0.004561984437063686 0.0018897781843741634 0.0032702427371537075
v 0.0045906971859031075 0.0019016718439384128 0.0023802428905611585
v 0.0048429750313689944 0.0009634732984720173 0.0032702427371537075
v 0.004873459230211545 0.0009695366553320733 0.0023802428905611585
v 0.004937856086987495 1.4831712756400356e-07 0.0032702427371537075
v 0.00496893394807874 1.4831712756400356e-07 0.0023802428905611585
v 0.0048429750313689944 -0.0009631766163592792 0.0032702427371537075
v 0.004873459230211545 -0.0009692399732193352 0.0023802428905611585
v 0.004561984437063686 -0.001889481651273034 0.0032702427371537075
v 0.0045906971859031075 -0.0019013753108372833 0.0023802428905611585
v 0.0041056798970919885 -0.0027431690079755544 0.0032702427371537075
v 0.004131519702117451 -0.0027604358771345927 0.0023802428905611585
v 0.0034915947133691313 -0.003491432290715746 0.0032702427371537075
v 0.0035135721374994796 -0.0035134088207764425 0.0023802428905611585
v 0.0027433323246985907 -0.004105516282345734 0.0032702427371537075
v 0.002760598597811195 -0.0041313578755105 0.0023802428905611585
v 0.0018896436268915923 -0.004561821716387082 0.0032702427371537075
v 0.001901538329537102 -0.004590535359296155 0.0023802428905611585
v 0.0009633397840707056 -0.004842813204762042 0.0032702427371537075
v 0.0009694027684017401 -0.0048732956154652896 0.0023802428905611585
v 1.4305114426349532e-08 0.004906909952158256 0.004160242583746256
v -0.0009572481895108184 0.0048126279232063585 0.004160242583746256
v -0.0018777226982029677 0.004533404904602356 0.004160242583746256
v -0.002726037441357134 0.004079971520305314 0.004160242583746256
v -0.003469591063195668 0.003469752591779396 0.004160242583746256
v -0.004079809097651935 0.002726198969940863 0.004160242583746256
v -0.004533243077995412 0.001877884524809914 0.004160242583746256
v -0.004812464606483329 0.0009574100161177657 0.004160242583746256
v -0.004906747231481661 1.4831712756400356e-07 0.004160242583746256
v -0.004812464606483329 -0.0009571133340050275 0.004160242583746256
v -0.004533243077995412 -0.0018775879917087845 0.004160242583746256
v -0.004079809097651935 -0.002725902138816516 0.004160242583746256
v -0.003469591063195668 -0.003469455760655049 0.004160242583746256
v -0.002726037441357134 -0.004079674689180968 0.004160242583746256
v -0.0018777226982029677 -0.004533108073478009 0.004160242583746256
v -0.0009572481895108184 -0.004812331092082012 0.004160242583746256
v 1.4305114426349532e-08 -0.004906613121033909 0.004160242583746256
v 0.0009572767997396711 -0.004812331092082012 0.004160242583746256
v 0.0018777513084318204 -0.004533108073478009 0.004160242583746256
v 0.002726066051585987 -0.004079674689180968 0.004160242583746256
v 0.0034696196734245207 -0.003469455760655049 0.004160242583746256
v 0.004079837707880788 -0.002725902138816516 0.004160242583746256
v 0.004533271688224265 -0.0018775879917087845 0.004160242583746256
v 0.004812493216712181 -0.0009571133340050275 0.004160242583746256
v 0.004906775841710513 1.4831712756400356e-07 0.004160242583746256
v 0.004812493216712181 0.0009574100161177657 0.004160242583746256
v 0.004533271688224265 0.001877884524809914 0.004160242583746256
v 0.004079837707880788 0.002726198969940863 0.004160242583746256
v 0.0034696196734245207 0.003469752591779396 0.004160242583746256
v 0.002726066051585987 0.004079971520305314 0.004160242583746256
v 0.0018777513084318204 0.004533404904602356 0.004160242583746256
v 0.0009572767997396711 0.0048126279232063585 0.004160242583746256
v -0.004749984635040509 1.4831712756400356e-07 0.004160242583746256
v -0.004658715620814662 0.0009268273206019251 0.004160242583746256
v -0.0043884133311715735 0.0018178945373469313 0.004160242583746256
v -0.003949465663370514 0.0026391070491275093 0.004160242583746256
v -0.0033587431156916234 0.003358905538345003 0.004160242583746256
v -0.002638943136358043 0.003949628980093545 0.004160242583746256
v -0.001817731816670333 0.00438857605184817 0.004160242583746256
v -0.0009266638548672831 0.004658878341491257 0.004160242583746256
v 1.4305114426349532e-08 0.004750148249786756 0.004160242583746256
v 0.0009875941055805812 0.004646349445439513 0.004160242583746256
v 0.0019320129916367019 0.00433948924378702 0.004160242583746256
v 0.0027919935556055568 0.003842978987627199 0.004160242583746256
v 0.00352995149351765 0.00317851864147517 0.004160242583746256
v 0.0041136359248987765 0.0023751481836628563 0.004160242583746256
v 0.004517533678169543 0.001467978921503299 0.004160242583746256
v 0.004723992242127832 0.0004966584854574838 0.004160242583746256
v 0.004723992242127832 -0.0004963618778505499 0.004160242583746256
v 0.004517533678169543 -0.0014676823884021695 0.004160242583746256
v 0.0041136359248987765 -0.0023748516505617268 0.004160242583746256
v 0.00352995149351765 -0.003178221810350823 0.004160242583746256
v 0.0027919935556055568 -0.0038426821565028524 0.004160242583746256
v 0.0019320129916367019 -0.0043391924126626735 0.004160242583746256
v 0.0009875941055805812 -0.004646052614315166 0.004160242583746256
v 1.4305114426349532e-08 -0.00474985141866241 0.004160242583746256
v -0.0009266638548672831 -0.00465858151036691 0.004160242583746256
v -0.001817731816670333 -0.004388279220723823 0.004160242583746256
v -0.002638943136358043 -0.003949332148969198 0.004160242583746256
v -0.0033587431156916234 -0.003358608707220656 0.004160242583746256
v -0.003949465663370514 -0.0026388102180031625 0.004160242583746256
v -0.0043884133311715735 -0.0018175980042458018 0.004160242583746256
v -0.004658715620814662 -0.0009265306384891869 0.004160242583746256
v 1.4305114426349532e-08 0.004100148288157246 0.003570243040392331
v -0.0009811806459461012 0.00398100963277348 0.003570243040392331
v -0.001905350642531724 0.00363051793805097 0.003570243040392331
v -0.0027187895167144504 0.0030690424948399686 0.003570243040392331
v -0.003374218865315196 0.002329213716181805 0.003570243040392331
v -0.003833551321173804 0.0014540283056938275 0.003570243040392331
v -0.004070091156584969 0.0004943486937653563 0.003570243040392331
v -0.004070091156584969 -0.0004940520861584224 0.003570243040392331
v -0.003833551321173804 -0.001453731772592698 0.003570243040392331
v -0.003374218865315196 -0.0023289171830806754 0.003570243040392331
v -0.0027187895167144504 -0.003068745663715622 0.003570243040392331
v -0.001905350642531724 -0.0036302211069266233 0.003570243040392331
v -0.0009811806459461012 -0.003980712801649133 0.003570243040392331
v 1.4305114426349532e-08 -0.004099851457032899 0.003570243040392331
v 1.4305114426349532e-08 -0.00474985141866241 0.004160242583746256
v -0.0009266638548672831 -0.00465858151036691 0.004160242583746256
v -0.001817731816670333 -0.004388279220723823 0.004160242583746256
v -0.002638943136358043 -0.003949332148969198 0.004160242583746256
v -0.0033587431156916234 -0.003358608707220656 0.004160242583746256
v -0.003949465663370514 -0.0026388102180031625 0.004160242583746256
v -0.0043884133311715735 -0.0018175980042458018 0.004160242583746256
v -0.004658715620814662 -0.0009265306384891869 0.004160242583746256
v -0.004749984635040509 1.4831712756400356e-07 0.004160242583746256
v -0.004658715620814662 0.0009268273206019251 0.004160242583746256
v -0.0043884133311715735 0.0018178945373469313 0.004160242583746256
v -0.003949465663370514 0.0026391070491275093 0.004160242583746256
v -0.0033587431156916234 0.003358905538345003 0.004160242583746256
v -0.002638943136358043 0.003949628980093545 0.004160242583746256
v -0.001817731816670333 0.00438857605184817 0.004160242583746256
v -0.0009266638548672831 0.004658878341491257 0.004160242583746256
v 1.4305114426349532e-08 0.004750148249786756 0.004160242583746256
v 1.4305114426349532e-08 0.004100148288157246 0.003570243040392331
v -0.0009811806459461012 0.00398100963277348 0.003570243040392331
v -0.001905350642531724 0.00363051793805097 0.003570243040392331
v -0.0027187895167144504 0.0030690424948399686 0.003570243040392331
v -0.003374218865315196 0.002329213716181805 0.003570243040392331
v -0.003833551321173804 0.0014540283056938275 0.003570243040392331
v -0.004070091156584969 0.0004943486937653563 0.003570243040392331
v -0.004070091156584969 -0.0004940520861584224 0.003570243040392331
v -0.003833551321173804 -0.001453731772592698 0.003570243040392331
v -0.003374218865315196 -0.0023289171830806754 0.003570243040392331
v -0.0027187895167144504 -0.003068745663715622 0.003570243040392331
v -0.001905350642531724 -0.0036302211069266233 0.003570243040392331
v -0.0009811806459461012 -0.003980712801649133 0.003570243040392331
v 1.4305114426349532e-08 -0.004099851457032899 0.003570243040392331
v 0.000981209256174954 -0.003980712801649133 0.003570243040392331
v 0.0019053792527605768 -0.0036302211069266233 0.003570243040392331
v 0.002718818126943303 -0.003068745663715622 0.003570243040392331
v 0.0033742474755440485 -0.0023289171830806754 0.003570243040392331
v 0.0038335799314026565 -0.001453731772592698 0.003570243040392331
v 0.004070119766813821 -0.0004940520861584224 0.003570243040392331
v 0.004070119766813821 0.0004943486937653563 0.003570243040392331
v 0.0038335799314026565 0.0014540283056938275 0.003570243040392331
v 0.0033742474755440485 0.002329213716181805 0.003570243040392331
v 0.002718818126943303 0.0030690424948399686 0.003570243040392331
v 0.0019053792527605768 0.00363051793805097 0.003570243040392331
v 0.000981209256174954 0.00398100963277348 0.003570243040392331
v 1.4305114426349532e-08 0.004050148336958548 0.003570243040392331
v 0.0009692430279573125 0.003932462544758708 0.003570243040392331
v 0.0018821429785607097 0.0035862450990175043 0.003570243040392331
v 0.0026856612558887626 0.0030316167392220317 0.003570243040392331
v 0.003333098813896654 0.002300810464453462 0.003570243040392331
v 0.0037868308174573463 0.0014362980104320189 0.003570243040392331
v 0.004020485788125864 0.0004883218447494092 0.003570243040392331
v 0.004020485788125864 -0.00048802523714247537 0.003570243040392331
v 0.0037868308174573463 -0.0014360014773308893 0.003570243040392331
v 0.003333098813896654 -0.0023005139313523326 0.003570243040392331
v 0.0026856612558887626 -0.003031319908097685 0.003570243040392331
v 0.0018821429785607097 -0.0035859482678931576 0.003570243040392331
v 0.0009692430279573125 -0.003932165713634361 0.003570243040392331
v 1.4305114426349532e-08 -0.004049851505834201 0.003570243040392331
v -0.0009692144177284598 -0.003932165713634361 0.003570243040392331
v -0.001882114368331857 -0.0035859482678931576 0.003570243040392331
v -0.00268563264565991 -0.003031319908097685 0.003570243040392331
v -0.0033330702036678014 -0.0023005139313523326 0.003570243040392331
v -0.0037868022072284936 -0.0014360014773308893 0.003570243040392331
v -0.004020457177897011 -0.00048802523714247537 0.003570243040392331
v -0.004020457177897011 0.0004883218447494092 0.003570243040392331
v -0.0037868022072284936 0.0014362980104320189 0.003570243040392331
v -0.0033330702036678014 0.002300810464453462 0.003570243040392331
v -0.00268563264565991 0.0030316167392220317 0.003570243040392331
v -0.001882114368331857 0.0035862450990175043 0.003570243040392331
v -0.0009692144177284598 0.003932462544758708 0.003570243040392331
v 1.4305114426349532e-08 0.004750148249786756 0.004160242583746256
v 1.4305114426349532e-08 0.004100148288157246 0.003570243040392331
v 0.0009875941055805812 0.004646349445439513 0.004160242583746256
v 0.0019320129916367019 0.00433948924378702 0.004160242583746256
v 0.0027919935556055568 0.003842978987627199 0.004160242583746256
v 0.00352995149351765 0.00317851864147517 0.004160242583746256
v 0.0041136359248987765 0.0023751481836628563 0.004160242583746256
v 0.004517533678169543 0.001467978921503299 0.004160242583746256
v 0.004723992242127832 0.0004966584854574838 0.004160242583746256
v 0.004723992242127832 -0.0004963618778505499 0.004160242583746256
v 0.004517533678169543 -0.0014676823884021695 0.004160242583746256
v 0.0041136359248987765 -0.0023748516505617268 0.004160242583746256
v 0.00352995149351765 -0.003178221810350823 0.004160242583746256
v 0.0027919935556055568 -0.0038426821565028524 0.004160242583746256
v 0.0019320129916367019 -0.0043391924126626735 0.004160242583746256
v 0.0009875941055805812 -0.004646052614315166 0.004160242583746256
v 1.4305114426349532e-08 -0.00474985141866241 0.004160242583746256
v 1.4305114426349532e-08 -0.004099851457032899 0.003570243040392331
v 0.000981209256174954 -0.003980712801649133 0.003570243040392331
v 0.0019053792527605768 -0.0036302211069266233 0.003570243040392331
v 0.002718818126943303 -0.003068745663715622 0.003570243040392331
v 0.0033742474755440485 -0.0023289171830806754 0.003570243040392331
v 0.0038335799314026565 -0.001453731772592698 0.003570243040392331
v 0.004070119766813821 -0.0004940520861584224 0.003570243040392331
v 0.004070119766813821 0.0004943486937653563 0.003570243040392331
v 0.0038335799314026565 0.0014540283056938275 0.003570243040392331
v 0.0033742474755440485 0.002329213716181805 0.003570243040392331
v 0.002718818126943303 0.0030690424948399686 0.003570243040392331
v 0.0019053792527605768 0.00363051793805097 0.003570243040392331
v 0.000981209256174954 0.00398100963277348 0.003570243040392331
v 1.4305114426349532e-08 -0.004049851505834201 0.0032095437524569687
v 1.4305114426349532e-08 -0.004049851505834201 0.003570243040392331
v 0.0009692430279573125 -0.003932165713634361 0.0032095437524569687
v 0.0018821429785607097 -0.0035859482678931576 0.0032095437524569687
v 0.0026856612558887626 -0.003031319908097685 0.0032095437524569687
v 0.003333098813896654 -0.0023005139313523326 0.0032095437524569687
v 0.0037868308174573463 -0.0014360014773308893 0.0032095437524569687
v 0.004020485788125864 -0.00048802523714247537 0.0032095437524569687
v 0.004020485788125864 0.0004883218447494092 0.0032095437524569687
v 0.0037868308174573463 0.0014362980104320189 0.0032095437524569687
v 0.003333098813896654 0.002300810464453462 0.0032095437524569687
v 0.0026856612558887626 0.0030316167392220317 0.0032095437524569687
v 0.0018821429785607097 0.0035862450990175043 0.0032095437524569687
v 0.0009692430279573125 0.003932462544758708 0.0032095437524569687
v 1.4305114426349532e-08 0.004050148336958548 0.0032095437524569687
v 1.4305114426349532e-08 0.004050148336958548 0.003570243040392331
v 0.0009692430279573125 0.003932462544758708 0.003570243040392331
v 0.0018821429785607097 0.0035862450990175043 0.003570243040392331
v 0.0026856612558887626 0.0030316167392220317 0.003570243040392331
v 0.003333098813896654 0.002300810464453462 0.003570243040392331
v 0.0037868308174573463 0.0014362980104320189 0.003570243040392331
v 0.004020485788125864 0.0004883218447494092 0.003570243040392331
v 0.004020485788125864 -0.00048802523714247537 0.003570243040392331
v 0.0037868308174573463 -0.0014360014773308893 0.003570243040392331
v 0.003333098813896654 -0.0023005139313523326 0.003570243040392331
v 0.0026856612558887626 -0.003031319908097685 0.003570243040392331
v 0.0018821429785607097 -0.0035859482678931576 0.003570243040392331
v 0.0009692430279573125 -0.003932165713634361 0.003570243040392331
v 1.4305114426349532e-08 -0.004049851505834201 0.003570243040392331
v -0.0009692144177284598 -0.003932165713634361 0.003570243040392331
v -0.001882114368331857 -0.0035859482678931576 0.003570243040392331
v -0.00268563264565991 -0.003031319908097685 0.003570243040392331
v -0.0033330702036678014 -0.0023005139313523326 0.003570243040392331
v -0.0037868022072284936 -0.0014360014773308893 0.003570243040392331
v -0.004020457177897011 -0.00048802523714247537 0.003570243040392331
v -0.004020457177897011 0.0004883218447494092 0.003570243040392331
v -0.0037868022072284936 0.0014362980104320189 0.003570243040392331
v -0.0033330702036678014 0.002300810464453462 0.003570243040392331
v -0.00268563264565991 0.0030316167392220317 0.003570243040392331
v -0.001882114368331857 0.0035862450990175043 0.003570243040392331
v -0.0009692144177284598 0.003932462544758708 0.003570243040392331
v 1.4305114426349532e-08 0.004050148336958548 0.003570243040392331
v 1.4305114426349532e-08 0.004050148336958548 0.0032095437524569687
v -0.0009692144177284598 0.003932462544758708 0.0032095437524569687
v -0.001882114368331857 0.0035862450990175043 0.0032095437524569687
v -0.00268563264565991 0.0030316167392220317 0.0032095437524569687
v -0.0033330702036678014 0.002300810464453462 0.0032095437524569687
v -0.0037868022072284936 0.0014362980104320189 0.0032095437524569687
v -0.004020457177897011 0.0004883218447494092 0.0032095437524569687
v -0.004020457177897011 -0.00048802523714247537 0.0032095437524569687
v -0.0037868022072284936 -0.0014360014773308893 0.0032095437524569687
v -0.0033330702036678014 -0.0023005139313523326 0.0032095437524569687
v -0.00268563264565991 -0.003031319908097685 0.0032095437524569687
v -0.001882114368331857 -0.0035859482678931576 0.0032095437524569687
v -0.0009692144177284598 -0.003932165713634361 0.0032095437524569687
v 1.4305114426349532e-08 -0.004049851505834201 0.0032095437524569687
v 1.4305114426349532e-08 -0.004049851505834201 0.0032095437524569687
v 0.0009692430279573125 -0.003932165713634361 0.0032095437524569687
v 0.0018821429785607097 -0.0035859482678931576 0.0032095437524569687
v 0.0026856612558887626 -0.003031319908097685 0.0032095437524569687
v 0.003333098813896654 -0.0023005139313523326 0.0032095437524569687
v 0.0037868308174573463 -0.0014360014773308893 0.0032095437524569687
v 0.004020485788125864 -0.00048802523714247537 0.0032095437524569687
v 0.004020485788125864 0.0004883218447494092 0.0032095437524569687
v 0.0037868308174573463 0.0014362980104320189 0.0032095437524569687
v 0.003333098813896654 0.002300810464453462 0.0032095437524569687
v 0.0026856612558887626 0.0030316167392220317 0.0032095437524569687
v 0.0018821429785607097 0.0035862450990175043 0.0032095437524569687
v 0.0009692430279573125 0.003932462544758708 0.0032095437524569687
v 1.4305114426349532e-08 0.004050148336958548 0.0032095437524569687
v -0.0009692144177284598 0.003932462544758708 0.0032095437524569687
v -0.001882114368331857 0.0035862450990175043 0.0032095437524569687
v -0.00268563264565991 0.0030316167392220317 0.0032095437524569687
v -0.0033330702036678014 0.002300810464453462 0.0032095437524569687
v -0.0037868022072284936 0.0014362980104320189 0.0032095437524569687
v -0.004020457177897011 0.0004883218447494092 0.0032095437524569687
v -0.004020457177897011 -0.00048802523714247537 0.0032095437524569687
v -0.0037868022072284936 -0.0014360014773308893 0.0032095437524569687
v -0.0033330702036678014 -0.0023005139313523326 0.0032095437524569687
v -0.00268563264565991 -0.003031319908097685 0.0032095437524569687
v -0.001882114368331857 -0.0035859482678931576 0.0032095437524569687
v -0.0009692144177284598 -0.003932165713634361 0.0032095437524569687
v 1.4305114426349532e-08 0.0034795313295826746 0.0032095437524569687
v 0.0009802698869942903 0.0033385919778363693 0.0032095437524569687
v 0.0018811106261362748 0.0029271914900722007 0.0032095437524569687
v 0.00262955659710862 0.0022786595908106944 0.0032095437524569687
v 0.0031649731882295055 0.0014455361341192685 0.0032095437524569687
v 0.0034439825241867647 0.0004953161143813403 0.0032095437524569687
v 0.0034439825241867647 -0.0004950195067744065 0.0032095437524569687
v 0.0031649731882295055 -0.001445239601018139 0.0032095437524569687
v 0.00262955659710862 -0.002278363057709565 0.0032095437524569687
v 0.0018811106261362748 -0.002926894658947854 0.0032095437524569687
v 0.0009802698869942903 -0.0033382951467120225 0.0032095437524569687
v 1.4305114426349532e-08 -0.003479234498458328 0.0032095437524569687
v -0.003479368608906078 1.4831712756400356e-07 0.0032095437524569687
v -0.0033608125889119686 0.0009006789125350356 0.0032095437524569687
v -0.0030132197660233144 0.0017398397235608154 0.0032095437524569687
v -0.0024602817939158883 0.0024604434715112256 0.0032095437524569687
v -0.0017396783439886947 0.0030133824866999115 0.0032095437524569687
v -0.0009005164898816539 0.0033609741174956964 0.0032095437524569687
v -0.0009005164898816539 -0.0033606772863713497 0.0032095437524569687
v -0.0017396783439886947 -0.0030130856555755647 0.0032095437524569687
v -0.0024602817939158883 -0.002460146938410096 0.0032095437524569687
v -0.0030132197660233144 -0.0017395431904596859 0.0032095437524569687
v -0.0033608125889119686 -0.0009003822304222975 0.0032095437524569687
v 1.4305114426349532e-08 -0.003479234498458328 0.0032095437524569687
v 1.4305114426349532e-08 -0.003469124060814288 0.0032085108039860994
v 1.4305114426349532e-08 -0.0034594311536975675 0.0032054548739167705
v 1.4305114426349532e-08 -0.0034505557242656693 0.003200501728046647
v 1.4305114426349532e-08 0.0034795313295826746 0.0032095437524569687
v 0.0009802698869942903 0.0033385919778363693 0.0032095437524569687
v 0.0018811106261362748 0.0029271914900722007 0.0032095437524569687
v 0.00262955659710862 0.0022786595908106944 0.0032095437524569687
v 0.0031649731882295055 0.0014455361341192685 0.0032095437524569687
v 0.0034439825241867647 0.0004953161143813403 0.0032095437524569687
v 0.0034439825241867647 -0.0004950195067744065 0.0032095437524569687
v 0.0031649731882295055 -0.001445239601018139 0.0032095437524569687
v 0.00262955659710862 -0.002278363057709565 0.0032095437524569687
v 0.0018811106261362748 -0.002926894658947854 0.0032095437524569687
v 0.0009802698869942903 -0.0033382951467120225 0.0032095437524569687
v 1.4305114426349532e-08 0.003469420891938635 0.0032085108039860994
v 1.4305114426349532e-08 0.0034597279848219142 0.0032054548739167705
v 1.4305114426349532e-08 0.003450852555390016 0.003200501728046647
v 0.0009721898815291405 0.003311074898144417 0.003200501728046647
v 0.0018656062662838495 0.002903065318545728 0.003200501728046647
v 0.0026078819645669626 0.0022598789127198093 0.003200501728046647
v 0.0031388854278873194 0.0014336225069994657 0.003200501728046647
v 0.003415596408793412 0.0004912347236744746 0.003200501728046647
v 0.003415596408793412 -0.0004909381160675408 0.003200501728046647
v 0.0031388854278873194 -0.0014333259738983362 0.003200501728046647
v 0.0026078819645669626 -0.00225958237961868 0.003200501728046647
v 0.0018656062662838495 -0.002902768487421381 0.003200501728046647
v 0.0009721898815291405 -0.0033107780670200704 0.003200501728046647
v 0.000974690892368014 0.003319590613553136 0.0032054548739167705
v 0.000977420785037709 0.0033288907260695666 0.0032085108039860994
v 0.001870403247988152 0.002910531992229848 0.0032054548739167705
v 0.0018756436882396716 0.002918685907452867 0.0032085108039860994
v 0.0026145910632329205 0.002265691110513557 0.0032054548739167705
v 0.0026219152818192115 0.0022720385580054236 0.0032085108039860994
v 0.003146958280795256 0.0014373095012312487 0.0032054548739167705
v 0.0031557749996533628 0.0014413360929190489 0.0032085108039860994
v 0.0034243797490511904 0.0004924978205748387 0.0032054548739167705
v 0.0034339737124597955 0.0004938772210357212 0.0032085108039860994
v 0.0034243797490511904 -0.0004922012129679049 0.0032054548739167705
v 0.0034339737124597955 -0.0004935806134287873 0.0032085108039860994
v 0.003146958280795256 -0.0014370129681301191 0.0032054548739167705
v 0.0031557749996533628 -0.0014410395598179193 0.0032085108039860994
v 0.0026145910632329205 -0.0022653945774124273 0.0032054548739167705
v 0.0026219152818192115 -0.002271742024904294 0.0032085108039860994
v 0.001870403247988152 -0.002910235161105501 0.0032054548739167705
v 0.0018756436882396716 -0.0029183890763285203 0.0032085108039860994
v 0.000974690892368014 -0.0033192937824287894 0.0032054548739167705
v 0.000977420785037709 -0.00332859389494522 0.0032085108039860994
v 1.4305114426349532e-08 0.003450852555390016 0.003200501728046647
v 1.4305114426349532e-08 0.0030656003266811283 0.002930744820891064
v 0.0009721898815291405 0.003311074898144417 0.003200501728046647
v 0.0018656062662838495 0.002903065318545728 0.003200501728046647
v 0.0026078819645669626 0.0022598789127198093 0.003200501728046647
v 0.0031388854278873194 0.0014336225069994657 0.003200501728046647
v 0.003415596408793412 0.0004912347236744746 0.003200501728046647
v 0.003415596408793412 -0.0004909381160675408 0.003200501728046647
v 0.0031388854278873194 -0.0014333259738983362 0.003200501728046647
v 0.0026078819645669626 -0.00225958237961868 0.003200501728046647
v 0.0018656062662838495 -0.002902768487421381 0.003200501728046647
v 0.0009721898815291405 -0.0033107780670200704 0.003200501728046647
v 1.4305114426349532e-08 -0.0034505563203121037 0.003200501728046647
v 1.4305114426349532e-08 -0.0030653034955567815 0.002930744820891064
v 0.0009472918298700792 -0.0029152696673139245 0.002930744820891064
v 0.0018018412187283965 -0.0024798544687065216 0.002930744820891064
v 0.002480018083452775 -0.0018016792431098383 0.002930744820891064
v 0.0029154323879905268 -0.0009471283641354356 0.002930744820891064
v 0.0030654668122798183 1.4831712756400356e-07 0.002930744820891064
v 0.0029154323879905268 0.0009474250462481737 0.002930744820891064
v 0.002480018083452775 0.0018019757762109678 0.002930744820891064
v 0.0018018412187283965 0.002480151001807651 0.002930744820891064
v 0.0009472918298700792 0.002915566498438271 0.002930744820891064
v 1.4305114426349532e-08 0.0030656003266811283 0.002930744820891064
v -0.0009472632196412265 0.002915566498438271 0.002930744820891064
v -0.0018018126084995438 0.002480151001807651 0.002930744820891064
v -0.0024799894732239224 0.0018019757762109678 0.002930744820891064
v -0.002915403777761674 0.0009474250462481737 0.002930744820891064
v -0.0030654382020509656 1.4831712756400356e-07 0.002930744820891064
v -0.002915403777761674 -0.0009471283641354356 0.002930744820891064
v -0.0024799894732239224 -0.0018016792431098383 0.002930744820891064
v -0.0018018126084995438 -0.0024798544687065216 0.002930744820891064
v -0.0009472632196412265 -0.0029152696673139245 0.002930744820891064
v 1.4305114426349532e-08 -0.0030653034955567815 0.002930744820891064
v 1.4305114426349532e-08 -0.0034505557242656693 0.003200501728046647
v -0.0009721612713002878 -0.0033107780670200704 0.003200501728046647
v -0.0018655776560549968 -0.002902768487421381 0.003200501728046647
v -0.00260785335433811 -0.00225958237961868 0.003200501728046647
v -0.0031388568176584667 -0.0014333259738983362 0.003200501728046647
v -0.003415567798564559 -0.0004909381160675408 0.003200501728046647
v -0.003415567798564559 0.0004912347236744746 0.003200501728046647
v -0.0031388568176584667 0.0014336225069994657 0.003200501728046647
v -0.00260785335433811 0.0022598789127198093 0.003200501728046647
v -0.0018655776560549968 0.002903065318545728 0.003200501728046647
v -0.0009721612713002878 0.003311074898144417 0.003200501728046647
v 1.4305114426349532e-08 0.0034508531514364504 0.003200501728046647
v 1.4305114426349532e-08 0.0030656003266811283 0.002930744820891064
v -0.0009472632196412265 0.002915566498438271 0.002930744820891064
v -0.0018018126084995438 0.002480151001807651 0.002930744820891064
v -0.0024799894732239224 0.0018019757762109678 0.002930744820891064
v -0.002915403777761674 0.0009474250462481737 0.002930744820891064
v -0.0030654382020509656 1.4831712756400356e-07 0.002930744820891064
v -0.002915403777761674 -0.0009471283641354356 0.002930744820891064
v -0.0024799894732239224 -0.0018016792431098383 0.002930744820891064
v -0.0018018126084995438 -0.0024798544687065216 0.002930744820891064
v -0.0009472632196412265 -0.0029152696673139245 0.002930744820891064
v 1.4305114426349532e-08 -0.0030653034955567815 0.002930744820891064
v 1.4305114426349532e-08 0.003266389296955108 0.002724652229443515
v -0.0009201931747750976 0.003134083677811539 0.002724652229443515
v -0.001765849550831701 0.0027478852253879915 0.002724652229443515
v -0.0024684452458818584 0.002139081162085804 0.002724652229443515
v -0.0029710625938088623 0.0013569937343077265 0.002724652229443515
v -0.003232982086398109 0.0004649828642983092 0.002724652229443515
v -0.003232982086398109 -0.00046468625669137537 0.002724652229443515
v -0.0029710625938088623 -0.001356697201206597 0.002724652229443515
v -0.0024684452458818584 -0.0021387846289846746 0.002724652229443515
v -0.001765849550831701 -0.0027475883942636448 0.002724652229443515
v -0.0009201931747750976 -0.003133786846687192 0.002724652229443515
v 1.4305114426349532e-08 -0.003266092465830761 0.0027246528254899496
v 1.4305114426349532e-08 -0.003266092465830761 0.002724652229443515
v 1.4305114426349532e-08 -0.0030653034955567815 0.002930744820891064
v 0.0009202217850039503 -0.003133786846687192 0.002724652229443515
v 0.0017658781610605538 -0.0027475883942636448 0.002724652229443515
v 0.002468473856110711 -0.0021387846289846746 0.002724652229443515
v 0.002971091204037715 -0.001356697201206597 0.002724652229443515
v 0.0032330106966269615 -0.00046468625669137537 0.002724652229443515
v 0.0032330106966269615 0.0004649828642983092 0.002724652229443515
v 0.002971091204037715 0.0013569937343077265 0.002724652229443515
v 0.002468473856110711 0.002139081162085804 0.002724652229443515
v 0.0017658781610605538 0.0027478852253879915 0.002724652229443515
v 0.0009202217850039503 0.003134083677811539 0.002724652229443515
v 1.4305114426349532e-08 0.003266389296955108 0.002724652229443515
v 1.4305114426349532e-08 0.0030656003266811283 0.002930744820891064
v 0.0009472918298700792 -0.0029152696673139245 0.002930744820891064
v 0.0018018412187283965 -0.0024798544687065216 0.002930744820891064
v 0.002480018083452775 -0.0018016792431098383 0.002930744820891064
v 0.0029154323879905268 -0.0009471283641354356 0.002930744820891064
v 0.0030654668122798183 1.4831712756400356e-07 0.002930744820891064
v 0.0029154323879905268 0.0009474250462481737 0.002930744820891064
v 0.002480018083452775 0.0018019757762109678 0.002930744820891064
v 0.0018018412187283965 0.002480151001807651 0.002930744820891064
v 0.0009472918298700792 0.002915566498438271 0.002930744820891064
v 1.4305114426349532e-08 0.003266389296955108 0.002724652229443515
v 1.4305114426349532e-08 0.0032768269640916503 0.0027164619553879956
v 1.4305114426349532e-08 0.0032890515784386176 0.002711304365590862
v 1.4305114426349532e-08 0.003302202448944691 0.0027095442404699867
v 1.4305114426349532e-08 -0.0033019056178203443 0.0027095442404699867
v 0.0009303092748602645 -0.0031681492216553697 0.0027095442404699867
v 0.0017852401334366179 -0.0027777161573384057 0.0027095442404699867
v 0.0024955391326053644 -0.0021622371190286316 0.0027095442404699867
v 0.0030036687179579883 -0.0013715745202100005 0.0027095442404699867
v 0.003268458770175456 -0.0004697829752463925 0.0027095442404699867
v 0.003268458770175456 0.00047007958285332635 0.0027095442404699867
v 0.0030036687179579883 0.00137187105331113 0.0027095442404699867
v 0.0024955391326053644 0.002162533652129761 0.0027095442404699867
v 0.0017852401334366179 0.0027780129884627525 0.0027095442404699867
v 0.0009303092748602645 0.0031684460527797165 0.0027095442404699867
v 1.4305114426349532e-08 -0.003266092465830761 0.002724652229443515
v 1.4305114426349532e-08 -0.0032765301329673036 0.0027164619553879956
v 1.4305114426349532e-08 -0.003288754747314271 0.002711304365590862
v 0.0009202217850039503 -0.003133786846687192 0.002724652229443515
v 0.0017658781610605538 -0.0027475883942636448 0.002724652229443515
v 0.002468473856110711 -0.0021387846289846746 0.002724652229443515
v 0.002971091204037715 -0.001356697201206597 0.002724652229443515
v 0.0032330106966269615 -0.00046468625669137537 0.002724652229443515
v 0.0032330106966269615 0.0004649828642983092 0.002724652229443515
v 0.002971091204037715 0.0013569937343077265 0.002724652229443515
v 0.002468473856110711 0.002139081162085804 0.002724652229443515
v 0.0017658781610605538 0.0027478852253879915 0.002724652229443515
v 0.0009202217850039503 0.003134083677811539 0.002724652229443515
v 0.00092660425022384 0.0031558280477860245 0.002711304365590862
v 0.0009231614860185652 0.0031440984500028524 0.0027164619553879956
v 0.0017781304915667222 0.0027669497705932744 0.002711304365590862
v 0.0017715215287017487 0.002756665883436815 0.0027164619553879956
v 0.002485601846450527 0.00215392182423349 0.002711304365590862
v 0.002476363126716843 0.002145916473584253 0.0027164619553879956
v 0.0029917048739260847 0.0013664079897163506 0.002711304365590862
v 0.0029805850316453357 0.0013613296740949965 0.0027164619553879956
v 0.003255441116047478 0.00046820803430211444 0.002711304365590862
v 0.0032433413734285236 0.00046646828651871614 0.0027164619553879956
v 0.003255441116047478 -0.0004679114266951806 0.002711304365590862
v 0.0032433413734285236 -0.0004661716789117823 0.0027164619553879956
v 0.0029917048739260847 -0.001366111456615221 0.002711304365590862
v 0.0029805850316453357 -0.001361033140993867 0.0027164619553879956
v 0.002485601846450527 -0.0021536252911323606 0.002711304365590862
v 0.002476363126716843 -0.0021456199404831233 0.0027164619553879956
v 0.0017781304915667222 -0.0027666529394689277 0.002711304365590862
v 0.0017715215287017487 -0.0027563690523124684 0.0027164619553879956
v 0.00092660425022384 -0.003155531216661678 0.002711304365590862
v 0.0009231614860185652 -0.0031438016188785056 0.0027164619553879956
v 1.4305114426349532e-08 -0.0033019062138667787 0.0027095442404699867
v 0.0009303092748602645 -0.0031681492216553697 0.0027095442404699867
v 0.0017852401334366179 -0.0027777161573384057 0.0027095442404699867
v 0.0024955391326053644 -0.0021622371190286316 0.0027095442404699867
v 0.0030036687179579883 -0.0013715745202100005 0.0027095442404699867
v 0.003268458770175456 -0.0004697829752463925 0.0027095442404699867
v 0.003268458770175456 0.00047007958285332635 0.0027095442404699867
v 0.0030036687179579883 0.00137187105331113 0.0027095442404699867
v 0.0024955391326053644 0.002162533652129761 0.0027095442404699867
v 0.0017852401334366179 0.0027780129884627525 0.0027095442404699867
v 0.0009303092748602645 0.0031684460527797165 0.0027095442404699867
v 1.4305114426349532e-08 0.0033022030449911255 0.0027095442404699867
v -0.0033020400262913116 1.4831703661453542e-07 0.0027095442404699867
v -0.0031895255329565967 -0.0008544862824420713 0.0027095442404699867
v -0.002859649594284977 -0.0016508790481639113 0.0027095442404699867
v -0.0023348903134117215 -0.0023347569480220154 0.0027095442404699867
v -0.0016510128605884426 -0.0028595148877907928 0.0027095442404699867
v -0.0008546209144304492 -0.003189391422508847 0.0027095442404699867
v -0.0008546209144304492 0.003189688253633194 0.0027095442404699867
v -0.0016510128605884426 0.0028598117189151395 0.0027095442404699867
v -0.0023348903134117215 0.002335053481123145 0.0027095442404699867
v -0.002859649594284977 0.0016511755812650408 0.0027095442404699867
v -0.0031895255329565967 0.0008547829645548094 0.0027095442404699867
v 1.4305114426349532e-08 0.0032531862723860216 0.0027095442404699867
v 0.0009165000710673617 0.0031214153068941375 0.0027095442404699867
v 0.0017587399089618054 0.0027367779000823655 0.0027095442404699867
v 0.0024584960387983323 0.0021304350615195533 0.0027095442404699867
v 0.0029590820604767946 0.001351509064029699 0.0027095442404699867
v 0.0032199405904127535 0.0004631038651666669 0.0027095442404699867
v 0.0032199405904127535 -0.00046280725755973307 0.0027095442404699867
v 0.0029590820604767946 -0.0013512125309285694 0.0027095442404699867
v 0.0024584960387983323 -0.0021301385284184238 0.0027095442404699867
v 0.0017587399089618054 -0.002736481068958019 0.0027095442404699867
v 0.0009165000710673617 -0.0031211184757697907 0.0027095442404699867
v 1.4305114426349532e-08 -0.003252889441261675 0.0027095442404699867
v -0.003253023551709425 1.4831712756400356e-07 0.0027095442404699867
v -0.0031421779883911176 0.0008420964887269622 0.0027095442404699867
v -0.0028171991672247846 0.001626667194962489 0.0027095442404699867
v -0.0023002314053424144 0.002300393380960969 0.0027095442404699867
v -0.0016265034312046304 0.0028173618879013818 0.0027095442404699867
v -0.0008419346621200149 0.0031423416031373663 0.0027095442404699867
v -0.0008419346621200149 -0.0031420447720130196 0.0027095442404699867
v -0.0016265034312046304 -0.002817065056777035 0.0027095442404699867
v -0.0023002314053424144 -0.0023000968478598394 0.0027095442404699867
v -0.0028171991672247846 -0.0016263706618613594 0.0027095442404699867
v -0.0031421779883911176 -0.000841799806614224 0.0027095442404699867
v -0.0033020400262913116 1.4831703661453542e-07 0.0027095442404699867
v -0.0031895255329565967 -0.0008544862824420713 0.0027095442404699867
v -0.002859649594284977 -0.0016508790481639113 0.0027095442404699867
v -0.0023348903134117215 -0.0023347569480220154 0.0027095442404699867
v -0.0016510128605884426 -0.0028595148877907928 0.0027095442404699867
v -0.0008546209144304492 -0.003189391422508847 0.0027095442404699867
v 1.4305114426349532e-08 -0.0033019056178203443 0.0027095442404699867
v 1.4305114426349532e-08 0.003302202448944691 0.0027095442404699867
v -0.0008546209144304492 0.003189688253633194 0.0027095442404699867
v -0.0016510128605884426 0.0028598117189151395 0.0027095442404699867
v -0.0023348903134117215 0.002335053481123145 0.0027095442404699867
v -0.002859649594284977 0.0016511755812650408 0.0027095442404699867
v -0.0031895255329565967 0.0008547829645548094 0.0027095442404699867
v 1.4305114426349532e-08 0.003266389296955108 0.002724652229443515
v 1.4305114426349532e-08 0.0032768269640916503 0.0027164619553879956
v 1.4305114426349532e-08 0.0032890515784386176 0.002711304365590862
v -0.0009201931747750976 0.003134083677811539 0.002724652229443515
v -0.001765849550831701 0.0027478852253879915 0.002724652229443515
v -0.0024684452458818584 0.002139081162085804 0.002724652229443515
v -0.0029710625938088623 0.0013569937343077265 0.002724652229443515
v -0.003232982086398109 0.0004649828642983092 0.002724652229443515
v -0.003232982086398109 -0.00046468625669137537 0.002724652229443515
v -0.0029710625938088623 -0.001356697201206597 0.002724652229443515
v -0.0024684452458818584 -0.0021387846289846746 0.002724652229443515
v -0.001765849550831701 -0.0027475883942636448 0.002724652229443515
v -0.0009201931747750976 -0.003133786846687192 0.002724652229443515
v 1.4305114426349532e-08 -0.003266092465830761 0.0027246528254899496
v 1.4305114426349532e-08 -0.0032765301329673036 0.0027164619553879956
v 1.4305114426349532e-08 -0.003288754747314271 0.002711304365590862
v -0.000851216297196978 -0.0031766881828750315 0.002711304365590862
v -0.000848052482723017 -0.0031648799069625144 0.0027164619553879956
v -0.0016444372763237973 -0.0028481253344984636 0.002711304365590862
v -0.0016383242240922706 -0.002837538357730096 0.0027164619553879956
v -0.0023255919890345944 -0.002325457580563628 0.002711304365590862
v -0.002316946931549604 -0.002316813417148289 0.0027164619553879956
v -0.00247633451648799 -0.0021456199404831233 0.0027164619553879956
v -0.002848260339015865 -0.0016443033148876574 0.002711304365590862
v -0.0028376721701546285 -0.0016381910077141737 0.0027164619553879956
v -0.002980556421416483 -0.001361033140993867 0.0027164619553879956
v -0.0031768225913459984 -0.0008510824847724474 0.002711304365590862
v -0.003165013719387047 -0.0008479184467810735 0.0027164619553879956
v -0.003243312763199671 -0.0004661716789117823 0.0027164619553879956
v -0.003288888857762021 1.4831703661453542e-07 0.002711304365590862
v -0.0032766651374847053 1.4831703661453542e-07 0.0027164619553879956
v -0.003243312763199671 0.00046646828651871614 0.0027164619553879956
v -0.0031768225913459984 0.0008513791668851856 0.002711304365590862
v -0.003165013719387047 0.0008482151288938117 0.0027164619553879956
v -0.002980556421416483 0.0013613296740949965 0.0027164619553879956
v -0.002848260339015865 0.0016445998479887869 0.002711304365590862
v -0.0028376721701546285 0.0016384875408153032 0.0027164619553879956
v -0.00247633451648799 0.002145916473584253 0.0027164619553879956
v -0.001771492918472896 0.002756665883436815 0.0027164619553879956
v -0.0009231328757897125 0.0031440984500028524 0.0027164619553879956
v 1.4305114426349532e-08 -0.003252889441261675 0.0027095442404699867
v 1.4305114426349532e-08 -0.00305699460826081 0.0029095440452647794
v 1.4305114426349532e-08 0.0032531862723860216 0.0027095442404699867
v 0.0009165000710673617 0.0031214153068941375 0.0027095442404699867
v 0.0017587399089618054 0.0027367779000823655 0.0027095442404699867
v 0.0024584960387983323 0.0021304350615195533 0.0027095442404699867
v 0.0029590820604767946 0.001351509064029699 0.0027095442404699867
v 0.0032199405904127535 0.0004631038651666669 0.0027095442404699867
v 0.0032199405904127535 -0.00046280725755973307 0.0027095442404699867
v 0.0029590820604767946 -0.0013512125309285694 0.0027095442404699867
v 0.0024584960387983323 -0.0021301385284184238 0.0027095442404699867
v 0.0017587399089618054 -0.002736481068958019 0.0027095442404699867
v 0.0009165000710673617 -0.0031211184757697907 0.0027095442404699867
v 1.4305114426349532e-08 0.003057291439385157 0.0029095440452647794
v 0.0009447240618305494 -0.002907367283686235 0.0029095440452647794
v 0.0017969584063375359 -0.002473132257019006 0.0029095440452647794
v 0.002473294679672391 -0.0017967952386261088 0.0029095440452647794
v 0.0029075311964557064 -0.0009445607451075144 0.0029095440452647794
v 0.003057157924983847 1.4831712756400356e-07 0.0029095440452647794
v 0.0029075311964557064 0.0009448574272202526 0.0029095440452647794
v 0.002473294679672391 0.0017970917717272383 0.0029095440452647794
v 0.0017969584063375359 0.0024734287901201357 0.0029095440452647794
v 0.0009447240618305494 0.002907664114810582 0.0029095440452647794
v 1.4305114426349532e-08 1.4831712756400356e-07 0.004077278880537773
v 1.4305114426349532e-08 1.4831712756400356e-07 0.004077278880537773
v 1.4305114426349532e-08 -0.00305699460826081 0.0029095440452647794
v 1.4305114426349532e-08 -0.001638009660586498 0.0037740337005101065
v 0.0009447240618305494 -0.002907367283686235 0.0029095440452647794
v 0.0017969584063375359 -0.002473132257019006 0.0029095440452647794
v 0.002473294679672391 -0.0017967952386261088 0.0029095440452647794
v 0.0029075311964557064 -0.0009445607451075144 0.0029095440452647794
v 0.003057157924983847 1.4831712756400356e-07 0.0029095440452647794
v 0.0029075311964557064 0.0009448574272202526 0.0029095440452647794
v 0.002473294679672391 0.0017970917717272383 0.0029095440452647794
v 0.0017969584063375359 0.0024734287901201357 0.0029095440452647794
v 0.0009447240618305494 0.002907664114810582 0.0029095440452647794
v 1.4305114426349532e-08 0.003057291439385157 0.0029095440452647794
v 8.177757080396482e-07 0.0016383058956644103 0.0037740337005101065
v 0.0005062317735053949 0.0015581290075601106 0.0037740337005101065
v 0.0009628987097092265 0.0013254457415913246 0.0037740337005101065
v 0.0013253116311435786 0.0009630333416976028 0.0037740337005101065
v 0.0015579938540311047 0.0005063669270344018 0.0037740337005101065
v 0.0016381716362050562 1.4831712756400356e-07 0.0037740337005101065
v 0.0015579938540311047 -0.0005060703194274679 0.0037740337005101065
v 0.0013253116311435786 -0.0009627366595848647 0.0037740337005101065
v 0.0009628987097092265 -0.001325149208490195 0.0037740337005101065
v 0.0005062317735053949 -0.001557832474458981 0.0037740337005101065
v 1.4305114426349532e-08 1.4831712756400356e-07 0.004077278880537773
v 1.4305114426349532e-08 1.4831712756400356e-07 0.004077278880537773
v 1.4305114426349532e-08 0.003057291439385157 0.0029095440452647794
v 1.4305114426349532e-08 0.0016383061936876275 0.0037740337005101065
v -0.0009446954516016967 0.002907664114810582 0.0029095440452647794
v -0.0017969297961086832 0.0024734287901201357 0.0029095440452647794
v -0.002473266069443538 0.0017970917717272383 0.0029095440452647794
v -0.0029075025862268537 0.0009448574272202526 0.0029095440452647794
v -0.003057129314754994 1.4831712756400356e-07 0.0029095440452647794
v -0.0029075025862268537 -0.0009445607451075144 0.0029095440452647794
v -0.002473266069443538 -0.0017967952386261088 0.0029095440452647794
v -0.0017969297961086832 -0.002473132257019006 0.0029095440452647794
v -0.0009446954516016967 -0.002907367283686235 0.0029095440452647794
v 1.4305114426349532e-08 -0.00305699460826081 0.0029095440452647794
v -7.891654791869491e-07 -0.0016380093625632808 0.0037740337005101065
v -0.0005062031632765422 -0.001557832474458981 0.0037740337005101065
v -0.0009628700994803738 -0.001325149208490195 0.0037740337005101065
v -0.001325283020914726 -0.0009627366595848647 0.0037740337005101065
v -0.001557965243802252 -0.0005060703194274679 0.0037740337005101065
v -0.0016381430259762035 1.4831712756400356e-07 0.0037740337005101065
v -0.001557965243802252 0.0005063669270344018 0.0037740337005101065
v -0.001325283020914726 0.0009630333416976028 0.0037740337005101065
v -0.0009628700994803738 0.0013254457415913246 0.0037740337005101065
v -0.0005062031632765422 0.0015581290075601106 0.0037740337005101065
v 1.4305114426349532e-08 0.003057291439385157 0.0029095440452647794
v -0.0009446954516016967 0.002907664114810582 0.0029095440452647794
v -0.0017969297961086832 0.0024734287901201357 0.0029095440452647794
v -0.002473266069443538 0.0017970917717272383 0.0029095440452647794
v -0.0029075025862268537 0.0009448574272202526 0.0029095440452647794
v -0.003057129314754994 1.4831712756400356e-07 0.0029095440452647794
v -0.0029075025862268537 -0.0009445607451075144 0.0029095440452647794
v -0.002473266069443538 -0.0017967952386261088 0.0029095440452647794
v -0.0017969297961086832 -0.002473132257019006 0.0029095440452647794
v -0.0009446954516016967 -0.002907367283686235 0.0029095440452647794
v 1.4305114426349532e-08 -0.00305699460826081 0.0029095440452647794
v 1.4305114426349532e-08 0.0032531862723860216 0.0027095442404699867
v -0.003253023551709425 1.4831712756400356e-07 0.0027095442404699867
v -0.0031421779883911176 0.0008420964887269622 0.0027095442404699867
v -0.0028171991672247846 0.001626667194962489 0.0027095442404699867
v -0.0023002314053424144 0.002300393380960969 0.0027095442404699867
v -0.0016265034312046304 0.0028173618879013818 0.0027095442404699867
v -0.0008419346621200149 0.0031423416031373663 0.0027095442404699867
v 1.4305114426349532e-08 -0.003252889441261675 0.0027095436444235523
v -0.0008419346621200149 -0.0031420447720130196 0.0027095442404699867
v -0.0016265034312046304 -0.002817065056777035 0.0027095442404699867
v -0.0023002314053424144 -0.0023000968478598394 0.0027095442404699867
v -0.0028171991672247846 -0.0016263706618613594 0.0027095442404699867
v -0.0031421779883911176 -0.000841799806614224 0.0027095442404699867
v 1.4305114426349532e-08 -0.0034505563203121037 0.003200501728046647
v -0.0009721612713002878 -0.0033107780670200704 0.003200501728046647
v -0.0018655776560549968 -0.002902768487421381 0.003200501728046647
v -0.00260785335433811 -0.00225958237961868 0.003200501728046647
v -0.0031388568176584667 -0.0014333259738983362 0.003200501728046647
v -0.003415567798564559 -0.0004909381160675408 0.003200501728046647
v -0.003415567798564559 0.0004912347236744746 0.003200501728046647
v -0.0031388568176584667 0.0014336225069994657 0.003200501728046647
v -0.00260785335433811 0.0022598789127198093 0.003200501728046647
v -0.0018655776560549968 0.002903065318545728 0.003200501728046647
v -0.0009721612713002878 0.003311074898144417 0.003200501728046647
v 1.4305114426349532e-08 0.0034508531514364504 0.003200501728046647
v 1.4305114426349532e-08 0.0034795313295826746 0.0032095437524569687
v 1.4305114426349532e-08 0.003469420891938635 0.0032085108039860994
v 1.4305114426349532e-08 0.0034597279848219142 0.0032054548739167705
v -0.003479368608906078 1.4831712756400356e-07 0.0032095437524569687
v -0.0033608125889119686 0.0009006789125350356 0.0032095437524569687
v -0.0030132197660233144 0.0017398397235608154 0.0032095437524569687
v -0.0024602817939158883 0.0024604434715112256 0.0032095437524569687
v -0.0017396783439886947 0.0030133824866999115 0.0032095437524569687
v -0.0009005164898816539 0.0033609741174956964 0.0032095437524569687
v 1.4305114426349532e-08 -0.003479234498458328 0.0032095437524569687
v -0.0009005164898816539 -0.0033606772863713497 0.0032095437524569687
v -0.0017396783439886947 -0.0030130856555755647 0.0032095437524569687
v -0.0024602817939158883 -0.002460146938410096 0.0032095437524569687
v -0.0030132197660233144 -0.0017395431904596859 0.0032095437524569687
v -0.0033608125889119686 -0.0009003822304222975 0.0032095437524569687
v 1.4305114426349532e-08 -0.003469124060814288 0.0032085108039860994
v 1.4305114426349532e-08 -0.0034594311536975675 0.0032054548739167705
v -0.0008978986539416319 -0.003350911363566411 0.0032085108039860994
v -0.00173462148603898 -0.0030043294354305528 0.0032085108039860994
v -0.0024531316208884512 -0.0024529978084639192 0.0032085108039860994
v -0.0030044626518086507 -0.001734487971637666 0.0032085108039860994
v -0.0031469296705664033 -0.0014370129681301191 0.0032054548739167705
v -0.00315574638942451 -0.0014410395598179193 0.0032085108039860994
v -0.0033510445799445096 -0.0008977654375635358 0.0032085108039860994
v -0.0034243511388223377 -0.0004922012129679049 0.0032054548739167705
v -0.0034339451022309428 -0.0004935806134287873 0.0032085108039860994
v -0.0034692572771923866 1.4831712756400356e-07 0.0032085108039860994
v -0.0034243511388223377 0.0004924978205748387 0.0032054548739167705
v -0.0034339451022309428 0.0004938772210357212 0.0032085108039860994
v -0.0033510445799445096 0.0008980621196762739 0.0032085108039860994
v -0.0031469296705664033 0.0014373095012312487 0.0032054548739167705
v -0.00315574638942451 0.0014413360929190489 0.0032085108039860994
v -0.0030044626518086507 0.0017347845047387955 0.0032085108039860994
v -0.002614562453004068 0.002265691110513557 0.0032054548739167705
v -0.0026218866715903588 0.0022720385580054236 0.0032085108039860994
v -0.0018703746377592993 0.002910531992229848 0.0032054548739167705
v -0.001875615078010819 0.002918685907452867 0.0032085108039860994
v -0.0009746622821391613 0.003319590613553136 0.0032054548739167705
v -0.0009773921748088563 0.0033288907260695666 0.0032085108039860994
v 0.0021047734743779873 0.005081485992338819 0.0014902430439686096
v 0.0021160983566321807 0.005054073220772892 0.0020902430543994223
v 0.0019134306479968739 0.004619545833329575 0.0014902430439686096
v 0.0019247531460653295 0.004592129485485041 0.0020902430543994223
v 0.0031026982567601306 0.004516044456153112 0.0020902430543994223
v 0.0027863811823789523 0.004717787994791833 0.0020902430543994223
v 0.002456998770155041 0.004897411654202377 0.0020902430543994223
v 0.0021160983566321807 0.005054073220772892 0.0020902430543994223
v 0.0019247531460653295 0.004592129485485041 0.0020902430543994223
v 0.0027749299382806595 0.004134245720485319 0.0020902430543994223
v 0.0035207318472698676 0.003520866553764046 0.0020902430543994223
v 0.004134111312014358 0.0027750634526819695 0.0020902430543994223
v 0.004591996567130168 0.0019248878525595092 0.0020902430543994223
v 0.005053938514278715 0.0021162311259754485 0.0020902430543994223
v 0.004897277245731417 0.002457132880602786 0.0020902430543994223
v 0.0047176550764369595 0.0027865146967802623 0.0020902430543994223
v 0.004515910047682152 0.0031028314731382234 0.0020902430543994223
v 0.004008796125453799 0.0035369162961039757 0.0020902430543994223
v 0.0035367821856562317 0.004008930533924759 0.0020902430543994223
v 0.004531385797305725 0.0031173061627751686 0.0014902430439686096
v 0.004515910047682152 0.0031028314731382234 0.0020902430543994223
v 0.004008796125453799 0.0035369162961039757 0.0020902430543994223
v 0.0035367821856562317 0.004008930533924759 0.0020902430543994223
v 0.0031026982567601306 0.004516044456153112 0.0020902430543994223
v 0.0031171726483738586 0.00453151960973025 0.0014902430439686096
v 0.00355144492794324 0.004023933916749045 0.0014902430439686096
v 0.0040237998063013015 0.0035515796344374184 0.0014902430439686096
v 0.005053938514278715 0.0021162311259754485 0.0020902430543994223
v 0.004897277245731417 0.002457132880602786 0.0020902430543994223
v 0.0047176550764369595 0.0027865146967802623 0.0020902430543994223
v 0.004515910047682152 0.0031028314731382234 0.0020902430543994223
v 0.005081351881891076 0.0021049071377909068 0.0014902430439686096
v 0.004531385797305725 0.0031173061627751686 0.0014902430439686096
v 0.004738185299824509 0.0027929502101328163 0.0014902430439686096
v 0.004921805748601131 0.002454932575190083 0.0014902430439686096
v 0.004619412318928266 0.0019135653544910536 0.0014902430439686096
v 0.004591996567130168 0.0019248878525595092 0.0020902430543994223
v 0.005081351881891076 0.0021049071377909068 0.0014902430439686096
v 0.005053938514278715 0.0021162311259754485 0.0020902430543994223
v 0.0021047734743779873 0.005081485992338819 0.0014902430439686096
v 0.002454798166719121 0.004921940157072091 0.0014902430439686096
v 0.002792816099685072 0.0047383185162026 0.0014902430439686096
v 0.0031171726483738586 0.00453151960973025 0.0014902430439686096
v 0.0021160983566321807 0.005054073220772892 0.0020902430543994223
v 0.0031026982567601306 0.004516044456153112 0.0020902430543994223
v 0.0027863811823789523 0.004717787994791833 0.0020902430543994223
v 0.002456998770155041 0.004897411654202377 0.0020902430543994223
v 0.005081351881891076 -0.0021046106046897772 0.0014902430439686096
v 0.005053938514278715 -0.002115934592874319 0.0020902430543994223
v 0.004619412318928266 -0.001913268821389924 0.0014902430439686096
v 0.004591996567130168 -0.0019245913194583797 0.0020902430543994223
v 0.004515910047682152 -0.0031025346420138766 0.0020902430543994223
v 0.0047176550764369595 -0.0027862178656559156 0.0020902430543994223
v 0.004897277245731417 -0.0024568363475016564 0.0020902430543994223
v 0.005053938514278715 -0.002115934592874319 0.0020902430543994223
v 0.004591996567130168 -0.0019245913194583797 0.0020902430543994223
v 0.004134111312014358 -0.0027747666215576228 0.0020902430543994223
v 0.0035207318472698676 -0.0035205697226396993 0.0020902430543994223
v 0.0027749299382806595 -0.004133948889360972 0.0020902430543994223
v 0.0019247531460653295 -0.004591832654360695 0.0020902430543994223
v 0.0021160983566321807 -0.0050537763896485455 0.0020902430543994223
v 0.002456998770155041 -0.00489711482307803 0.0020902430543994223
v 0.0027863811823789523 -0.0047174911636674866 0.0020902430543994223
v 0.0031026982567601306 -0.004515747625028765 0.0020902430543994223
v 0.0035367821856562317 -0.004008633702800413 0.0020902430543994223
v 0.004008796125453799 -0.003536619464979629 0.0020902430543994223
v 0.0031171726483738586 -0.004531222778605903 0.0014902430439686096
v 0.0031026982567601306 -0.004515747625028765 0.0020902430543994223
v 0.0035367821856562317 -0.004008633702800413 0.0020902430543994223
v 0.004008796125453799 -0.003536619464979629 0.0020902430543994223
v 0.004515910047682152 -0.0031025346420138766 0.0020902430543994223
v 0.004531385797305725 -0.003117009331650822 0.0014902430439686096
v 0.0040237998063013015 -0.0035512828033130717 0.0014902430439686096
v 0.00355144492794324 -0.004023637085624698 0.0014902430439686096
v 0.0021160983566321807 -0.0050537763896485455 0.0020902430543994223
v 0.002456998770155041 -0.00489711482307803 0.0020902430543994223
v 0.0027863811823789523 -0.0047174911636674866 0.0020902430543994223
v 0.0031026982567601306 -0.004515747625028765 0.0020902430543994223
v 0.0021047734743779873 -0.005081189161214472 0.0014902430439686096
v 0.0031171726483738586 -0.004531222778605903 0.0014902430439686096
v 0.002792816099685072 -0.004738021685078253 0.0014902430439686096
v 0.002454798166719121 -0.004921643325947744 0.0014902430439686096
v 0.0019134306479968739 -0.004619249002205228 0.0014902430439686096
v 0.0019247531460653295 -0.004591832654360695 0.0020902430543994223
v 0.0021047734743779873 -0.005081189161214472 0.0014902430439686096
v 0.0021160983566321807 -0.0050537763896485455 0.0020902430543994223
v 0.005081351881891076 -0.0021046106046897772 0.0014902430439686096
v 0.004921805748601131 -0.0024546360420889535 0.0014902430439686096
v 0.004738185299824509 -0.0027926533790084695 0.0014902430439686096
v 0.004531385797305725 -0.003117009331650822 0.0014902430439686096
v 0.005053938514278715 -0.002115934592874319 0.0020902430543994223
v 0.004515910047682152 -0.0031025346420138766 0.0020902430543994223
v 0.0047176550764369595 -0.0027862178656559156 0.0020902430543994223
v 0.004897277245731417 -0.0024568363475016564 0.0020902430543994223
v -0.0021047448641491346 -0.005081189161214472 0.0014902430439686096
v -0.002116069746403328 -0.0050537763896485455 0.0020902430543994223
v -0.0019134020377680212 -0.004619249002205228 0.0014902430439686096
v -0.0019247245358364768 -0.004591832654360695 0.0020902430543994223
v -0.0021047448641491346 -0.005081189161214472 0.0014902430439686096
v -0.0024547695564902682 -0.004921643325947744 0.0014902430439686096
v -0.002792787489456219 -0.004738021685078253 0.0014902430439686096
v -0.003117144038145006 -0.004531222778605903 0.0014902430439686096
v -0.002116069746403328 -0.0050537763896485455 0.0020902430543994223
v -0.003102669646531278 -0.004515747625028765 0.0020902430543994223
v -0.0027863525721500996 -0.0047174911636674866 0.0020902430543994223
v -0.0024569701599261883 -0.00489711482307803 0.0020902430543994223
v -0.005081322079569355 0.0021049071377909068 0.0014902430439686096
v -0.005053911096142731 0.0021162311259754485 0.0020902430543994223
v -0.004619383708699414 0.0019135653544910536 0.0014902430439686096
v -0.004591967956901315 0.0019248878525595092 0.0020902430543994223
v -0.0045158814374532995 0.0031028314731382234 0.0020902430543994223
v -0.004717626466208107 0.0027865146967802623 0.0020902430543994223
v -0.0048972486355025645 0.002457132880602786 0.0020902430543994223
v -0.005053911096142731 0.0021162311259754485 0.0020902430543994223
v -0.004591967956901315 0.0019248878525595092 0.0020902430543994223
v -0.0041340827017855054 0.0027750634526819695 0.0020902430543994223
v -0.003520703237041015 0.003520866553764046 0.0020902430543994223
v -0.002774901328051807 0.004134245720485319 0.0020902430543994223
v -0.0019247245358364768 0.004592129485485041 0.0020902430543994223
v -0.002116069746403328 0.005054073220772892 0.0020902430543994223
v -0.0024569701599261883 0.004897411654202377 0.0020902430543994223
v -0.0027863525721500996 0.004717787994791833 0.0020902430543994223
v -0.003102669646531278 0.004516044456153112 0.0020902430543994223
v -0.003536753575427379 0.004008930533924759 0.0020902430543994223
v -0.004008767515224946 0.0035369162961039757 0.0020902430543994223
v -0.004638101950926292 0.002139955860228332 0.0020902430543994223
v -0.004827086817612796 0.0022353903449612023 0.0020902430543994223
v -0.0048107241508947894 0.002267756858443687 0.0020902430543994223
v -0.0047342609301002135 0.002229163149837482 0.0020902430543994223
v -0.004600593940900404 0.002493743989756464 0.0020902430543994223
v -0.0046909593487316536 0.0025096740757746816 0.0020902430543994223
v -0.004673292532415112 0.0025446473983381512 0.0020902430543994223
v -0.004540495771009572 0.002522490266207822 0.0020902430543994223
v -0.004697983159914991 0.0022107713920450633 0.0020902430543994223
v -0.004621736900022548 0.002172322522722425 0.0020902430543994223
v -0.0022891973937482235 0.0048156522628146625 0.0020902430543994223
v -0.002203166435588157 0.00472609419987885 0.0020902430543994223
v -0.002260711142553886 0.004555362659200368 0.0020902430543994223
v -0.0024651693746782243 0.004446177979271604 0.0020902430543994223
v -0.0024904179016407312 0.004493434328732615 0.0020902430543994223
v -0.0024411606242993344 0.0045197298112572 0.0020902430543994223
v -0.0024421142985944244 0.004521444934872276 0.0020902430543994223
v -0.002549962940440411 0.0045873748230775835 0.0020902430543994223
v -0.002513093892192233 0.004735431267274215 0.0020902430543994223
v -0.0023565577933961656 0.004686650529057146 0.0020902430543994223
v -0.0022926282370248096 0.0045994745656965375 0.0020902430543994223
v -0.0022458481286649085 0.004707991971641956 0.0020902430543994223
v -0.0023390268756666743 0.00478907067800155 0.0020902430543994223
v -0.003117144038145006 0.00453151960973025 0.0014902430439686096
v -0.003102669646531278 0.004516044456153112 0.0020902430543994223
v -0.003536753575427379 0.004008930533924759 0.0020902430543994223
v -0.004008767515224946 0.0035369162961039757 0.0020902430543994223
v -0.0045158814374532995 0.0031028314731382234 0.0020902430543994223
v -0.004531357187076872 0.0031173061627751686 0.0014902430439686096
v -0.004023771196072449 0.0035515796344374184 0.0014902430439686096
v -0.0035514163177143873 0.004023933916749045 0.0014902430439686096
v -0.002116069746403328 0.005054073220772892 0.0020902430543994223
v -0.0024569701599261883 0.004897411654202377 0.0020902430543994223
v -0.0027863525721500996 0.004717787994791833 0.0020902430543994223
v -0.003102669646531278 0.004516044456153112 0.0020902430543994223
v -0.0021047448641491346 0.005081485992338819 0.0014902430439686096
v -0.003117144038145006 0.00453151960973025 0.0014902430439686096
v -0.002792787489456219 0.0047383185162026 0.0014902430439686096
v -0.0024547695564902682 0.004921940157072091 0.0014902430439686096
v -0.0019134020377680212 0.004619545833329575 0.0014902430439686096
v -0.0019247245358364768 0.004592129485485041 0.0020902430543994223
v -0.0021047448641491346 0.005081485992338819 0.0014902430439686096
v -0.002116069746403328 0.005054073220772892 0.0020902430543994223
v -0.005081322079569355 0.0021049071377909068 0.0014902430439686096
v -0.0049217771383722785 0.002454932575190083 0.0014902430439686096
v -0.004738156689595656 0.0027929502101328163 0.0014902430439686096
v -0.004531357187076872 0.0031173061627751686 0.0014902430439686096
v -0.005053911096142731 0.0021162311259754485 0.0020902430543994223
v -0.0045158814374532995 0.0031028314731382234 0.0020902430543994223
v -0.004717626466208107 0.0027865146967802623 0.0020902430543994223
v -0.0048972486355025645 0.002457132880602786 0.0020902430543994223
v -0.004621736900022548 0.002172322522722425 0.0020902430543994223
v -0.004621736900022548 0.002172322522722425 0.0021202426674907806
v -0.004638101950926292 0.002139955860228332 0.0021202426674907806
v -0.004638101950926292 0.002139955860228332 0.0020902430543994223
v -0.004638101950926292 0.002139955860228332 0.0020902430543994223
v -0.004638101950926292 0.002139955860228332 0.0021202426674907806
v -0.004827086817612796 0.0022353903449612023 0.0021202426674907806
v -0.004827086817612796 0.0022353903449612023 0.0020902430543994223
v -0.004827086817612796 0.0022353903449612023 0.0020902430543994223
v -0.004827086817612796 0.0022353903449612023 0.0021202426674907806
v -0.0048107241508947894 0.002267756858443687 0.0021202426674907806
v -0.0048107241508947894 0.002267756858443687 0.0020902430543994223
v -0.0048107241508947894 0.002267756858443687 0.0020902430543994223
v -0.0048107241508947894 0.002267756858443687 0.0021202426674907806
v -0.0047342609301002135 0.002229163149837482 0.0021202426674907806
v -0.0047342609301002135 0.002229163149837482 0.0020902430543994223
v -0.0047342609301002135 0.002229163149837482 0.0020902430543994223
v -0.0047342609301002135 0.002229163149837482 0.0021202426674907806
v -0.004600593940900404 0.002493743989756464 0.0021202426674907806
v -0.004600593940900404 0.002493743989756464 0.0020902430543994223
v -0.004600593940900404 0.002493743989756464 0.0020902430543994223
v -0.004600593940900404 0.002493743989756464 0.0021202426674907806
v -0.0046909593487316536 0.0025096740757746816 0.0021202426674907806
v -0.0046909593487316536 0.0025096740757746816 0.0020902430543994223
v -0.0046909593487316536 0.0025096740757746816 0.0020902430543994223
v -0.0046909593487316536 0.0025096740757746816 0.0021202426674907806
v -0.004673292532415112 0.0025446473983381512 0.0021202426674907806
v -0.004673292532415112 0.0025446473983381512 0.0020902430543994223
v -0.004673292532415112 0.0025446473983381512 0.0020902430543994223
v -0.004673292532415112 0.0025446473983381512 0.0021202426674907806
v -0.004540495771009572 0.002522490266207822 0.0021202426674907806
v -0.004540495771009572 0.002522490266207822 0.0020902430543994223
v -0.004540495771009572 0.002522490266207822 0.0020902430543994223
v -0.004540495771009572 0.002522490266207822 0.0021202426674907806
v -0.004697983159914991 0.0022107713920450633 0.0021202426674907806
v -0.004697983159914991 0.0022107713920450633 0.0020902430543994223
v -0.004697983159914991 0.0022107713920450633 0.0020902430543994223
v -0.004697983159914991 0.0022107713920450633 0.0021202426674907806
v -0.004621736900022548 0.002172322522722425 0.0021202426674907806
v -0.004621736900022548 0.002172322522722425 0.0020902430543994223
v -0.004638101950926292 0.002139955860228332 0.0021202426674907806
v -0.004621736900022548 0.002172322522722425 0.0021202426674907806
v -0.004827086817612796 0.0022353903449612023 0.0021202426674907806
v -0.0048107241508947894 0.002267756858443687 0.0021202426674907806
v -0.0047342609301002135 0.002229163149837482 0.0021202426674907806
v -0.004600593940900404 0.002493743989756464 0.0021202426674907806
v -0.0046909593487316536 0.0025096740757746816 0.0021202426674907806
v -0.004673292532415112 0.0025446473983381512 0.0021202426674907806
v -0.004540495771009572 0.002522490266207822 0.0021202426674907806
v -0.004697983159914991 0.0022107713920450633 0.0021202426674907806
v -0.0023390268756666743 0.00478907067800155 0.0021202426674907806
v -0.0023390268756666743 0.00478907067800155 0.0020902430543994223
v -0.0022891973937482235 0.0048156522628146625 0.0021202426674907806
v -0.0022891973937482235 0.0048156522628146625 0.0020902430543994223
v -0.0022891973937482235 0.0048156522628146625 0.0020902430543994223
v -0.0022891973937482235 0.0048156522628146625 0.0021202426674907806
v -0.002203166435588157 0.00472609419987885 0.0021202426674907806
v -0.002203166435588157 0.00472609419987885 0.0020902430543994223
v -0.0022395896411033806 0.00477724243453348 0.0021052431589683187
v -0.002203166435588157 0.00472609419987885 0.0020902430543994223
v -0.002203166435588157 0.00472609419987885 0.0021202426674907806
v -0.002260711142553886 0.004555362659200368 0.0021202426674907806
v -0.002260711142553886 0.004555362659200368 0.0020902430543994223
v -0.00221835846710894 0.004584728078885492 0.0020977431066838705
v -0.00221835846710894 0.004584728078885492 0.002112743211252767
v -0.002183854531112585 0.0046649398357062055 0.0021183681014544944
v -0.0021854972350858776 0.004677756026139346 0.0020977431066838705
v -0.0021854972350858776 0.004677756026139346 0.002112743211252767
v -0.0021839379776134055 0.004652028873889991 0.0021014928348028774
v -0.0021839379776134055 0.004652028873889991 0.0021089928870873255
v -0.002188363026342623 0.004690345718927402 0.0020921176204357086
v -0.0021839379776134055 0.004652028873889991 0.002112743211252767
v -0.002185649822973092 0.004639227882640928 0.002114617777289053
v -0.0021891641127504986 0.00462680001645982 0.002112743211252767
v -0.0021891641127504986 0.00462680001645982 0.0021052431589683187
v -0.002194440315788084 0.0046150161784511146 0.00209586794460115
v -0.0021891641127504986 0.00462680001645982 0.0020977431066838705
v -0.0022012805446696166 0.0046040566726612275 0.0021164929393717737
v -0.002209296177119848 0.004593932227925979 0.0020921176204357086
v -0.002187182854402449 0.004632952109732802 0.002117430520413134
v -0.002183666180439305 0.004658486440960619 0.0020911806354407827
v -0.0021839379776134055 0.004652028873889991 0.002093992782518429
v -0.002185649822973092 0.004639227882640928 0.0020921176204357086
v -0.0022051453097504687 0.004598882095540713 0.0021193056824958547
v -0.002191579292902814 0.004620806769561614 0.002093055201477069
v -0.0021836971748538953 0.0046617152244959326 0.0021197741749933176
v -0.002188119839397375 0.004629858926761321 0.0021188365939519573
v -0.0021903156744618197 0.004623780743246209 0.0020916491279382456
v -0.002194440315788084 0.0046150161784511146 0.0020921176204357086
v -0.0022071861727419612 0.004596378402492884 0.0020907115468968853
v -0.002183666180439305 0.004660101130751493 0.002090477300648154
v -0.0021886276709595105 0.004628324703239095 0.002119539928744586
v -0.0021897267805846016 0.004625284866423496 0.0020909457931456168
v -0.002206158588689002 0.004597623245471194 0.002120008421242049
v -0.0021836781013679935 0.00466090847564693 0.002120125842389632
v -0.002188892315576398 0.004627561167756589 0.0021198915961409006
v -0.0021894430624818124 0.004626041249348789 0.0020905947217957368
v -0.0022066711886226126 0.004596998886831127 0.002090359879500571
v -0.0021890282141634482 0.004627180294084987 0.002120067429839058
v -0.0021893023955232866 0.004626420334881087 0.0020904188880975796
v -0.002260711142553886 0.004555362659200368 0.0021202426674907806
v -0.002260711142553886 0.004555362659200368 0.0020902430543994223
v -0.0024651693746782243 0.004446177979271604 0.0021202426674907806
v -0.0024651693746782243 0.004446177979271604 0.0020902430543994223
v -0.0024651693746782243 0.004446177979271604 0.0020902430543994223
v -0.0024651693746782243 0.004446177979271604 0.0021202426674907806
v -0.0024904179016407312 0.004493434328732615 0.0021202426674907806
v -0.0024904179016407312 0.004493434328732615 0.0020902430543994223
v -0.0024904179016407312 0.004493434328732615 0.0020902430543994223
v -0.0024904179016407312 0.004493434328732615 0.0021202426674907806
v -0.0024411606242993344 0.0045197298112572 0.0021202426674907806
v -0.0024411606242993344 0.0045197298112572 0.0020902430543994223
v -0.0024411606242993344 0.0045197298112572 0.0020902430543994223
v -0.0024411606242993344 0.0045197298112572 0.0021202426674907806
v -0.0024421142985944244 0.004521444934872276 0.0021202426674907806
v -0.0024421142985944244 0.004521444934872276 0.0020902430543994223
v -0.0024421142985944244 0.004521444934872276 0.0020902430543994223
v -0.0024421142985944244 0.004521444934872276 0.0021202426674907806
v -0.002549962940440411 0.0045873748230775835 0.0021202426674907806
v -0.002549962940440411 0.0045873748230775835 0.0020902430543994223
v -0.0025311254889266465 0.004560023444294403 0.0020977431066838705
v -0.0025311254889266465 0.004560023444294403 0.002112743211252767
v -0.0024907636085727014 0.004531330066964101 0.002093992782518429
v -0.0024907636085727014 0.004531330066964101 0.0021164929393717737
v -0.0025056170857187276 0.004538811939832299 0.0021052431589683187
v -0.0025253366859554504 0.00455404807878923 0.0021183681014544944
v -0.0025253366859554504 0.00455404807878923 0.0020921176204357086
v -0.0024868964593061115 0.0045297895849543135 0.0020911806354407827
v -0.0024868964593061115 0.0045297895849543135 0.0021193056824958547
v -0.002523822728011995 0.004552621143625202 0.0021197741749933176
v -0.002523822728011995 0.004552621143625202 0.0020907115468968853
v -0.0024859237115251198 0.004529424804536442 0.002120008421242049
v -0.0024859237115251198 0.004529424804536442 0.002090477300648154
v -0.0025234388741082214 0.004552268582159236 0.002120125842389632
v -0.0025234388741082214 0.004552268582159236 0.002090359879500571
v -0.002549962940440411 0.0045873748230775835 0.0020902430543994223
v -0.002549962940440411 0.0045873748230775835 0.0021202426674907806
v -0.002513093892192233 0.004735431267274215 0.0021202426674907806
v -0.002513093892192233 0.004735431267274215 0.0020902430543994223
v -0.002565088214760538 0.004627562657872675 0.002112743211252767
v -0.002565088214760538 0.004627562657872675 0.0020977431066838705
v -0.002565140666846768 0.004670327499427029 0.0020977431066838705
v -0.0025673961065546557 0.004648941949406071 0.002093992782518429
v -0.002565140666846768 0.004670327499427029 0.0021052431589683187
v -0.002566811981048913 0.004638190761845018 0.0021183681014544944
v -0.0025668358229062904 0.004659695521152862 0.002114617777289053
v -0.002565140666846768 0.004670327499427029 0.002112743211252767
v -0.0025622772597757603 0.004680708542152301 0.00209586794460115
v -0.002539277019963928 0.004716675474121967 0.0021183681014544944
v -0.002546567859949891 0.004708751930845856 0.0020977431066838705
v -0.002546567859949891 0.004708751930845856 0.002112743211252767
v -0.002552936020055354 0.004700072898714103 0.0020921176204357086
v -0.0025661324881136615 0.004665034309066063 0.002117430520413134
v -0.0025672506712246545 0.0046435584580102884 0.0020911806354407827
v -0.0025622772597757603 0.004680708542152301 0.0021183681014544944
v -0.002558155002635234 0.0046906520867947 0.0021164929393717737
v -0.0025556778336537377 0.004695437743616748 0.0021193056824958547
v -0.002563857974919872 0.0046755592970052495 0.002093055201477069
v -0.0025670694731085874 0.00464087177870709 0.0021197741749933176
v -0.0025656723402662806 0.0046676876097689335 0.0021188365939519573
v -0.002564535083669386 0.00467295189187783 0.0020916491279382456
v -0.002554342689640612 0.004697777523895108 0.0020907115468968853
v -0.0025654148482066063 0.004669009342737285 0.002119539928744586
v -0.002567169608909572 0.004642214671323863 0.002090477300648154
v -0.0025613665008239494 0.004683242335545068 0.0021197741749933176
v -0.0025550197983901257 0.004696612551139012 0.002120008421242049
v -0.002537319603473256 0.00471852470818479 0.0021197741749933176
v -0.002564847412001028 0.00467164178181495 0.0020909457931456168
v -0.002536323013834887 0.0047194289106258225 0.002090477300648154
v -0.0025671219251948174 0.004641542926992259 0.002120125842389632
v -0.002565278949619556 0.004669668868116983 0.0021198915961409006
v -0.0025649952315167667 0.004670984938644207 0.0020905947217957368
v -0.002560877742747716 0.004684497311312763 0.002090477300648154
v -0.002536823692839809 0.00471897859754461 0.002120125842389632
v -0.0025546836282011065 0.004697196378621538 0.002090359879500571
v -0.002565209808233162 0.004669998183772006 0.002120067429839058
v -0.002561125698064439 0.004683870866510176 0.002120125842389632
v -0.002565069141274636 0.004670656219035618 0.0020904188880975796
v -0.002513093892192233 0.004735431267274215 0.0020902430543994223
v -0.002513093892192233 0.004735431267274215 0.0021202426674907806
v -0.0023565577933961656 0.004686650529057146 0.0021202426674907806
v -0.0023565577933961656 0.004686650529057146 0.0020902430543994223
v -0.002386863178308387 0.004720567359315586 0.002112743211252767
v -0.002386863178308387 0.004720567359315586 0.0020977431066838705
v -0.002481319848865573 0.004747782243465282 0.0020921176204357086
v -0.002470111791712528 0.004749810589481651 0.002112743211252767
v -0.002470111791712528 0.004749810589481651 0.0020977431066838705
v -0.002481319848865573 0.004747782243465282 0.0021183681014544944
v -0.002414867823983704 0.004739993108660134 0.002114617777289053
v -0.002425303404957726 0.004744559718417529 0.0021052431589683187
v -0.002425303404957726 0.004744559718417529 0.002112743211252767
v -0.002414867823983704 0.004739993108660134 0.00209586794460115
v -0.002425303404957726 0.004744559718417529 0.0020977431066838705
v -0.0023956417501946902 0.004727824224654786 0.0021183681014544944
v -0.0023956417501946902 0.004727824224654786 0.0020921176204357086
v -0.0024530577111305817 0.004750482631836472 0.0021193056824958547
v -0.0024473833490747964 0.00474997986666903 0.0021164929393717737
v -0.0024473833490747964 0.00474997986666903 0.002093992782518429
v -0.0024361776761074893 0.004747936619491799 0.0021183681014544944
v -0.0024530577111305817 0.004750482631836472 0.0020911806354407827
v -0.0024200295861058784 0.004742404116487409 0.002117430520413134
v -0.0024361776761074893 0.004747936619491799 0.0020921176204357086
v -0.0024200295861058784 0.004742404116487409 0.002093055201477069
v -0.0024840783517641207 0.00474707920669587 0.0021197741749933176
v -0.0024840783517641207 0.00474707920669587 0.0020907115468968853
v -0.002422652190417376 0.0047435151470411885 0.0021188365939519573
v -0.002422652190417376 0.0047435151470411885 0.0020916491279382456
v -0.0023979210317599552 0.004729532493735866 0.0021197741749933176
v -0.0023979210317599552 0.004729532493735866 0.0020907115468968853
v -0.002454478685830266 0.004750549985083563 0.002120008421242049
v -0.002438955252491939 0.004748569322781948 0.0021197741749933176
v -0.002454478685830266 0.004750549985083563 0.002090477300648154
v -0.002423975413501813 0.004744046224414267 0.002119539928744586
v -0.002438955252491939 0.004748569322781948 0.0020907115468968853
v -0.002423975413501813 0.004744046224414267 0.0020909457931456168
v -0.0024847649972565855 0.004746891750092241 0.002120125842389632
v -0.0024847649972565855 0.004746891750092241 0.002090359879500571
v -0.0024246382171369007 0.004744305206590027 0.0021198915961409006
v -0.0024246382171369007 0.004744305206590027 0.0020905947217957368
v -0.002398495620522747 0.004729952408448923 0.002120125842389632
v -0.002398495620522747 0.004729952408448923 0.002090359879500571
v -0.0024396514347273545 0.004748714758111949 0.002120125842389632
v -0.0024249696189544445 0.004744433058550213 0.002120067429839058
v -0.0024396514347273545 0.004748714758111949 0.002090359879500571
v -0.0024249696189544445 0.004744433058550213 0.0020904188880975796
v -0.0023565577933961656 0.004686650529057146 0.0021202426674907806
v -0.0023565577933961656 0.004686650529057146 0.0020902430543994223
v -0.0022926282370248096 0.0045994745656965375 0.0021202426674907806
v -0.0022926282370248096 0.0045994745656965375 0.0020902430543994223
v -0.0022926282370248096 0.0045994745656965375 0.0020902430543994223
v -0.0022926282370248096 0.0045994745656965375 0.0021202426674907806
v -0.0022458481286649085 0.004707991971641956 0.0021202426674907806
v -0.0022458481286649085 0.004707991971641956 0.0020902430543994223
v -0.0022644090146330975 0.004617933527724438 0.0020977431066838705
v -0.0022644090146330975 0.004617933527724438 0.002112743211252767
v -0.0022425531839753727 0.004643419877214283 0.002112743211252767
v -0.0022425531839753727 0.004643419877214283 0.0021052431589683187
v -0.0022522663566708644 0.004629647628300315 0.0021164929393717737
v -0.0022522663566708644 0.004629647628300315 0.002093992782518429
v -0.0022425531839753727 0.004643419877214283 0.0020977431066838705
v -0.0022366976238035203 0.0046592201741214034 0.0021014928348028774
v -0.0022366976238035203 0.0046592201741214034 0.0021089928870873255
v -0.002235686729050725 0.004676028683572364 0.002112743211252767
v -0.002235686729050725 0.004676028683572364 0.0020977431066838705
v -0.0022391223406987865 0.004651132420052606 0.002114617777289053
v -0.0022366976238035203 0.0046592201741214034 0.002112743211252767
v -0.002235624740221544 0.0046675853878054285 0.0021183681014544944
v -0.0022391223406987865 0.004651132420052606 0.00209586794460115
v -0.0022366976238035203 0.0046592201741214034 0.0020977431066838705
v -0.002235624740221544 0.0046675853878054285 0.0020921176204357086
v -0.002255122611184659 0.004626538650098322 0.0021193056824958547
v -0.0022407149767715868 0.004647222355442737 0.002117430520413134
v -0.002255122611184659 0.004626538650098322 0.0020911806354407827
v -0.0022407149767715868 0.004647222355442737 0.002093055201477069
v -0.0022379087901582845 0.004688479795564415 0.0021193056824958547
v -0.0022379087901582845 0.004688479795564415 0.0020911806354407827
v -0.0022416018938660204 0.004645305470109606 0.0021188365939519573
v -0.0022377728915712342 0.004655133679766943 0.0021193056824958547
v -0.0022357606388085944 0.0046654774695900625 0.0021197741749933176
v -0.0022416018938660204 0.004645305470109606 0.0020916491279382456
v -0.0022377728915712342 0.004655133679766943 0.0020911806354407827
v -0.0022357606388085944 0.0046654774695900625 0.0020907115468968853
v -0.002255856940391878 0.00462578107508016 0.002120008421242049
v -0.0022420691942706145 0.004644358352325295 0.002119539928744586
v -0.002255856940391878 0.00462578107508016 0.002090477300648154
v -0.0022420691942706145 0.004644358352325295 0.0020909457931456168
v -0.002237634608798446 0.004687460556161538 0.002120008421242049
v -0.002237634608798446 0.004687460556161538 0.002090477300648154
v -0.0022423099970301247 0.004643888071688529 0.0021198915961409006
v -0.002238085219902876 0.004654125169199885 0.002120008421242049
v -0.002235805938337611 0.004664951756634894 0.002120125842389632
v -0.0022423099970301247 0.004643888071688529 0.0020905947217957368
v -0.002238085219902876 0.004654125169199885 0.002090477300648154
v -0.002235805938337611 0.004664951756634894 0.002090359879500571
v -0.002242429206317011 0.004643653825439797 0.002120067429839058
v -0.002242429206317011 0.004643653825439797 0.0020904188880975796
v -0.0022458481286649085 0.004707991971641956 0.0020902430543994223
v -0.0022458481286649085 0.004707991971641956 0.0021202426674907806
v -0.0023390268756666743 0.00478907067800155 0.0021202426674907806
v -0.0023390268756666743 0.00478907067800155 0.0020902430543994223
v -0.00228489393849163 0.004757158351902102 0.0021052431589683187
v -0.0023390268756666743 0.00478907067800155 0.0021202426674907806
v -0.0022458481286649085 0.004707991971641956 0.0021202426674907806
v -0.0022926282370248096 0.0045994745656965375 0.0021202426674907806
v -0.0023565577933961656 0.004686650529057146 0.0021202426674907806
v -0.002513093892192233 0.004735431267274215 0.0021202426674907806
v -0.002549962940440411 0.0045873748230775835 0.0021202426674907806
v -0.0024421142985944244 0.004521444934872276 0.0021202426674907806
v -0.0024411606242993344 0.0045197298112572 0.0021202426674907806
v -0.0024904179016407312 0.004493434328732615 0.0021202426674907806
v -0.0024651693746782243 0.004446177979271604 0.0021202426674907806
v -0.002260711142553886 0.004555362659200368 0.0021202426674907806
v -0.002203166435588157 0.00472609419987885 0.0021202426674907806
v -0.0022891973937482235 0.0048156522628146625 0.0021202426674907806
v -0.0023829483453270428 0.004649588957810646 0.0021202426674907806
v -0.0023319768384402217 0.004578418927377037 0.0021202426674907806
v -0.002363607830622618 0.0045615552836308915 0.0021202426674907806
v -0.0025041365063756004 0.004598712520330117 0.0021202426674907806
v -0.0024837493341323146 0.004687889113547894 0.0021202426674907806
v -0.0023829483453270428 0.004649588957810646 0.0020902430543994223
v -0.0023829483453270428 0.004649588957810646 0.0021202426674907806
v -0.0024837493341323146 0.004687889113547894 0.0021202426674907806
v -0.0024837493341323146 0.004687889113547894 0.0020902430543994223
v -0.0024132155832674606 0.004683534696321157 0.002093992782518429
v -0.0024132155832674606 0.004683534696321157 0.0021164929393717737
v -0.002425692027232975 0.004692189588572315 0.0021052431589683187
v -0.002439975683987685 0.004697252406986374 0.0021089928870873255
v -0.0024551295685366647 0.004697660400770742 0.002112743211252767
v -0.0024551295685366647 0.004697660400770742 0.0020977431066838705
v -0.002439975683987685 0.004697252406986374 0.0021014928348028774
v -0.002432644312844181 0.004695254757361378 0.002114617777289053
v -0.002447535936962011 0.004697992994681155 0.0021183681014544944
v -0.002432644312844181 0.004695254757361378 0.00209586794460115
v -0.002447535936962011 0.004697992994681155 0.0020921176204357086
v -0.0024291133337666104 0.004693848683822555 0.002117430520413134
v -0.002410283034810059 0.0046811156418670175 0.0020911806354407827
v -0.002410283034810059 0.0046811156418670175 0.0021193056824958547
v -0.0024291133337666104 0.004693848683822555 0.002093055201477069
v -0.0024273871832924975 0.004693051173693286 0.0021188365939519573
v -0.002445635740929044 0.004697923555271544 0.0021197741749933176
v -0.0024273871832924975 0.004693051173693286 0.0020916491279382456
v -0.002445635740929044 0.004697923555271544 0.0020907115468968853
v -0.0024095653949030038 0.004680493369389471 0.002120008421242049
v -0.0024265360289841297 0.004692628576771274 0.002119539928744586
v -0.0024095653949030038 0.004680493369389471 0.002090477300648154
v -0.0024265360289841297 0.004692628576771274 0.0020909457931456168
v -0.0024653505727942914 0.004695517017792528 0.002120008421242049
v -0.0024653505727942914 0.004695517017792528 0.002090477300648154
v -0.0024261116439228147 0.0046924110198227065 0.0021198915961409006
v -0.002435355132027974 0.0046961416744558115 0.002120008421242049
v -0.002445161287967237 0.004697894945042691 0.002120125842389632
v -0.0024261116439228147 0.0046924110198227065 0.0020905947217957368
v -0.002435355132027974 0.0046961416744558115 0.002090477300648154
v -0.002445161287967237 0.004697894945042691 0.002090359879500571
v -0.002425901835577895 0.004692300751232337 0.002120067429839058
v -0.002425901835577895 0.004692300751232337 0.0020904188880975796
v -0.0023829483453270428 0.004649588957810646 0.0020902430543994223
v -0.0024837493341323146 0.004687889113547894 0.0020902430543994223
v -0.0025041365063756004 0.004598712520330117 0.0020902430543994223
v -0.002363607830622618 0.0045615552836308915 0.0020902430543994223
v -0.0023319768384402217 0.004578418927377037 0.0020902430543994223
v -0.0023319768384402217 0.004578418927377037 0.0020902430543994223
v -0.0023319768384402217 0.004578418927377037 0.0021202426674907806
v -0.0023829483453270428 0.004649588957810646 0.0021202426674907806
v -0.0023829483453270428 0.004649588957810646 0.0020902430543994223
v -0.002363607830622618 0.0045615552836308915 0.0021202426674907806
v -0.002363607830622618 0.0045615552836308915 0.0020902430543994223
v -0.0023319768384402217 0.004578418927377037 0.0021202426674907806
v -0.0023319768384402217 0.004578418927377037 0.0020902430543994223
v -0.0025041365063756004 0.004598712520330117 0.0020902430543994223
v -0.0025041365063756004 0.004598712520330117 0.0021202426674907806
v -0.002363607830622618 0.0045615552836308915 0.0021202426674907806
v -0.002363607830622618 0.0045615552836308915 0.0020902430543994223
v -0.002486145440798728 0.004574242430010977 0.0021183681014544944
v -0.0024785518092240743 0.004567496376466085 0.002112743211252767
v -0.0024785518092240743 0.004567496376466085 0.0020977431066838705
v -0.002470250074485316 0.004561642604433536 0.0020921176204357086
v -0.002461323683083274 0.004556795256805524 0.0021164929393717737
v -0.0024519276070909 0.004552933769980061 0.00209586794460115
v -0.0024421810557950807 0.004550067680700098 0.0021052431589683187
v -0.0024421810557950807 0.004550067680700098 0.0020977431066838705
v -0.0024322080068541773 0.004548143344786537 0.002114617777289053
v -0.0024421810557950807 0.004550067680700098 0.002112743211252767
v -0.00241193765971204 0.004547256725715321 0.0021183681014544944
v -0.0024018358647412996 0.004548317390345391 0.002112743211252767
v -0.0024018358647412996 0.004548317390345391 0.0020977431066838705
v -0.002422096675140486 0.004547175365377021 0.002093992782518429
v -0.002391889041843511 0.004550382393217478 0.0020921176204357086
v -0.0024658536359849514 0.004559094505926342 0.0021193056824958547
v -0.0024519276070909 0.004552933769980061 0.0021183681014544944
v -0.0024470900942290563 0.00455137868483263 0.002093055201477069
v -0.0024322080068541773 0.004548143344786537 0.0020921176204357086
v -0.002417015975333394 0.004547093110969069 0.0020911806354407827
v -0.0024680709287210356 0.004560336666695697 0.0020907115468968853
v -0.002439706270999322 0.004549500840540954 0.0021188365939519573
v -0.0024446439196621505 0.004550693231433034 0.0020916491279382456
v -0.002414476817522717 0.004547145563055299 0.0021197741749933176
v -0.002466967050724469 0.004559707837707372 0.002120008421242049
v -0.002487924043359071 0.0045760547091948656 0.0021197741749933176
v -0.0024887966553390783 0.004576978581168234 0.002090477300648154
v -0.0024543141770143628 0.004553805189867199 0.0021197741749933176
v -0.002440946047582939 0.004549776810040096 0.002119539928744586
v -0.002443416064007222 0.004550372856474527 0.0020909457931456168
v -0.0024157452043351868 0.004547111886431754 0.002090477300648154
v -0.0024883627335348124 0.004576515155065464 0.002120125842389632
v -0.00244156355168901 0.004549920457230794 0.0021198915961409006
v -0.002467520181815621 0.004560020464062231 0.002090359879500571
v -0.002455499117326012 0.004554264443644929 0.002090477300648154
v -0.002415111010928952 0.004547126787592615 0.002120125842389632
v -0.0024427985599011514 0.0045502184804480095 0.0020905947217957368
v -0.0024549078392630563 0.004554032879605152 0.002120125842389632
v -0.002441873495834914 0.004549993472919012 0.002120067429839058
v -0.002442490999940985 0.0045501424845276195 0.0020904188880975796
v -0.0024837493341323146 0.004687889113547894 0.0020902430543994223
v -0.0024837493341323146 0.004687889113547894 0.0021202426674907806
v -0.0025041365063756004 0.004598712520330117 0.0021202426674907806
v -0.0025041365063756004 0.004598712520330117 0.0020902430543994223
v -0.0025130891238207575 0.004622679547458597 0.002112743211252767
v -0.0025130891238207575 0.004622679547458597 0.0020977431066838705
v -0.002509756032159418 0.004660480216283791 0.0021164929393717737
v -0.0025033306515962494 0.004671571746358905 0.0020977431066838705
v -0.0025033306515962494 0.004671571746358905 0.002112743211252767
v -0.002513482514467482 0.004648208812291721 0.002112743211252767
v -0.002513482514467482 0.004648208812291721 0.0021052431589683187
v -0.00251452201944913 0.004635428980691081 0.002093992782518429
v -0.002513482514467482 0.004648208812291721 0.0020977431066838705
v -0.002514331284590112 0.004641843930441647 0.002114617777289053
v -0.0025119614039668136 0.004654449120436999 0.00209586794460115
v -0.002506871167416771 0.004666213288913368 0.0020921176204357086
v -0.002514090481830602 0.004629025653845986 0.0021183681014544944
v -0.0025083994304746526 0.004663389220907033 0.0021193056824958547
v -0.0024968790449899658 0.004678727581827469 0.0020911806354407827
v -0.002499175015855395 0.004676478996653577 0.0021183681014544944
v -0.0025119614039668136 0.004654449120436999 0.0021183681014544944
v -0.0025139903460296175 0.004645037249214112 0.002117430520413134
v -0.002512807789903706 0.004651349380954739 0.002093055201477069
v -0.0025143813524906044 0.004632222846920275 0.0020911806354407827
v -0.0024980449118157133 0.004677622213714816 0.0021197741749933176
v -0.0025137566958273205 0.004646626309008306 0.0021188365939519573
v -0.0025142526064607673 0.004630622760267045 0.0021197741749933176
v -0.002510943356656805 0.004657496407833028 0.0020911806354407827
v -0.0025076555645244824 0.0046648125797924545 0.0020907115468968853
v -0.0025131654177643647 0.004649783566971488 0.0020916491279382456
v -0.002508032265871043 0.0046641035825586985 0.002120008421242049
v -0.0025114750300763177 0.004655980065703835 0.0021197741749933176
v -0.002497465554681446 0.004678179815154226 0.002090477300648154
v -0.0025136255656117456 0.004647418454719665 0.002119539928744586
v -0.0025133299265802677 0.004648997381724473 0.0020909457931456168
v -0.0025143217478471613 0.004631422654582051 0.002090477300648154
v -0.0024977564253414485 0.0046779020575157815 0.002120125842389632
v -0.0025135564242253516 0.00464781393152891 0.0021198915961409006
v -0.0025078462993835004 0.0046644588262336195 0.002090359879500571
v -0.002514288369246833 0.004631022707424548 0.002120125842389632
v -0.0025112151538309057 0.004656740024907735 0.002090477300648154
v -0.002513406220523875 0.004648603395031314 0.0020905947217957368
v -0.0025113462840464806 0.00465636064135222 0.002120125842389632
v -0.002513518277253548 0.004648011520921924 0.002120067429839058
v -0.0025134443674956785 0.004648406103661518 0.0020904188880975796
usemtl front_cover
f 7 2 1
f 9 2 7
f 6 9 7
f 10 6 5
f 10 9 6
f 4 10 5
f 8 4 3
f 8 10 4
f 12 30 11
f 29 30 12
f 13 29 12
f 28 29 13
f 14 28 13
f 27 28 14
f 15 27 14
f 26 27 15
f 16 26 15
f 25 26 16
f 17 25 16
f 24 25 17
f 18 24 17
f 23 24 18
f 19 23 18
f 22 23 19
f 20 22 19
f 21 22 20
f 66 53 54
f 52 66 65
f 52 53 66
f 51 64 63
f 51 65 64
f 51 52 65
f 50 63 62
f 50 51 63
f 49 62 61
f 49 50 62
f 37 61 60
f 37 49 61
f 38 49 37
f 36 37 60
f 59 36 60
f 39 49 38
f 48 49 39
f 35 59 58
f 47 48 40
f 34 58 57
f 56 34 57
f 46 47 41
f 33 56 55
f 33 34 56
f 42 46 41
f 45 46 42
f 31 55 32
f 31 33 55
f 43 45 42
f 44 45 43
f 34 35 58
f 35 36 59
f 39 40 48
f 40 41 47
f 89 90 108
f 107 108 90
f 109 89 108
f 91 107 90
f 88 89 109
f 106 107 91
f 110 88 109
f 92 106 91
f 87 88 110
f 111 87 110
f 105 92 67
f 105 106 92
f 86 87 111
f 68 105 67
f 104 105 68
f 112 86 111
f 85 86 112
f 69 104 68
f 113 85 112
f 103 104 69
f 84 85 113
f 70 103 69
f 102 103 70
f 114 84 113
f 83 84 114
f 71 102 70
f 101 102 71
f 115 83 114
f 82 83 115
f 100 101 72
f 116 82 115
f 81 82 116
f 99 100 73
f 93 81 116
f 80 81 93
f 79 80 93
f 94 79 93
f 98 99 74
f 78 79 94
f 95 78 94
f 97 98 75
f 96 97 76
f 77 95 96
f 77 96 76
f 77 78 95
f 72 101 71
f 73 100 72
f 74 99 73
f 75 98 74
f 76 97 75
f 129 140 130
f 139 129 128
f 139 140 129
f 138 127 126
f 138 128 127
f 138 139 128
f 137 126 125
f 137 138 126
f 136 125 124
f 136 137 125
f 123 136 124
f 135 123 122
f 135 136 123
f 134 121 120
f 134 122 121
f 134 135 122
f 133 120 119
f 133 134 120
f 132 119 118
f 132 133 119
f 131 118 117
f 131 132 118
f 146 141 143
f 142 145 144
f 142 146 145
f 142 141 146
f 149 142 144
f 151 142 149
f 148 151 149
f 150 148 147
f 150 151 148
f 158 154 156
f 155 154 158
f 157 155 158
f 152 157 153
f 152 155 157
f 160 172 159
f 171 172 160
f 161 171 160
f 170 171 161
f 162 170 161
f 169 170 162
f 163 169 162
f 168 169 163
f 164 168 163
f 167 168 164
f 165 167 164
f 166 167 165
f 174 206 173
f 205 206 174
f 175 205 174
f 204 205 175
f 176 204 175
f 203 204 176
f 177 203 176
f 202 203 177
f 178 202 177
f 201 202 178
f 179 201 178
f 200 201 179
f 180 200 179
f 199 200 180
f 181 199 180
f 198 199 181
f 182 198 181
f 197 198 182
f 183 197 182
f 196 197 183
f 184 196 183
f 195 196 184
f 185 195 184
f 194 195 185
f 186 194 185
f 193 194 186
f 187 193 186
f 192 193 187
f 188 192 187
f 191 192 188
f 189 191 188
f 190 191 189
f 239 237 238
f 236 237 239
f 240 236 239
f 235 236 240
f 207 235 240
f 234 235 207
f 208 234 207
f 233 234 208
f 209 233 208
f 232 233 209
f 210 232 209
f 231 232 210
f 211 231 210
f 230 231 211
f 212 230 211
f 229 230 212
f 213 229 212
f 228 229 213
f 214 228 213
f 227 228 214
f 215 227 214
f 226 227 215
f 216 226 215
f 225 226 216
f 217 225 216
f 224 225 217
f 218 224 217
f 223 224 218
f 219 223 218
f 222 223 219
f 220 222 219
f 221 222 220
f 242 241 245
f 246 243 242
f 246 242 245
f 244 243 246
f 250 244 246
f 248 250 246
f 251 250 248
f 247 251 248
f 249 251 247
f 258 253 252
f 256 258 252
f 259 258 256
f 260 259 256
f 255 260 256
f 261 260 255
f 254 261 255
f 257 261 254
f 263 262 268
f 271 263 268
f 264 263 271
f 265 264 271
f 270 265 271
f 266 265 270
f 269 266 270
f 267 266 269
f 281 273 272
f 274 282 281
f 274 281 272
f 278 282 274
f 279 278 274
f 276 279 274
f 280 279 276
f 275 280 276
f 277 280 275
f 289 284 283
f 287 289 283
f 290 289 287
f 291 290 287
f 286 291 287
f 292 291 286
f 285 292 286
f 288 292 285
f 294 293 299
f 302 294 299
f 295 294 302
f 296 295 302
f 301 296 302
f 297 296 301
f 300 297 301
f 298 297 300
f 312 304 303
f 305 313 312
f 305 312 303
f 309 313 305
f 310 309 305
f 307 310 305
f 311 310 307
f 306 311 307
f 308 311 306
f 317 316 319
f 320 317 319
f 318 317 320
f 315 318 320
f 314 318 315
f 322 323 321
f 325 326 327
f 324 326 325
f 328 329 330
f 331 349 350
f 348 349 331
f 332 348 331
f 347 348 332
f 333 347 332
f 346 347 333
f 334 346 333
f 345 346 334
f 335 345 334
f 344 345 335
f 336 344 335
f 343 344 336
f 337 343 336
f 342 343 337
f 338 342 337
f 341 342 338
f 339 341 338
f 340 341 339
f 356 351 353
f 352 355 354
f 352 356 355
f 352 351 356
f 359 352 354
f 361 352 359
f 358 361 359
f 360 358 357
f 360 361 358
f 368 363 362
f 370 363 368
f 367 370 368
f 371 367 366
f 371 370 367
f 365 371 366
f 369 365 364
f 369 371 365
f 373 405 372
f 404 405 373
f 374 404 373
f 403 404 374
f 375 403 374
f 402 403 375
f 376 402 375
f 401 402 376
f 377 401 376
f 400 401 377
f 378 400 377
f 399 400 378
f 379 399 378
f 398 399 379
f 380 398 379
f 397 398 380
f 381 397 380
f 396 397 381
f 382 396 381
f 395 396 382
f 383 395 382
f 394 395 383
f 384 394 383
f 393 394 384
f 385 393 384
f 392 393 385
f 386 392 385
f 391 392 386
f 387 391 386
f 390 391 387
f 388 390 387
f 389 390 388
f 438 436 437
f 435 436 438
f 439 435 438
f 434 435 439
f 406 434 439
f 433 434 406
f 407 433 406
f 432 433 407
f 408 432 407
f 431 432 408
f 409 431 408
f 430 431 409
f 410 430 409
f 429 430 410
f 411 429 410
f 428 429 411
f 412 428 411
f 427 428 412
f 413 427 412
f 426 427 413
f 414 426 413
f 425 426 414
f 415 425 414
f 424 425 415
f 416 424 415
f 423 424 416
f 417 423 416
f 422 423 417
f 418 422 417
f 421 422 418
f 419 421 418
f 420 421 419
f 441 440 444
f 445 442 441
f 445 441 444
f 443 442 445
f 449 443 445
f 447 449 445
f 450 449 447
f 446 450 447
f 448 450 446
f 457 452 451
f 455 457 451
f 458 457 455
f 459 458 455
f 454 459 455
f 460 459 454
f 453 460 454
f 456 460 453
f 467 462 461
f 465 467 461
f 468 467 465
f 469 468 465
f 464 469 465
f 470 469 464
f 463 470 464
f 466 470 463
f 472 471 475
f 476 473 472
f 476 472 475
f 474 473 476
f 480 474 476
f 478 480 476
f 481 480 478
f 477 481 478
f 479 481 477
f 488 483 482
f 486 488 482
f 489 488 486
f 490 489 486
f 485 490 486
f 491 490 485
f 484 491 485
f 487 491 484
f 498 493 492
f 496 498 492
f 499 498 496
f 500 499 496
f 495 500 496
f 501 500 495
f 494 501 495
f 497 501 494
f 503 521 502
f 520 521 503
f 504 520 503
f 519 520 504
f 505 519 504
f 518 519 505
f 506 518 505
f 517 518 506
f 507 517 506
f 516 517 507
f 508 516 507
f 515 516 508
f 509 515 508
f 514 515 509
f 510 514 509
f 513 514 510
f 511 513 510
f 512 513 511
f 527 522 524
f 523 526 525
f 523 527 526
f 523 522 527
f 530 523 525
f 532 523 530
f 529 532 530
f 531 529 528
f 531 532 529
f 539 534 533
f 541 534 539
f 538 541 539
f 542 538 537
f 542 541 538
f 536 542 537
f 540 536 535
f 540 542 536
f 549 544 543
f 551 544 549
f 548 551 549
f 552 548 547
f 552 551 548
f 546 552 547
f 550 546 545
f 550 552 546
f 554 586 553
f 585 586 554
f 555 585 554
f 584 585 555
f 556 584 555
f 583 584 556
f 557 583 556
f 582 583 557
f 558 582 557
f 581 582 558
f 559 581 558
f 580 581 559
f 560 580 559
f 579 580 560
f 561 579 560
f 578 579 561
f 562 578 561
f 577 578 562
f 563 577 562
f 576 577 563
f 564 576 563
f 575 576 564
f 565 575 564
f 574 575 565
f 566 574 565
f 573 574 566
f 567 573 566
f 572 573 567
f 568 572 567
f 571 572 568
f 569 571 568
f 570 571 569
f 619 617 618
f 616 617 619
f 620 616 619
f 615 616 620
f 587 615 620
f 614 615 587
f 588 614 587
f 613 614 588
f 589 613 588
f 612 613 589
f 590 612 589
f 611 612 590
f 591 611 590
f 610 611 591
f 592 610 591
f 609 610 592
f 593 609 592
f 608 609 593
f 594 608 593
f 607 608 594
f 595 607 594
f 606 607 595
f 596 606 595
f 605 606 596
f 597 605 596
f 604 605 597
f 598 604 597
f 603 604 598
f 599 603 598
f 602 603 599
f 600 602 599
f 601 602 600
f 622 621 625
f 626 623 622
f 626 622 625
f 624 623 626
f 630 624 626
f 628 630 626
f 631 630 628
f 627 631 628
f 629 631 627
f 638 633 632
f 636 638 632
f 639 638 636
f 640 639 636
f 635 640 636
f 641 640 635
f 634 641 635
f 637 641 634
f 648 643 642
f 646 648 642
f 649 648 646
f 650 649 646
f 645 650 646
f 651 650 645
f 644 651 645
f 647 651 644
f 653 652 656
f 657 654 653
f 657 653 656
f 655 654 657
f 661 655 657
f 659 661 657
f 662 661 659
f 658 662 659
f 660 662 658
f 669 664 663
f 667 669 663
f 670 669 667
f 671 670 667
f 666 671 667
f 672 671 666
f 665 672 666
f 668 672 665
f 679 674 673
f 677 679 673
f 680 679 677
f 681 680 677
f 676 681 677
f 682 681 676
f 675 682 676
f 678 682 675
f 684 702 683
f 701 702 684
f 685 701 684
f 700 701 685
f 686 700 685
f 699 700 686
f 687 699 686
f 698 699 687
f 688 698 687
f 697 698 688
f 689 697 688
f 696 697 689
f 690 696 689
f 695 696 690
f 691 695 690
f 694 695 691
f 692 694 691
f 693 694 692
f 703 721 722
f 720 721 703
f 704 720 703
f 719 720 704
f 705 719 704
f 718 719 705
f 706 718 705
f 717 718 706
f 707 717 706
f 716 717 707
f 708 716 707
f 715 716 708
f 709 715 708
f 714 715 709
f 710 714 709
f 713 714 710
f 711 713 710
f 712 713 711
f 728 723 725
f 724 727 726
f 724 728 727
f 724 723 728
f 731 724 726
f 733 724 731
f 730 733 731
f 732 730 729
f 732 733 730
f 740 735 734
f 742 735 740
f 739 742 740
f 743 739 738
f 743 742 739
f 737 743 738
f 741 737 736
f 741 743 737
f 750 745 744
f 752 745 750
f 749 752 750
f 753 749 748
f 753 752 749
f 747 753 748
f 751 747 746
f 751 753 747
f 760 755 754
f 762 755 760
f 759 762 760
f 763 759 758
f 763 762 759
f 757 763 758
f 761 757 756
f 761 763 757
f 770 765 764
f 772 765 770
f 769 772 770
f 773 769 768
f 773 772 769
f 767 773 768
f 771 767 766
f 771 773 767
f 779 774 776
f 775 778 777
f 775 779 778
f 775 774 779
f 782 775 777
f 784 775 782
f 781 784 782
f 783 781 780
f 783 784 781
f 786 818 785
f 817 818 786
f 787 817 786
f 816 817 787
f 788 816 787
f 815 816 788
f 789 815 788
f 814 815 789
f 790 814 789
f 813 814 790
f 791 813 790
f 812 813 791
f 792 812 791
f 811 812 792
f 793 811 792
f 810 811 793
f 794 810 793
f 809 810 794
f 795 809 794
f 808 809 795
f 796 808 795
f 807 808 796
f 797 807 796
f 806 807 797
f 798 806 797
f 805 806 798
f 799 805 798
f 804 805 799
f 800 804 799
f 803 804 800
f 801 803 800
f 802 803 801
f 833 831 832
f 830 831 833
f 834 830 833
f 829 830 834
f 835 829 834
f 828 829 835
f 836 828 835
f 827 828 836
f 819 827 836
f 826 827 819
f 820 826 819
f 825 826 820
f 821 825 820
f 824 825 821
f 822 824 821
f 823 824 822
f 843 838 837
f 841 843 837
f 844 843 841
f 845 844 841
f 840 845 841
f 846 845 840
f 839 846 840
f 842 846 839
f 848 847 851
f 852 849 848
f 852 848 851
f 850 849 852
f 856 850 852
f 854 856 852
f 857 856 854
f 853 857 854
f 855 857 853
f 864 859 858
f 862 864 858
f 865 864 862
f 866 865 862
f 861 866 862
f 867 866 861
f 860 867 861
f 863 867 860
f 874 869 868
f 872 874 868
f 875 874 872
f 876 875 872
f 871 876 872
f 877 876 871
f 870 877 871
f 873 877 870
f 890 878 879
f 890 889 878
f 891 879 880
f 891 890 879
f 892 891 880
f 881 892 880
f 893 892 881
f 894 881 882
f 894 893 881
f 895 882 883
f 895 894 882
f 896 895 883
f 897 883 884
f 897 896 883
f 898 897 884
f 885 898 884
f 899 898 885
f 900 885 886
f 900 899 885
f 901 900 886
f 887 901 886
f 888 901 887
f 908 906 907
f 905 906 908
f 919 918 931
f 909 905 908
f 920 919 932
f 933 920 932
f 921 920 933
f 910 904 909
f 922 921 934
f 911 903 910
f 902 903 911
f 923 922 934
f 937 911 912
f 937 902 911
f 936 937 912
f 924 935 936
f 924 923 935
f 925 936 912
f 925 924 936
f 926 912 913
f 926 925 912
f 927 926 913
f 914 927 913
f 928 927 914
f 929 928 914
f 929 914 915
f 930 929 915
f 916 930 915
f 917 930 916
f 903 904 910
f 904 905 909
f 931 932 919
f 933 934 921
f 934 935 923
f 943 938 940
f 939 942 941
f 939 943 942
f 939 938 943
f 946 939 941
f 948 939 946
f 945 948 946
f 947 945 944
f 947 948 945
f 955 950 949
f 957 950 955
f 954 957 955
f 958 954 953
f 958 957 954
f 952 958 953
f 956 952 951
f 956 958 952
f 965 960 959
f 967 960 965
f 964 967 965
f 968 964 963
f 968 967 964
f 962 968 963
f 966 962 961
f 966 968 962
f 975 970 969
f 977 970 975
f 974 977 975
f 978 974 973
f 978 977 974
f 972 978 973
f 976 972 971
f 976 978 972
f 979 980 981
f 982 985 983
f 984 985 982
f 988 986 987
f 1030 1011 1012
f 1029 1012 1013
f 1029 1030 1012
f 1031 1010 1011
f 1031 1011 1030
f 1028 1013 1014
f 1028 1029 1013
f 1032 1010 1031
f 1009 1010 1032
f 1027 1014 989
f 1027 1028 1014
f 1033 1009 1032
f 1008 1009 1033
f 990 1027 989
f 1026 1027 990
f 1034 1008 1033
f 1007 1008 1034
f 991 1026 990
f 1025 1026 991
f 1035 1007 1034
f 1006 1007 1035
f 992 1025 991
f 1036 1006 1035
f 1024 1025 992
f 1005 1006 1036
f 993 1024 992
f 1037 1005 1036
f 1023 1024 993
f 1004 1005 1037
f 994 1023 993
f 1038 1004 1037
f 1022 1023 994
f 1003 1004 1038
f 995 1022 994
f 1015 1003 1038
f 1021 1022 995
f 1002 1003 1015
f 996 1021 995
f 1020 1021 996
f 1001 1015 1016
f 1001 1002 1015
f 997 1019 1020
f 997 1020 996
f 1000 1016 1017
f 1000 1001 1016
f 998 1018 1019
f 998 1019 997
f 999 1000 1017
f 999 1017 1018
f 999 1018 998
f 1041 1053 1064
f 1042 1064 1063
f 1042 1041 1064
f 1043 1063 1062
f 1043 1042 1063
f 1044 1062 1061
f 1044 1043 1062
f 1045 1061 1060
f 1045 1044 1061
f 1046 1060 1059
f 1046 1045 1060
f 1047 1046 1059
f 1048 1059 1058
f 1048 1047 1059
f 1049 1058 1057
f 1049 1048 1058
f 1050 1057 1056
f 1050 1049 1057
f 1051 1056 1055
f 1051 1050 1056
f 1052 1055 1054
f 1052 1051 1055
f 1039 1054 1040
f 1039 1052 1054
f 1080 1077 1076
f 1080 1079 1077
f 1081 1076 1075
f 1081 1080 1076
f 1082 1075 1074
f 1082 1081 1075
f 1083 1074 1073
f 1083 1082 1074
f 1084 1073 1072
f 1084 1083 1073
f 1085 1071 1070
f 1085 1072 1071
f 1085 1084 1072
f 1086 1070 1069
f 1086 1085 1070
f 1087 1069 1068
f 1087 1086 1069
f 1088 1068 1067
f 1088 1087 1068
f 1089 1067 1066
f 1089 1088 1067
f 1090 1066 1065
f 1090 1089 1066
f 1078 1090 1065
f 1099 1100 1118
f 1117 1100 1101
f 1117 1118 1100
f 1119 1099 1118
f 1098 1099 1119
f 1116 1101 1102
f 1116 1117 1101
f 1120 1098 1119
f 1097 1098 1120
f 1115 1102 1103
f 1115 1116 1102
f 1121 1097 1120
f 1138 1103 1104
f 1138 1115 1103
f 1122 1096 1097
f 1122 1097 1121
f 1137 1104 1105
f 1137 1138 1104
f 1123 1095 1096
f 1123 1096 1122
f 1136 1137 1105
f 1124 1095 1123
f 1106 1136 1105
f 1094 1095 1124
f 1125 1094 1124
f 1135 1136 1106
f 1107 1135 1106
f 1093 1094 1125
f 1126 1093 1125
f 1134 1135 1107
f 1108 1134 1107
f 1092 1093 1126
f 1127 1092 1126
f 1133 1134 1108
f 1109 1133 1108
f 1091 1092 1127
f 1128 1091 1127
f 1110 1133 1109
f 1110 1132 1133
f 1114 1091 1128
f 1129 1114 1128
f 1111 1132 1110
f 1111 1131 1132
f 1113 1114 1129
f 1130 1113 1129
f 1112 1113 1130
f 1112 1130 1131
f 1112 1131 1111
f 1154 1151 1150
f 1154 1153 1151
f 1155 1150 1149
f 1155 1154 1150
f 1156 1149 1148
f 1156 1155 1149
f 1157 1148 1147
f 1157 1156 1148
f 1158 1147 1146
f 1158 1157 1147
f 1159 1146 1145
f 1159 1158 1146
f 1160 1145 1144
f 1160 1159 1145
f 1161 1144 1143
f 1161 1160 1144
f 1162 1143 1142
f 1162 1161 1143
f 1163 1142 1141
f 1163 1162 1142
f 1164 1141 1140
f 1164 1163 1141
f 1152 1140 1139
f 1152 1164 1140
f 1190 1167 1179
f 1168 1167 1190
f 1189 1168 1190
f 1169 1168 1189
f 1188 1169 1189
f 1170 1169 1188
f 1187 1170 1188
f 1171 1170 1187
f 1186 1171 1187
f 1172 1171 1186
f 1185 1172 1186
f 1173 1172 1185
f 1184 1173 1185
f 1174 1173 1184
f 1183 1174 1184
f 1175 1174 1183
f 1182 1175 1183
f 1176 1175 1182
f 1181 1176 1182
f 1177 1176 1181
f 1180 1177 1181
f 1178 1177 1180
f 1166 1178 1180
f 1165 1178 1166
f 1229 1199 1200
f 1229 1200 1201
f 1228 1201 1202
f 1228 1229 1201
f 1230 1198 1199
f 1230 1199 1229
f 1220 1196 1197
f 1220 1197 1198
f 1220 1198 1230
f 1219 1202 1203
f 1219 1203 1204
f 1219 1228 1202
f 1218 1204 1205
f 1218 1219 1204
f 1221 1195 1196
f 1221 1196 1220
f 1217 1205 1206
f 1217 1218 1205
f 1222 1194 1195
f 1222 1195 1221
f 1207 1216 1217
f 1207 1217 1206
f 1193 1222 1223
f 1193 1194 1222
f 1208 1215 1216
f 1208 1216 1207
f 1192 1223 1224
f 1192 1193 1223
f 1209 1215 1208
f 1191 1192 1224
f 1210 1215 1209
f 1210 1227 1215
f 1214 1191 1224
f 1214 1224 1225
f 1211 1226 1227
f 1211 1227 1210
f 1213 1214 1225
f 1213 1225 1226
f 1212 1226 1211
f 1212 1213 1226
f 1247 1232 1231
f 1247 1231 1248
f 1246 1233 1232
f 1246 1232 1247
f 1245 1234 1233
f 1245 1233 1246
f 1244 1235 1234
f 1244 1234 1245
f 1243 1236 1235
f 1243 1235 1244
f 1242 1237 1236
f 1242 1236 1243
f 1241 1238 1237
f 1241 1237 1242
f 1240 1239 1238
f 1240 1238 1241
f 1262 1263 1274
f 1273 1263 1264
f 1273 1274 1263
f 1275 1262 1274
f 1261 1262 1275
f 1272 1264 1249
f 1272 1273 1264
f 1276 1261 1275
f 1260 1261 1276
f 1250 1272 1249
f 1271 1272 1250
f 1277 1260 1276
f 1259 1260 1277
f 1251 1271 1250
f 1270 1271 1251
f 1278 1259 1277
f 1258 1259 1278
f 1252 1270 1251
f 1269 1270 1252
f 1265 1258 1278
f 1257 1258 1265
f 1268 1269 1253
f 1256 1265 1266
f 1256 1257 1265
f 1267 1268 1254
f 1255 1266 1267
f 1255 1256 1266
f 1255 1267 1254
f 1253 1269 1252
f 1254 1268 1253
f 1287 1289 1288
f 1287 1290 1289
f 1286 1291 1290
f 1286 1290 1287
f 1285 1292 1291
f 1285 1291 1286
f 1284 1293 1292
f 1284 1292 1285
f 1283 1294 1293
f 1283 1293 1284
f 1282 1295 1294
f 1282 1294 1283
f 1281 1296 1295
f 1281 1295 1282
f 1279 1280 1296
f 1279 1296 1281
f 1304 1306 1305
f 1304 1312 1306
f 1303 1311 1312
f 1303 1312 1304
f 1302 1310 1311
f 1302 1311 1303
f 1301 1309 1310
f 1301 1310 1302
f 1300 1308 1309
f 1300 1309 1301
f 1299 1307 1308
f 1299 1308 1300
f 1297 1298 1307
f 1297 1307 1299
f 1327 1319 1320
f 1327 1320 1328
f 1326 1318 1319
f 1326 1319 1327
f 1325 1317 1318
f 1325 1318 1326
f 1324 1316 1317
f 1324 1317 1325
f 1323 1315 1316
f 1323 1316 1324
f 1322 1314 1315
f 1322 1315 1323
f 1321 1313 1314
f 1321 1314 1322
f 1344 1330 1329
f 1344 1329 1345
f 1343 1331 1330
f 1343 1330 1344
f 1342 1331 1343
f 1332 1331 1342
f 1341 1332 1342
f 1333 1332 1341
f 1340 1333 1341
f 1334 1333 1340
f 1339 1334 1340
f 1335 1334 1339
f 1338 1335 1339
f 1336 1335 1338
f 1337 1336 1338
f 1354 1356 1355
f 1354 1357 1356
f 1353 1358 1357
f 1353 1357 1354
f 1352 1358 1353
f 1359 1358 1352
f 1351 1359 1352
f 1360 1359 1351
f 1350 1360 1351
f 1361 1360 1350
f 1349 1361 1350
f 1362 1361 1349
f 1348 1362 1349
f 1347 1362 1348
f 1346 1347 1348
f 1385 1376 1377
f 1385 1377 1378
f 1386 1368 1367
f 1386 1367 1375
f 1386 1375 1376
f 1386 1376 1385
f 1387 1378 1379
f 1387 1385 1378
f 1388 1369 1368
f 1388 1385 1387
f 1388 1386 1385
f 1388 1368 1386
f 1389 1379 1380
f 1389 1387 1379
f 1390 1370 1369
f 1390 1369 1388
f 1390 1388 1387
f 1390 1387 1389
f 1391 1380 1381
f 1391 1389 1380
f 1392 1371 1370
f 1392 1370 1390
f 1392 1390 1389
f 1392 1389 1391
f 1393 1381 1382
f 1393 1391 1381
f 1394 1372 1371
f 1394 1392 1391
f 1394 1371 1392
f 1394 1391 1393
f 1395 1382 1383
f 1395 1393 1382
f 1396 1373 1372
f 1396 1372 1394
f 1396 1394 1393
f 1396 1393 1395
f 1397 1366 1365
f 1397 1383 1384
f 1397 1384 1366
f 1397 1395 1383
f 1398 1364 1363
f 1398 1365 1364
f 1398 1374 1373
f 1398 1363 1374
f 1398 1373 1396
f 1398 1397 1365
f 1398 1396 1395
f 1398 1395 1397
f 1400 1420 1399
f 1410 1406 1407
f 1421 1420 1400
f 1422 1416 1415
f 1422 1415 1419
f 1422 1419 1420
f 1422 1420 1421
f 1423 1400 1401
f 1423 1421 1400
f 1424 1417 1416
f 1424 1421 1423
f 1424 1422 1421
f 1424 1416 1422
f 1425 1401 1402
f 1425 1423 1401
f 1426 1418 1417
f 1426 1417 1424
f 1426 1424 1423
f 1426 1423 1425
f 1427 1402 1403
f 1427 1425 1402
f 1428 1411 1418
f 1428 1426 1425
f 1428 1418 1426
f 1428 1425 1427
f 1429 1403 1404
f 1429 1427 1403
f 1430 1412 1411
f 1430 1411 1428
f 1430 1428 1427
f 1430 1427 1429
f 1431 1404 1405
f 1431 1429 1404
f 1432 1413 1412
f 1432 1430 1429
f 1432 1412 1430
f 1432 1429 1431
f 1433 1405 1406
f 1433 1431 1405
f 1433 1406 1410
f 1434 1409 1408
f 1434 1410 1409
f 1434 1414 1413
f 1434 1408 1414
f 1434 1433 1410
f 1434 1413 1432
f 1434 1432 1431
f 1434 1431 1433
f 1452 1446 1447
f 1452 1453 1446
f 1454 1445 1446
f 1454 1446 1453
f 1451 1447 1435
f 1451 1452 1447
f 1455 1444 1445
f 1455 1445 1454
f 1466 1435 1436
f 1466 1451 1435
f 1456 1450 1444
f 1456 1444 1455
f 1465 1436 1437
f 1465 1466 1436
f 1449 1456 1457
f 1449 1450 1456
f 1458 1449 1457
f 1438 1464 1465
f 1438 1465 1437
f 1448 1449 1458
f 1439 1463 1464
f 1439 1464 1438
f 1443 1458 1459
f 1443 1448 1458
f 1440 1462 1463
f 1440 1463 1439
f 1442 1459 1460
f 1442 1443 1459
f 1441 1460 1461
f 1441 1461 1462
f 1441 1462 1440
f 1441 1442 1460
f 1478 1471 1470
f 1478 1477 1471
f 1469 1478 1470
f 1479 1478 1469
f 1468 1479 1469
f 1480 1479 1468
f 1467 1480 1468
f 1481 1480 1467
f 1482 1467 1475
f 1482 1481 1467
f 1474 1482 1475
f 1483 1482 1474
f 1473 1483 1474
f 1484 1483 1473
f 1472 1484 1473
f 1476 1484 1472
f 1488 1487 1495
f 1488 1495 1501
f 1489 1488 1501
f 1500 1489 1501
f 1490 1489 1500
f 1499 1490 1500
f 1491 1490 1499
f 1498 1491 1499
f 1492 1491 1498
f 1497 1492 1498
f 1493 1492 1497
f 1496 1493 1497
f 1494 1493 1496
f 1486 1494 1496
f 1485 1494 1486
f 1514 1505 1506
f 1515 1505 1514
f 1516 1502 1505
f 1516 1505 1515
f 1517 1502 1516
f 1518 1502 1517
f 1519 1503 1502
f 1519 1502 1518
f 1520 1506 1507
f 1520 1514 1506
f 1521 1514 1520
f 1522 1515 1514
f 1522 1514 1521
f 1523 1515 1522
f 1524 1516 1515
f 1524 1515 1523
f 1525 1516 1524
f 1526 1517 1516
f 1526 1516 1525
f 1527 1517 1526
f 1528 1518 1517
f 1528 1517 1527
f 1529 1518 1528
f 1530 1519 1518
f 1530 1518 1529
f 1531 1519 1530
f 1532 1519 1531
f 1533 1507 1508
f 1533 1520 1507
f 1533 1521 1520
f 1534 1533 1508
f 1534 1521 1533
f 1535 1522 1521
f 1535 1534 1508
f 1535 1521 1534
f 1536 1508 1509
f 1536 1523 1522
f 1536 1535 1508
f 1536 1522 1535
f 1537 1536 1509
f 1537 1523 1536
f 1538 1524 1523
f 1538 1537 1509
f 1538 1523 1537
f 1539 1509 1510
f 1539 1524 1538
f 1539 1525 1524
f 1539 1538 1509
f 1540 1539 1510
f 1540 1525 1539
f 1541 1525 1540
f 1541 1526 1525
f 1541 1540 1510
f 1542 1526 1541
f 1542 1510 1511
f 1542 1541 1510
f 1542 1527 1526
f 1543 1542 1511
f 1543 1527 1542
f 1544 1527 1543
f 1544 1543 1511
f 1544 1528 1527
f 1545 1511 1512
f 1545 1528 1544
f 1545 1544 1511
f 1545 1529 1528
f 1546 1545 1512
f 1546 1529 1545
f 1547 1529 1546
f 1547 1546 1512
f 1547 1530 1529
f 1548 1512 1513
f 1548 1547 1512
f 1548 1530 1547
f 1548 1531 1530
f 1549 1548 1513
f 1549 1531 1548
f 1550 1549 1513
f 1550 1531 1549
f 1550 1532 1531
f 1551 1513 1504
f 1551 1550 1513
f 1551 1532 1550
f 1552 1503 1519
f 1552 1519 1532
f 1553 1532 1551
f 1553 1551 1504
f 1554 1503 1552
f 1555 1504 1503
f 1555 1552 1532
f 1555 1553 1504
f 1555 1532 1553
f 1555 1503 1554
f 1555 1554 1552
f 1569 1567 1568
f 1570 1567 1569
f 1571 1567 1570
f 1572 1565 1567
f 1572 1567 1571
f 1573 1565 1572
f 1574 1565 1573
f 1575 1566 1565
f 1575 1565 1574
f 1576 1569 1577
f 1578 1570 1569
f 1578 1569 1576
f 1579 1570 1578
f 1580 1571 1570
f 1580 1570 1579
f 1581 1571 1580
f 1582 1572 1571
f 1582 1571 1581
f 1583 1572 1582
f 1584 1573 1572
f 1584 1572 1583
f 1585 1573 1584
f 1586 1574 1573
f 1586 1573 1585
f 1587 1574 1586
f 1588 1575 1574
f 1588 1574 1587
f 1589 1575 1588
f 1590 1575 1589
f 1591 1556 1557
f 1592 1591 1557
f 1592 1576 1577
f 1592 1577 1591
f 1593 1592 1557
f 1593 1576 1592
f 1594 1578 1576
f 1594 1593 1557
f 1594 1576 1593
f 1595 1557 1558
f 1595 1579 1578
f 1595 1594 1557
f 1595 1578 1594
f 1596 1579 1595
f 1596 1595 1558
f 1597 1596 1558
f 1597 1579 1596
f 1597 1580 1579
f 1598 1558 1559
f 1598 1580 1597
f 1598 1597 1558
f 1598 1581 1580
f 1599 1581 1598
f 1599 1598 1559
f 1600 1599 1559
f 1600 1581 1599
f 1600 1582 1581
f 1601 1559 1560
f 1601 1600 1559
f 1601 1582 1600
f 1601 1583 1582
f 1602 1583 1601
f 1602 1601 1560
f 1603 1560 1561
f 1603 1602 1560
f 1603 1583 1602
f 1603 1584 1583
f 1604 1584 1603
f 1604 1603 1561
f 1604 1585 1584
f 1605 1604 1561
f 1605 1585 1604
f 1606 1561 1562
f 1606 1605 1561
f 1606 1585 1605
f 1606 1586 1585
f 1607 1586 1606
f 1607 1606 1562
f 1607 1587 1586
f 1608 1607 1562
f 1608 1587 1607
f 1609 1562 1563
f 1609 1608 1562
f 1609 1587 1608
f 1609 1588 1587
f 1610 1588 1609
f 1610 1609 1563
f 1610 1589 1588
f 1611 1610 1563
f 1611 1589 1610
f 1612 1611 1563
f 1612 1589 1611
f 1612 1590 1589
f 1613 1563 1564
f 1613 1612 1563
f 1613 1590 1612
f 1614 1577 1569
f 1615 1575 1590
f 1616 1556 1591
f 1616 1591 1577
f 1617 1613 1564
f 1617 1590 1613
f 1618 1569 1568
f 1618 1614 1569
f 1619 1566 1575
f 1619 1575 1615
f 1620 1568 1556
f 1620 1556 1616
f 1620 1618 1568
f 1620 1577 1614
f 1620 1616 1577
f 1620 1614 1618
f 1621 1564 1566
f 1621 1617 1564
f 1621 1615 1590
f 1621 1590 1617
f 1621 1619 1615
f 1621 1566 1619
f 1627 1622 1624
f 1623 1626 1625
f 1623 1627 1626
f 1623 1622 1627
f 1630 1623 1625
f 1632 1623 1630
f 1629 1632 1630
f 1631 1629 1628
f 1631 1632 1629
f 1639 1634 1633
f 1641 1634 1639
f 1638 1641 1639
f 1642 1638 1637
f 1642 1641 1638
f 1636 1642 1637
f 1640 1636 1635
f 1640 1642 1636
f 1649 1644 1643
f 1651 1644 1649
f 1648 1651 1649
f 1652 1648 1647
f 1652 1651 1648
f 1646 1652 1647
f 1650 1646 1645
f 1650 1652 1646
f 1658 1653 1655
f 1654 1657 1656
f 1654 1658 1657
f 1654 1653 1658
f 1661 1654 1656
f 1663 1654 1661
f 1660 1663 1661
f 1662 1660 1659
f 1662 1663 1660
f 1670 1665 1664
f 1672 1665 1670
f 1669 1672 1670
f 1673 1669 1668
f 1673 1672 1669
f 1667 1673 1668
f 1671 1667 1666
f 1671 1673 1667
f 1680 1675 1674
f 1682 1675 1680
f 1679 1682 1680
f 1683 1679 1678
f 1683 1682 1679
f 1677 1683 1678
f 1681 1677 1676
f 1681 1683 1677
f 1693 1692 1704
f 1693 1704 1709
f 1694 1709 1708
f 1694 1693 1709
f 1695 1708 1707
f 1695 1694 1708
f 1696 1707 1706
f 1696 1695 1707
f 1697 1706 1705
f 1697 1696 1706
f 1698 1705 1690
f 1698 1697 1705
f 1699 1690 1689
f 1699 1698 1690
f 1700 1689 1688
f 1700 1699 1689
f 1701 1688 1687
f 1701 1700 1688
f 1702 1687 1686
f 1702 1701 1687
f 1703 1686 1685
f 1703 1702 1686
f 1691 1685 1684
f 1691 1703 1685
f 1739 1710 1711
f 1739 1725 1724
f 1739 1724 1710
f 1740 1711 1712
f 1740 1726 1725
f 1740 1739 1711
f 1740 1725 1739
f 1741 1712 1713
f 1741 1727 1726
f 1741 1740 1712
f 1741 1726 1740
f 1742 1713 1714
f 1742 1728 1727
f 1742 1741 1713
f 1742 1727 1741
f 1743 1729 1728
f 1743 1742 1714
f 1743 1728 1742
f 1744 1714 1715
f 1744 1730 1729
f 1744 1729 1743
f 1744 1743 1714
f 1745 1715 1716
f 1745 1731 1730
f 1745 1744 1715
f 1745 1730 1744
f 1746 1716 1717
f 1746 1732 1731
f 1746 1745 1716
f 1746 1731 1745
f 1747 1717 1718
f 1747 1733 1732
f 1747 1746 1717
f 1747 1732 1746
f 1748 1734 1733
f 1748 1733 1747
f 1748 1747 1718
f 1749 1718 1719
f 1749 1735 1734
f 1749 1734 1748
f 1749 1748 1718
f 1750 1719 1720
f 1750 1736 1735
f 1750 1749 1719
f 1750 1735 1749
f 1751 1720 1721
f 1751 1737 1736
f 1751 1750 1720
f 1751 1736 1750
f 1752 1721 1722
f 1752 1722 1723
f 1752 1738 1737
f 1752 1723 1738
f 1752 1751 1721
f 1752 1737 1751
f 1782 1756 1755
f 1782 1755 1770
f 1782 1770 1771
f 1783 1757 1756
f 1783 1771 1772
f 1783 1756 1782
f 1783 1782 1771
f 1784 1758 1757
f 1784 1772 1773
f 1784 1757 1783
f 1784 1783 1772
f 1785 1759 1758
f 1785 1773 1774
f 1785 1784 1773
f 1785 1758 1784
f 1786 1760 1759
f 1786 1759 1785
f 1786 1785 1774
f 1787 1761 1760
f 1787 1774 1775
f 1787 1786 1774
f 1787 1760 1786
f 1788 1762 1761
f 1788 1775 1776
f 1788 1761 1787
f 1788 1787 1775
f 1789 1763 1762
f 1789 1776 1777
f 1789 1762 1788
f 1789 1788 1776
f 1790 1764 1763
f 1790 1777 1778
f 1790 1789 1777
f 1790 1763 1789
f 1791 1765 1764
f 1791 1764 1790
f 1791 1790 1778
f 1792 1766 1765
f 1792 1778 1779
f 1792 1765 1791
f 1792 1791 1778
f 1793 1767 1766
f 1793 1779 1780
f 1793 1766 1792
f 1793 1792 1779
f 1794 1768 1767
f 1794 1780 1781
f 1794 1767 1793
f 1794 1793 1780
f 1795 1754 1753
f 1795 1769 1768
f 1795 1753 1769
f 1795 1781 1754
f 1795 1768 1794
f 1795 1794 1781
f 1810 1802 1801
f 1811 1810 1801
f 1812 1801 1800
f 1812 1811 1801
f 1813 1800 1799
f 1813 1812 1800
f 1814 1799 1798
f 1814 1813 1799
f 1815 1798 1797
f 1815 1814 1798
f 1816 1797 1796
f 1816 1815 1797
f 1817 1796 1808
f 1817 1816 1796
f 1818 1808 1807
f 1818 1817 1808
f 1819 1807 1806
f 1819 1818 1807
f 1820 1806 1805
f 1820 1819 1806
f 1821 1805 1804
f 1821 1820 1805
f 1809 1804 1803
f 1809 1821 1804
f 1825 1824 1840
f 1825 1840 1841
f 1826 1841 1842
f 1826 1825 1841
f 1827 1842 1843
f 1827 1826 1842
f 1828 1843 1844
f 1828 1827 1843
f 1829 1828 1844
f 1845 1829 1844
f 1830 1829 1845
f 1846 1830 1845
f 1831 1830 1846
f 1847 1831 1846
f 1832 1831 1847
f 1848 1832 1847
f 1833 1832 1848
f 1849 1833 1848
f 1834 1833 1849
f 1850 1834 1849
f 1835 1834 1850
f 1851 1835 1850
f 1836 1835 1851
f 1852 1836 1851
f 1837 1836 1852
f 1853 1837 1852
f 1838 1837 1853
f 1854 1838 1853
f 1839 1838 1854
f 1823 1839 1854
f 1822 1839 1823
f 1873 1855 1856
f 1873 1872 1855
f 1874 1856 1857
f 1874 1873 1856
f 1875 1857 1858
f 1875 1874 1857
f 1876 1858 1859
f 1876 1875 1858
f 1877 1876 1859
f 1860 1877 1859
f 1878 1877 1860
f 1861 1878 1860
f 1879 1878 1861
f 1862 1879 1861
f 1880 1879 1862
f 1863 1880 1862
f 1881 1880 1863
f 1864 1881 1863
f 1882 1881 1864
f 1865 1882 1864
f 1883 1882 1865
f 1866 1883 1865
f 1884 1883 1866
f 1867 1884 1866
f 1885 1884 1867
f 1868 1885 1867
f 1886 1885 1868
f 1869 1886 1868
f 1887 1886 1869
f 1870 1887 1869
f 1871 1887 1870
f 1982 1952 1953
f 1983 1952 1982
f 1983 1949 1950
f 1983 1950 1951
f 1983 1951 1952
f 1981 1888 1889
f 1981 1889 1890
f 1981 1982 1953
f 1981 1953 1888
f 1892 1890 1891
f 1892 1981 1890
f 1947 1949 1983
f 1947 1948 1949
f 1980 1981 1892
f 1984 1947 1983
f 1893 1980 1892
f 1946 1947 1984
f 1979 1980 1893
f 1985 1946 1984
f 1894 1979 1893
f 1945 1946 1985
f 1978 1894 1895
f 1978 1979 1894
f 1954 1945 1985
f 1954 1944 1945
f 1896 1978 1895
f 1943 1944 1954
f 1955 1943 1954
f 1977 1978 1896
f 1897 1977 1896
f 1942 1943 1955
f 1956 1941 1942
f 1956 1942 1955
f 1976 1897 1898
f 1976 1977 1897
f 1939 1940 1941
f 1900 1898 1899
f 1957 1937 1938
f 1957 1938 1939
f 1957 1941 1956
f 1957 1939 1941
f 1975 1900 1901
f 1975 1901 1902
f 1975 1976 1898
f 1975 1898 1900
f 1936 1937 1957
f 1903 1975 1902
f 1958 1936 1957
f 1974 1975 1903
f 1935 1936 1958
f 1904 1974 1903
f 1959 1935 1958
f 1973 1974 1904
f 1905 1973 1904
f 1934 1935 1959
f 1933 1934 1959
f 1906 1973 1905
f 1932 1933 1959
f 1907 1973 1906
f 1909 1973 1907
f 1909 1972 1973
f 1930 1932 1959
f 1930 1959 1960
f 1908 1909 1907
f 1931 1932 1930
f 1910 1972 1909
f 1971 1972 1910
f 1929 1930 1960
f 1929 1960 1961
f 1911 1971 1910
f 1962 1929 1961
f 1970 1971 1911
f 1912 1970 1911
f 1928 1929 1962
f 1913 1970 1912
f 1969 1970 1913
f 1963 1928 1962
f 1927 1928 1963
f 1914 1969 1913
f 1964 1927 1963
f 1968 1969 1914
f 1915 1968 1914
f 1926 1927 1964
f 1965 1926 1964
f 1967 1968 1915
f 1924 1925 1926
f 1924 1926 1965
f 1917 1967 1915
f 1917 1915 1916
f 1923 1924 1965
f 1918 1967 1917
f 1920 1966 1967
f 1921 1965 1966
f 1921 1966 1920
f 1919 1967 1918
f 1919 1920 1967
f 1922 1923 1965
f 1922 1965 1921
f 1992 1991 1990
f 1989 1992 1990
f 1988 1993 1992
f 1988 1992 1989
f 1987 1986 1993
f 1987 1993 1988
f 1999 1997 1996
f 2000 1996 1995
f 2000 1999 1996
f 2001 1995 1994
f 2001 2000 1995
f 1998 2001 1994
f 2005 2003 2002
f 2005 2002 2004
f 2016 2014 2015
f 2013 2016 2017
f 2013 2017 2018
f 2013 2014 2016
f 2019 2013 2018
f 2012 2013 2019
f 2020 2012 2019
f 2011 2012 2020
f 2006 2011 2020
f 2007 2011 2006
f 2008 2011 2007
f 2010 2011 2008
f 2009 2010 2008
f 2059 2062 2055
f 2052 2051 2054
f 2047 2050 2043
f 2040 2039 2042
f 2063 2037 2036
f 2064 2037 2063
f 2064 2061 2060
f 2064 2062 2061
f 2064 2060 2037
f 2064 2055 2062
f 2065 2063 2036
f 2065 2036 2035
f 2066 2063 2065
f 2066 2055 2064
f 2066 2064 2063
f 2067 2035 2034
f 2067 2065 2035
f 2068 2066 2065
f 2068 2056 2055
f 2068 2065 2067
f 2068 2055 2066
f 2069 2034 2033
f 2069 2067 2034
f 2070 2068 2067
f 2070 2057 2056
f 2070 2058 2057
f 2070 2056 2068
f 2070 2067 2069
f 2071 2033 2032
f 2071 2069 2033
f 2072 2069 2071
f 2072 2054 2058
f 2072 2070 2069
f 2072 2058 2070
f 2073 2032 2031
f 2073 2071 2032
f 2074 2054 2072
f 2074 2071 2073
f 2074 2072 2071
f 2075 2031 2030
f 2075 2073 2031
f 2076 2053 2052
f 2076 2074 2073
f 2076 2054 2074
f 2076 2073 2075
f 2076 2052 2054
f 2077 2030 2029
f 2077 2075 2030
f 2078 2049 2048
f 2078 2048 2053
f 2078 2075 2077
f 2078 2076 2075
f 2078 2053 2076
f 2079 2029 2028
f 2079 2077 2029
f 2080 2050 2049
f 2080 2077 2079
f 2080 2049 2078
f 2080 2078 2077
f 2080 2043 2050
f 2081 2028 2027
f 2081 2079 2028
f 2082 2080 2079
f 2082 2043 2080
f 2082 2079 2081
f 2083 2081 2027
f 2083 2027 2026
f 2084 2044 2043
f 2084 2043 2082
f 2084 2082 2081
f 2084 2081 2083
f 2085 2083 2026
f 2085 2026 2025
f 2085 2084 2083
f 2086 2045 2044
f 2086 2046 2045
f 2086 2044 2084
f 2086 2084 2085
f 2087 2025 2024
f 2087 2086 2085
f 2087 2085 2025
f 2088 2042 2046
f 2088 2046 2086
f 2088 2086 2087
f 2089 2024 2023
f 2089 2087 2024
f 2090 2087 2089
f 2090 2088 2087
f 2090 2042 2088
f 2091 2022 2021
f 2091 2023 2022
f 2091 2089 2023
f 2092 2089 2091
f 2092 2021 2038
f 2092 2041 2040
f 2092 2038 2041
f 2092 2040 2042
f 2092 2091 2021
f 2092 2090 2089
f 2092 2042 2090
f 2113 2116 2109
f 2105 2104 2108
f 2103 2107 2099
f 2096 2095 2098
f 2133 2117 2132
f 2134 2117 2133
f 2134 2115 2114
f 2134 2116 2115
f 2134 2114 2117
f 2134 2109 2116
f 2135 2132 2131
f 2135 2133 2132
f 2136 2109 2134
f 2136 2133 2135
f 2136 2134 2133
f 2137 2131 2130
f 2137 2135 2131
f 2138 2110 2109
f 2138 2135 2137
f 2138 2136 2135
f 2138 2109 2136
f 2139 2130 2129
f 2139 2137 2130
f 2140 2111 2110
f 2140 2112 2111
f 2140 2110 2138
f 2140 2138 2137
f 2140 2137 2139
f 2141 2129 2128
f 2141 2139 2129
f 2142 2139 2141
f 2142 2108 2112
f 2142 2112 2140
f 2142 2140 2139
f 2143 2128 2127
f 2143 2141 2128
f 2144 2141 2143
f 2144 2108 2142
f 2144 2142 2141
f 2145 2143 2127
f 2145 2127 2126
f 2146 2106 2105
f 2146 2144 2143
f 2146 2108 2144
f 2146 2143 2145
f 2146 2105 2108
f 2147 2145 2126
f 2147 2126 2125
f 2148 2106 2146
f 2148 2107 2106
f 2148 2146 2145
f 2148 2145 2147
f 2149 2125 2124
f 2149 2147 2125
f 2150 2148 2147
f 2150 2147 2149
f 2150 2107 2148
f 2150 2099 2107
f 2151 2124 2123
f 2151 2149 2124
f 2152 2150 2149
f 2152 2099 2150
f 2152 2149 2151
f 2153 2123 2122
f 2153 2151 2123
f 2154 2100 2099
f 2154 2152 2151
f 2154 2151 2153
f 2154 2099 2152
f 2155 2153 2122
f 2155 2122 2121
f 2155 2154 2153
f 2156 2101 2100
f 2156 2102 2101
f 2156 2100 2154
f 2156 2154 2155
f 2157 2156 2155
f 2157 2121 2120
f 2157 2155 2121
f 2158 2098 2102
f 2158 2156 2157
f 2158 2102 2156
f 2159 2120 2119
f 2159 2157 2120
f 2160 2098 2158
f 2160 2158 2157
f 2160 2157 2159
f 2161 2118 2094
f 2161 2119 2118
f 2161 2159 2119
f 2162 2094 2093
f 2162 2097 2096
f 2162 2093 2097
f 2162 2161 2094
f 2162 2098 2160
f 2162 2096 2098
f 2162 2160 2159
f 2162 2159 2161
f 2221 2175 2176
f 2221 2222 2175
f 2223 2174 2175
f 2223 2175 2222
f 2224 2173 2174
f 2224 2174 2223
f 2220 2176 2177
f 2220 2221 2176
f 2225 2172 2173
f 2225 2173 2224
f 2219 2177 2178
f 2219 2220 2177
f 2195 2171 2172
f 2195 2172 2225
f 2218 2178 2179
f 2218 2219 2178
f 2180 2218 2179
f 2196 2170 2171
f 2196 2171 2195
f 2217 2218 2180
f 2181 2217 2180
f 2197 2169 2170
f 2197 2170 2196
f 2216 2217 2181
f 2182 2216 2181
f 2168 2169 2197
f 2198 2168 2197
f 2215 2216 2182
f 2183 2215 2182
f 2167 2168 2198
f 2167 2198 2199
f 2214 2215 2183
f 2184 2214 2183
f 2166 2167 2199
f 2166 2199 2200
f 2213 2214 2184
f 2201 2166 2200
f 2185 2213 2184
f 2165 2166 2201
f 2212 2213 2185
f 2164 2201 2202
f 2164 2165 2201
f 2186 2212 2185
f 2211 2212 2186
f 2187 2211 2186
f 2163 2202 2203
f 2163 2164 2202
f 2210 2211 2187
f 2194 2163 2203
f 2194 2203 2204
f 2188 2210 2187
f 2209 2210 2188
f 2189 2209 2188
f 2193 2194 2204
f 2193 2204 2205
f 2208 2209 2189
f 2190 2207 2208
f 2190 2208 2189
f 2192 2205 2206
f 2192 2193 2205
f 2191 2207 2190
f 2191 2206 2207
f 2191 2192 2206
f 2255 2227 2226
f 2255 2226 2256
f 2254 2228 2227
f 2254 2227 2255
f 2253 2229 2228
f 2253 2228 2254
f 2252 2230 2229
f 2252 2229 2253
f 2251 2230 2252
f 2250 2231 2230
f 2250 2230 2251
f 2249 2232 2231
f 2249 2231 2250
f 2248 2233 2232
f 2248 2232 2249
f 2247 2234 2233
f 2247 2233 2248
f 2246 2234 2247
f 2235 2234 2246
f 2245 2235 2246
f 2244 2236 2235
f 2244 2235 2245
f 2243 2237 2236
f 2243 2236 2244
f 2242 2238 2237
f 2242 2237 2243
f 2241 2239 2238
f 2241 2238 2242
f 2240 2239 2241
f 2300 2266 2267
f 2300 2267 2299
f 2298 2267 2268
f 2298 2299 2267
f 2301 2265 2266
f 2301 2266 2300
f 2297 2268 2269
f 2297 2298 2268
f 2302 2264 2265
f 2302 2265 2301
f 2296 2269 2270
f 2296 2297 2269
f 2303 2263 2264
f 2303 2264 2302
f 2295 2270 2271
f 2295 2296 2270
f 2304 2262 2263
f 2304 2263 2303
f 2272 2295 2271
f 2294 2295 2272
f 2305 2261 2262
f 2305 2262 2304
f 2293 2294 2272
f 2293 2272 2273
f 2260 2261 2305
f 2260 2305 2306
f 2274 2292 2293
f 2274 2293 2273
f 2259 2260 2306
f 2259 2306 2307
f 2275 2292 2274
f 2275 2291 2292
f 2258 2259 2307
f 2258 2307 2308
f 2276 2290 2291
f 2276 2291 2275
f 2283 2258 2308
f 2257 2258 2283
f 2277 2290 2276
f 2277 2289 2290
f 2282 2283 2284
f 2282 2257 2283
f 2278 2289 2277
f 2278 2288 2289
f 2285 2282 2284
f 2281 2282 2285
f 2279 2287 2288
f 2279 2288 2278
f 2280 2281 2285
f 2280 2285 2286
f 2280 2286 2287
f 2280 2287 2279
f 2324 2326 2325
f 2324 2327 2326
f 2323 2328 2327
f 2323 2327 2324
f 2322 2329 2328
f 2322 2328 2323
f 2321 2330 2329
f 2321 2329 2322
f 2320 2331 2330
f 2320 2330 2321
f 2319 2332 2331
f 2319 2331 2320
f 2318 2332 2319
f 2317 2333 2332
f 2317 2332 2318
f 2316 2334 2333
f 2316 2333 2317
f 2315 2335 2334
f 2315 2334 2316
f 2314 2336 2335
f 2314 2335 2315
f 2313 2337 2336
f 2313 2336 2314
f 2312 2338 2337
f 2312 2337 2313
f 2311 2338 2312
f 2310 2338 2311
f 2309 2310 2311
f 2352 2354 2353
f 2352 2355 2354
f 2351 2356 2355
f 2351 2355 2352
f 2350 2357 2356
f 2350 2356 2351
f 2349 2358 2357
f 2349 2357 2350
f 2348 2359 2358
f 2348 2358 2349
f 2347 2360 2359
f 2347 2359 2348
f 2346 2361 2360
f 2346 2360 2347
f 2345 2362 2361
f 2345 2361 2346
f 2344 2363 2362
f 2344 2362 2345
f 2343 2364 2363
f 2343 2363 2344
f 2342 2365 2364
f 2342 2364 2343
f 2341 2366 2365
f 2341 2365 2342
f 2339 2340 2366
f 2339 2366 2341
f 2393 2368 2367
f 2393 2367 2394
f 2392 2369 2368
f 2392 2368 2393
f 2391 2370 2369
f 2391 2369 2392
f 2390 2371 2370
f 2390 2370 2391
f 2389 2372 2371
f 2389 2371 2390
f 2388 2373 2372
f 2388 2372 2389
f 2387 2374 2373
f 2387 2373 2388
f 2386 2375 2374
f 2386 2374 2387
f 2385 2376 2375
f 2385 2375 2386
f 2384 2377 2376
f 2384 2376 2385
f 2383 2378 2377
f 2383 2377 2384
f 2382 2379 2378
f 2382 2378 2383
f 2381 2380 2379
f 2381 2379 2382
f 2441 2417 2418
f 2442 2416 2417
f 2442 2417 2441
f 2440 2418 2419
f 2440 2441 2418
f 2443 2415 2416
f 2443 2416 2442
f 2439 2419 2420
f 2439 2440 2419
f 2433 2414 2415
f 2433 2415 2443
f 2432 2420 2395
f 2432 2439 2420
f 2396 2432 2395
f 2434 2414 2433
f 2431 2432 2396
f 2413 2414 2434
f 2397 2431 2396
f 2435 2413 2434
f 2430 2431 2397
f 2412 2413 2435
f 2398 2430 2397
f 2436 2412 2435
f 2411 2412 2436
f 2429 2430 2398
f 2399 2429 2398
f 2437 2411 2436
f 2410 2411 2437
f 2428 2429 2399
f 2400 2428 2399
f 2438 2410 2437
f 2427 2428 2400
f 2409 2410 2438
f 2421 2409 2438
f 2401 2427 2400
f 2426 2427 2401
f 2408 2409 2421
f 2402 2426 2401
f 2407 2408 2421
f 2407 2421 2422
f 2403 2425 2426
f 2403 2426 2402
f 2406 2422 2423
f 2406 2407 2422
f 2404 2425 2403
f 2404 2424 2425
f 2405 2423 2424
f 2405 2406 2423
f 2405 2424 2404
f 2446 2471 2447
f 2472 2460 2461
f 2472 2461 2462
f 2473 2449 2448
f 2473 2448 2459
f 2473 2459 2460
f 2473 2460 2472
f 2474 2462 2463
f 2474 2472 2462
f 2475 2450 2449
f 2475 2473 2472
f 2475 2472 2474
f 2475 2449 2473
f 2476 2463 2464
f 2476 2474 2463
f 2477 2451 2450
f 2477 2474 2476
f 2477 2450 2475
f 2477 2475 2474
f 2478 2464 2465
f 2478 2476 2464
f 2479 2452 2451
f 2479 2477 2476
f 2479 2476 2478
f 2479 2451 2477
f 2480 2465 2466
f 2480 2478 2465
f 2481 2453 2452
f 2481 2452 2479
f 2481 2479 2478
f 2481 2478 2480
f 2482 2466 2467
f 2482 2480 2466
f 2483 2454 2453
f 2483 2480 2482
f 2483 2453 2481
f 2483 2481 2480
f 2484 2467 2468
f 2484 2482 2467
f 2485 2455 2454
f 2485 2454 2483
f 2485 2483 2482
f 2485 2482 2484
f 2486 2468 2469
f 2486 2484 2468
f 2487 2456 2455
f 2487 2457 2456
f 2487 2455 2485
f 2487 2485 2484
f 2487 2484 2486
f 2488 2469 2470
f 2488 2486 2469
f 2488 2487 2486
f 2489 2487 2488
f 2489 2457 2487
f 2490 2470 2471
f 2490 2488 2470
f 2490 2471 2446
f 2491 2445 2444
f 2491 2446 2445
f 2491 2489 2488
f 2491 2457 2489
f 2491 2458 2457
f 2491 2444 2458
f 2491 2490 2446
f 2491 2488 2490
f 2503 2505 2504
f 2503 2506 2505
f 2502 2507 2506
f 2502 2506 2503
f 2501 2508 2507
f 2501 2507 2502
f 2500 2509 2508
f 2500 2508 2501
f 2499 2510 2509
f 2499 2509 2500
f 2498 2510 2499
f 2511 2510 2498
f 2497 2511 2498
f 2512 2511 2497
f 2496 2512 2497
f 2513 2512 2496
f 2495 2513 2496
f 2514 2513 2495
f 2494 2514 2495
f 2493 2514 2494
f 2492 2493 2494
f 2536 2516 2515
f 2536 2515 2537
f 2535 2517 2516
f 2535 2516 2536
f 2534 2518 2517
f 2534 2517 2535
f 2533 2519 2518
f 2533 2518 2534
f 2532 2520 2519
f 2532 2519 2533
f 2531 2520 2532
f 2521 2520 2531
f 2530 2521 2531
f 2522 2521 2530
f 2529 2522 2530
f 2523 2522 2529
f 2528 2523 2529
f 2524 2523 2528
f 2527 2524 2528
f 2525 2524 2527
f 2526 2525 2527
f 2559 2547 2548
f 2559 2548 2560
f 2558 2546 2547
f 2558 2547 2559
f 2557 2545 2546
f 2557 2546 2558
f 2556 2545 2557
f 2544 2545 2556
f 2555 2544 2556
f 2543 2544 2555
f 2554 2543 2555
f 2542 2543 2554
f 2553 2542 2554
f 2541 2542 2553
f 2552 2541 2553
f 2540 2541 2552
f 2551 2540 2552
f 2539 2540 2551
f 2550 2539 2551
f 2538 2539 2550
f 2549 2538 2550
f 2572 2574 2573
f 2572 2583 2574
f 2571 2582 2583
f 2571 2583 2572
f 2570 2581 2582
f 2570 2582 2571
f 2569 2581 2570
f 2580 2581 2569
f 2568 2580 2569
f 2579 2580 2568
f 2567 2579 2568
f 2578 2579 2567
f 2566 2578 2567
f 2577 2578 2566
f 2565 2577 2566
f 2576 2577 2565
f 2564 2576 2565
f 2575 2576 2564
f 2563 2575 2564
f 2562 2575 2563
f 2561 2562 2563
f 2598 2586 2587
f 2601 2589 2588
f 2599 2602 2600
f 2612 2586 2598
f 2613 2584 2585
f 2613 2585 2586
f 2613 2611 2584
f 2613 2586 2612
f 2614 2598 2597
f 2614 2612 2598
f 2615 2610 2611
f 2615 2611 2613
f 2615 2613 2612
f 2615 2612 2614
f 2616 2597 2596
f 2616 2614 2597
f 2617 2609 2610
f 2617 2615 2614
f 2617 2614 2616
f 2617 2610 2615
f 2618 2596 2595
f 2618 2616 2596
f 2619 2608 2609
f 2619 2617 2616
f 2619 2616 2618
f 2619 2609 2617
f 2620 2595 2594
f 2620 2618 2595
f 2621 2607 2608
f 2621 2608 2619
f 2621 2619 2618
f 2621 2618 2620
f 2622 2594 2593
f 2622 2620 2594
f 2623 2606 2607
f 2623 2620 2622
f 2623 2607 2621
f 2623 2621 2620
f 2624 2593 2592
f 2624 2622 2593
f 2625 2605 2606
f 2625 2606 2623
f 2625 2623 2622
f 2625 2622 2624
f 2626 2592 2591
f 2626 2624 2592
f 2627 2604 2605
f 2627 2605 2625
f 2627 2625 2624
f 2627 2624 2626
f 2628 2591 2590
f 2628 2626 2591
f 2628 2627 2626
f 2629 2627 2628
f 2629 2603 2604
f 2629 2604 2627
f 2630 2590 2589
f 2630 2628 2590
f 2630 2589 2601
f 2631 2603 2629
f 2631 2630 2601
f 2631 2628 2630
f 2631 2601 2600
f 2631 2602 2603
f 2631 2600 2602
f 2631 2629 2628
f 2646 2647 2675
f 2674 2647 2648
f 2674 2675 2647
f 2676 2646 2675
f 2645 2646 2676
f 2673 2648 2649
f 2673 2674 2648
f 2677 2645 2676
f 2644 2645 2677
f 2666 2649 2632
f 2666 2673 2649
f 2667 2644 2677
f 2654 2644 2667
f 2668 2654 2667
f 2633 2666 2632
f 2665 2666 2633
f 2653 2654 2668
f 2669 2653 2668
f 2664 2633 2634
f 2664 2665 2633
f 2652 2653 2669
f 2670 2652 2669
f 2663 2664 2634
f 2635 2663 2634
f 2651 2670 2671
f 2651 2652 2670
f 2662 2663 2635
f 2636 2662 2635
f 2650 2671 2672
f 2650 2651 2671
f 2661 2662 2636
f 2637 2661 2636
f 2643 2650 2672
f 2643 2672 2655
f 2660 2661 2637
f 2638 2660 2637
f 2642 2643 2655
f 2642 2655 2656
f 2659 2660 2638
f 2639 2659 2638
f 2641 2656 2657
f 2641 2642 2656
f 2658 2659 2639
f 2640 2657 2658
f 2640 2641 2657
f 2640 2658 2639
f 2682 2703 2683
f 2681 2702 2682
f 2695 2696 2688
f 2694 2695 2687
f 2693 2686 2685
f 2692 2686 2693
f 2691 2694 2686
f 2691 2686 2692
f 2707 2684 2683
f 2707 2706 2684
f 2707 2683 2703
f 2708 2703 2704
f 2708 2704 2705
f 2708 2705 2706
f 2708 2707 2703
f 2708 2706 2707
f 2709 2703 2682
f 2709 2682 2702
f 2710 2702 2703
f 2710 2709 2702
f 2710 2703 2709
f 2711 2702 2681
f 2712 2701 2702
f 2712 2702 2711
f 2713 2681 2680
f 2713 2712 2711
f 2713 2701 2712
f 2713 2711 2681
f 2714 2713 2680
f 2715 2700 2701
f 2715 2701 2713
f 2715 2713 2714
f 2716 2680 2679
f 2716 2715 2714
f 2716 2714 2680
f 2716 2700 2715
f 2717 2716 2679
f 2718 2699 2700
f 2718 2716 2717
f 2718 2700 2716
f 2719 2679 2678
f 2719 2699 2718
f 2719 2717 2679
f 2719 2718 2717
f 2720 2719 2678
f 2721 2698 2699
f 2721 2699 2719
f 2721 2719 2720
f 2722 2678 2690
f 2722 2698 2721
f 2722 2720 2678
f 2722 2721 2720
f 2723 2722 2690
f 2724 2698 2722
f 2724 2722 2723
f 2724 2697 2698
f 2725 2723 2690
f 2725 2724 2723
f 2725 2697 2724
f 2725 2690 2689
f 2726 2725 2689
f 2727 2697 2725
f 2727 2725 2726
f 2727 2696 2697
f 2728 2689 2688
f 2728 2726 2689
f 2728 2727 2726
f 2728 2696 2727
f 2728 2688 2696
f 2729 2688 2687
f 2729 2695 2688
f 2729 2687 2695
f 2730 2687 2686
f 2730 2694 2687
f 2730 2686 2694
f 2734 2733 2744
f 2734 2744 2753
f 2735 2753 2752
f 2735 2734 2753
f 2736 2752 2751
f 2736 2735 2752
f 2737 2736 2751
f 2750 2737 2751
f 2738 2737 2750
f 2749 2738 2750
f 2739 2738 2749
f 2748 2739 2749
f 2740 2739 2748
f 2747 2740 2748
f 2741 2740 2747
f 2746 2741 2747
f 2742 2741 2746
f 2745 2742 2746
f 2743 2742 2745
f 2732 2743 2745
f 2731 2743 2732
f 2766 2767 2768
f 2769 2768 2754
f 2769 2766 2768
f 2770 2765 2766
f 2770 2769 2754
f 2770 2766 2769
f 2771 2764 2765
f 2771 2765 2770
f 2771 2770 2754
f 2772 2763 2764
f 2772 2764 2771
f 2772 2771 2754
f 2773 2754 2755
f 2773 2762 2763
f 2773 2763 2772
f 2773 2772 2754
f 2774 2761 2762
f 2774 2773 2755
f 2774 2762 2773
f 2775 2760 2761
f 2775 2761 2774
f 2775 2774 2755
f 2776 2759 2760
f 2776 2775 2755
f 2776 2760 2775
f 2777 2757 2756
f 2777 2755 2757
f 2777 2756 2758
f 2777 2758 2759
f 2777 2776 2755
f 2777 2759 2776
f 2790 2791 2792
f 2793 2792 2778
f 2793 2790 2792
f 2794 2789 2790
f 2794 2793 2778
f 2794 2790 2793
f 2795 2788 2789
f 2795 2789 2794
f 2795 2794 2778
f 2796 2787 2788
f 2796 2788 2795
f 2796 2795 2778
f 2797 2778 2779
f 2797 2786 2787
f 2797 2787 2796
f 2797 2796 2778
f 2798 2785 2786
f 2798 2797 2779
f 2798 2786 2797
f 2799 2784 2785
f 2799 2785 2798
f 2799 2798 2779
f 2800 2783 2784
f 2800 2799 2779
f 2800 2784 2799
f 2801 2781 2780
f 2801 2779 2781
f 2801 2780 2782
f 2801 2782 2783
f 2801 2800 2779
f 2801 2783 2800
f 2821 2812 2811
f 2821 2820 2812
f 2822 2821 2811
f 2810 2822 2811
f 2823 2822 2810
f 2809 2823 2810
f 2824 2823 2809
f 2808 2824 2809
f 2825 2824 2808
f 2807 2825 2808
f 2814 2825 2807
f 2815 2807 2806
f 2815 2814 2807
f 2816 2815 2806
f 2805 2816 2806
f 2817 2816 2805
f 2804 2817 2805
f 2818 2817 2804
f 2803 2818 2804
f 2819 2818 2803
f 2802 2819 2803
f 2813 2819 2802
f 2849 2848 2827
f 2850 2849 2828
f 2851 2850 2829
f 2835 2844 2834
f 2836 2845 2835
f 2837 2846 2836
f 2840 2846 2837
f 2839 2846 2840
f 2838 2846 2839
f 2855 2826 2827
f 2855 2848 2847
f 2855 2847 2853
f 2855 2853 2854
f 2855 2854 2826
f 2855 2827 2848
f 2856 2827 2828
f 2856 2849 2827
f 2856 2828 2849
f 2857 2828 2829
f 2857 2850 2828
f 2857 2829 2850
f 2858 2829 2830
f 2858 2851 2829
f 2859 2858 2830
f 2860 2852 2851
f 2860 2858 2859
f 2860 2851 2858
f 2861 2830 2831
f 2861 2859 2830
f 2861 2852 2860
f 2861 2860 2859
f 2862 2861 2831
f 2863 2841 2852
f 2863 2852 2861
f 2863 2861 2862
f 2864 2831 2832
f 2864 2863 2862
f 2864 2862 2831
f 2864 2841 2863
f 2865 2864 2832
f 2866 2842 2841
f 2866 2864 2865
f 2866 2841 2864
f 2867 2832 2833
f 2867 2842 2866
f 2867 2865 2832
f 2867 2866 2865
f 2868 2867 2833
f 2869 2843 2842
f 2869 2842 2867
f 2869 2867 2868
f 2870 2833 2834
f 2870 2843 2869
f 2870 2868 2833
f 2870 2869 2868
f 2871 2870 2834
f 2871 2834 2844
f 2872 2843 2870
f 2872 2870 2871
f 2872 2871 2844
f 2872 2844 2843
f 2873 2844 2835
f 2873 2835 2845
f 2874 2873 2845
f 2874 2844 2873
f 2874 2845 2844
f 2875 2845 2836
f 2875 2836 2846
f 2876 2875 2846
f 2876 2845 2875
f 2876 2846 2845
f 2878 2877 2879
f 2880 2878 2879
f 2883 2884 2885
f 2886 2881 2882
f 2886 2882 2883
f 2886 2883 2885
f 2895 2881 2886
f 2887 2895 2886
f 2894 2895 2887
f 2888 2894 2887
f 2893 2894 2888
f 2892 2893 2888
f 2891 2892 2888
f 2889 2891 2888
f 2890 2891 2889
f 2902 2901 2900
f 2899 2902 2900
f 2898 2903 2902
f 2898 2902 2899
f 2897 2896 2903
f 2897 2903 2898
f 2909 2907 2906
f 2910 2906 2905
f 2910 2909 2906
f 2911 2905 2904
f 2911 2910 2905
f 2908 2911 2904
f 2915 2913 2912
f 2915 2912 2914
f 2917 2916 2920
f 2917 2920 2923
f 2918 2923 2922
f 2918 2917 2923
f 2919 2922 2921
f 2919 2918 2922
f 2925 2924 2926
f 2927 2925 2926
f 2930 2931 2932
f 2930 2932 2933
f 2938 2935 2936
f 2938 2936 2937
f 2929 2930 2933
f 2939 2935 2938
f 2941 2934 2935
f 2942 2933 2934
f 2942 2934 2941
f 2940 2941 2935
f 2940 2935 2939
f 2928 2929 2933
f 2928 2933 2942
f 2949 2948 2947
f 2946 2949 2947
f 2945 2950 2949
f 2945 2949 2946
f 2944 2943 2950
f 2944 2950 2945
f 2956 2954 2953
f 2957 2953 2952
f 2957 2956 2953
f 2958 2952 2951
f 2958 2957 2952
f 2955 2958 2951
f 2962 2960 2959
f 2962 2959 2961
f 2964 2963 2967
f 2964 2967 2970
f 2965 2970 2969
f 2965 2964 2970
f 2966 2969 2968
f 2966 2965 2969
f 2972 2971 2973
f 2974 2972 2973
f 2976 2975 2979
f 2976 2979 2982
f 2977 2982 2981
f 2977 2976 2982
f 2978 2981 2980
f 2978 2977 2981
f 2984 2983 2985
f 2986 2984 2985
f 3020 2997 2998
f 3008 2988 2989
f 3007 3008 2989
f 3019 3020 2998
f 3024 2997 3020
f 3012 2996 2997
f 3012 2997 3024
f 3004 3007 2989
f 3009 2988 3008
f 3003 2989 2990
f 3003 3004 2989
f 3021 3024 3020
f 2993 3000 3001
f 3018 3019 3016
f 3005 3006 3007
f 3005 3007 3004
f 3017 3018 3016
f 3023 3024 3021
f 3013 2996 3012
f 2994 2998 2999
f 2994 2999 3000
f 2994 3015 3016
f 2994 3000 2993
f 2994 3019 2998
f 2994 3016 3019
f 2992 2987 2988
f 2992 3001 2987
f 2992 2988 3009
f 2992 2993 3001
f 3022 3023 3021
f 3011 2992 3009
f 2995 3013 3014
f 2995 3014 3015
f 2995 3015 2994
f 2995 2996 3013
f 2991 3002 3003
f 2991 3011 3002
f 2991 3003 2990
f 2991 2992 3011
f 3009 3010 3011
f 3031 3030 3029
f 3028 3031 3029
f 3027 3032 3031
f 3027 3031 3028
f 3026 3025 3032
f 3026 3032 3027
f 3038 3036 3035
f 3039 3035 3034
f 3039 3038 3035
f 3040 3034 3033
f 3040 3039 3034
f 3037 3040 3033
f 3044 3042 3041
f 3044 3041 3043
f 3046 3045 3049
f 3046 3049 3052
f 3047 3052 3051
f 3047 3046 3052
f 3048 3051 3050
f 3048 3047 3051
f 3053 3055 3056
f 3054 3055 3053
f 3057 3059 3060
f 3058 3059 3057
f 3061 3063 3064
f 3062 3063 3061
f 3066 3067 3068
f 3066 3068 3065
f 3069 3071 3072
f 3070 3071 3069
f 3074 3075 3076
f 3074 3076 3073
f 3078 3079 3080
f 3078 3080 3077
f 3082 3083 3084
f 3082 3084 3081
f 3086 3087 3088
f 3086 3088 3085
f 3089 3091 3092
f 3090 3091 3089
f 3102 3093 3094
f 3095 3093 3102
f 3095 3102 3097
f 3096 3095 3097
f 3098 3097 3102
f 3100 3099 3098
f 3100 3098 3101
f 3101 3098 3102
f 3103 3105 3106
f 3103 3106 3104
f 3111 3107 3108
f 3111 3108 3109
f 3111 3109 3110
f 3111 3110 3107
f 3116 3114 3115
f 3116 3117 3114
f 3118 3119 3120
f 3118 3120 3113
f 3118 3121 3119
f 3118 3122 3121
f 3123 3112 3113
f 3123 3120 3119
f 3123 3113 3120
f 3124 3122 3118
f 3125 3121 3122
f 3125 3126 3127
f 3125 3122 3124
f 3128 3127 3126
f 3128 3129 3127
f 3128 3126 3130
f 3131 3116 3115
f 3131 3117 3116
f 3132 3126 3125
f 3133 3121 3134
f 3135 3125 3127
f 3135 3134 3121
f 3135 3127 3129
f 3135 3121 3125
f 3135 3133 3134
f 3136 3131 3130
f 3136 3117 3131
f 3137 3129 3128
f 3138 3118 3113
f 3138 3124 3118
f 3139 3126 3132
f 3140 3129 3137
f 3141 3137 3128
f 3141 3140 3137
f 3142 3130 3131
f 3142 3131 3115
f 3143 3119 3121
f 3143 3112 3123
f 3143 3121 3133
f 3143 3123 3119
f 3143 3133 3135
f 3144 3126 3139
f 3145 3129 3140
f 3145 3140 3141
f 3146 3114 3117
f 3146 3117 3136
f 3147 3113 3114
f 3147 3138 3113
f 3147 3125 3124
f 3147 3132 3125
f 3147 3124 3138
f 3147 3139 3132
f 3147 3144 3139
f 3148 3144 3147
f 3148 3126 3144
f 3149 3129 3145
f 3149 3145 3141
f 3150 3115 3112
f 3150 3128 3130
f 3150 3142 3115
f 3150 3130 3142
f 3150 3141 3128
f 3151 3126 3148
f 3151 3130 3126
f 3151 3147 3114
f 3151 3136 3130
f 3151 3114 3146
f 3151 3148 3147
f 3151 3146 3136
f 3152 3149 3141
f 3152 3135 3129
f 3152 3141 3150
f 3152 3112 3143
f 3152 3150 3112
f 3152 3143 3135
f 3152 3129 3149
f 3153 3155 3156
f 3153 3156 3154
f 3157 3159 3160
f 3158 3159 3157
f 3161 3163 3164
f 3162 3163 3161
f 3167 3168 3165
f 3166 3167 3165
f 3173 3171 3172
f 3173 3174 3171
f 3175 3176 3177
f 3178 3171 3174
f 3179 3174 3173
f 3179 3173 3172
f 3179 3177 3178
f 3179 3178 3174
f 3180 3176 3175
f 3180 3181 3176
f 3182 3171 3178
f 3182 3178 3177
f 3183 3179 3172
f 3183 3177 3179
f 3184 3169 3170
f 3185 3181 3180
f 3185 3169 3184
f 3185 3184 3181
f 3186 3170 3171
f 3186 3171 3182
f 3186 3184 3170
f 3186 3177 3176
f 3186 3176 3181
f 3186 3182 3177
f 3186 3181 3184
f 3187 3172 3169
f 3187 3169 3185
f 3187 3175 3177
f 3187 3183 3172
f 3187 3180 3175
f 3187 3177 3183
f 3187 3185 3180
f 3192 3188 3189
f 3193 3188 3192
f 3194 3195 3196
f 3197 3193 3192
f 3197 3192 3189
f 3198 3196 3195
f 3198 3199 3196
f 3200 3194 3196
f 3201 3202 3203
f 3204 3203 3202
f 3205 3199 3198
f 3206 3193 3197
f 3206 3197 3195
f 3207 3196 3199
f 3207 3208 3200
f 3207 3200 3196
f 3209 3204 3208
f 3209 3203 3204
f 3210 3194 3200
f 3211 3197 3189
f 3211 3195 3197
f 3212 3199 3205
f 3213 3194 3210
f 3214 3208 3204
f 3215 3199 3212
f 3216 3188 3193
f 3216 3193 3206
f 3217 3208 3207
f 3218 3201 3203
f 3218 3203 3209
f 3218 3219 3201
f 3220 3194 3213
f 3221 3190 3191
f 3221 3202 3201
f 3221 3214 3204
f 3221 3204 3202
f 3221 3201 3219
f 3222 3198 3195
f 3222 3205 3198
f 3222 3211 3189
f 3222 3195 3211
f 3222 3215 3212
f 3222 3212 3205
f 3223 3199 3215
f 3223 3215 3222
f 3224 3194 3220
f 3225 3224 3220
f 3225 3210 3200
f 3225 3213 3210
f 3225 3220 3213
f 3226 3221 3219
f 3226 3190 3221
f 3226 3219 3218
f 3227 3191 3188
f 3227 3221 3191
f 3227 3200 3208
f 3227 3208 3214
f 3227 3225 3200
f 3227 3214 3221
f 3228 3223 3222
f 3228 3207 3199
f 3228 3217 3207
f 3228 3199 3223
f 3229 3189 3190
f 3229 3190 3226
f 3229 3226 3218
f 3229 3217 3228
f 3229 3209 3208
f 3229 3208 3217
f 3229 3222 3189
f 3229 3218 3209
f 3229 3228 3222
f 3230 3225 3227
f 3230 3195 3194
f 3230 3206 3195
f 3230 3194 3224
f 3230 3188 3216
f 3230 3216 3206
f 3230 3227 3188
f 3230 3224 3225
f 3235 3233 3234
f 3236 3235 3234
f 3237 3238 3239
f 3237 3240 3238
f 3241 3242 3243
f 3244 3245 3242
f 3244 3242 3241
f 3246 3233 3235
f 3246 3235 3236
f 3247 3236 3234
f 3247 3246 3236
f 3248 3249 3250
f 3251 3243 3242
f 3252 3239 3238
f 3252 3248 3250
f 3252 3238 3248
f 3253 3241 3243
f 3254 3250 3249
f 3254 3251 3242
f 3254 3242 3245
f 3254 3249 3251
f 3255 3245 3244
f 3256 3240 3237
f 3257 3256 3237
f 3258 3253 3243
f 3259 3245 3255
f 3260 3246 3247
f 3260 3233 3246
f 3261 3247 3234
f 3261 3244 3241
f 3261 3241 3260
f 3261 3260 3247
f 3262 3248 3238
f 3262 3238 3240
f 3262 3240 3256
f 3263 3251 3249
f 3264 3239 3252
f 3264 3237 3239
f 3264 3257 3237
f 3265 3258 3243
f 3266 3250 3254
f 3267 3245 3259
f 3268 3262 3256
f 3268 3256 3257
f 3269 3231 3232
f 3269 3268 3257
f 3269 3232 3268
f 3269 3257 3264
f 3270 3265 3243
f 3271 3245 3267
f 3272 3265 3270
f 3272 3260 3241
f 3272 3233 3260
f 3272 3241 3253
f 3272 3253 3258
f 3272 3258 3265
f 3273 3267 3259
f 3273 3261 3234
f 3273 3255 3244
f 3273 3244 3261
f 3273 3271 3267
f 3273 3259 3255
f 3274 3232 3233
f 3274 3262 3268
f 3274 3268 3232
f 3274 3249 3248
f 3274 3248 3262
f 3274 3233 3272
f 3274 3263 3249
f 3275 3270 3243
f 3275 3274 3272
f 3275 3263 3274
f 3275 3251 3263
f 3275 3243 3251
f 3275 3272 3270
f 3276 3234 3231
f 3276 3252 3250
f 3276 3269 3264
f 3276 3273 3234
f 3276 3231 3269
f 3276 3264 3252
f 3276 3250 3266
f 3277 3245 3271
f 3277 3271 3273
f 3277 3276 3266
f 3277 3273 3276
f 3277 3266 3254
f 3277 3254 3245
f 3278 3280 3281
f 3278 3281 3279
f 3286 3282 3283
f 3286 3283 3287
f 3288 3289 3290
f 3291 3286 3287
f 3291 3290 3289
f 3291 3287 3290
f 3292 3291 3289
f 3293 3294 3295
f 3293 3295 3296
f 3293 3289 3294
f 3297 3289 3288
f 3297 3294 3289
f 3298 3294 3297
f 3299 3295 3294
f 3299 3294 3298
f 3300 3292 3289
f 3300 3289 3293
f 3301 3300 3293
f 3302 3293 3296
f 3302 3301 3293
f 3303 3290 3287
f 3304 3297 3288
f 3305 3286 3291
f 3306 3292 3300
f 3307 3296 3295
f 3308 3284 3285
f 3308 3296 3307
f 3308 3307 3284
f 3309 3304 3288
f 3310 3298 3297
f 3311 3299 3298
f 3312 3292 3306
f 3313 3300 3301
f 3314 3301 3302
f 3315 3287 3283
f 3315 3303 3287
f 3316 3309 3288
f 3317 3282 3286
f 3317 3286 3305
f 3318 3292 3312
f 3319 3284 3307
f 3319 3295 3299
f 3319 3307 3295
f 3319 3299 3311
f 3320 3308 3285
f 3320 3296 3308
f 3320 3302 3296
f 3320 3314 3302
f 3321 3316 3288
f 3322 3316 3321
f 3322 3310 3297
f 3322 3297 3304
f 3322 3304 3309
f 3322 3309 3316
f 3323 3283 3284
f 3323 3319 3311
f 3323 3298 3310
f 3323 3284 3319
f 3323 3310 3322
f 3323 3311 3298
f 3324 3292 3318
f 3325 3318 3312
f 3325 3324 3318
f 3325 3300 3313
f 3325 3306 3300
f 3325 3312 3306
f 3326 3285 3282
f 3326 3314 3320
f 3326 3325 3313
f 3326 3313 3301
f 3326 3320 3285
f 3326 3301 3314
f 3327 3322 3321
f 3327 3288 3290
f 3327 3303 3315
f 3327 3290 3303
f 3327 3283 3323
f 3327 3321 3288
f 3327 3315 3283
f 3327 3323 3322
f 3328 3326 3282
f 3328 3317 3305
f 3328 3292 3324
f 3328 3291 3292
f 3328 3305 3291
f 3328 3282 3317
f 3328 3325 3326
f 3328 3324 3325
f 3333 3329 3330
f 3333 3330 3331
f 3333 3331 3332
f 3333 3332 3329
f 3339 3351 3338
f 3350 3351 3339
f 3347 3337 3351
f 3335 3346 3334
f 3345 3346 3335
f 3349 3340 3341
f 3343 3341 3342
f 3343 3349 3341
f 3336 3347 3348
f 3336 3337 3347
f 3344 3335 3336
f 3344 3348 3349
f 3344 3336 3348
f 3344 3345 3335
f 3344 3349 3343
f 3337 3338 3351
f 3339 3340 3350
f 3349 3350 3340
f 3356 3357 3358
f 3359 3360 3361
f 3362 3359 3361
f 3362 3358 3359
f 3363 3359 3358
f 3364 3360 3359
f 3365 3358 3362
f 3366 3362 3361
f 3367 3363 3358
f 3368 3357 3356
f 3368 3369 3357
f 3370 3358 3365
f 3371 3367 3358
f 3372 3364 3359
f 3373 3358 3370
f 3374 3362 3366
f 3375 3352 3353
f 3376 3371 3358
f 3377 3369 3368
f 3377 3352 3375
f 3377 3375 3369
f 3378 3358 3373
f 3379 3354 3355
f 3379 3360 3364
f 3379 3364 3372
f 3380 3361 3360
f 3380 3366 3361
f 3380 3379 3355
f 3380 3374 3366
f 3380 3360 3379
f 3381 3376 3358
f 3382 3359 3363
f 3382 3363 3367
f 3382 3367 3371
f 3382 3371 3376
f 3382 3376 3381
f 3383 3353 3354
f 3383 3354 3379
f 3383 3372 3359
f 3383 3359 3382
f 3383 3379 3372
f 3384 3358 3378
f 3385 3378 3373
f 3385 3365 3362
f 3385 3370 3365
f 3385 3373 3370
f 3385 3384 3378
f 3386 3355 3352
f 3386 3380 3355
f 3386 3385 3362
f 3386 3362 3374
f 3386 3374 3380
f 3387 3375 3353
f 3387 3358 3357
f 3387 3357 3369
f 3387 3381 3358
f 3387 3369 3375
f 3387 3382 3381
f 3387 3353 3383
f 3387 3383 3382
f 3388 3356 3358
f 3388 3352 3377
f 3388 3368 3356
f 3388 3377 3368
f 3388 3386 3352
f 3388 3358 3384
f 3388 3384 3385
f 3388 3385 3386
f 3389 3390 3391
f 3392 3389 3391
f 3393 3389 3392
f 3394 3396 3397
f 3395 3396 3394
f 3398 3400 3401
f 3398 3401 3399
f 3406 3407 3408
f 3409 3408 3407
f 3409 3407 3410
f 3411 3412 3413
f 3414 3412 3415
f 3416 3404 3417
f 3416 3418 3419
f 3416 3417 3418
f 3420 3404 3405
f 3420 3417 3404
f 3420 3418 3417
f 3421 3410 3407
f 3422 3412 3411
f 3422 3415 3412
f 3422 3411 3410
f 3423 3411 3413
f 3424 3413 3412
f 3424 3414 3419
f 3424 3412 3414
f 3425 3419 3418
f 3425 3424 3419
f 3426 3409 3410
f 3426 3410 3411
f 3427 3414 3415
f 3428 3423 3413
f 3429 3404 3416
f 3429 3419 3414
f 3429 3416 3419
f 3430 3407 3406
f 3430 3421 3407
f 3430 3406 3431
f 3432 3402 3403
f 3432 3408 3409
f 3432 3406 3408
f 3432 3409 3426
f 3432 3431 3406
f 3433 3422 3410
f 3434 3427 3415
f 3435 3428 3413
f 3436 3420 3405
f 3436 3425 3418
f 3436 3418 3420
f 3436 3424 3425
f 3437 3431 3432
f 3437 3432 3403
f 3437 3430 3431
f 3438 3434 3415
f 3439 3405 3402
f 3439 3402 3432
f 3439 3426 3411
f 3439 3432 3426
f 3440 3411 3423
f 3440 3423 3428
f 3440 3439 3411
f 3440 3428 3435
f 3441 3434 3438
f 3441 3404 3429
f 3441 3414 3427
f 3441 3429 3414
f 3441 3427 3434
f 3442 3440 3435
f 3442 3435 3413
f 3443 3430 3437
f 3443 3403 3404
f 3443 3421 3430
f 3443 3410 3421
f 3443 3437 3403
f 3443 3433 3410
f 3443 3404 3441
f 3444 3433 3443
f 3444 3443 3441
f 3444 3415 3422
f 3444 3441 3438
f 3444 3422 3433
f 3444 3438 3415
f 3445 3439 3440
f 3445 3413 3424
f 3445 3440 3442
f 3445 3405 3439
f 3445 3436 3405
f 3445 3442 3413
f 3445 3424 3436
f 3450 3448 3449
f 3451 3450 3449
f 3452 3453 3454
f 3455 3456 3452
f 3457 3450 3451
f 3457 3458 3456
f 3459 3457 3456
f 3459 3456 3455
f 3459 3450 3457
f 3460 3452 3456
f 3460 3453 3452
f 3460 3456 3458
f 3460 3461 3453
f 3462 3448 3450
f 3462 3450 3459
f 3463 3452 3454
f 3464 3446 3447
f 3464 3454 3453
f 3464 3447 3465
f 3464 3465 3454
f 3466 3455 3452
f 3467 3459 3455
f 3468 3460 3458
f 3469 3457 3451
f 3470 3465 3447
f 3471 3467 3455
f 3472 3448 3462
f 3472 3462 3459
f 3473 3461 3460
f 3473 3474 3461
f 3475 3468 3458
f 3476 3454 3465
f 3476 3463 3454
f 3476 3465 3470
f 3477 3466 3452
f 3478 3446 3464
f 3478 3453 3461
f 3478 3464 3453
f 3478 3461 3474
f 3479 3471 3455
f 3480 3475 3458
f 3481 3451 3449
f 3481 3469 3451
f 3482 3470 3447
f 3482 3476 3470
f 3483 3455 3466
f 3483 3479 3455
f 3484 3449 3446
f 3484 3446 3478
f 3484 3474 3473
f 3484 3478 3474
f 3485 3479 3483
f 3485 3459 3467
f 3485 3448 3472
f 3485 3467 3471
f 3485 3472 3459
f 3485 3471 3479
f 3486 3484 3473
f 3486 3468 3475
f 3486 3460 3468
f 3486 3475 3480
f 3486 3473 3460
f 3487 3480 3458
f 3487 3486 3480
f 3488 3447 3448
f 3488 3476 3482
f 3488 3463 3476
f 3488 3452 3463
f 3488 3482 3447
f 3488 3477 3452
f 3488 3448 3485
f 3489 3488 3485
f 3489 3477 3488
f 3489 3466 3477
f 3489 3483 3466
f 3489 3485 3483
f 3490 3487 3458
f 3490 3484 3486
f 3490 3486 3487
f 3490 3458 3457
f 3490 3469 3481
f 3490 3457 3469
f 3490 3449 3484
f 3490 3481 3449
