mtllib Gemini2_world_Orbbec_Gemini2_camera_ldm_camera_ldm.mtl
v -0.0003396578057186795 -0.001967813179616335 0.0022936933720031374
v 0.00036034218161533354 -0.001967813179616335 0.0022936933720031374
v -0.0003396578057186795 -0.001967813179616335 0.0024934189954380916
v 0.00036034218161533354 -0.001967813179616335 0.0024934189954380916
v -0.0003396578057186795 -0.001967813179616335 0.00159341927781509
v 0.00036034218161533354 -0.001967813179616335 0.00159341927781509
v -0.0003396578057186795 -0.001967813179616335 0.0022936933720031374
v 0.00036034218161533354 -0.001967813179616335 0.0022936933720031374
v 0.00036034218161533354 -0.001967813179616335 0.00159341927781509
v 0.00036034218161533354 -0.001967813179616335 0.0010934191697816737
v -0.0003396578057186795 -0.001967813179616335 0.0010934191697816737
v -0.0003396578057186795 -0.001967813179616335 0.00159341927781509
v 0.0005103421842230367 -0.002117813182224038 0.0014934193754176936
v 0.0005103421842230367 -0.002117813182224038 0.00159341927781509
v 0.00047364237590933483 -0.0020811132621516297 0.0022936933720031374
v 0.00040874748508451525 -0.0020162184085797123 0.0024934189954380916
v 0.00036034218161533354 -0.001967813179616335 0.0024934189954380916
v 0.00036034218161533354 -0.001967813179616335 0.0022936933720031374
v 0.00036034218161533354 -0.001967813179616335 0.00159341927781509
v 0.00036034218161533354 -0.001967813179616335 0.0010934191697816737
v 0.00040534219729880533 -0.0020128131952998067 0.0010934191697816737
v 0.00040534219729880533 -0.0020128131952998067 0.0014934193754176936
v 0.0017953420774189657 0.002132186841990347 0.0014934193754176936
v 0.0018519106093367046 0.002075618310072608 0.0014934193754176936
v 0.0005103421842230367 0.002132186841990347 0.0014934193754176936
v 0.00040534219729880533 0.002027186855066116 0.0014934193754176936
v 0.000560342172674637 0.002027186855066116 0.0014934193754176936
v 0.0013938185261081484 0.0017680613301382655 0.0014934193754176936
v 0.001135356847896646 0.0019100571741896004 0.0014934193754176936
v 0.0008537536668683511 0.0019976067096529886 0.0014934193754176936
v 0.0016550281273939873 0.0019872422072162725 0.0014934193754176936
v 0.001990397528028543 0.001651872806581717 0.0014934193754176936
v 0.001923587577262798 0.0018033597960317174 0.0014934193754176936
v 0.0018065151168439877 0.0019204322564505276 0.0014934193754176936
v 0.0017712166509505358 0.001390663205295878 0.0014934193754176936
v 0.002030342175878386 0.0005571868518623667 0.0014934193754176936
v 0.002000762030465259 0.0008505982715502764 0.0014934193754176936
v 0.0019132124950018707 0.0011322014525785714 0.0014934193754176936
v 0.002030342175878386 -0.0005428131175902532 0.0014934193754176936
v 0.0017712166509505358 -0.001376289545529569 0.0014934193754176936
v 0.0019132124950018707 -0.0011178277928122623 0.0014934193754176936
v 0.002000762030465259 -0.0008362246117839673 0.0014934193754176936
v 0.001990397528028543 -0.0016374991468154079 0.0014934193754176936
v 0.0016550281273939873 -0.0019728685474499634 0.0014934193754176936
v 0.0018065151168439877 -0.0019060585966842185 0.0014934193754176936
v 0.001923587577262798 -0.0017889861362654083 0.0014934193754176936
v 0.0013938185261081484 -0.0017536876703719564 0.0014934193754176936
v 0.000560342172674637 -0.0020128131952998067 0.0014934193754176936
v 0.0008537536668683511 -0.0019832330498866795 0.0014934193754176936
v 0.001135356847896646 -0.0018956835144232913 0.0014934193754176936
v 0.00040534219729880533 -0.0020128131952998067 0.0014934193754176936
v 0.0005103421842230367 -0.002117813182224038 0.0014934193754176936
v 0.001835342157587211 -0.002117813182224038 0.0014934193754176936
v 0.0021353421628026175 -0.0018178131770086316 0.0014934193754176936
v 0.0020951497086476594 -0.001967813179616335 0.0014934193754176936
v 0.0019853421601949144 -0.00207762072806908 0.0014934193754176936
v 0.0021353421628026175 -0.0002928131380793495 0.0014934193754176936
v 0.0022353420652000138 -0.0001928131239232467 0.0014934193754176936
v 0.0022353420652000138 0.00020718685819536012 0.0014934193754176936
v 0.0021353421628026175 0.00030718683509856076 0.0014934193754176936
v 0.0021353421628026175 0.0017921867566066953 0.0014934193754176936
v 0.002064042641281128 0.001863486278128185 0.0014934193754176936
v 0.002099398029609068 0.0018988415174445166 0.0014934193754176936
v 0.0018872659976646449 0.0021109735493889397 0.0014934193754176936
v 0.0018519106093367046 0.002075618310072608 0.0014934193754176936
v 0.0018519106093367046 0.002075618310072608 0.00159341927781509
v 0.0017953420774189657 0.002132186841990347 0.0014934193754176936
v 0.0017953420774189657 0.002132186841990347 0.00159341927781509
v 0.0018519106093367046 0.002075618310072608 0.00159341927781509
v 0.0018414291327872314 0.0020651366845115264 0.0019934194834511096
v 0.0020535611647316547 0.0018530046525671031 0.0019934194834511096
v 0.002064042641281128 0.001863486278128185 0.00159341927781509
v 0.0021353421628026175 0.0017921867566066953 0.00159341927781509
v 0.002097931755380367 0.0017928993301190579 0.0022936576092170715
v 0.0017953405873028796 0.0020954897531385024 0.00229366953014576
v 0.0017953420774189657 0.002132186841990347 0.00159341927781509
v 0.0018519106093367046 0.002075618310072608 0.0014934193754176936
v 0.0018519106093367046 0.002075618310072608 0.00159341927781509
v 0.0018872659976646449 0.0021109735493889397 0.0014934193754176936
v 0.0018872659976646449 0.0021109735493889397 0.0019934194834511096
v 0.0018414291327872314 0.0020651366845115264 0.0019934194834511096
v 0.002099398029609068 0.0018988415174445166 0.0019934194834511096
v 0.002099398029609068 0.0018988415174445166 0.0014934193754176936
v 0.0018872659976646449 0.0021109735493889397 0.0014934193754176936
v 0.0018872659976646449 0.0021109735493889397 0.0019934194834511096
v 0.0018872659976646449 0.0021109735493889397 0.0019934194834511096
v 0.0018414291327872314 0.0020651366845115264 0.0019934194834511096
v 0.002099398029609068 0.0018988415174445166 0.0019934194834511096
v 0.0020535611647316547 0.0018530046525671031 0.0019934194834511096
v 0.0020535611647316547 0.0018530046525671031 0.0019934194834511096
v 0.002099398029609068 0.0018988415174445166 0.0019934194834511096
v 0.002099398029609068 0.0018988415174445166 0.0014934193754176936
v 0.002064042641281128 0.001863486278128185 0.0014934193754176936
v 0.002064042641281128 0.001863486278128185 0.00159341927781509
v 0.002064042641281128 0.001863486278128185 0.00159341927781509
v 0.002064042641281128 0.001863486278128185 0.0014934193754176936
v 0.0021353421628026175 0.0017921867566066953 0.00159341927781509
v 0.0021353421628026175 0.0017921867566066953 0.0014934193754176936
v 0.0021353421628026175 0.0017921867566066953 0.0014934193754176936
v 0.0021353421628026175 0.0017921867566066953 0.00159341927781509
v 0.0021353421628026175 0.00030718683509856076 0.0014934193754176936
v 0.0021353421628026175 0.00030718683509856076 0.00159341927781509
v 0.00212396631857828 0.00031856271657580015 0.0018104832959812142
v 0.0022353420652000138 0.00020718685819536012 0.001643419229013788
v 0.0022353420652000138 0.00020718685819536012 0.0014934193754176936
v 0.0021353421628026175 0.00030718683509856076 0.0014934193754176936
v 0.0021353421628026175 0.00030718683509856076 0.00159341927781509
v 0.002098642242730209 0.0017931387917740906 0.0022936945640960062
v 0.0021353421628026175 0.0017921867566066953 0.00159341927781509
v 0.002098642242730209 -0.001781524528975981 0.0022936933720031374
v 0.002135342311814226 -0.0018180186640169018 0.0015934168936293522
v 0.0021353421628026175 -0.0002928131380793495 0.00159341927781509
v 0.00212396631857828 -0.00030418898230368674 0.0018104832959812142
v 0.00212396631857828 0.00031856271657580015 0.0018104832959812142
v 0.0021353421628026175 0.00030718683509856076 0.00159341927781509
v 0.00212396631857828 -0.00030418898230368674 0.0018104832959812142
v 0.0022353420652000138 -0.0001928131239232467 0.001643419229013788
v 0.0022353420652000138 0.00020718685819536012 0.001643419229013788
v 0.00212396631857828 0.00031856271657580015 0.0018104832959812142
v 0.0022353420652000138 -0.0001928131239232467 0.0014934193754176936
v 0.0022353420652000138 0.00020718685819536012 0.0014934193754176936
v 0.0022353420652000138 0.00020718685819536012 0.001643419229013788
v 0.0022353420652000138 -0.0001928131239232467 0.001643419229013788
v 0.0021353421628026175 -0.0002928131380793495 0.00159341927781509
v 0.00212396631857828 -0.00030418898230368674 0.0018104832959812142
v 0.0021353421628026175 -0.0002928131380793495 0.0014934193754176936
v 0.0022353420652000138 -0.0001928131239232467 0.0014934193754176936
v 0.0022353420652000138 -0.0001928131239232467 0.001643419229013788
v 0.0021353421628026175 -0.0002928131380793495 0.0014934193754176936
v 0.0021353421628026175 -0.0002928131380793495 0.00159341927781509
v 0.0021353421628026175 -0.0018178131770086316 0.0014934193754176936
v 0.0021353421628026175 -0.0018180186640169018 0.0015934168936293522
v 0.002135342013791009 -0.0018180186640169018 0.0015934168936293522
v 0.0018355476445954812 -0.0021178130332124294 0.0015934168936293522
v 0.001835342157587211 -0.002117813182224038 0.0014934193754176936
v 0.0021353421628026175 -0.0018178131770086316 0.0014934193754176936
v 0.0020951497086476594 -0.001967813179616335 0.0014934193754176936
v 0.0019853421601949144 -0.00207762072806908 0.0014934193754176936
v 0.0005103421842230367 -0.002117813182224038 0.00159341927781509
v 0.0018355476445954812 -0.002117813182224038 0.0015934168936293522
v 0.001835342157587211 -0.002117813182224038 0.0014934193754176936
v 0.0005103421842230367 -0.002117813182224038 0.0014934193754176936
v 0.0005103421842230367 -0.002117813182224038 0.00159341927781509
v 0.00047364237590933483 -0.0020811132621516297 0.0022936933720031374
v 0.0018355476445954812 -0.002117813182224038 0.0015934168936293522
v 0.0017990535095545603 -0.0020811132621516297 0.0022936933720031374
v 0.0011603422203583515 -0.0020162184085797123 0.0024934189954380916
v 0.0011603422203583515 -0.0020324643992081786 0.0024434190442393935
v 0.0017990535095545603 -0.0020324643992081786 0.0024434190442393935
v 0.0017990535095545603 -0.0020811132621516297 0.0022936933720031374
v 0.00047364237590933483 -0.0020811132621516297 0.0022936933720031374
v 0.00040874748508451525 -0.0020162184085797123 0.0024934189954380916
v 0.0011603422203583515 -0.0020162184085797123 0.0024934189954380916
v 0.0011603422203583515 -0.0020324643992081786 0.0024434190442393935
v 0.0011603422203583515 -0.001707937083215927 0.0024934189954380916
v 0.0011603422203583515 -0.001707937083215927 0.002463418786300299
v 0.0011603422203583515 -0.0016774133962970952 0.002463418786300299
v 0.0011603422203583515 -0.0016765406353054792 0.002413418835101601
v 0.0011603422203583515 -0.0017070643222243111 0.002413418835101601
v 0.0011603422203583515 -0.0017070643222243111 0.0024434190442393935
v 0.00040874748508451525 0.0020305920683460215 0.0024934189954380916
v 0.0017953420774189657 0.0020305920683460215 0.0024934189954380916
v 0.00036034218161533354 0.001982186839382644 0.0024934189954380916
v -0.0003396578057186795 0.001982186839382644 0.0024934189954380916
v -0.0003880631091878612 0.0020305920683460215 0.0024934189954380916
v -0.0017783692081637106 0.0020305920683460215 0.0024934189954380916
v -0.002013063087767442 0.00179589818874229 0.0024934189954380916
v -0.002013063087767442 -0.0017778130968403862 0.0024934189954380916
v -0.001774657776028116 -0.0020162184085797123 0.0024934189954380916
v -0.0003880631091878612 -0.0020162184085797123 0.0024934189954380916
v -0.0003396578057186795 -0.001967813179616335 0.0024934189954380916
v 0.00036034218161533354 -0.001967813179616335 0.0024934189954380916
v 0.00040874748508451525 -0.0020162184085797123 0.0024934189954380916
v 0.0011603422203583515 -0.0020162184085797123 0.0024934189954380916
v 0.0011603422203583515 -0.001707937083215927 0.0024934189954380916
v -0.0012404643466964879 -0.001707937083215927 0.0024934189954380916
v -0.0012604643122748063 -0.0017279371233000498 0.0024934189954380916
v -0.0015896577777790024 -0.0017279371233000498 0.0024934189954380916
v -0.001657219790133391 -0.0017098338519818959 0.0024934189954380916
v -0.0017066785311696255 -0.0016603751109456613 0.0024934189954380916
v -0.0017247818024877795 -0.0015928130985912727 0.0024934189954380916
v -0.0017247818024877795 -0.0012636196330870766 0.0024934189954380916
v -0.0017047817624036567 -0.0012436197420145625 0.0024934189954380916
v -0.0017047817624036567 0.0012579934017808716 0.0024934189954380916
v -0.0017247818024877795 0.0012779932928533857 0.0024934189954380916
v -0.0017247818024877795 0.0016071867583575818 0.0024934189954380916
v -0.0017066785311696255 0.0016747487707119704 0.0024934189954380916
v -0.001657219790133391 0.001724207511748205 0.0024934189954380916
v -0.0015896577777790024 0.0017423107830663589 0.0024934189954380916
v -0.0012604643122748063 0.0017423107830663589 0.0024934189954380916
v -0.0012404643466964879 0.0017223107429822362 0.0024934189954380916
v 0.001261148722593142 0.0017223107429822362 0.0024934189954380916
v 0.001281148613665656 0.0017423107830663589 0.0024934189954380916
v 0.0016103420791698522 0.0017423107830663589 0.0024934189954380916
v 0.0016779040915242407 0.001724207511748205 0.0024934189954380916
v 0.0017273628325604753 0.0016747487707119704 0.0024934189954380916
v 0.0017454661038786292 0.0016071867583575818 0.0024934189954380916
v 0.0017454661038786292 0.0012779932928533857 0.0024934189954380916
v 0.0017254660637945065 0.0012579934017808716 0.0024934189954380916
v 0.0017254660637945065 -0.0011428131652739678 0.0024934189954380916
v 0.0020337473891582918 -0.0011428131652739678 0.0024934189954380916
v 0.0020337473891582918 0.0017921867566066953 0.0024934189954380916
v 0.0017953437165466604 0.0020954930313938917 0.00229366953014576
v 0.0020979465075296193 0.00179291408226831 0.0022935968124807595
v 0.0020337473891582918 0.0017921867566066953 0.0024934189954380916
v 0.0017953420774189657 0.0020305920683460215 0.0024934189954380916
v 0.0020337473891582918 0.0017921867566066953 0.0024934189954380916
v 0.002098604244770014 0.0017931387917740906 0.002293810197104286
v 0.002098642242730209 -0.001781524528975981 0.0022936933720031374
v 0.002049993379786758 -0.001781524528975981 0.0024434190442393935
v 0.002049993379786758 -0.0011428131652739678 0.0024434190442393935
v 0.0020337473891582918 -0.0011428131652739678 0.0024934189954380916
v 0.002098642242730209 -0.001781524528975981 0.0022936933720031374
v 0.002049993379786758 -0.001781524528975981 0.0024434190442393935
v 0.0017990535095545603 -0.0020811132621516297 0.0022936933720031374
v 0.0017990535095545603 -0.0020324643992081786 0.0024434190442393935
v 0.0019415550990055101 -0.0019948376269302297 0.002425151413116945
v 0.0019092136194732716 -0.00204712892963449 0.002331970281929442
v 0.0018999076955041054 -0.0020246679628342095 0.0024064438997258865
v 0.001984534964311086 -0.0019670059837325064 0.002406595295520232
v 0.0019930968733184733 -0.001975567892739894 0.002369423455683363
v 0.0019617494502272574 -0.0020250844502802683 0.002313588209891583
v 0.0020016587823258607 -0.0019841298017472813 0.0023322528079393625
v 0.0018731408892614934 -0.0020248776221675206 0.002434312646814153
v 0.0018855312045172328 -0.0020656373635164487 0.0023038571558030587
v 0.0019995566755632303 -0.0019460372191808244 0.002415879314782933
v 0.0020228665614977497 -0.0019011866621407862 0.002434416358893744
v 0.002042196943412789 -0.001882378714925526 0.0024064438997258865
v 0.002022968634449646 -0.001965241239251764 0.002322941370540678
v 0.0020646579102130695 -0.0018916846388946922 0.002331970281929442
v 0.002060340447865267 -0.0019212044346063333 0.0023041873655277336
v 0.0019286676810234553 -0.0019977804571886253 0.0024390834024753407
v 0.0019597254255475376 -0.0019773453032073678 0.0024344676188871052
v 0.0019520403008451985 -0.002036805405390141 0.0022995954237968754
v 0.00198661099404221 -0.0020101220456483497 0.0023043530664365055
v 0.00204434285958835 -0.001843285668418876 0.002438940351331077
v 0.0020886305997826764 -0.0018544180276747482 0.002299086400141871
v 0.001866577076913928 -0.0020244615817562876 0.0024412863900969985
v 0.0018791922506870566 -0.0020699212982523145 0.0022968142711338193
v 0.002001377150385592 -0.001931540922860631 0.002439107244332718
v 0.0020178232636044184 -0.001905468361702523 0.0024414008310124093
v 0.0020378821632739412 -0.001958596513600725 0.0022996800623905646
v 0.0020587425963861654 -0.0019286322162606066 0.002297242232473741
v 0.0019254561828347398 -0.0019984004944920424 0.002442566697838157
v 0.001953496144261297 -0.0019794712518273754 0.0024414342096127375
v 0.0019494972687326977 -0.0020396811804246633 0.0022960942470410264
v 0.001982366249359408 -0.0020164869274984236 0.002297370978503578
v 0.0020424490710545533 -0.0018459826295230688 0.002442445104365533
v 0.0020888003240048807 -0.001858237642238192 0.002295619794079219
v 0.001864945250788064 -0.002024328812413018 0.0024430304219641443
v 0.001877581882232832 -0.002070968998872436 0.0022950523578736406
v 0.0019985973388270133 -0.0019333102867012402 0.0024425941159741406
v 0.002016551002490125 -0.0019065121880208207 0.002443146054972424
v 0.0020365716061762356 -0.0019621844151127836 0.002296201535399224
v 0.0020583104627212028 -0.0019304908380547718 0.0022955053531638083
v 0.001924654053345604 -0.0019985483140077813 0.0024434381177252953
v 0.0019519385259165194 -0.0019799741660064267 0.0024431758572941455
v 0.0019488544326531636 -0.0020403964361459808 0.0022952192508752813
v 0.0019812748883379643 -0.0020180682386889697 0.0022956245624506945
v 0.0020419707437909222 -0.0018466509465876748 0.002443320100531278
v 0.002088834447663252 -0.0018591945947886714 0.002294753142563556
v 0.0018645378530501302 -0.0020242937946849953 0.002443466727954148
v 0.001877177613738679 -0.0020712294711642825 0.0022946112835121615
v 0.0019979007095567718 -0.0019337458476332008 0.002443466727954148
v 0.0020162321176477043 -0.0019067716172314069 0.0024435823609624276
v 0.0020362360320336508 -0.0019630807199385596 0.0022953324996978232
v 0.00205820049215405 -0.0019309556052620196 0.0022950714313595424
v 0.0019244536327320265 -0.0019985848218518902 0.0024436550786274282
v 0.0019515491585832272 -0.0019800981436647884 0.002443612163284149
v 0.00194869320209265 -0.0020405751010647015 0.0022949999057874106
v 0.0019810002599433 -0.0020184629704401717 0.002295188256460691
v 0.0020418509384576016 -0.001846817690577707 0.0024435394456191486
v 0.0020888424942901167 -0.0018594339074320956 0.002294536181661423
v 0.0017990535095545603 -0.0020811132621516297 0.0022936933720031374
v 0.002098642242730209 -0.001781524528975981 0.0022936933720031374
v 0.0018355476445954812 -0.002117813182224038 0.0015934168936293522
v 0.0021353421628026175 -0.0018180186640169018 0.0015934168936293522
v 0.0017245933028028906 -0.001243981244177045 0.0024434190442393935
v 0.0017445933428870133 -0.0012639811352495591 0.0024434190442393935
v 0.0017445933428870133 -0.0015928130985912727 0.0024434190442393935
v 0.0017266070456816165 -0.001659938655944049 0.0024434190442393935
v 0.0016774676365226284 -0.001709078065103037 0.0024434190442393935
v 0.0016103420791698522 -0.0017270643623084338 0.0024434190442393935
v 0.0012815101158281386 -0.0017270643623084338 0.0024434190442393935
v 0.0012615102247556245 -0.0017070643222243111 0.0024434190442393935
v 0.0011603422203583515 -0.0017070643222243111 0.0024434190442393935
v 0.0011603422203583515 -0.0020324643992081786 0.0024434190442393935
v 0.0017990535095545603 -0.0020324643992081786 0.0024434190442393935
v 0.002049993379786758 -0.001781524528975981 0.0024434190442393935
v 0.002049993379786758 -0.0011428131652739678 0.0024434190442393935
v 0.0017245933028028906 -0.0011428131652739678 0.0024434190442393935
v 0.0017245933028028906 -0.0011428131652739678 0.0024434190442393935
v 0.0017245933028028906 -0.001243981244177045 0.0024434190442393935
v 0.0017245933028028906 -0.0012447216828602172 0.002413418835101601
v 0.0017245933028028906 -0.0011428131652739678 0.002413418835101601
v 0.0017245933028028906 -0.0012447216828602172 0.002413418835101601
v 0.0017245933028028906 -0.001243981244177045 0.0024434190442393935
v 0.0016940696158840587 -0.0012141980704471896 0.002413418835101601
v 0.001685342154979508 -0.0012178131665778193 0.001913419323114619
v 0.0017353421061782062 -0.0012678131177765175 0.001913419323114619
v 0.0017445933428870133 -0.0012639811352495591 0.0024434190442393935
v 0.0017445933428870133 -0.0012639811352495591 0.0024434190442393935
v 0.0017353421061782062 -0.0012678131177765175 0.001913419323114619
v 0.0017353421061782062 -0.0015928130985912727 0.001913419323114619
v 0.0017445933428870133 -0.0015928130985912727 0.0024434190442393935
v 0.0017445933428870133 -0.0015928130985912727 0.0024434190442393935
v 0.0017266070456816165 -0.001659938655944049 0.0024434190442393935
v 0.0016774676365226284 -0.001709078065103037 0.0024434190442393935
v 0.0016103420791698522 -0.0017270643623084338 0.0024434190442393935
v 0.0016103420791698522 -0.0017178131255996267 0.001913419323114619
v 0.0017353421061782062 -0.0015928130985912727 0.001913419323114619
v 0.0017185952875332091 -0.001655313186601254 0.001913419323114619
v 0.0016728421671798335 -0.0017010663069546297 0.001913419323114619
v 0.0017009110368584603 -0.001683382056279881 0.0020900856981407325
v 0.0017030915237272184 -0.001685562543148639 0.0022667520731668458
v 0.0016103420791698522 -0.0017178131255996267 0.001913419323114619
v 0.0016103420791698522 -0.0017270643623084338 0.0024434190442393935
v 0.001285342098355097 -0.0017178131255996267 0.001913419323114619
v 0.0012815101158281386 -0.0017270643623084338 0.0024434190442393935
v 0.0012615102247556245 -0.0017070643222243111 0.0024434190442393935
v 0.0012622506634387967 -0.0017070643222243111 0.002413418835101601
v 0.0012815101158281386 -0.0017270643623084338 0.0024434190442393935
v 0.001285342098355097 -0.0017178131255996267 0.001913419323114619
v 0.001235342221662203 -0.0016678131744009286 0.001913419323114619
v 0.0012317271255315734 -0.0016765406353054792 0.002413418835101601
v 0.0012317271255315734 -0.0016765406353054792 0.002413418835101601
v 0.0011603422203583515 -0.0016765406353054792 0.002413418835101601
v 0.0012622506634387967 -0.0017070643222243111 0.002413418835101601
v 0.0011603422203583515 -0.0017070643222243111 0.002413418835101601
v 0.0012317271255315734 -0.0016765406353054792 0.002413418835101601
v 0.0011603422203583515 -0.0016765406353054792 0.002413418835101601
v 0.001235342221662203 -0.0016678131744009286 0.001913419323114619
v 0.0011344694092615822 -0.0016678131744009286 0.001913419323114619
v 0.0011335967227757706 -0.0016686859353925445 0.001963419274313317
v -0.0011129122723733122 -0.0016686859353925445 0.001963419274313317
v -0.0011137850333649282 -0.0016678131744009286 0.001913419323114619
v -0.0012146577712597447 -0.0016678131744009286 0.001913419323114619
v -0.0012106811729666325 -0.0016774133962970952 0.002463418786300299
v 0.0011603422203583515 -0.0016774133962970952 0.002463418786300299
v 0.0011603422203583515 -0.001707937083215927 0.002463418786300299
v -0.00124120478537966 -0.001707937083215927 0.002463418786300299
v -0.0012106811729666325 -0.0016774133962970952 0.002463418786300299
v 0.0011603422203583515 -0.0016774133962970952 0.002463418786300299
v 0.0011603422203583515 -0.001707937083215927 0.0024934189954380916
v -0.0012404643466964879 -0.001707937083215927 0.0024934189954380916
v -0.00124120478537966 -0.001707937083215927 0.002463418786300299
v 0.0011603422203583515 -0.001707937083215927 0.002463418786300299
v -0.00124120478537966 -0.001707937083215927 0.002463418786300299
v -0.0012404643466964879 -0.001707937083215927 0.0024934189954380916
v -0.0012106811729666325 -0.0016774133962970952 0.002463418786300299
v -0.0012146577712597447 -0.0016678131744009286 0.001913419323114619
v -0.0012646577969642472 -0.0017178131255996267 0.001913419323114619
v -0.0012604643122748063 -0.0017279371233000498 0.0024934189954380916
v -0.0015896577777790024 -0.0017279371233000498 0.0024934189954380916
v -0.0015896577777790024 -0.0017178131255996267 0.001913419323114619
v -0.0012604643122748063 -0.0017279371233000498 0.0024934189954380916
v -0.0012646577969642472 -0.0017178131255996267 0.001913419323114619
v -0.0015896577777790024 -0.0017178131255996267 0.001913419323114619
v -0.0015896577777790024 -0.0017178131255996267 0.0018634193719159206
v -0.0012646577969642472 -0.0017178131255996267 0.0018634193719159206
v -0.0012646577969642472 -0.0017178131255996267 0.001913419323114619
v -0.0017146578047873564 -0.0015928130985912727 0.0018634193719159206
v -0.0017146578047873564 -0.0015928130985912727 0.001913419323114619
v -0.0016979109861423594 -0.001655313186601254 0.0018634193719159206
v -0.0016521578657889837 -0.0017010663069546297 0.0018634193719159206
v -0.0015896577777790024 -0.0017178131255996267 0.0018634193719159206
v -0.0015896577777790024 -0.0017178131255996267 0.001913419323114619
v -0.0016521578657889837 -0.0017010663069546297 0.001913419323114619
v -0.0016979109861423594 -0.001655313186601254 0.001913419323114619
v -0.0017146578047873564 -0.0012678131177765175 0.001913419323114619
v -0.0017146578047873564 -0.0012678131177765175 0.0018634193719159206
v -0.0017146578047873564 -0.0015928130985912727 0.0018634193719159206
v -0.0017146578047873564 -0.0015928130985912727 0.001913419323114619
v -0.0016646578535886582 -0.0012178131665778193 0.001913419323114619
v -0.0016646578535886582 -0.0012178131665778193 0.0018634193719159206
v -0.0017146578047873564 -0.0012678131177765175 0.0018634193719159206
v -0.0017146578047873564 -0.0012678131177765175 0.001913419323114619
v -0.0016646578535886582 -0.0011178131151688144 0.0018634193719159206
v -0.0016646578535886582 -0.0011169404286830028 0.001913419323114619
v -0.0016646578535886582 -0.0012178131665778193 0.0018634193719159206
v -0.0016646578535886582 -0.0012178131665778193 0.001913419323114619
v -0.0016646578535886582 -0.0011169404286830028 0.001913419323114619
v -0.0016655306145802742 -0.0011160676676913869 0.001963419274313317
v -0.0016646578535886582 -0.0011178131151688144 0.0018634193719159206
v -0.0012646577969642472 -0.0011178131151688144 0.0018634193719159206
v -0.0012646577969642472 -0.0011160676676913869 0.001963419274313317
v 0.0011335967227757706 -0.0012678131177765175 0.001963419274313317
v 0.0011335967227757706 -0.0016686859353925445 0.001963419274313317
v 0.0011539267490671553 -0.0011919404299868543 0.001963419274313317
v 0.0012094694105654338 -0.0011363976939827716 0.001963419274313317
v 0.001285342098355097 -0.0011160676676913869 0.001963419274313317
v 0.001686214915971124 -0.0011160676676913869 0.001963419274313317
v 0.001686214915971124 0.001130441327457696 0.001963419274313317
v 0.001285342098355097 0.001130441327457696 0.001963419274313317
v 0.0012094694105654338 0.0011507713537490807 0.001963419274313317
v 0.0011539267490671553 0.0012063140152473591 0.001963419274313317
v 0.0011335967227757706 0.0012821867775428266 0.001963419274313317
v 0.0011335967227757706 0.0016830595951588536 0.001963419274313317
v -0.0011129122723733122 0.0016830595951588536 0.001963419274313317
v -0.0011129122723733122 0.0012821867775428266 0.001963419274313317
v -0.001133242298664697 0.0012063140152473591 0.001963419274313317
v -0.0011887849601629754 0.0011507713537490807 0.001963419274313317
v -0.0012646577969642472 0.001130441327457696 0.001963419274313317
v -0.0016655306145802742 0.001130441327457696 0.001963419274313317
v -0.0016655306145802742 -0.0011160676676913869 0.001963419274313317
v -0.0012646577969642472 -0.0011160676676913869 0.001963419274313317
v -0.0011887849601629754 -0.0011363976939827716 0.001963419274313317
v -0.001133242298664697 -0.00119194035548105 0.001963419274313317
v -0.0011129122723733122 -0.0012678131177765175 0.001963419274313317
v -0.0011129122723733122 -0.0016686859353925445 0.001963419274313317
v 1.0342200754012147e-05 -0.0012428131421771684 0.001963419274313317
v -0.000873541216398599 -0.0008766966117166737 0.001963419274313317
v -0.0012396577468590938 7.18685782283117e-06 0.001963419274313317
v -0.000873541216398599 0.0008910702714829828 0.001963419274313317
v 1.0342200754012147e-05 0.0012571868019434775 0.001963419274313317
v 0.0008942256668010574 0.0008910702714829828 0.001963419274313317
v 0.0012603421227557479 7.18685782283117e-06 0.001963419274313317
v 0.0008942256668010574 -0.0008766966117166737 0.001963419274313317
v -0.0011129122723733122 -0.0016686859353925445 0.001963419274313317
v -0.0011137850333649282 -0.0016678131744009286 0.001913419323114619
v -0.0011129122723733122 -0.0012678131177765175 0.001963419274313317
v -0.0011146577198507398 -0.0012678131177765175 0.0018634193719159206
v -0.0011146577198507398 -0.0016678131744009286 0.0018634193719159206
v -0.0011137850333649282 -0.0016678131744009286 0.001913419323114619
v -0.0011146577198507398 -0.0016678131744009286 0.0018634193719159206
v -0.0012146577712597447 -0.0016678131744009286 0.001913419323114619
v -0.0012146577712597447 -0.0016678131744009286 0.0018634193719159206
v -0.0012646577969642472 -0.0017178131255996267 0.001913419323114619
v -0.0012646577969642472 -0.0017178131255996267 0.0018634193719159206
v -0.0012146577712597447 -0.0016678131744009286 0.0018634193719159206
v -0.0012146577712597447 -0.0016678131744009286 0.001913419323114619
v -0.0012646577969642472 -0.0011178131151688144 0.0018634193719159206
v -0.0016646578535886582 -0.0011178131151688144 0.0018634193719159206
v -0.0011146577198507398 -0.0012678131177765175 0.0018634193719159206
v -0.0011347539469282188 -0.001192813116472666 0.0018634193719159206
v -0.0011896577211545913 -0.0011379093422462935 0.0018634193719159206
v -0.0011146577198507398 -0.0016678131744009286 0.0018634193719159206
v -0.0012146577712597447 -0.0016678131744009286 0.0018634193719159206
v -0.0012646577969642472 -0.0017178131255996267 0.0018634193719159206
v -0.0015896577777790024 -0.0017178131255996267 0.0018634193719159206
v -0.0017146578047873564 -0.0015928130985912727 0.0018634193719159206
v -0.0016979109861423594 -0.001655313186601254 0.0018634193719159206
v -0.0016521578657889837 -0.0017010663069546297 0.0018634193719159206
v -0.0017146578047873564 -0.0012678131177765175 0.0018634193719159206
v -0.0016646578535886582 -0.0012178131665778193 0.0018634193719159206
v -0.0011146577198507398 -0.0012678131177765175 0.0018634193719159206
v -0.0011347539469282188 -0.001192813116472666 0.0018634193719159206
v -0.0011896577211545913 -0.0011379093422462935 0.0018634193719159206
v -0.0012646577969642472 -0.0011178131151688144 0.0018634193719159206
v -0.0012646577969642472 -0.0011160676676913869 0.001963419274313317
v -0.0011887849601629754 -0.0011363976939827716 0.001963419274313317
v -0.001133242298664697 -0.00119194035548105 0.001963419274313317
v -0.0011129122723733122 -0.0012678131177765175 0.001963419274313317
v -0.0016646578535886582 0.001131314088449312 0.001913419323114619
v -0.0016646578535886582 0.0012321868263441285 0.001913419323114619
v -0.0016742580754848249 0.0012282102280510162 0.002463418786300299
v -0.0016742580754848249 -0.001213836568284707 0.002463418786300299
v -0.0016646578535886582 -0.0012178131665778193 0.001913419323114619
v -0.0016646578535886582 -0.0011169404286830028 0.001913419323114619
v -0.0016655306145802742 -0.0011160676676913869 0.001963419274313317
v -0.0016655306145802742 0.001130441327457696 0.001963419274313317
v -0.0016655306145802742 0.001130441327457696 0.001963419274313317
v -0.0016646578535886582 0.001131314088449312 0.001913419323114619
v -0.0012646577969642472 0.001130441327457696 0.001963419274313317
v -0.0012646577969642472 0.0011321867749351235 0.0018634193719159206
v -0.0016646578535886582 0.0011321867749351235 0.0018634193719159206
v -0.0016646578535886582 0.001131314088449312 0.001913419323114619
v -0.0016646578535886582 0.0011321867749351235 0.0018634193719159206
v -0.0016646578535886582 0.0012321868263441285 0.001913419323114619
v -0.0016646578535886582 0.0012321868263441285 0.0018634193719159206
v -0.0017146578047873564 0.0012821867775428266 0.001913419323114619
v -0.0017146578047873564 0.0012821867775428266 0.0018634193719159206
v -0.0016646578535886582 0.0012321868263441285 0.0018634193719159206
v -0.0016646578535886582 0.0012321868263441285 0.001913419323114619
v -0.0017146578047873564 0.0016071867583575818 0.001913419323114619
v -0.0017146578047873564 0.0016071867583575818 0.0018634193719159206
v -0.0017146578047873564 0.0012821867775428266 0.0018634193719159206
v -0.0017146578047873564 0.0012821867775428266 0.001913419323114619
v -0.0015896577777790024 0.0017321867853659358 0.0018634193719159206
v -0.0015896577777790024 0.0017321867853659358 0.001913419323114619
v -0.0016521578657889837 0.0017154399667209388 0.0018634193719159206
v -0.0016979109861423594 0.0016696868463675631 0.0018634193719159206
v -0.0017146578047873564 0.0016071867583575818 0.0018634193719159206
v -0.0017146578047873564 0.0016071867583575818 0.001913419323114619
v -0.0016979109861423594 0.0016696868463675631 0.001913419323114619
v -0.0016521578657889837 0.0017154399667209388 0.001913419323114619
v -0.0012646577969642472 0.0017321867853659358 0.001913419323114619
v -0.0012646577969642472 0.0017321867853659358 0.0018634193719159206
v -0.0015896577777790024 0.0017321867853659358 0.0018634193719159206
v -0.0015896577777790024 0.0017321867853659358 0.001913419323114619
v -0.0012146577712597447 0.0016821868341672377 0.001913419323114619
v -0.0012146577712597447 0.0016821868341672377 0.0018634193719159206
v -0.0012646577969642472 0.0017321867853659358 0.0018634193719159206
v -0.0012646577969642472 0.0017321867853659358 0.001913419323114619
v -0.0011146577198507398 0.0016821868341672377 0.0018634193719159206
v -0.0011137850333649282 0.0016821868341672377 0.001913419323114619
v -0.0012146577712597447 0.0016821868341672377 0.0018634193719159206
v -0.0012146577712597447 0.0016821868341672377 0.001913419323114619
v -0.0011137850333649282 0.0016821868341672377 0.001913419323114619
v -0.0011129122723733122 0.0016830595951588536 0.001963419274313317
v -0.0011146577198507398 0.0016821868341672377 0.0018634193719159206
v -0.0011146577198507398 0.0012821867775428266 0.0018634193719159206
v -0.0011129122723733122 0.0012821867775428266 0.001963419274313317
v -0.0012646577969642472 0.0011321867749351235 0.0018634193719159206
v -0.0011896577211545913 0.0011522830020126026 0.0018634193719159206
v -0.0011347539469282188 0.001207186776238975 0.0018634193719159206
v -0.0011146577198507398 0.0012821867775428266 0.0018634193719159206
v -0.0011129122723733122 0.0012821867775428266 0.001963419274313317
v -0.001133242298664697 0.0012063140152473591 0.001963419274313317
v -0.0011887849601629754 0.0011507713537490807 0.001963419274313317
v -0.0012646577969642472 0.001130441327457696 0.001963419274313317
v -0.0011146577198507398 0.0012821867775428266 0.0018634193719159206
v -0.0011146577198507398 0.0016821868341672377 0.0018634193719159206
v -0.0012646577969642472 0.0011321867749351235 0.0018634193719159206
v -0.0011896577211545913 0.0011522830020126026 0.0018634193719159206
v -0.0011347539469282188 0.001207186776238975 0.0018634193719159206
v -0.0016646578535886582 0.0011321867749351235 0.0018634193719159206
v -0.0016646578535886582 0.0012321868263441285 0.0018634193719159206
v -0.0017146578047873564 0.0012821867775428266 0.0018634193719159206
v -0.0017146578047873564 0.0016071867583575818 0.0018634193719159206
v -0.0015896577777790024 0.0017321867853659358 0.0018634193719159206
v -0.0016521578657889837 0.0017154399667209388 0.0018634193719159206
v -0.0016979109861423594 0.0016696868463675631 0.0018634193719159206
v -0.0012646577969642472 0.0017321867853659358 0.0018634193719159206
v -0.0012146577712597447 0.0016821868341672377 0.0018634193719159206
v 0.0011344694837673865 0.0016821868341672377 0.001913419323114619
v 0.001235342221662203 0.0016821868341672377 0.001913419323114619
v 0.0012313656233690908 0.0016917870560634043 0.002463418786300299
v -0.0012106811729666325 0.0016917870560634043 0.002463418786300299
v -0.0012146577712597447 0.0016821868341672377 0.001913419323114619
v -0.0011137850333649282 0.0016821868341672377 0.001913419323114619
v -0.0011129122723733122 0.0016830595951588536 0.001963419274313317
v 0.0011335967227757706 0.0016830595951588536 0.001963419274313317
v 0.0011335967227757706 0.0016830595951588536 0.001963419274313317
v 0.0011344694837673865 0.0016821868341672377 0.001913419323114619
v 0.0011335967227757706 0.0012821867775428266 0.001963419274313317
v 0.0011353421702531982 0.0012821867775428266 0.0018634193719159206
v 0.0011353421702531982 0.0016821868341672377 0.0018634193719159206
v 0.0011344694837673865 0.0016821868341672377 0.001913419323114619
v 0.0011353421702531982 0.0016821868341672377 0.0018634193719159206
v 0.001235342221662203 0.0016821868341672377 0.001913419323114619
v 0.001235342221662203 0.0016821868341672377 0.0018634193719159206
v 0.001285342098355097 0.0017321867853659358 0.001913419323114619
v 0.001285342098355097 0.0017321867853659358 0.0018634193719159206
v 0.001235342221662203 0.0016821868341672377 0.0018634193719159206
v 0.001235342221662203 0.0016821868341672377 0.001913419323114619
v 0.0016103420791698522 0.0017321867853659358 0.001913419323114619
v 0.0016103420791698522 0.0017321867853659358 0.0018634193719159206
v 0.001285342098355097 0.0017321867853659358 0.0018634193719159206
v 0.001285342098355097 0.0017321867853659358 0.001913419323114619
v 0.0017353421061782062 0.0016071867583575818 0.0018634193719159206
v 0.0017353421061782062 0.0016071867583575818 0.001913419323114619
v 0.0017185952875332091 0.0016696868463675631 0.0018634193719159206
v 0.0016728421671798335 0.0017154399667209388 0.0018634193719159206
v 0.0016103420791698522 0.0017321867853659358 0.0018634193719159206
v 0.0016103420791698522 0.0017321867853659358 0.001913419323114619
v 0.0016728421671798335 0.0017154399667209388 0.001913419323114619
v 0.0017185952875332091 0.0016696868463675631 0.001913419323114619
v 0.0017353421061782062 0.0012821867775428266 0.001913419323114619
v 0.0017353421061782062 0.0012821867775428266 0.0018634193719159206
v 0.0017353421061782062 0.0016071867583575818 0.0018634193719159206
v 0.0017353421061782062 0.0016071867583575818 0.001913419323114619
v 0.001685342154979508 0.0012321868263441285 0.001913419323114619
v 0.001685342154979508 0.0012321868263441285 0.0018634193719159206
v 0.0017353421061782062 0.0012821867775428266 0.0018634193719159206
v 0.0017353421061782062 0.0012821867775428266 0.001913419323114619
v 0.001685342154979508 0.0011321867749351235 0.0018634193719159206
v 0.001685342154979508 0.0011313140139435076 0.001913419323114619
v 0.001685342154979508 0.0012321868263441285 0.0018634193719159206
v 0.001685342154979508 0.0012321868263441285 0.001913419323114619
v 0.001685342154979508 0.001131314088449312 0.001913419323114619
v 0.001686214915971124 0.001130441327457696 0.001963419274313317
v 0.001685342154979508 0.0011321867749351235 0.0018634193719159206
v 0.001285342098355097 0.0011321867749351235 0.0018634193719159206
v 0.001285342098355097 0.001130441327457696 0.001963419274313317
v 0.0011353421702531982 0.0012821867775428266 0.0018634193719159206
v 0.0011554383973306772 0.001207186776238975 0.0018634193719159206
v 0.0012103421715570497 0.0011522830020126026 0.0018634193719159206
v 0.001285342098355097 0.0011321867749351235 0.0018634193719159206
v 0.001285342098355097 0.001130441327457696 0.001963419274313317
v 0.0012094694105654338 0.0011507713537490807 0.001963419274313317
v 0.0011539267490671553 0.0012063140152473591 0.001963419274313317
v 0.0011335967227757706 0.0012821867775428266 0.001963419274313317
v 0.001285342098355097 0.0011321867749351235 0.0018634193719159206
v 0.001685342154979508 0.0011321867749351235 0.0018634193719159206
v 0.0011353421702531982 0.0012821867775428266 0.0018634193719159206
v 0.0011554383973306772 0.001207186776238975 0.0018634193719159206
v 0.0012103421715570497 0.0011522830020126026 0.0018634193719159206
v 0.0011353421702531982 0.0016821868341672377 0.0018634193719159206
v 0.001235342221662203 0.0016821868341672377 0.0018634193719159206
v 0.001285342098355097 0.0017321867853659358 0.0018634193719159206
v 0.0016103420791698522 0.0017321867853659358 0.0018634193719159206
v 0.0017353421061782062 0.0016071867583575818 0.0018634193719159206
v 0.0017185952875332091 0.0016696868463675631 0.0018634193719159206
v 0.0016728421671798335 0.0017154399667209388 0.0018634193719159206
v 0.0017353421061782062 0.0012821867775428266 0.0018634193719159206
v 0.001685342154979508 0.0012321868263441285 0.0018634193719159206
v 0.0016949423768756746 -0.0011428131652739678 0.002463418786300299
v 0.0016940696158840587 -0.0011428131652739678 0.002413418835101601
v 0.0016949423768756746 0.0012282102280510162 0.002463418786300299
v 0.001685342154979508 0.0012321868263441285 0.001913419323114619
v 0.001685342154979508 0.0011313140139435076 0.001913419323114619
v 0.001686214915971124 0.001130441327457696 0.001963419274313317
v 0.001686214915971124 -0.0011160676676913869 0.001963419274313317
v 0.001685342154979508 -0.0011169404286830028 0.001913419323114619
v 0.001685342154979508 -0.0012178131665778193 0.001913419323114619
v 0.0016940696158840587 -0.0012141980704471896 0.002413418835101601
v 0.0017245933028028906 -0.0011428131652739678 0.002413418835101601
v 0.0017245933028028906 -0.0012447216828602172 0.002413418835101601
v 0.0016940696158840587 -0.0012141980704471896 0.002413418835101601
v 0.0016940696158840587 -0.0011428131652739678 0.002413418835101601
v 0.002049993379786758 -0.0011428131652739678 0.0024434190442393935
v 0.0020337473891582918 -0.0011428131652739678 0.0024934189954380916
v 0.0017245933028028906 -0.0011428131652739678 0.0024434190442393935
v 0.0017245933028028906 -0.0011428131652739678 0.002413418835101601
v 0.0016940696158840587 -0.0011428131652739678 0.002413418835101601
v 0.0016949423768756746 -0.0011428131652739678 0.002463418786300299
v 0.0017254660637945065 -0.0011428131652739678 0.002463418786300299
v 0.0017254660637945065 -0.0011428131652739678 0.0024934189954380916
v 0.0016949423768756746 0.0012282102280510162 0.002463418786300299
v 0.0016949423768756746 -0.0011428131652739678 0.002463418786300299
v 0.0017254660637945065 0.0012587338404640438 0.002463418786300299
v 0.0017254660637945065 -0.0011428131652739678 0.002463418786300299
v 0.0017254660637945065 0.0012579934017808716 0.0024934189954380916
v 0.0017254660637945065 0.0012587338404640438 0.002463418786300299
v 0.0017454661038786292 0.0012779932928533857 0.0024934189954380916
v 0.0017353421061782062 0.0012821867775428266 0.001913419323114619
v 0.001685342154979508 0.0012321868263441285 0.001913419323114619
v 0.0016949423768756746 0.0012282102280510162 0.002463418786300299
v 0.0017454661038786292 0.0012779932928533857 0.0024934189954380916
v 0.0017353421061782062 0.0012821867775428266 0.001913419323114619
v 0.0017454661038786292 0.0016071867583575818 0.0024934189954380916
v 0.0017353421061782062 0.0016071867583575818 0.001913419323114619
v 0.0016103420791698522 0.0017321867853659358 0.001913419323114619
v 0.0016728421671798335 0.0017154399667209388 0.001913419323114619
v 0.0017185952875332091 0.0016696868463675631 0.001913419323114619
v 0.0017353421061782062 0.0016071867583575818 0.001913419323114619
v 0.0016103420791698522 0.0017423107830663589 0.0024934189954380916
v 0.0016779040915242407 0.001724207511748205 0.0024934189954380916
v 0.0017273628325604753 0.0016747487707119704 0.0024934189954380916
v 0.0017454661038786292 0.0016071867583575818 0.0024934189954380916
v 0.0017011166728783391 0.0016979613520660688 0.0021067523485402985
v 0.0017035029447785845 0.0017003476239663142 0.002300085373965978
v 0.0016103420791698522 0.0017423107830663589 0.0024934189954380916
v 0.0016103420791698522 0.0017321867853659358 0.001913419323114619
v 0.001281148613665656 0.0017423107830663589 0.0024934189954380916
v 0.001285342098355097 0.0017321867853659358 0.001913419323114619
v 0.0012618891612763141 0.0017223107429822362 0.002463418786300299
v 0.001261148722593142 0.0017223107429822362 0.0024934189954380916
v 0.0012313656233690908 0.0016917870560634043 0.002463418786300299
v 0.001235342221662203 0.0016821868341672377 0.001913419323114619
v 0.001285342098355097 0.0017321867853659358 0.001913419323114619
v 0.001281148613665656 0.0017423107830663589 0.0024934189954380916
v -0.00124120478537966 0.0017223107429822362 0.002463418786300299
v 0.0012618891612763141 0.0017223107429822362 0.002463418786300299
v 0.0012313656233690908 0.0016917870560634043 0.002463418786300299
v -0.0012106811729666325 0.0016917870560634043 0.002463418786300299
v -0.0012404643466964879 0.0017223107429822362 0.0024934189954380916
v 0.001261148722593142 0.0017223107429822362 0.0024934189954380916
v 0.0012618891612763141 0.0017223107429822362 0.002463418786300299
v -0.00124120478537966 0.0017223107429822362 0.002463418786300299
v -0.0012404643466964879 0.0017223107429822362 0.0024934189954380916
v -0.00124120478537966 0.0017223107429822362 0.002463418786300299
v -0.0012604643122748063 0.0017423107830663589 0.0024934189954380916
v -0.0012646577969642472 0.0017321867853659358 0.001913419323114619
v -0.0012146577712597447 0.0016821868341672377 0.001913419323114619
v -0.0012106811729666325 0.0016917870560634043 0.002463418786300299
v -0.0012604643122748063 0.0017423107830663589 0.0024934189954380916
v -0.0012646577969642472 0.0017321867853659358 0.001913419323114619
v -0.0015896577777790024 0.0017423107830663589 0.0024934189954380916
v -0.0015896577777790024 0.0017321867853659358 0.001913419323114619
v -0.0017146578047873564 0.0016071867583575818 0.001913419323114619
v -0.0016979109861423594 0.0016696868463675631 0.001913419323114619
v -0.0016521578657889837 0.0017154399667209388 0.001913419323114619
v -0.0015896577777790024 0.0017321867853659358 0.001913419323114619
v -0.0017247818024877795 0.0016071867583575818 0.0024934189954380916
v -0.0017066785311696255 0.0016747487707119704 0.0024934189954380916
v -0.001657219790133391 0.001724207511748205 0.0024934189954380916
v -0.0015896577777790024 0.0017423107830663589 0.0024934189954380916
v -0.0016804323714874894 0.0016979613520660688 0.0021067523485402985
v -0.0016828186433877348 0.0017003476239663142 0.002300085373965978
v -0.0017247818024877795 0.0016071867583575818 0.0024934189954380916
v -0.0017146578047873564 0.0016071867583575818 0.001913419323114619
v -0.0017247818024877795 0.0012779932928533857 0.0024934189954380916
v -0.0017146578047873564 0.0012821867775428266 0.001913419323114619
v -0.0017047817624036567 0.0012587338404640438 0.002463418786300299
v -0.0017047817624036567 0.0012579934017808716 0.0024934189954380916
v -0.0016742580754848249 0.0012282102280510162 0.002463418786300299
v -0.0016646578535886582 0.0012321868263441285 0.001913419323114619
v -0.0017146578047873564 0.0012821867775428266 0.001913419323114619
v -0.0017247818024877795 0.0012779932928533857 0.0024934189954380916
v -0.0017047817624036567 -0.0012443601806977347 0.002463418786300299
v -0.0017047817624036567 0.0012587338404640438 0.002463418786300299
v -0.0016742580754848249 0.0012282102280510162 0.002463418786300299
v -0.0016742580754848249 -0.001213836568284707 0.002463418786300299
v -0.0017047817624036567 -0.0012436197420145625 0.0024934189954380916
v -0.0017047817624036567 0.0012579934017808716 0.0024934189954380916
v -0.0017047817624036567 0.0012587338404640438 0.002463418786300299
v -0.0017047817624036567 -0.0012443601806977347 0.002463418786300299
v -0.0017047817624036567 -0.0012436197420145625 0.0024934189954380916
v -0.0017047817624036567 -0.0012443601806977347 0.002463418786300299
v -0.0017247818024877795 -0.0012636196330870766 0.0024934189954380916
v -0.0017146578047873564 -0.0012678131177765175 0.001913419323114619
v -0.0016646578535886582 -0.0012178131665778193 0.001913419323114619
v -0.0016742580754848249 -0.001213836568284707 0.002463418786300299
v -0.0017247818024877795 -0.0012636196330870766 0.0024934189954380916
v -0.0017146578047873564 -0.0012678131177765175 0.001913419323114619
v -0.0017247818024877795 -0.0015928130985912727 0.0024934189954380916
v -0.0017146578047873564 -0.0015928130985912727 0.001913419323114619
v -0.0015896577777790024 -0.0017178131255996267 0.001913419323114619
v -0.0016521578657889837 -0.0017010663069546297 0.001913419323114619
v -0.0016979109861423594 -0.001655313186601254 0.001913419323114619
v -0.0017146578047873564 -0.0015928130985912727 0.001913419323114619
v -0.0015896577777790024 -0.0017279371233000498 0.0024934189954380916
v -0.001657219790133391 -0.0017098338519818959 0.0024934189954380916
v -0.0017066785311696255 -0.0016603751109456613 0.0024934189954380916
v -0.0017247818024877795 -0.0015928130985912727 0.0024934189954380916
v -0.0016804323714874894 -0.0016835876922997597 0.0021067523485402985
v -0.0016828186433877348 -0.0016859739642000051 0.002300085373965978
v 0.0017254660637945065 0.0012587338404640438 0.002463418786300299
v 0.0017254660637945065 -0.0011428131652739678 0.002463418786300299
v 0.0017254660637945065 0.0012579934017808716 0.0024934189954380916
v 0.0017254660637945065 -0.0011428131652739678 0.0024934189954380916
v 0.001685342154979508 -0.0011169404286830028 0.001913419323114619
v 0.001685342154979508 -0.0011178131151688144 0.0018634193719159206
v 0.001685342154979508 -0.0012178131665778193 0.001913419323114619
v 0.001685342154979508 -0.0012178131665778193 0.0018634193719159206
v 0.001686214915971124 -0.0011160676676913869 0.001963419274313317
v 0.001685342154979508 -0.0011169404286830028 0.001913419323114619
v 0.001285342098355097 -0.0011160676676913869 0.001963419274313317
v 0.001285342098355097 -0.0011178131151688144 0.0018634193719159206
v 0.001685342154979508 -0.0011178131151688144 0.0018634193719159206
v 0.0011353421702531982 -0.0012678131177765175 0.0018634193719159206
v 0.0011353421702531982 -0.0016678131744009286 0.0018634193719159206
v 0.001285342098355097 -0.0011178131151688144 0.0018634193719159206
v 0.0012103421715570497 -0.0011379093422462935 0.0018634193719159206
v 0.0011554383973306772 -0.001192813116472666 0.0018634193719159206
v 0.001685342154979508 -0.0011178131151688144 0.0018634193719159206
v 0.001685342154979508 -0.0012178131665778193 0.0018634193719159206
v 0.0017353421061782062 -0.0012678131177765175 0.0018634193719159206
v 0.0017353421061782062 -0.0015928130985912727 0.0018634193719159206
v 0.0016103420791698522 -0.0017178131255996267 0.0018634193719159206
v 0.0016728421671798335 -0.0017010663069546297 0.0018634193719159206
v 0.0017185952875332091 -0.001655313186601254 0.0018634193719159206
v 0.001285342098355097 -0.0017178131255996267 0.0018634193719159206
v 0.001235342221662203 -0.0016678131744009286 0.0018634193719159206
v 0.0011344694837673865 -0.0016678131744009286 0.001913419323114619
v 0.0011335967227757706 -0.0016686859353925445 0.001963419274313317
v 0.0011353421702531982 -0.0016678131744009286 0.0018634193719159206
v 0.0011353421702531982 -0.0012678131177765175 0.0018634193719159206
v 0.0011335967227757706 -0.0012678131177765175 0.001963419274313317
v 0.001285342098355097 -0.0011178131151688144 0.0018634193719159206
v 0.0012103421715570497 -0.0011379093422462935 0.0018634193719159206
v 0.0011554383973306772 -0.001192813116472666 0.0018634193719159206
v 0.0011353421702531982 -0.0012678131177765175 0.0018634193719159206
v 0.0011335967227757706 -0.0012678131177765175 0.001963419274313317
v 0.0011539267490671553 -0.0011919404299868543 0.001963419274313317
v 0.0012094694105654338 -0.0011363976939827716 0.001963419274313317
v 0.001285342098355097 -0.0011160676676913869 0.001963419274313317
v 0.0011353421702531982 -0.0016678131744009286 0.0018634193719159206
v 0.0011344694092615822 -0.0016678131744009286 0.001913419323114619
v 0.001235342221662203 -0.0016678131744009286 0.0018634193719159206
v 0.001235342221662203 -0.0016678131744009286 0.001913419323114619
v 0.001235342221662203 -0.0016678131744009286 0.001913419323114619
v 0.001235342221662203 -0.0016678131744009286 0.0018634193719159206
v 0.001285342098355097 -0.0017178131255996267 0.0018634193719159206
v 0.001285342098355097 -0.0017178131255996267 0.001913419323114619
v 0.001285342098355097 -0.0017178131255996267 0.001913419323114619
v 0.001285342098355097 -0.0017178131255996267 0.0018634193719159206
v 0.0016103420791698522 -0.0017178131255996267 0.0018634193719159206
v 0.0016103420791698522 -0.0017178131255996267 0.001913419323114619
v 0.0016103420791698522 -0.0017178131255996267 0.0018634193719159206
v 0.0016103420791698522 -0.0017178131255996267 0.001913419323114619
v 0.0016728421671798335 -0.0017010663069546297 0.0018634193719159206
v 0.0017185952875332091 -0.001655313186601254 0.0018634193719159206
v 0.0017353421061782062 -0.0015928130985912727 0.0018634193719159206
v 0.0017353421061782062 -0.0015928130985912727 0.001913419323114619
v 0.0017185952875332091 -0.001655313186601254 0.001913419323114619
v 0.0016728421671798335 -0.0017010663069546297 0.001913419323114619
v 0.0017353421061782062 -0.0015928130985912727 0.001913419323114619
v 0.0017353421061782062 -0.0015928130985912727 0.0018634193719159206
v 0.0017353421061782062 -0.0012678131177765175 0.0018634193719159206
v 0.0017353421061782062 -0.0012678131177765175 0.001913419323114619
v 0.0017353421061782062 -0.0012678131177765175 0.001913419323114619
v 0.0017353421061782062 -0.0012678131177765175 0.0018634193719159206
v 0.001685342154979508 -0.0012178131665778193 0.0018634193719159206
v 0.001685342154979508 -0.0012178131665778193 0.001913419323114619
v 1.0342200754012147e-05 0.0012571868019434775 0.001963419274313317
v 0.0008942256668010574 0.0008910702714829828 0.001963419274313317
v 0.0012603421227557479 7.186857240754574e-06 0.001963419274313317
v 0.0008942256668010574 -0.0008766966117166737 0.001963419274313317
v 1.0342200754012147e-05 -0.0012428131421771684 0.001963419274313317
v 1.0342200754012147e-05 -0.0012428131421771684 0.0019134205152074879
v 0.0008942256668010574 -0.0008766966117166737 0.0019134205152074879
v 0.0012603421227557479 7.18685782283117e-06 0.0019134205152074879
v 0.0008942256668010574 0.0008910702714829828 0.0019134205152074879
v 1.0342200754012147e-05 0.0012571868019434775 0.0019134205152074879
v 1.0342200754012147e-05 0.0012571868019434775 0.0019134205152074879
v 1.0342199589858955e-05 0.0012571868019434775 0.001963419274313317
v -0.000873541216398599 0.0008910702714829828 0.0019134205152074879
v -0.0012396577468590938 7.18685782283117e-06 0.0019134205152074879
v -0.000873541216398599 -0.0008766966117166737 0.0019134205152074879
v 1.0342200754012147e-05 -0.0012428131421771684 0.0019134205152074879
v 1.0342200754012147e-05 -0.0012428131421771684 0.001963419274313317
v -0.000873541216398599 -0.0008766966117166737 0.001963419274313317
v -0.0012396577468590938 7.186857240754574e-06 0.001963419274313317
v -0.000873541216398599 0.0008910702714829828 0.001963419274313317
v 1.0342200754012147e-05 0.0012571868019434775 0.0019134205152074879
v -0.000873541216398599 0.0008910702714829828 0.0019134205152074879
v -0.0012396577468590938 7.18685782283117e-06 0.0019134205152074879
v -0.000873541216398599 -0.0008766966117166737 0.0019134205152074879
v 1.0342200754012147e-05 -0.0012428131421771684 0.0019134205152074879
v 0.0008942256668010574 -0.0008766966117166737 0.0019134205152074879
v 0.0012603421227557479 7.18685782283117e-06 0.0019134205152074879
v 0.0008942256668010574 0.0008910702714829828 0.0019134205152074879
v 1.0342200754012147e-05 0.0010071886105718771 0.0019134205152074879
v 0.0007174502897832475 0.0007142948944651729 0.0019134205152074879
v 0.0010103440058899518 7.18685782283117e-06 0.0019134205152074879
v 0.0007174502897832475 -0.0006999212346988638 0.0019134205152074879
v 1.0342200754012147e-05 -0.000992814950805568 0.0019134205152074879
v -0.0006967658393807892 -0.0006999212346988638 0.0019134205152074879
v -0.0009896595554874934 7.18685782283117e-06 0.0019134205152074879
v -0.0006967658393807892 0.0007142948944651729 0.0019134205152074879
v 1.0342200754012147e-05 -0.0009578149551641576 0.001756237109983628
v 0.0006927015477560112 -0.0006751724926716275 0.001756237109983628
v 0.0009753440102485413 7.18685782283117e-06 0.001756237109983628
v 0.0006927015477560112 0.0006895461524379366 0.001756237109983628
v 1.0342200754012147e-05 0.0009721886149304667 0.001756237109983628
v 1.0342200754012147e-05 0.0010071886105718771 0.0019134205152074879
v 0.0007174502897832475 0.0007142948944651729 0.0019134205152074879
v 0.0010103440058899518 7.18685782283117e-06 0.0019134205152074879
v 0.0007174502897832475 -0.0006999212346988638 0.0019134205152074879
v 1.0342200754012147e-05 -0.000992814950805568 0.0019134205152074879
v 1.0342200754012147e-05 -0.0009578149551641576 0.001756237109983628
v 0.0006927015477560112 -0.0006751724926716275 0.001756237109983628
v 0.0009753440102485413 7.18685782283117e-06 0.001756237109983628
v 0.0006927015477560112 0.0006895461524379366 0.001756237109983628
v 1.0342200754012147e-05 0.0009721886149304667 0.001756237109983628
v 1.0342200754012147e-05 -0.0010641450197068222 0.001464099255261587
v 0.000767888186099644 -0.0007503591310152603 0.001464099255261587
v 0.001081674074791206 7.18685782283117e-06 0.001464099255261587
v 0.000767888186099644 0.0007647327907815694 0.001464099255261587
v 1.0342200754012147e-05 0.0010785186794731313 0.001464099255261587
v 1.0342200754012147e-05 0.0010785186794731313 0.001464099255261587
v 1.0342200754012147e-05 0.0009721886149304667 0.001756237109983628
v -0.0007472037356971857 0.0007647327907815694 0.001464099255261587
v -0.0010609896243887475 7.18685782283117e-06 0.001464099255261587
v -0.0007472037356971857 -0.0007503591310152603 0.001464099255261587
v 1.0342200754012147e-05 -0.0010641450197068222 0.001464099255261587
v 1.0342200754012147e-05 -0.0009578149551641576 0.001756237109983628
v -0.0006720170973535529 0.0006895461524379366 0.001756237109983628
v -0.000954659559846083 7.18685782283117e-06 0.001756237109983628
v -0.0006720170973535529 -0.0006751724926716275 0.001756237109983628
v 1.0342200754012147e-05 0.0010785186794731313 0.001464099255261587
v 1.0342200754012147e-05 0.001090196421216508 0.0014451670323647476
v 1.0342200754012147e-05 0.0011084178587402879 0.0014324080623893127
v 1.0342200754012147e-05 0.0011302026108607063 0.0014279102959950947
v -0.0007472037356971857 0.0007647327907815694 0.001464099255261587
v -0.0010609896243887475 7.18685782283117e-06 0.001464099255261587
v -0.0007472037356971857 -0.0007503591310152603 0.001464099255261587
v 1.0342200754012147e-05 -0.0010641450197068222 0.001464099255261587
v 1.0342200754012147e-05 -0.0010758227614501988 0.0014451670323647476
v 1.0342200754012147e-05 -0.0010940441989739787 0.0014324080623893127
v 1.0342200754012147e-05 -0.0011158289510943972 0.0014279102959950947
v -5.045664383940448e-05 0.0011285555855507642 0.0014279102959950947
v -0.00011107716461098567 0.001123619427004022 0.0014279102959950947
v -0.0001713415196983176 0.0011154085893465145 0.0014279102959950947
v -0.0002310729906468169 0.0011039471379530321 0.0014279102959950947
v -0.0002900963398047609 0.0010892686749413157 0.0014279102959950947
v -0.0003482384529358493 0.001071416264666253 0.0014279102959950947
v -0.0004053287862540306 0.001050442359214074 0.0014279102959950947
v -0.00046119990659058285 0.001026408351367525 0.0014279102959950947
v -0.0005156878639231353 0.000999384798123282 0.0014279102959950947
v -0.0005686329178072603 0.0009694509736571241 0.0014279102959950947
v -0.0006198797608938865 0.0009366946458065213 0.0014279102959950947
v -0.0006692779659641241 0.0009012118525532216 0.0014279102959950947
v -0.000716682805493113 0.0008631068275174459 0.0014279102959950947
v -0.0007619551398913156 0.0008224911803940417 0.0014279102959950947
v -0.0008049621253096579 0.0007794841949756993 0.0014279102959950947
v -0.0008455777724330622 0.0007342118605774968 0.0014279102959950947
v -0.0008836827974688378 0.0006868070210485079 0.0014279102959950947
v -0.0009191655907221375 0.000637408778725368 0.0014279102959950947
v -0.0009519219185727403 0.0005861619728916441 0.0014279102959950947
v -0.0009818557430388982 0.000533216919007519 0.0014279102959950947
v -0.0010088792962831413 0.00047872896167496664 0.0014279102959950947
v -0.0010329133041296903 0.00042285784133841436 0.0014279102959950947
v -0.0010538872095818693 0.00036576750802023306 0.0014279102959950947
v -0.001071739619856932 0.0003076254135155957 0.0014279102959950947
v -0.0010864180828686484 0.00024860206435765175 0.0014279102959950947
v -0.0010978795342621308 0.00018887057478270133 0.0014279102959950947
v -0.0011060903719196382 0.00012860621969536942 0.0014279102959950947
v -0.0011110265304663804 6.798570358040099e-05 0.0014279102959950947
v -0.0011126735557763225 7.18685782283117e-06 0.0014279102959950947
v -0.0011110265304663804 -5.361198793473865e-05 0.0014279102959950947
v -0.0011060903719196382 -0.00011423250404970707 0.0014279102959950947
v -0.0010978795342621308 -0.00017449687776349007 0.0014279102959950947
v -0.0010864180828686484 -0.0002342283300855383 0.0014279102959950947
v -0.001071739619856932 -0.0002932516792434823 0.0014279102959950947
v -0.0010538872095818693 -0.00035139377374811964 0.0014279102959950947
v -0.0010329133041296903 -0.00040848410706630095 0.0014279102959950947
v -0.0010088792962831413 -0.0004643552274028532 0.0014279102959950947
v -0.0009818557430388982 -0.0005188431847354056 0.0014279102959950947
v -0.0009519219185727403 -0.0005717882386195307 0.0014279102959950947
v -0.0009191655907221375 -0.0006230350817061568 0.0014279102959950947
v -0.0008836827974688378 -0.0006724333612821988 0.0014279102959950947
v -0.0008455777724330622 -0.0007198382008111877 0.0014279102959950947
v -0.0008049621253096579 -0.0007651105352093902 0.0014279102959950947
v -0.0007619551398913156 -0.0008081175206277326 0.0014279102959950947
v -0.000716682805493113 -0.0008487331677511368 0.0014279102959950947
v -0.0006692779659641241 -0.0008868381927869124 0.0014279102959950947
v -0.0006198797608938865 -0.0009223209860402122 0.0014279102959950947
v -0.0005686329178072603 -0.000955077313890815 0.0014279102959950947
v -0.0005156878639231353 -0.0009850111383569728 0.0014279102959950947
v -0.00046119990659058285 -0.001012034691601216 0.0014279102959950947
v -0.0004053287862540306 -0.001036068699447765 0.0014279102959950947
v -0.0003482384529358493 -0.001057042604899944 0.0014279102959950947
v -0.0002900963398047609 -0.0010748950151750066 0.0014279102959950947
v -0.0002310729906468169 -0.001089573478186723 0.0014279102959950947
v -0.0001713415196983176 -0.0011010349295802054 0.0014279102959950947
v -0.00011107716461098567 -0.0011092457672377128 0.0014279102959950947
v -5.045664383940448e-05 -0.001114181925784455 0.0014279102959950947
v -4.9277244896950296e-05 -0.0010924292111598873 0.0014324080623893127
v -4.829075545167723e-05 -0.0010742344467140482 0.0014451670323647476
v -0.0001087218219327519 -0.0010875887925716756 0.0014324080623893127
v -0.00010675173945534808 -0.0010694741218654632 0.0014451670323647476
v -0.00016781715301087896 -0.0010795371738179657 0.0014324080623893127
v -0.00016486923773133963 -0.0010615557194898486 0.0014451670323647476
v -0.00022638992831729504 -0.001068298047744526 0.0014324080623893127
v -0.00022247284153537053 -0.0010505025599039516 0.0014451670323647476
v -0.00028426830952759877 -0.0010539043459168592 0.0014324080623893127
v -0.00027939354376360295 -0.0010363470531326443 0.0014451670323647476
v -0.00034128259104603686 -0.0010363983131260054 0.0014324080623893127
v -0.000335464432787945 -0.0010191306244031197 0.0014451670323647476
v -0.0003972654328361428 -0.0010158312093653257 0.0014324080623893127
v -0.00039052098116604267 -0.0009989038631565003 0.0014451670323647476
v -0.00045205271723748613 -0.0009922633843363062 0.0014324080623893127
v -0.00044440171619351826 -0.0009757260760130118 0.0014451670323647476
v -0.0005054837352301834 -0.0009657640539311454 0.0014324080623893127
v -0.0004969486483123454 -0.0009496651377603751 0.0014451670323647476
v -0.0005574017266019791 -0.000936410927703732 0.0014324080623893127
v -0.0005480075877605171 -0.0009207977148712189 0.0014451670323647476
v -0.0006076544387417783 -0.000904289985352233 0.0014324080623893127
v -0.0005974287778713825 -0.0008892082969276239 0.0014451670323647476
v -0.0006560943874099613 -0.0008694955512248971 0.0014324080623893127
v -0.0006450672303497663 -0.0008549895691501442 0.0014451670323647476
v -0.0007025796763022314 -0.0008321296982736205 0.0014324080623893127
v -0.0006907833213184029 -0.0008182419653629814 0.0014451670323647476
v -0.0007469738107851038 -0.00079230195003073 0.0014324080623893127
v -0.0007344429030766432 -0.000779073220959159 0.0014451670323647476
v -0.0007891465547126554 -0.0007501292061031785 0.0014324080623893127
v -0.0007759178256410844 -0.0007375982983947178 0.0014451670323647476
v -0.0008289743029555459 -0.000705735071620306 0.0014324080623893127
v -0.0008150865700449068 -0.0006939387166364775 0.0014451670323647476
v -0.0008663401559068224 -0.0006592497827280359 0.0014324080623893127
v -0.0008518341738320696 -0.0006482226256678409 0.0014451670323647476
v -0.0009011345900341584 -0.0006108097595540486 0.0014324080623893127
v -0.0008860529016095493 -0.0006005840986836529 0.0014451670323647476
v -0.0009332555323856574 -0.0005605570474142494 0.0014324080623893127
v -0.0009176423195531442 -0.0005511629085727874 0.0014451670323647476
v -0.0009626086586130708 -0.0005086390560424537 0.0014324080623893127
v -0.0009465097424423005 -0.0005001039691246157 0.0014451670323647476
v -0.0009891079890182316 -0.00045520803804975646 0.0014324080623893127
v -0.0009725706806949371 -0.0004475570370057886 0.0014451670323647476
v -0.001012675814047251 -0.0004004207536484131 0.0014324080623893127
v -0.0009957484678384256 -0.000393676301978313 0.0014451670323647476
v -0.0010332429178079308 -0.0003444379118583072 0.0014324080623893127
v -0.0010159752290850451 -0.00033861975360021534 0.0014451670323647476
v -0.0010507489505987846 -0.00028742364896632017 0.0014324080623893127
v -0.0010331916578145697 -0.00028254888320232435 0.0014451670323647476
v -0.0010651426524264514 -0.00022954526775601644 0.0014324080623893127
v -0.001047347164585877 -0.000225628199600543 0.0014451670323647476
v -0.001076381778499891 -0.00017097249244960036 0.0014324080623893127
v -0.001058400324171774 -0.0001680245957965121 0.0014451670323647476
v -0.001084433397253601 -0.0001118771613714733 0.0014324080623893127
v -0.0010663187265473886 -0.00010990707889406948 0.0014451670323647476
v -0.0010892738158418127 -5.2432588992284465e-05 0.0014324080623893127
v -0.0010710790513959736 -5.1446099547011396e-05 0.0014451670323647476
v -0.0010908888036559041 7.18685782283117e-06 0.0014324080623893127
v -0.0010726673661321242 7.18685782283117e-06 0.0014451670323647476
v -0.0010892738158418127 6.680630463794681e-05 0.0014324080623893127
v -0.0010710790513959736 6.581981519267374e-05 0.0014451670323647476
v -0.001084433397253601 0.00012625087701713565 0.0014324080623893127
v -0.0010663187265473886 0.00012428079453973183 0.0014451670323647476
v -0.001076381778499891 0.00018534622672171377 0.0014324080623893127
v -0.001058400324171774 0.00018239829281572337 0.0014451670323647476
v -0.0010651426524264514 0.00024391900202812988 0.0014324080623893127
v -0.001047347164585877 0.0002400018966197543 0.0014451670323647476
v -0.0010507489505987846 0.0003017973832384336 0.0014324080623893127
v -0.0010331916578145697 0.00029692261747443777 0.0014451670323647476
v -0.0010332429178079308 0.0003588116461304206 0.0014324080623893127
v -0.0010159752290850451 0.00035299348787232876 0.0014451670323647476
v -0.001012675814047251 0.00041479448792052653 0.0014324080623893127
v -0.0009957484678384256 0.0004080500362504264 0.0014451670323647476
v -0.0009891079890182316 0.0004695817723218699 0.0014324080623893127
v -0.0009725706806949371 0.000461930771277902 0.0014451670323647476
v -0.0009626086586130708 0.0005230127903145672 0.0014324080623893127
v -0.0009465097424423005 0.0005144777033967292 0.0014451670323647476
v -0.0009332555323856574 0.0005749307816863629 0.0014324080623893127
v -0.0009176423195531442 0.0005655366428449008 0.0014451670323647476
v -0.0009011345900341584 0.000625183493826162 0.0014324080623893127
v -0.0008860529016095493 0.0006149578329557663 0.0014451670323647476
v -0.0008663401559068224 0.000673623442494345 0.0014324080623893127
v -0.0008518341738320696 0.00066259628543415 0.0014451670323647476
v -0.0008289743029555459 0.0007201087313866151 0.0014324080623893127
v -0.0008150865700449068 0.0007083123764027867 0.0014451670323647476
v -0.0007891465547126554 0.0007645028658694876 0.0014324080623893127
v -0.0007759178256410844 0.0007519719581610269 0.0014451670323647476
v -0.0007469738107851038 0.0008066756097970391 0.0014324080623893127
v -0.0007344429030766432 0.0007934468807254681 0.0014451670323647476
v -0.0007025796763022314 0.0008465033580399296 0.0014324080623893127
v -0.0006907833213184029 0.0008326156251292905 0.0014451670323647476
v -0.0006560943874099613 0.0008838692109912062 0.0014324080623893127
v -0.0006450672303497663 0.0008693632289164533 0.0014451670323647476
v -0.0006076544387417783 0.0009186636451185421 0.0014324080623893127
v -0.0005974287778713825 0.000903581956693933 0.0014451670323647476
v -0.0005574017266019791 0.0009507845874700412 0.0014324080623893127
v -0.0005480075877605171 0.000935171374637528 0.0014451670323647476
v -0.0005054837352301834 0.0009801377136974545 0.0014324080623893127
v -0.0004969486483123454 0.0009640387975266842 0.0014451670323647476
v -0.00045205271723748613 0.0010066370441026153 0.0014324080623893127
v -0.00044440171619351826 0.0009900997357793209 0.0014451670323647476
v -0.0003972654328361428 0.0010302048691316348 0.0014324080623893127
v -0.00039052098116604267 0.0010132775229228094 0.0014451670323647476
v -0.00034128259104603686 0.0010507719728923145 0.0014324080623893127
v -0.000335464432787945 0.0010335042841694288 0.0014451670323647476
v -0.00028426830952759877 0.0010682780056831683 0.0014324080623893127
v -0.00027939354376360295 0.0010507207128989534 0.0014451670323647476
v -0.00022638992831729504 0.0010826717075108352 0.0014324080623893127
v -0.00022247284153537053 0.0010648762196702607 0.0014451670323647476
v -0.00016781715301087896 0.0010939108335842748 0.0014324080623893127
v -0.00016486923773133963 0.0010759293792561577 0.0014451670323647476
v -0.0001087218219327519 0.0011019624523379847 0.0014324080623893127
v -0.00010675173945534808 0.0010838477816317723 0.0014451670323647476
v -4.9277244896950296e-05 0.0011068028709261964 0.0014324080623893127
v -4.829075545167723e-05 0.0010886081064803573 0.0014451670323647476
v 1.0342200754012147e-05 0.0011302026108607063 0.0014279096999486602
v -5.045664383940448e-05 0.0011285555855507642 0.0014279096999486602
v -0.00011107716461098567 0.001123619427004022 0.0014279096999486602
v -0.0001713415196983176 0.0011154085893465145 0.0014279096999486602
v -0.0002310729906468169 0.0011039471379530321 0.0014279096999486602
v -0.0002900963398047609 0.0010892686749413157 0.0014279096999486602
v -0.0003482384529358493 0.001071416264666253 0.0014279096999486602
v -0.0004053287862540306 0.001050442359214074 0.0014279096999486602
v -0.00046119990659058285 0.001026408351367525 0.0014279096999486602
v -0.0005156878639231353 0.000999384798123282 0.0014279096999486602
v -0.0005686329178072603 0.0009694509736571241 0.0014279096999486602
v -0.0006198797608938865 0.0009366946458065213 0.0014279096999486602
v -0.0006692779659641241 0.0009012118525532216 0.0014279096999486602
v -0.000716682805493113 0.0008631068275174459 0.0014279096999486602
v -0.0007619551398913156 0.0008224911803940417 0.0014279096999486602
v -0.0008049621253096579 0.0007794841949756993 0.0014279096999486602
v -0.0008455777724330622 0.0007342118605774968 0.0014279096999486602
v -0.0008836827974688378 0.0006868070210485079 0.0014279096999486602
v -0.0009191655907221375 0.000637408778725368 0.0014279096999486602
v -0.0009519219185727403 0.0005861619728916441 0.0014279096999486602
v -0.0009818557430388982 0.000533216919007519 0.0014279096999486602
v -0.0010088792962831413 0.00047872896167496664 0.0014279096999486602
v -0.0010329133041296903 0.00042285784133841436 0.0014279096999486602
v -0.0010538872095818693 0.00036576750802023306 0.0014279096999486602
v -0.001071739619856932 0.0003076254135155957 0.0014279096999486602
v -0.0010864180828686484 0.00024860206435765175 0.0014279096999486602
v -0.0010978795342621308 0.00018887057478270133 0.0014279096999486602
v -0.0011060903719196382 0.00012860621969536942 0.0014279096999486602
v -0.0011110265304663804 6.798570358040099e-05 0.0014279096999486602
v -0.0011126735557763225 7.18685782283117e-06 0.0014279096999486602
v -0.0011110265304663804 -5.361198793473865e-05 0.0014279096999486602
v -0.0011060903719196382 -0.00011423250404970707 0.0014279096999486602
v -0.0010978795342621308 -0.00017449687776349007 0.0014279096999486602
v -0.0010864180828686484 -0.0002342283300855383 0.0014279096999486602
v -0.001071739619856932 -0.0002932516792434823 0.0014279096999486602
v -0.0010538872095818693 -0.00035139377374811964 0.0014279096999486602
v -0.0010329133041296903 -0.00040848410706630095 0.0014279096999486602
v -0.0010088792962831413 -0.0004643552274028532 0.0014279096999486602
v -0.0009818557430388982 -0.0005188431847354056 0.0014279096999486602
v -0.0009519219185727403 -0.0005717882386195307 0.0014279096999486602
v -0.0009191655907221375 -0.0006230350817061568 0.0014279096999486602
v -0.0008836827974688378 -0.0006724333612821988 0.0014279096999486602
v -0.0008455777724330622 -0.0007198382008111877 0.0014279096999486602
v -0.0008049621253096579 -0.0007651105352093902 0.0014279096999486602
v -0.0007619551398913156 -0.0008081175206277326 0.0014279096999486602
v -0.000716682805493113 -0.0008487331677511368 0.0014279096999486602
v -0.0006692779659641241 -0.0008868381927869124 0.0014279096999486602
v -0.0006198797608938865 -0.0009223209860402122 0.0014279096999486602
v -0.0005686329178072603 -0.000955077313890815 0.0014279096999486602
v -0.0005156878639231353 -0.0009850111383569728 0.0014279096999486602
v -0.00046119990659058285 -0.001012034691601216 0.0014279096999486602
v -0.0004053287862540306 -0.001036068699447765 0.0014279096999486602
v -0.0003482384529358493 -0.001057042604899944 0.0014279096999486602
v -0.0002900963398047609 -0.0010748950151750066 0.0014279096999486602
v -0.0002310729906468169 -0.001089573478186723 0.0014279096999486602
v -0.0001713415196983176 -0.0011010349295802054 0.0014279096999486602
v -0.00011107716461098567 -0.0011092457672377128 0.0014279096999486602
v -5.045664383940448e-05 -0.001114181925784455 0.0014279096999486602
v 1.0342200754012147e-05 -0.0011158289510943972 0.0014279096999486602
v 7.114104767573516e-05 -0.001114181925784455 0.0014279096999486602
v 0.00013176155913409082 -0.0011092457672377128 0.0014279096999486602
v 0.0001920259328478738 -0.0011010349295802054 0.0014279096999486602
v 0.00025175740379637315 -0.001089573478186723 0.0014279096999486602
v 0.0003107807529543171 -0.0010748950151750066 0.0014279096999486602
v 0.0003689228288325034 -0.001057042604899944 0.0014279096999486602
v 0.0004260131621506847 -0.001036068699447765 0.0014279096999486602
v 0.00048188428248723697 -0.001012034691601216 0.0014279096999486602
v 0.0005363722398197894 -0.0009850111383569728 0.0014279096999486602
v 0.0005893172937039144 -0.000955077313890815 0.0014279096999486602
v 0.0006405641740434427 -0.0009223209860402122 0.0014279096999486602
v 0.0006899624163665825 -0.0008868381927869124 0.0014279096999486602
v 0.0007373672558955714 -0.0008487331677511368 0.0014279096999486602
v 0.0007826395902937739 -0.0008081175206277326 0.0014279096999486602
v 0.0008256465757121163 -0.0007651105352093902 0.0014279096999486602
v 0.0008662622228355206 -0.0007198382008111877 0.0014279096999486602
v 0.0009043672478712962 -0.0006724333612821988 0.0014279096999486602
v 0.000939850041124596 -0.0006230350817061568 0.0014279096999486602
v 0.0009726063689751987 -0.0005717882386195307 0.0014279096999486602
v 0.0010025401934413566 -0.0005188431847354056 0.0014279096999486602
v 0.0010295637466855997 -0.0004643552274028532 0.0014279096999486602
v 0.0010535977545321487 -0.00040848410706630095 0.0014279096999486602
v 0.0010745716599843277 -0.00035139377374811964 0.0014279096999486602
v 0.0010924240702593904 -0.0002932516792434823 0.0014279096999486602
v 0.0011071025332711067 -0.0002342283300855383 0.0014279096999486602
v 0.0011185639846645892 -0.00017449687776349007 0.0014279096999486602
v 0.0011267748223220966 -0.00011423250404970707 0.0014279096999486602
v 0.0011317109808688388 -5.361198793473865e-05 0.0014279096999486602
v 0.001133358006178781 7.18685782283117e-06 0.0014279096999486602
v 0.0011317109808688388 6.798570358040099e-05 0.0014279096999486602
v 0.0011267748223220966 0.00012860621969536942 0.0014279096999486602
v 0.0011185639846645892 0.00018887057478270133 0.0014279096999486602
v 0.0011071025332711067 0.00024860206435765175 0.0014279096999486602
v 0.0010924240702593904 0.0003076254135155957 0.0014279096999486602
v 0.0010745716599843277 0.00036576750802023306 0.0014279096999486602
v 0.0010535977545321487 0.00042285784133841436 0.0014279096999486602
v 0.0010295637466855997 0.00047872896167496664 0.0014279096999486602
v 0.0010025401934413566 0.000533216919007519 0.0014279096999486602
v 0.0009726063689751987 0.0005861619728916441 0.0014279096999486602
v 0.000939850041124596 0.000637408778725368 0.0014279096999486602
v 0.0009043672478712962 0.0006868070210485079 0.0014279096999486602
v 0.0008662622228355206 0.0007342118605774968 0.0014279096999486602
v 0.0008256465757121163 0.0007794841949756993 0.0014279096999486602
v 0.0007826395902937739 0.0008224911803940417 0.0014279096999486602
v 0.0007373672558955714 0.0008631068275174459 0.0014279096999486602
v 0.0006899624163665825 0.0009012118525532216 0.0014279096999486602
v 0.0006405641740434427 0.0009366946458065213 0.0014279096999486602
v 0.0005893172937039144 0.0009694509736571241 0.0014279096999486602
v 0.0005363722398197894 0.000999384798123282 0.0014279096999486602
v 0.00048188428248723697 0.001026408351367525 0.0014279096999486602
v 0.0004260131621506847 0.001050442359214074 0.0014279096999486602
v 0.0003689228288325034 0.001071416264666253 0.0014279096999486602
v 0.0003107807529543171 0.0010892686749413157 0.0014279096999486602
v 0.00025175740379637315 0.0011039471379530321 0.0014279096999486602
v 0.0001920259328478738 0.0011154085893465145 0.0014279096999486602
v 0.00013176155913409082 0.001123619427004022 0.0014279096999486602
v 7.114104767573516e-05 0.0011285555855507642 0.0014279096999486602
v -0.0010486895356620204 7.18685782283117e-06 0.0014279096999486602
v -0.0007385063006317695 0.0007560353557161532 0.0014279096999486602
v 1.0342200754012147e-05 0.0010662185907464041 0.0014279096999486602
v 0.0007591907510342278 0.0007560353557161532 0.0014279096999486602
v 0.0010693739860644787 7.18685782283117e-06 0.0014279096999486602
v 1.0342200754012147e-05 -0.001051844930980095 0.0014279096999486602
v -4.3296878189663317e-05 -0.0010504856470863746 0.0014279096999486602
v -9.679826691452559e-05 -0.00104641137168382 0.0014279096999486602
v -0.00015002463608925108 -0.0010396325355850335 0.0014279096999486602
v -0.0002028393141290698 -0.0010301664986424183 0.0014279096999486602
v -0.00025510679360240407 -0.0010180375497481772 0.0014279096999486602
v -0.0003066928429895748 -0.0010032769068343136 0.0014279096999486602
v -0.00035746510272923615 -0.0009859224188494139 0.0014279096999486602
v -0.0004072931690374052 -0.0009660186402644518 0.0014279096999486602
v -0.00045604920858034753 -0.0009436166820611799 0.0014279096999486602
v -0.0005036080143539305 -0.0009187739882147162 0.0014279096999486602
v -0.000549847508597802 -0.0008915544101993496 0.0014279096999486602
v -0.000594649003565706 -0.0008620276854479082 0.0014279096999486602
v -0.0006378974622957974 -0.0008302698098807821 0.0014279096999486602
v -0.0006794819083925653 -0.0007963621438362712 0.0014279096999486602
v -0.0007192956495442466 -0.0007603917100938025 0.0014279096999486602
v -0.0007572363147757278 -0.0007224510448623213 0.0014279096999486602
v -0.0007932067485181966 -0.0006826373037106399 0.0014279096999486602
v -0.0008271144145627075 -0.000641052857613872 0.0014279096999486602
v -0.0008588722901298336 -0.0005978043243779764 0.0014279096999486602
v -0.0008883990148812749 -0.0005530028294100723 0.0014279096999486602
v -0.0009156185928966416 -0.0005067633351662008 0.0014279096999486602
v -0.0009404612867431052 -0.00045920452939261785 0.0014279096999486602
v -0.0009628632449463772 -0.0004104484898496755 0.0014279096999486602
v -0.0009827670235313393 -0.00036062042354150647 0.0014279096999486602
v -0.001000121511516239 -0.0003098481824282962 0.0014279096999486602
v -0.0010148821544301025 -0.0002582621144146744 0.0014279096999486602
v -0.0010270111033243436 -0.0002059946535677912 0.0014279096999486602
v -0.001036477140266959 -0.00015317997552797248 0.0014279096999486602
v -0.0010432559763657453 -9.995360635324699e-05 0.0014279096999486602
v -0.0010473302517683 -4.6452222284997485e-05 0.0014279096999486602
v 0.0010680147021707583 -4.6452222284997485e-05 0.0014279096999486602
v 0.0010639404267682037 -9.995360635324699e-05 0.0014279096999486602
v 0.0010571615906694173 -0.00015317997552797248 0.0014279096999486602
v 0.001047695553726802 -0.0002059946535677912 0.0014279096999486602
v 0.001035566604832561 -0.0002582621144146744 0.0014279096999486602
v 0.0010208059619186973 -0.0003098481824282962 0.0014279096999486602
v 0.0010034514739337976 -0.00036062042354150647 0.0014279096999486602
v 0.0009835476953488356 -0.0004104484898496755 0.0014279096999486602
v 0.0009611457371455636 -0.00045920452939261785 0.0014279096999486602
v 0.0009363030432991 -0.0005067633351662008 0.0014279096999486602
v 0.0009090834652837333 -0.0005530028294100723 0.0014279096999486602
v 0.0008795567405322919 -0.0005978043243779764 0.0014279096999486602
v 0.0008477988649651659 -0.000641052857613872 0.0014279096999486602
v 0.000813891198920655 -0.0006826373037106399 0.0014279096999486602
v 0.0007779207651781862 -0.0007224510448623213 0.0014279096999486602
v 0.000739980099946705 -0.0007603917100938025 0.0014279096999486602
v 0.0007001663587950236 -0.0007963621438362712 0.0014279096999486602
v 0.0006585819126982557 -0.0008302698098807821 0.0014279096999486602
v 0.0006153333794623601 -0.0008620276854479082 0.0014279096999486602
v 0.0005705318844944561 -0.0008915544101993496 0.0014279096999486602
v 0.0005242923902505845 -0.0009187739882147162 0.0014279096999486602
v 0.00047673358447700165 -0.0009436166820611799 0.0014279096999486602
v 0.00042797754493405926 -0.0009660186402644518 0.0014279096999486602
v 0.0003781494786258902 -0.0009859224188494139 0.0014279096999486602
v 0.00032737723751267994 -0.0010032769068343136 0.0014279096999486602
v 0.0002757911881255092 -0.0010180375497481772 0.0014279096999486602
v 0.00022352372727862602 -0.0010301664986424183 0.0014279096999486602
v 0.00017070903992558176 -0.0010396325355850335 0.0014279096999486602
v 0.00011748266143763074 -0.00104641137168382 0.0014279096999486602
v 6.398127736938123e-05 -0.0010504856470863746 0.0014279096999486602
v 1.0342200754012147e-05 -0.0011158289510943972 0.0014279102959950947
v 7.114104767573516e-05 -0.001114181925784455 0.0014279102959950947
v 0.00013176155913409082 -0.0011092457672377128 0.0014279102959950947
v 0.0001920259328478738 -0.0011010349295802054 0.0014279102959950947
v 0.00025175740379637315 -0.001089573478186723 0.0014279102959950947
v 0.0003107807529543171 -0.0010748950151750066 0.0014279102959950947
v 0.0003689228288325034 -0.001057042604899944 0.0014279102959950947
v 0.0004260131621506847 -0.001036068699447765 0.0014279102959950947
v 0.00048188428248723697 -0.001012034691601216 0.0014279102959950947
v 0.0005363722398197894 -0.0009850111383569728 0.0014279102959950947
v 0.0005893172937039144 -0.000955077313890815 0.0014279102959950947
v 0.0006405641740434427 -0.0009223209860402122 0.0014279102959950947
v 0.0006899624163665825 -0.0008868381927869124 0.0014279102959950947
v 0.0007373672558955714 -0.0008487331677511368 0.0014279102959950947
v 0.0007826395902937739 -0.0008081175206277326 0.0014279102959950947
v 0.0008256465757121163 -0.0007651105352093902 0.0014279102959950947
v 0.0008662622228355206 -0.0007198382008111877 0.0014279102959950947
v 0.0009043672478712962 -0.0006724333612821988 0.0014279102959950947
v 0.000939850041124596 -0.0006230350817061568 0.0014279102959950947
v 0.0009726063689751987 -0.0005717882386195307 0.0014279102959950947
v 0.0010025401934413566 -0.0005188431847354056 0.0014279102959950947
v 0.0010295637466855997 -0.0004643552274028532 0.0014279102959950947
v 0.0010535977545321487 -0.00040848410706630095 0.0014279102959950947
v 0.0010745716599843277 -0.00035139377374811964 0.0014279102959950947
v 0.0010924240702593904 -0.0002932516792434823 0.0014279102959950947
v 0.0011071025332711067 -0.0002342283300855383 0.0014279102959950947
v 0.0011185639846645892 -0.00017449687776349007 0.0014279102959950947
v 0.0011267748223220966 -0.00011423250404970707 0.0014279102959950947
v 0.0011317109808688388 -5.361198793473865e-05 0.0014279102959950947
v 0.001133358006178781 7.18685782283117e-06 0.0014279102959950947
v 0.0011317109808688388 6.798570358040099e-05 0.0014279102959950947
v 0.0011267748223220966 0.00012860621969536942 0.0014279102959950947
v 0.0011185639846645892 0.00018887057478270133 0.0014279102959950947
v 0.0011071025332711067 0.00024860206435765175 0.0014279102959950947
v 0.0010924240702593904 0.0003076254135155957 0.0014279102959950947
v 0.0010745716599843277 0.00036576750802023306 0.0014279102959950947
v 0.0010535977545321487 0.00042285784133841436 0.0014279102959950947
v 0.0010295637466855997 0.00047872896167496664 0.0014279102959950947
v 0.0010025401934413566 0.000533216919007519 0.0014279102959950947
v 0.0009726063689751987 0.0005861619728916441 0.0014279102959950947
v 0.000939850041124596 0.000637408778725368 0.0014279102959950947
v 0.0009043672478712962 0.0006868070210485079 0.0014279102959950947
v 0.0008662622228355206 0.0007342118605774968 0.0014279102959950947
v 0.0008256465757121163 0.0007794841949756993 0.0014279102959950947
v 0.0007826395902937739 0.0008224911803940417 0.0014279102959950947
v 0.0007373672558955714 0.0008631068275174459 0.0014279102959950947
v 0.0006899624163665825 0.0009012118525532216 0.0014279102959950947
v 0.0006405641740434427 0.0009366946458065213 0.0014279102959950947
v 0.0005893172937039144 0.0009694509736571241 0.0014279102959950947
v 0.0005363722398197894 0.000999384798123282 0.0014279102959950947
v 0.00048188428248723697 0.001026408351367525 0.0014279102959950947
v 0.0004260131621506847 0.001050442359214074 0.0014279102959950947
v 0.0003689228288325034 0.001071416264666253 0.0014279102959950947
v 0.0003107807529543171 0.0010892686749413157 0.0014279102959950947
v 0.00025175740379637315 0.0011039471379530321 0.0014279102959950947
v 0.0001920259328478738 0.0011154085893465145 0.0014279102959950947
v 0.00013176155913409082 0.001123619427004022 0.0014279102959950947
v 7.114104767573516e-05 0.0011285555855507642 0.0014279102959950947
v 1.0342200754012147e-05 0.0011302026108607063 0.0014279102959950947
v 1.0342200754012147e-05 -0.0010641450197068222 0.001464099255261587
v 1.0342200754012147e-05 -0.0010758227614501988 0.0014451670323647476
v 1.0342200754012147e-05 -0.0010940441989739787 0.0014324080623893127
v 0.000767888186099644 -0.0007503591310152603 0.001464099255261587
v 0.001081674074791206 7.18685782283117e-06 0.001464099255261587
v 0.000767888186099644 0.0007647327907815694 0.001464099255261587
v 1.0342200754012147e-05 0.0010785186794731313 0.001464099255261587
v 1.0342200754012147e-05 0.001090196421216508 0.0014451670323647476
v 1.0342200754012147e-05 0.0011084178587402879 0.0014324080623893127
v 6.996164873328098e-05 0.0011068028709261964 0.0014324080623893127
v 6.897515928800791e-05 0.0010886081064803573 0.0014451670323647476
v 0.00012940621645585705 0.0011019624523379847 0.0014324080623893127
v 0.00012743613397845323 0.0010838477816317723 0.0014451670323647476
v 0.00018850156616043517 0.0010939108335842748 0.0014324080623893127
v 0.00018555365088089584 0.0010759293792561577 0.0014451670323647476
v 0.0002470743414668513 0.0010826717075108352 0.0014324080623893127
v 0.00024315725468492677 0.0010648762196702607 0.0014451670323647476
v 0.000304952722677155 0.0010682780056831683 0.0014324080623893127
v 0.00030007795691315916 0.0010507207128989534 0.0014451670323647476
v 0.0003619669669426909 0.0010507719728923145 0.0014324080623893127
v 0.0003561488086845991 0.0010335042841694288 0.0014451670323647476
v 0.00041794980873279686 0.0010302048691316348 0.0014324080623893127
v 0.00041120535706269673 0.0010132775229228094 0.0014451670323647476
v 0.00047273709313414025 0.0010066370441026153 0.0014324080623893127
v 0.0004650860920901723 0.0009900997357793209 0.0014451670323647476
v 0.0005261681111268375 0.0009801377136974545 0.0014324080623893127
v 0.0005176330242089995 0.0009640387975266842 0.0014451670323647476
v 0.0005780861024986332 0.0009507845874700412 0.0014324080623893127
v 0.0005686919636571712 0.000935171374637528 0.0014451670323647476
v 0.0006283388146384323 0.0009186636451185421 0.0014324080623893127
v 0.0006181131537680366 0.000903581956693933 0.0014451670323647476
v 0.0006767788378124197 0.0008838692109912062 0.0014324080623893127
v 0.0006657516807522247 0.0008693632289164533 0.0014451670323647476
v 0.0007232641267046898 0.0008465033580399296 0.0014324080623893127
v 0.0007114677717208613 0.0008326156251292905 0.0014451670323647476
v 0.0007676582611875622 0.0008066756097970391 0.0014324080623893127
v 0.0007551273534791015 0.0007934468807254681 0.0014451670323647476
v 0.0008098310051151137 0.0007645028658694876 0.0014324080623893127
v 0.0007966022760435427 0.0007519719581610269 0.0014451670323647476
v 0.0008496587533580042 0.0007201087313866151 0.0014324080623893127
v 0.0008357710204473652 0.0007083123764027867 0.0014451670323647476
v 0.0008870246063092808 0.000673623442494345 0.0014324080623893127
v 0.000872518624234528 0.00066259628543415 0.0014451670323647476
v 0.0009218190404366168 0.000625183493826162 0.0014324080623893127
v 0.0009067373520120077 0.0006149578329557663 0.0014451670323647476
v 0.0009539399827881159 0.0005749307816863629 0.0014324080623893127
v 0.0009383267699556027 0.0005655366428449008 0.0014451670323647476
v 0.0009832931090155291 0.0005230127903145672 0.0014324080623893127
v 0.0009671941928447588 0.0005144777033967292 0.0014451670323647476
v 0.00100979243942069 0.0004695817723218699 0.0014324080623893127
v 0.0009932551310973955 0.000461930771277902 0.0014451670323647476
v 0.0010333602644497094 0.00041479448792052653 0.0014324080623893127
v 0.001016432918240884 0.0004080500362504264 0.0014451670323647476
v 0.0010539273682103891 0.0003588116461304206 0.0014324080623893127
v 0.0010366596794875035 0.00035299348787232876 0.0014451670323647476
v 0.001071433401001243 0.0003017973832384336 0.0014324080623893127
v 0.001053876108217028 0.00029692261747443777 0.0014451670323647476
v 0.0010858271028289098 0.00024391900202812988 0.0014324080623893127
v 0.0010680316149883353 0.0002400018966197543 0.0014451670323647476
v 0.0010970662289023494 0.00018534622672171377 0.0014324080623893127
v 0.0010790847745742323 0.00018239829281572337 0.0014451670323647476
v 0.0011051178476560594 0.00012625087701713565 0.0014324080623893127
v 0.001087003176949847 0.00012428079453973183 0.0014451670323647476
v 0.001109958266244271 6.680630463794681e-05 0.0014324080623893127
v 0.001091763501798432 6.581981519267374e-05 0.0014451670323647476
v 0.0011115732540583625 7.18685782283117e-06 0.0014324080623893127
v 0.0010933518165345826 7.18685782283117e-06 0.0014451670323647476
v 0.001109958266244271 -5.2432588992284465e-05 0.0014324080623893127
v 0.001091763501798432 -5.1446099547011396e-05 0.0014451670323647476
v 0.0011051178476560594 -0.0001118771613714733 0.0014324080623893127
v 0.001087003176949847 -0.00010990707889406948 0.0014451670323647476
v 0.0010970662289023494 -0.00017097249244960036 0.0014324080623893127
v 0.0010790847745742323 -0.0001680245957965121 0.0014451670323647476
v 0.0010858271028289098 -0.00022954526775601644 0.0014324080623893127
v 0.0010680316149883353 -0.000225628199600543 0.0014451670323647476
v 0.001071433401001243 -0.00028742364896632017 0.0014324080623893127
v 0.001053876108217028 -0.00028254888320232435 0.0014451670323647476
v 0.0010539273682103891 -0.0003444379118583072 0.0014324080623893127
v 0.0010366596794875035 -0.00033861975360021534 0.0014451670323647476
v 0.0010333602644497094 -0.0004004207536484131 0.0014324080623893127
v 0.001016432918240884 -0.000393676301978313 0.0014451670323647476
v 0.00100979243942069 -0.00045520803804975646 0.0014324080623893127
v 0.0009932551310973955 -0.0004475570370057886 0.0014451670323647476
v 0.0009832931090155291 -0.0005086390560424537 0.0014324080623893127
v 0.0009671941928447588 -0.0005001039691246157 0.0014451670323647476
v 0.0009539399827881159 -0.0005605570474142494 0.0014324080623893127
v 0.0009383267699556027 -0.0005511629085727874 0.0014451670323647476
v 0.0009218190404366168 -0.0006108097595540486 0.0014324080623893127
v 0.0009067373520120077 -0.0006005840986836529 0.0014451670323647476
v 0.0008870246063092808 -0.0006592497827280359 0.0014324080623893127
v 0.000872518624234528 -0.0006482226256678409 0.0014451670323647476
v 0.0008496587533580042 -0.000705735071620306 0.0014324080623893127
v 0.0008357710204473652 -0.0006939387166364775 0.0014451670323647476
v 0.0008098310051151137 -0.0007501292061031785 0.0014324080623893127
v 0.0007966022760435427 -0.0007375982983947178 0.0014451670323647476
v 0.0007676582611875622 -0.00079230195003073 0.0014324080623893127
v 0.0007551273534791015 -0.000779073220959159 0.0014451670323647476
v 0.0007232641267046898 -0.0008321296982736205 0.0014324080623893127
v 0.0007114677717208613 -0.0008182419653629814 0.0014451670323647476
v 0.0006767788378124197 -0.0008694955512248971 0.0014324080623893127
v 0.0006657516807522247 -0.0008549895691501442 0.0014451670323647476
v 0.0006283388146384323 -0.000904289985352233 0.0014324080623893127
v 0.0006181131537680366 -0.0008892082969276239 0.0014451670323647476
v 0.0005780861024986332 -0.000936410927703732 0.0014324080623893127
v 0.0005686919636571712 -0.0009207977148712189 0.0014451670323647476
v 0.0005261681111268375 -0.0009657640539311454 0.0014324080623893127
v 0.0005176330242089995 -0.0009496651377603751 0.0014451670323647476
v 0.00047273709313414025 -0.0009922633843363062 0.0014324080623893127
v 0.0004650860920901723 -0.0009757260760130118 0.0014451670323647476
v 0.00041794980873279686 -0.0010158312093653257 0.0014324080623893127
v 0.00041120535706269673 -0.0009989038631565003 0.0014451670323647476
v 0.0003619669669426909 -0.0010363983131260054 0.0014324080623893127
v 0.0003561488086845991 -0.0010191306244031197 0.0014451670323647476
v 0.000304952722677155 -0.0010539043459168592 0.0014324080623893127
v 0.00030007795691315916 -0.0010363470531326443 0.0014451670323647476
v 0.0002470743414668513 -0.001068298047744526 0.0014324080623893127
v 0.00024315725468492677 -0.0010505025599039516 0.0014451670323647476
v 0.00018850156616043517 -0.0010795371738179657 0.0014324080623893127
v 0.00018555365088089584 -0.0010615557194898486 0.0014451670323647476
v 0.00012940621645585705 -0.0010875887925716756 0.0014324080623893127
v 0.00012743613397845323 -0.0010694741218654632 0.0014451670323647476
v 6.996164873328098e-05 -0.0010924292111598873 0.0014324080623893127
v 6.897515928800791e-05 -0.0010742344467140482 0.0014451670323647476
v -0.0010486895356620204 7.18685782283117e-06 0.0014279096999486602
v 1.0342200754012147e-05 7.18685782283117e-06 0.001756939252683388
v 1.0342200754012147e-05 7.18685782283117e-06 0.001756939252683388
v 0.0010693739860644787 7.18685782283117e-06 0.0014279096999486602
v -0.0007385063006317695 0.0007560353557161532 0.0014279096999486602
v 1.0342200754012147e-05 0.0010662185907464041 0.0014279096999486602
v 0.0007591907510342278 0.0007560353557161532 0.0014279096999486602
v 0.0010693739860644787 7.18685782283117e-06 0.0014279096999486602
v 1.0342200754012147e-05 7.18685782283117e-06 0.001756939252683388
v 1.0342200754012147e-05 7.18685782283117e-06 0.001756939252683388
v -0.0010486895356620204 7.18685782283117e-06 0.0014279096999486602
v 1.0342200754012147e-05 -0.001051844930980095 0.0014279096999486602
v -4.3296878189663317e-05 -0.0010504856470863746 0.0014279096999486602
v -9.679826691452559e-05 -0.00104641137168382 0.0014279096999486602
v -0.00015002463608925108 -0.0010396325355850335 0.0014279096999486602
v -0.0002028393141290698 -0.0010301664986424183 0.0014279096999486602
v -0.00025510679360240407 -0.0010180375497481772 0.0014279096999486602
v -0.0003066928429895748 -0.0010032769068343136 0.0014279096999486602
v -0.00035746510272923615 -0.0009859224188494139 0.0014279096999486602
v -0.0004072931690374052 -0.0009660186402644518 0.0014279096999486602
v -0.00045604920858034753 -0.0009436166820611799 0.0014279096999486602
v -0.0005036080143539305 -0.0009187739882147162 0.0014279096999486602
v -0.000549847508597802 -0.0008915544101993496 0.0014279096999486602
v -0.000594649003565706 -0.0008620276854479082 0.0014279096999486602
v -0.0006378974622957974 -0.0008302698098807821 0.0014279096999486602
v -0.0006794819083925653 -0.0007963621438362712 0.0014279096999486602
v -0.0007192956495442466 -0.0007603917100938025 0.0014279096999486602
v -0.0007572363147757278 -0.0007224510448623213 0.0014279096999486602
v -0.0007932067485181966 -0.0006826373037106399 0.0014279096999486602
v -0.0008271144145627075 -0.000641052857613872 0.0014279096999486602
v -0.0008588722901298336 -0.0005978043243779764 0.0014279096999486602
v -0.0008883990148812749 -0.0005530028294100723 0.0014279096999486602
v -0.0009156185928966416 -0.0005067633351662008 0.0014279096999486602
v -0.0009404612867431052 -0.00045920452939261785 0.0014279096999486602
v -0.0009628632449463772 -0.0004104484898496755 0.0014279096999486602
v -0.0009827670235313393 -0.00036062042354150647 0.0014279096999486602
v -0.001000121511516239 -0.0003098481824282962 0.0014279096999486602
v -0.0010148821544301025 -0.0002582621144146744 0.0014279096999486602
v -0.0010270111033243436 -0.0002059946535677912 0.0014279096999486602
v -0.001036477140266959 -0.00015317997552797248 0.0014279096999486602
v -0.0010432559763657453 -9.995360635324699e-05 0.0014279096999486602
v -0.0010473302517683 -4.6452222284997485e-05 0.0014279096999486602
v 0.0010680147021707583 -4.6452222284997485e-05 0.0014279096999486602
v 0.0010639404267682037 -9.995360635324699e-05 0.0014279096999486602
v 0.0010571615906694173 -0.00015317997552797248 0.0014279096999486602
v 0.001047695553726802 -0.0002059946535677912 0.0014279096999486602
v 0.001035566604832561 -0.0002582621144146744 0.0014279096999486602
v 0.0010208059619186973 -0.0003098481824282962 0.0014279096999486602
v 0.0010034514739337976 -0.00036062042354150647 0.0014279096999486602
v 0.0009835476953488356 -0.0004104484898496755 0.0014279096999486602
v 0.0009611457371455636 -0.00045920452939261785 0.0014279096999486602
v 0.0009363030432991 -0.0005067633351662008 0.0014279096999486602
v 0.0009090834652837333 -0.0005530028294100723 0.0014279096999486602
v 0.0008795567405322919 -0.0005978043243779764 0.0014279096999486602
v 0.0008477988649651659 -0.000641052857613872 0.0014279096999486602
v 0.000813891198920655 -0.0006826373037106399 0.0014279096999486602
v 0.0007779207651781862 -0.0007224510448623213 0.0014279096999486602
v 0.000739980099946705 -0.0007603917100938025 0.0014279096999486602
v 0.0007001663587950236 -0.0007963621438362712 0.0014279096999486602
v 0.0006585819126982557 -0.0008302698098807821 0.0014279096999486602
v 0.0006153333794623601 -0.0008620276854479082 0.0014279096999486602
v 0.0005705318844944561 -0.0008915544101993496 0.0014279096999486602
v 0.0005242923902505845 -0.0009187739882147162 0.0014279096999486602
v 0.00047673358447700165 -0.0009436166820611799 0.0014279096999486602
v 0.00042797754493405926 -0.0009660186402644518 0.0014279096999486602
v 0.0003781494786258902 -0.0009859224188494139 0.0014279096999486602
v 0.00032737723751267994 -0.0010032769068343136 0.0014279096999486602
v 0.0002757911881255092 -0.0010180375497481772 0.0014279096999486602
v 0.00022352372727862602 -0.0010301664986424183 0.0014279096999486602
v 0.00017070903992558176 -0.0010396325355850335 0.0014279096999486602
v 0.00011748266143763074 -0.00104641137168382 0.0014279096999486602
v 6.398127736938123e-05 -0.0010504856470863746 0.0014279096999486602
v 1.0342200754012147e-05 -0.000992814950805568 0.0019134205152074879
v 1.0342200754012147e-05 -0.0009578149551641576 0.001756237109983628
v -0.0006967658393807892 -0.0006999212346988638 0.0019134205152074879
v -0.0009896595554874934 7.18685782283117e-06 0.0019134205152074879
v -0.0006967658393807892 0.0007142948944651729 0.0019134205152074879
v 1.0342200754012147e-05 0.0010071886105718771 0.0019134205152074879
v 1.0342200754012147e-05 0.0009721886149304667 0.001756237109983628
v -0.0006720170973535529 0.0006895461524379366 0.001756237109983628
v -0.000954659559846083 7.18685782283117e-06 0.001756237109983628
v -0.0006720170973535529 -0.0006751724926716275 0.001756237109983628
v 0.0012622506634387967 -0.0017070643222243111 0.002413418835101601
v 0.0011603422203583515 -0.0017070643222243111 0.002413418835101601
v 0.0012615102247556245 -0.0017070643222243111 0.0024434190442393935
v 0.0011603422203583515 -0.0017070643222243111 0.0024434190442393935
v 0.0017953420774189657 0.0020954943724983692 0.002293670722238629
v 0.0017953420774189657 0.0020305920683460215 0.0024934189954380916
v 0.00040874748508451525 0.0020305920683460215 0.0024934189954380916
v 0.00047364237590933483 0.002095486921917939 0.0022936933720031374
v 0.00036034218161533354 0.001982186839382644 0.00159341927781509
v 0.00036034218161533354 0.001982186839382644 0.0010934191697816737
v 0.00036034218161533354 0.001982186839382644 0.0022936933720031374
v 0.00036034218161533354 0.001982186839382644 0.0024934189954380916
v 0.00040874748508451525 0.0020305920683460215 0.0024934189954380916
v 0.00047364237590933483 0.002095486921917939 0.0022936933720031374
v 0.0005103421842230367 0.002132186841990347 0.00159341927781509
v 0.0005103421842230367 0.002132186841990347 0.0014934193754176936
v 0.00040534219729880533 0.002027186855066116 0.0014934193754176936
v 0.00040534219729880533 0.002027186855066116 0.0010934191697816737
v -0.0005396577967779829 0.0020571867661806913 0.0010934191697816737
v -0.0008417646398745927 0.00202644894958029 0.0010934191697816737
v -0.0011314899966532734 0.001935495392929865 0.0010934191697816737
v -0.0013969599888408182 0.001788053472607132 0.0010934191697816737
v -0.0013731342247172986 0.0017680613301382655 0.0010934191697816737
v -0.0011146723974941877 0.0019100571741896004 0.0010934191697816737
v -0.0008330692164658927 0.0019976067096529886 0.0010934191697816737
v -0.0005396577967779829 0.002027186855066116 0.0010934191697816737
v -0.00038465782140215127 0.002027186855066116 0.0010934191697816737
v -0.0003396578057186795 0.001982186839382644 0.0010934191697816737
v 0.00036034218161533354 0.001982186839382644 0.0010934191697816737
v 0.00040534219729880533 0.002027186855066116 0.0010934191697816737
v 0.000560342172674637 0.002027186855066116 0.0010934191697816737
v 0.0008537536668683511 0.0019976067096529886 0.0010934191697816737
v 0.001135356847896646 0.0019100571741896004 0.0010934191697816737
v 0.0013938185261081484 0.0017680613301382655 0.0010934191697816737
v 0.001417644290231668 0.001788053472607132 0.0010934191697816737
v 0.0011521744470557318 0.001935495392929865 0.0010934191697816737
v 0.0008624490902770511 0.00202644894958029 0.0010934191697816737
v 0.000560342172674637 0.0020571867661806913 0.0010934191697816737
v 0.000560342172674637 0.0020571867661806913 0.0004749053610509926
v -0.0005396577967779829 0.0020571867661806913 0.000461328615367518
v 0.000560342172674637 0.0020571867661806913 0.0010934191697816737
v -0.0005396577967779829 0.0020571867661806913 0.0010934191697816737
v 0.0019588702479257374 0.001955714927113467 0.000493419159350861
v 0.0019058371654338273 0.001902681844621557 0.000493419159350861
v 0.001110342194653849 0.0023071868201973993 0.0004786080015016794
v -0.0010896577442513907 0.0023071868201973993 0.00045145451013473025
v -0.00228965783961882 0.0011071867993357745 0.00045145451013473025
v -0.0019381859465348876 0.001955714927113467 0.0004453194041851296
v -0.00228965783961882 -0.0010928131395694653 0.0004786080015016794
v -0.0019381859465348876 -0.001941341267347158 0.000493419159350861
v -0.0018851528640429775 -0.0018883081848552479 0.000493419159350861
v -0.0020087858585539635 -0.0016840640824124788 0.0004893726001075074
v -0.0017705244920285525 -0.0014001153096530885 0.0004888087401805354
v -0.002039657785602112 -0.0005428131175902532 0.0004749053610509926
v -0.002039657785602112 0.0005571868518623667 0.000461328615367518
v -0.0017705244920285525 0.0014144889694193976 0.00045406876979614563
v -0.0020087858585539635 0.001698437742178788 0.00044762371970064074
v -0.0016809087616002085 0.002026314839132543 0.00044762371970064074
v -0.0013969599888408182 0.001788053472607132 0.00045406876979614563
v -0.0005396577967779829 0.0020571867661806913 0.000461328615367518
v 0.000560342172674637 0.0020571867661806913 0.0004749053610509926
v 0.001417644290231668 0.001788053472607132 0.0004888087401805354
v 0.0017015930629910583 0.002026314839132543 0.0004893726001075074
v 0.0020294701599448133 0.001698437742178788 0.0010934191697816737
v 0.0020294701599448133 0.001698437742178788 0.0004893726001075074
v 0.0019058371654338273 0.001902681844621557 0.000493419159350861
v 0.0017015930629910583 0.002026314839132543 0.0004893726001075074
v 0.0017015930629910583 0.002026314839132543 0.0010934191697816737
v 0.001957858906138116 0.0018415475970160746 0.0010934191697816737
v 0.001844702917828345 0.001954703585325846 0.0010934191697816737
v 0.0016550281273939873 0.0019872422072162725 0.0010934191697816737
v 0.0018065151168439877 0.0019204322564505276 0.0010934191697816737
v 0.001923587577262798 0.0018033597960317174 0.0010934191697816737
v 0.001990397528028543 0.001651872806581717 0.0010934191697816737
v 0.0020294701599448133 0.001698437742178788 0.0010934191697816737
v 0.001957858906138116 0.0018415475970160746 0.0010934191697816737
v 0.001844702917828345 0.001954703585325846 0.0010934191697816737
v 0.0017015930629910583 0.002026314839132543 0.0010934191697816737
v 0.001417644290231668 0.001788053472607132 0.0004888087401805354
v 0.0017015930629910583 0.002026314839132543 0.0004893726001075074
v 0.0017015930629910583 0.002026314839132543 0.0010934191697816737
v 0.0016550281273939873 0.0019872422072162725 0.0010934191697816737
v 0.0016550281273939873 0.0019872422072162725 0.0014934193754176936
v 0.0013938185261081484 0.0017680613301382655 0.0014934193754176936
v 0.0013938185261081484 0.0017680613301382655 0.0010934191697816737
v 0.001417644290231668 0.001788053472607132 0.0010934191697816737
v 0.0016550281273939873 0.0019872422072162725 0.0010934191697816737
v 0.0018065151168439877 0.0019204322564505276 0.0010934191697816737
v 0.001923587577262798 0.0018033597960317174 0.0010934191697816737
v 0.001990397528028543 0.001651872806581717 0.0010934191697816737
v 0.0016550281273939873 0.0019872422072162725 0.0014934193754176936
v 0.001990397528028543 0.001651872806581717 0.0014934193754176936
v 0.001923587577262798 0.0018033597960317174 0.0014934193754176936
v 0.0018065151168439877 0.0019204322564505276 0.0014934193754176936
v 0.001990397528028543 0.001651872806581717 0.0010934191697816737
v 0.0020294701599448133 0.001698437742178788 0.0010934191697816737
v 0.0020294701599448133 0.001698437742178788 0.0004893726001075074
v 0.0017912087934194023 0.0014144889694193976 0.0004888087401805354
v 0.0017912087934194023 0.0014144889694193976 0.0010934191697816737
v 0.0017712166509505358 0.001390663205295878 0.0010934191697816737
v 0.0017712166509505358 0.001390663205295878 0.0014934193754176936
v 0.001990397528028543 0.001651872806581717 0.0014934193754176936
v 0.0019058371654338273 0.001902681844621557 0.000493419159350861
v 0.0020294701599448133 0.001698437742178788 0.0004893726001075074
v 0.0017912087934194023 0.0014144889694193976 0.0004888087401805354
v 0.0020603420869929616 0.0005571868518623667 0.0004749053610509926
v 0.0020603420869929616 -0.0005428131175902532 0.000461328615367518
v 0.0017912087934194023 -0.0014001153096530885 0.00045406876979614563
v 0.0020294701599448133 -0.0016840640824124788 0.00044762371970064074
v 0.0017015930629910583 -0.002011941179366234 0.00044762371970064074
v 0.001417644290231668 -0.0017736798128408229 0.00045406876979614563
v 0.000560342172674637 -0.002042813106414382 0.000461328615367518
v -0.0005396577967779829 -0.002042813106414382 0.0004749053610509926
v -0.0013969599888408182 -0.0017736798128408229 0.0004888087401805354
v -0.0016809087616002085 -0.002011941179366234 0.0004893726001075074
v -0.0018851528640429775 -0.0018883081848552479 0.000493419159350861
v -0.0019381859465348876 -0.001941341267347158 0.000493419159350861
v -0.0010896577442513907 -0.00229281316043109 0.0004786080015016794
v 0.001110342194653849 -0.00229281316043109 0.00045145451013473025
v 0.0023103421410096696 -0.0010928131395694653 0.00045145451013473025
v 0.0019588702479257374 -0.001941341267347158 0.0004453194041851296
v 0.0023103421410096696 0.0011071867993357745 0.0004786080015016794
v 0.0019588702479257374 0.001955714927113467 0.000493419159350861
v 0.0023103421410096696 0.0011071867993357745 0.0004786080015016794
v 0.0023103421410096696 0.0011071867993357745 5.8230160365324606e-05
v 0.0019588702479257374 0.001955714927113467 4.34195985625774e-05
v 0.001110342194653849 0.0023071868201973993 5.8230160365324606e-05
v 0.001110342194653849 0.0023071868201973993 0.0004786080015016794
v 0.0019588702479257374 0.001955714927113467 0.000493419159350861
v 0.001110342194653849 0.0023071868201973993 5.8230160365324606e-05
v 0.0005103421842230367 0.0023071868201973993 6.563603731313265e-05
v 0.001110342194653849 0.0023071868201973993 0.0004786080015016794
v -0.0010896577442513907 0.0023071868201973993 0.00045145451013473025
v -0.0010896650458202125 0.0023071868201973993 8.538424777870816e-05
v -0.0004896578083263826 0.0023071868201973993 7.797837083090013e-05
v -0.0004896578083263826 0.0023071868201973993 -0.0005111396198465015
v -0.0010896577442513907 0.0023071868201973993 -0.0005185454967943095
v -0.0010896650458202125 0.0023071868201973993 -0.0008846157591503316
v -0.0004896578083263826 0.0023071868201973993 -0.0008920216360981397
v -0.0004896578083263826 0.0023071868201973993 -0.0015765803699959733
v -0.0013503272529618306 0.0023071868201973993 -0.0017717629275076927
v -0.00208965773680081 0.0023071868201973993 -0.0017808878023724004
v -0.00208965773680081 0.0023071868201973993 -0.002246580669732824
v 0.0021103420381916598 0.0023071868201973993 -0.002246580669732824
v 0.0021103420381916598 0.0023071868201973993 -0.0017290490479234819
v 0.0005103421842230367 0.0023071868201973993 -0.0017487972583890574
v 0.001783134301383771 0.0017799789805715007 4.34195985625774e-05
v 0.0019588702479257374 0.001955714927113467 4.34195985625774e-05
v 0.0005103421842230367 0.0023071868201973993 6.563603731313265e-05
v 0.001110342194653849 0.0023071868201973993 5.8230160365324606e-05
v 0.002260342040799363 0.0009284943134674207 -0.0009101813828159559
v 0.0023103421410096696 0.0005071868634107664 -0.0009043639696159071
v 0.002260342040799363 0.0009284943134674207 -0.0017429798451890086
v 0.002192092041848032 0.0011488387476912417 -0.0017394178716968476
v 0.002192092041848032 0.0011488387476912417 -0.0007265806035716696
v 0.0011519941430093163 0.0021889367210357617 -0.0007265806035716696
v 0.0012094207582752233 0.0021658877544279147 -0.0007022583327682689
v 0.0012652481809575513 0.002141236018957882 -0.0006801909056263214
v 0.0013198226395289005 0.0021148998562641468 -0.0006602090449584489
v 0.001373146592680813 0.0020869235227944653 -0.0006422883128608395
v 0.001425330905050093 0.0020572821336102003 -0.0006263667205043125
v 0.001476479139704723 0.002025929495112683 -0.0006123924118490723
v 0.001526686217039386 0.0019927992971360835 -0.0006003254517840121
v 0.0015707926101060368 0.001961643651985146 -0.0005911606418081975
v 0.0016137094435011714 0.0019293614790731333 -0.0005836319792948966
v 0.0016600620375559763 0.0018921574527288047 -0.000577158318970539
v 0.0017050739741681367 0.0018535209777909292 -0.0005726545921119767
v 0.0017488006856560547 0.0018134104800207054 -0.0005701070896512176
v 0.0017912868755023128 0.001771773954366729 -0.0005695104471703519
v 0.0018284320422612412 0.0017330084353757993 -0.00057064949190655
v 0.0018643098652889602 0.001693260631860927 -0.0005733775964369417
v 0.0018989608757430114 0.001652498208303044 -0.0005776965489008304
v 0.0019324175581540708 0.0016106819746490866 -0.000583611713716126
v 0.001964704797460776 0.0015677664823584294 -0.0005911362039043858
v 0.0019992257207805124 0.0015187330204531615 -0.000601404891876767
v 0.0020290848159249535 0.001473323669880844 -0.0006123924118490723
v 0.0020576464669932464 0.0014268873313020016 -0.0006250113109124159
v 0.0020847494434248774 0.0013796783675325277 -0.0006392091369805678
v 0.002110439193760472 0.0013316195905591635 -0.000655020460746725
v 0.002134745818344969 0.001282630385101652 -0.0006724822370898223
v 0.002157684963397272 0.0012326255165198698 -0.0006916397655388765
v 0.002175325851693916 0.0011911672087497884 -0.000708497746843895
v 0.0011519941430093163 0.0021889367210357617 -0.0017394178716968476
v 0.0005103421842230367 0.0023071868201973993 -0.0017487972583890574
v 0.0005103421842230367 0.0023071868201973993 6.563603731313265e-05
v 0.001783134301383771 0.0017799789805715007 4.34195985625774e-05
v 0.0023103421410096696 0.0005071868634107664 6.563603731313265e-05
v 0.0023103421410096696 -0.0010928212607021345 -0.0008846157591503316
v 0.0023103421410096696 0.0005071868634107664 -0.0009043639696159071
v 0.0023103421410096696 -0.0010928131395694653 -0.0005185454967943095
v 0.0023103421410096696 -0.0004928131291386529 -0.0005111396198465015
v 0.0023103421410096696 -0.0004928131291386529 7.797837083090013e-05
v 0.0023103421410096696 -0.0010928212607021345 8.538424777870816e-05
v 0.0023103421410096696 -0.0010928131395694653 0.00045145451013473025
v 0.0023103421410096696 0.0011071867993357745 0.0004786080015016794
v 0.0023103421410096696 0.0011071867993357745 5.8230160365324606e-05
v 0.0023103421410096696 0.0005071868634107664 6.563603731313265e-05
v 0.0023103421410096696 -0.0010928212607021345 -0.0008846157591503316
v 0.0019588702479257374 -0.001941341267347158 -0.000878480653200731
v 0.0011103503157865182 -0.00229281316043109 -0.0008846157591503316
v 0.0005103421842230367 -0.00229281316043109 -0.0008920216360981397
v 0.002260342040799363 -0.0009141206537011116 -0.0008874386350637979
v 0.001624257975274518 -0.0019067409208400336 -0.0008830380242383922
v 0.002260342040799363 0.0009284943134674207 -0.0009101813828159559
v 0.0023103421410096696 0.0005071868634107664 -0.0009043639696159071
v 0.002260342040799363 -0.0014523222717868769 -0.0017723655304529027
v 0.002260342040799363 -0.0009141206537011116 -0.0015765803699959733
v 0.002260342040799363 0.0009284943134674207 -0.0017429798451890086
v 0.002260342040799363 0.0009284943134674207 -0.0009101813828159559
v 0.002260342040799363 -0.0009141206537011116 -0.0008874386350637979
v 0.002260342040799363 -0.0009141206537011116 -0.0015765803699959733
v 0.001908727543605993 -0.00162617903293269 -0.0015765803699959733
v 0.001284919948467911 -0.002117629748933842 -0.0015765803699959733
v 0.0005103421842230367 -0.00229281316043109 -0.0015765803699959733
v 0.002260342040799363 -0.0009141206537011116 -0.0008874386350637979
v 0.001624257975274518 -0.0019067409208400336 -0.0008830380242383922
v 0.0005103421842230367 -0.00229281316043109 -0.0008920216360981397
v 0.001941064999824799 -0.001585073137616966 -0.0013980644628838197
v 0.0018839993651807445 -0.0016560268031948768 -0.001398165790777673
v 0.001940849231015535 -0.0015853556636268864 -0.0010846209283630343
v 0.0018822018381461085 -0.001658146046292497 -0.0011128765095872468
v 0.0018821690555922148 -0.001658184789310735 -0.0010714810847159979
v 0.0019666473127905875 -0.0015507240246819545 -0.0010288065441964593
v 0.0019668863274107944 -0.0015503948580385398 -0.0013979375049932858
v 0.002019055589607605 -0.001474537965479389 -0.001397835581052998
v 0.002019083305766806 -0.0014744953481593273 -0.0014361232198151226
v 0.0018840321477346382 -0.0016559879111650302 -0.0014363771355961903
v 0.0016007062434992283 -0.0019249814318497154 -0.0014359706319279082
v 0.0014715830652806963 -0.002014659300118849 -0.0010377496248986655
v 0.001561237240704061 -0.0019541888992297145 -0.0014360218919212693
v 0.0015251184659052233 -0.0019794970308356645 -0.0013229375781952386
v 0.0013754197647701252 -0.0020713062121427155 -0.0013231408300293796
v 0.0013383301793412075 -0.002091073347082584 -0.0014365046895331586
v 0.0012922055730475725 -0.0021141366188048576 -0.0014365553534800852
v 0.001432571528123955 -0.0020386115750980764 -0.0010378002888455922
v -0.0012717424048838968 -0.00229281316043109 -0.0017391442863834436
v -0.0018896577829944088 -0.00229281316043109 -0.001731517872254896
v -0.0004896578083263826 -0.00229281316043109 -0.0015765803699959733
v -0.0004896578083263826 -0.00229281316043109 -0.0009043639696159071
v -0.0010896577442513907 -0.00229281316043109 -0.0009117692505172807
v -0.0010896577442513907 -0.00229281316043109 -0.0004913920054273604
v -0.0004896578083263826 -0.00229281316043109 -0.000498797286328734
v -0.0004896578083263826 -0.00229281316043109 6.563603731313265e-05
v -0.0010896577442513907 -0.00229281316043109 5.8230160365324606e-05
v -0.0010896577442513907 -0.00229281316043109 0.0004786080015016794
v 0.001110342194653849 -0.00229281316043109 0.00045145451013473025
v 0.0011103503157865182 -0.00229281316043109 8.538424777870816e-05
v 0.0005103421842230367 -0.00229281316043109 7.797837083090013e-05
v 0.0005103421842230367 -0.00229281316043109 -0.0005111396198465015
v 0.001110342194653849 -0.00229281316043109 -0.0005185454967943095
v 0.0011103503157865182 -0.00229281316043109 -0.0008846157591503316
v 0.0005103421842230367 -0.00229281316043109 -0.0008920216360981397
v 0.0005103421842230367 -0.00229281316043109 -0.0015765803699959733
v 0.0013710115543526804 -0.00229281316043109 -0.0017717629275076927
v 0.0021103432302845286 -0.00229281316043109 -0.0017808878023724004
v 0.0021103420381916598 -0.00229281316043109 -0.002246580669732824
v -0.0018896577829944088 -0.00229281316043109 -0.002246580669732824
v -0.00208965773680081 -0.0020928130576130803 -0.0017265808196385022
v -0.0018685160159651328 -0.0018716713367774032 -0.0017265808196385022
v -0.0018896577829944088 -0.00229281316043109 -0.001731517872254896
v -0.0012717424048838968 -0.00229281316043109 -0.0017391442863834436
v -0.00228965783961882 -0.001274897725696167 -0.0017391442863834436
v -0.0018685160159651328 -0.0018716713367774032 -0.0017265808196385022
v -0.0012717424048838968 -0.00229281316043109 -0.0017391442863834436
v -0.0004896578083263826 -0.00229281316043109 -0.0015765803699959733
v -0.0013896578239726012 -0.0020516588825361675 -0.0015765803699959733
v -0.002048503561723897 -0.0013928131447848715 -0.0015765803699959733
v -0.00228965783961882 -0.0004928131291386529 -0.0015765803699959733
v -0.00228965783961882 0.0021071867173793894 -0.002246580669732824
v -0.00228965783961882 -0.001892813103806679 -0.002246580669732824
v -0.00228965783961882 0.0021071867173793894 -0.0017808878023724004
v -0.00228965783961882 0.00136785623354041 -0.0017717629275076927
v -0.00228965783961882 0.0005071868634107664 -0.0015765803699959733
v -0.00228965783961882 0.0005071868634107664 -0.0008920216360981397
v -0.00228965783961882 0.0011071941009045962 -0.0008846157591503316
v -0.00228965783961882 0.0011071867993357745 -0.0005185454967943095
v -0.00228965783961882 0.0005071868634107664 -0.0005111396198465015
v -0.00228965783961882 0.0005071868634107664 7.797837083090013e-05
v -0.00228965783961882 0.0011071941009045962 8.538424777870816e-05
v -0.00228965783961882 0.0011071867993357745 0.00045145451013473025
v -0.00228965783961882 -0.0010928131395694653 0.0004786080015016794
v -0.00228965783961882 -0.0010928131395694653 5.8230160365324606e-05
v -0.00228965783961882 -0.0004928131291386529 6.563603731313265e-05
v -0.00228965783961882 -0.0004928131291386529 -0.000498797286328734
v -0.00228965783961882 -0.0010928131395694653 -0.0004913920054273604
v -0.00228965783961882 -0.0010928131395694653 -0.0009117692505172807
v -0.00228965783961882 -0.0004928131291386529 -0.0009043639696159071
v -0.00228965783961882 -0.0004928131291386529 -0.0015765803699959733
v -0.00228965783961882 -0.001274897725696167 -0.0017391442863834436
v -0.00228965783961882 -0.001892813103806679 -0.001731517872254896
v -0.0018896577829944088 -0.00229281316043109 -0.002246580669732824
v -0.00228965783961882 -0.001892813103806679 -0.002246580669732824
v -0.00228965783961882 0.0021071867173793894 -0.002246580669732824
v -0.002262862870182181 0.0022071867687883944 -0.002246580669732824
v -0.002189657788209815 0.0022803918507607606 -0.002246580669732824
v -0.00208965773680081 0.0023071868201973993 -0.002246580669732824
v 0.0021103420381916598 0.0023071868201973993 -0.002246580669732824
v 0.0022103420896006647 0.0022803918507607606 -0.002246580669732824
v 0.002283547171573031 0.0022071867687883944 -0.002246580669732824
v 0.0023103421410096696 0.0021071867173793894 -0.002246580669732824
v 0.0023103421410096696 -0.0020928130576130803 -0.002246580669732824
v 0.002283547171573031 -0.0021928131090220853 -0.002246580669732824
v 0.0022103420896006647 -0.0022660181909944514 -0.002246580669732824
v 0.0021103420381916598 -0.00229281316043109 -0.002246580669732824
v 0.0021103420381916598 -0.002262813100304906 -0.002246580669732824
v 0.002195342134043377 -0.0022400374209872458 -0.002246580669732824
v 0.002257566401565825 -0.0021778131534647975 -0.002246580669732824
v 0.0022803420808834855 -0.0020928130576130803 -0.002246580669732824
v 0.0022803420808834855 0.0021071867173793894 -0.002246580669732824
v 0.002257566401565825 0.0021921868132311066 -0.002246580669732824
v 0.002195342134043377 0.002254411080753555 -0.002246580669732824
v 0.0021103420381916598 0.0022771867600712152 -0.002246580669732824
v -0.00208965773680081 0.0022771867600712152 -0.002246580669732824
v -0.002174657832652527 0.002254411080753555 -0.002246580669732824
v -0.0022368821001749755 0.0021921868132311066 -0.002246580669732824
v -0.002259657779492636 0.0021071867173793894 -0.002246580669732824
v -0.002259657779492636 -0.0018828130837646177 -0.002246580669732824
v -0.0018796577629523474 -0.002262813100304906 -0.002246580669732824
v 0.0023103421410096696 -0.0020928130576130803 -0.002246580669732824
v 0.002283547171573031 -0.0021928131090220853 -0.002246580669732824
v 0.0022103420896006647 -0.0022660181909944514 -0.002246580669732824
v 0.0021103420381916598 -0.00229281316043109 -0.002246580669732824
v 0.0023103421410096696 -0.002092813206624689 -0.0017808878023724004
v 0.0021103432302845286 -0.00229281316043109 -0.0017808878023724004
v 0.001836961168714735 0.0018338058479024646 -0.0017265808196385022
v 0.0022517634424918114 0.002248608121679541 -0.0017265808196385022
v 0.0017968073085664062 0.0015441235554786716 -0.0017296605915652083
v 0.002192092041848032 0.0011488387476912417 -0.0017394178716968476
v 0.002260342040799363 0.0009284943134674207 -0.0017429798451890086
v 0.002260342040799363 -0.0014523222717868769 -0.0017723655304529027
v 0.0013710115543526804 -0.00229281316043109 -0.0017717629275076927
v 0.0021103432302845286 -0.00229281316043109 -0.0017808878023724004
v 0.0023103421410096696 -0.002092813206624689 -0.0017808878023724004
v 0.0023103421410096696 0.0021071867173793894 -0.0017290490479234819
v 0.0021103420381916598 0.0023071868201973993 -0.002246580669732824
v 0.0022103420896006647 0.0022803918507607606 -0.002246580669732824
v 0.002283547171573031 0.0022071867687883944 -0.002246580669732824
v 0.0023103421410096696 0.0021071867173793894 -0.002246580669732824
v 0.0021103420381916598 0.0023071868201973993 -0.0017290490479234819
v 0.0022517634424918114 0.002248608121679541 -0.0017265808196385022
v 0.0023103421410096696 0.0021071867173793894 -0.0017290490479234819
v 0.0023103421410096696 0.0021071867173793894 -0.0017290490479234819
v 0.0023103421410096696 -0.002092813206624689 -0.0017808878023724004
v 0.0023103421410096696 0.0021071867173793894 -0.002246580669732824
v 0.0023103421410096696 -0.0020928130576130803 -0.002246580669732824
v 0.0021103420381916598 0.0023071868201973993 -0.0017290490479234819
v 0.0022517634424918114 0.002248608121679541 -0.0017265808196385022
v 0.0005103421842230367 0.0023071868201973993 -0.0017487972583890574
v 0.0011519941430093163 0.0021889367210357617 -0.0017394178716968476
v 0.001547278876290942 0.001793651987754136 -0.0017296605915652083
v 0.0017073055720186472 0.0018876206452931314 -0.0017288452000429064
v 0.001836961168714735 0.0018338058479024646 -0.0017265808196385022
v 0.001836961168714735 0.0018338058479024646 -0.0017265808196385022
v 0.0017073088502740366 0.0018876054461090534 -0.0017291175932634415
v 0.0017968073085664062 0.0015441235554786716 -0.0017296605915652083
v 0.0017966886953259544 0.0015442421687191234 -0.0017265808196385022
v 0.0017683891556772027 0.0015314623371184834 -0.0017265808196385022
v 0.0017383379845692661 0.0015236445920844834 -0.0017265808196385022
v 0.0017073984062508098 0.0015210134941112954 -0.0017265808196385022
v 0.0017073984062508098 0.0015042431316321383 -0.002046580864938031
v 0.0018806033906205726 0.0016042430340295346 -0.002046580864938031
v 0.0018806033906205726 0.0018042431368475444 -0.002046580864938031
v 0.0017073984062508098 0.001904243039244941 -0.002046580864938031
v 0.001873310464472089 0.0018001044884300712 -0.0018865805442650496
v 0.0018733572541171919 0.0016084627447620905 -0.0018865805442650496
v 0.002192092041848032 0.0011488387476912417 -0.0007265806035716696
v 0.0011519941430093163 0.0021889367210357617 -0.0007265806035716696
v 0.0011519941430093163 0.0021889367210357617 -0.0017394178716968476
v 0.001547278876290942 0.001793651987754136 -0.0017296605915652083
v 0.0015473974895313938 0.001793533374513684 -0.0017265808196385022
v 0.0017966886953259544 0.0015442421687191234 -0.0017265808196385022
v 0.0017968073085664062 0.0015441235554786716 -0.0017296605915652083
v 0.002192092041848032 0.0011488387476912417 -0.0017394178716968476
v 0.0011519941430093163 0.0021889367210357617 -0.0007265806035716696
v 0.0012094264207163504 0.002165901016461081 -0.0007022583327682689
v 0.0012652644232228896 0.0021412711856975135 -0.0006801909056263214
v 0.0013198466303978864 0.00211494768899051 -0.0006602090449584489
v 0.001373170583549799 0.0020869674812190047 -0.0006422883128608395
v 0.0014253462532457797 0.0020573082106417066 -0.0006263667205043125
v 0.0014764824179601124 0.002025934561507376 -0.0006123924118490723
v 0.0015266851739581257 0.001992797658008389 -0.0006003254517840121
v 0.001570795590338209 0.001961647824310187 -0.0005911606418081975
v 0.0016137180861744707 0.0019293726549437788 -0.0005836319792948966
v 0.0016600739584846649 0.001892171757843231 -0.000577158318970539
v 0.0017050832128878703 0.0018535314086035317 -0.0005726545921119767
v 0.0017488036658882269 0.0018134137582760947 -0.0005701070896512176
v 0.0017912870245139214 0.0017717741033783376 -0.0005695104471703519
v 0.001828437406679151 0.0017330133527588833 -0.00057064949190655
v 0.0018643214881944317 0.0016932707646503122 -0.0005733775964369417
v 0.0018989750318458292 0.0016525098312085154 -0.0005776965489008304
v 0.0019324287340247164 0.0016106906173223858 -0.000583611713716126
v 0.001964708969785817 0.0015677696116022102 -0.0005911362039043858
v 0.001999223932641209 0.0015187318283602926 -0.000601404891876767
v 0.0020290900313312548 0.0014733269481362334 -0.0006123924118490723
v 0.0020576704578622322 0.001426901636416428 -0.0006250107148659815
v 0.002084791017663679 0.0013797013153202533 -0.0006392097330270022
v 0.002110487473521661 0.0013316446245094096 -0.000655020460746725
v 0.0021347873925837706 0.001282650203645597 -0.0006724822370898223
v 0.0021577088052546494 0.0012326359473324724 -0.0006916397655388765
v 0.0021753336002975636 0.001191170561510982 -0.000708497746843895
v 0.002192092041848032 0.0011488387476912417 -0.0007265806035716696
v 0.0017073984062508098 0.001904243039244941 -0.002046580864938031
v 0.0017073088502740366 0.0018876054461090534 -0.0017291175932634415
v 0.0015341932728694387 0.0018042431368475444 -0.002046580864938031
v 0.0015341932728694387 0.0016042430340295346 -0.002046580864938031
v 0.0017073984062508098 0.0015042431316321383 -0.002046580864938031
v 0.0017073984062508098 0.0015210134941112954 -0.0017265808196385022
v 0.001590304637171969 0.0015633101411914043 -0.0017265808196385022
v 0.0015272704915567372 0.0016706722601352866 -0.0017265808196385022
v 0.0015473974895313938 0.001793533374513684 -0.0017265808196385022
v 0.001547278876290942 0.001793651987754136 -0.0017296605915652083
v 0.0015414552046033316 0.0016084356246493239 -0.0018865805442650496
v 0.0015414552046033316 0.0018000503972161466 -0.0018865805442650496
v 0.001756084522096413 0.0013755605807402595 -0.002046580864938031
v 0.001704427561809996 0.0013817985046997996 -0.002046580864938031
v 0.0016540173816528005 0.0013946890519256352 -0.002046580864938031
v 0.0016057070730841063 0.001414013920411156 -0.002046580864938031
v 0.001547395105345656 0.0014812874462912797 -0.002046580864938031
v 0.00148444276710355 0.0015442397845333857 -0.002046580864938031
v 0.0014171692412234262 0.001602551752271836 -0.002046580864938031
v 0.0013978443727379055 0.0016508620608405302 -0.002046580864938031
v 0.00138495382551207 0.0017012722409977257 -0.002046580864938031
v 0.0013787159015525299 0.0017529292012841426 -0.002046580864938031
v 0.0013632170551296232 0.0017784535487341826 -0.002046580864938031
v 0.0013459485468428902 0.001802815456625473 -0.002046580864938031
v 0.0013269972504601493 0.001825892586427347 -0.002046580864938031
v 0.0014718602268727068 0.0018222583423050112 -0.002046580864938031
v 0.0015306217626343268 0.0018810197290550228 -0.002046580864938031
v 0.0015823983792424558 0.001920749353153645 -0.002046580864938031
v 0.001642693691491476 0.0019457244438143566 -0.002046580864938031
v 0.0017073984062508098 0.001954242990443639 -0.002046580864938031
v 0.001884175049867293 0.0018810197290550228 -0.002046580864938031
v 0.0019573983112559095 0.0017042430854385395 -0.002046580864938031
v 0.001884175049867293 0.0015274664418220565 -0.002046580864938031
v 0.0018254136631172815 0.0014687049060604365 -0.002046580864938031
v 0.0018290479072396173 0.001323841929647879 -0.002046580864938031
v 0.0018059707774377434 0.00134279322603062 -0.002046580864938031
v 0.001781608869546453 0.0013600617343173529 -0.002046580864938031
v 0.0017073984062508098 0.0015042431316321383 -0.002046580864938031
v 0.0018806033906205726 0.0016042430340295346 -0.002046580864938031
v 0.0018806033906205726 0.0018042431368475444 -0.002046580864938031
v 0.0017073984062508098 0.001904243039244941 -0.002046580864938031
v 0.0015341932728694387 0.0018042431368475444 -0.002046580864938031
v 0.0015341932728694387 0.0016042430340295346 -0.002046580864938031
v 0.0018290479072396173 0.001323841929647879 -0.002046580864938031
v 0.0018059707774377434 0.00134279322603062 -0.002046580864938031
v 0.001781608869546453 0.0013600617343173529 -0.002046580864938031
v 0.001756084522096413 0.0013755605807402595 -0.002046580864938031
v 0.0017304619759963005 0.001373753367951064 -0.0019698774374303793
v 0.0017247536392937526 0.0013680448822369076 -0.001926580624433295
v 0.001844019401579661 0.001279677869088697 -0.001926580624433295
v 0.0019228507148582323 0.001153905589418733 -0.001926580624433295
v 0.0019503920834423876 0.0010080476624955011 -0.001926580624433295
v 0.0020103433278871323 0.0010080476624955011 -0.0022665804117937296
v 0.0019937222750398003 0.0011305767790099205 -0.0022665804117937296
v 0.0019450607461096174 0.0012442503591421907 -0.0022665804117937296
v 0.0018678754150597279 0.0013408529458749376 -0.0022665804117937296
v 0.001756084522096413 0.0013755605807402595 -0.002046580864938031
v 0.001704427561809996 0.0013817985046997996 -0.002046580864938031
v 0.0016540173816528005 0.0013946890519256352 -0.002046580864938031
v 0.0016057070730841063 0.001414013920411156 -0.002046580864938031
v 0.0017304619759963005 0.001373753367951064 -0.0019698774374303793
v 0.0017284230501557198 0.0013717144421104834 -0.001926580624433295
v 0.0016017116248225052 0.0014089555723453553 -0.001926580624433295
v 0.00164251130128254 0.001391960351348809 -0.001926580624433295
v 0.001684915832767281 0.0013794974674396778 -0.001926580624433295
v 0.0014171692412234262 0.001602551752271836 -0.002046580864938031
v 0.0014121077639138448 0.0015985530257548455 -0.001926580624433295
v 0.0014798083570642386 0.0015399618102618642 -0.001926580624433295
v 0.0015431181741553948 0.001476651993170708 -0.001926580624433295
v 0.0016017092406367674 0.0014089514000203143 -0.001926580624433295
v 0.0016057070730841063 0.001414013920411156 -0.002046580864938031
v 0.001547395105345656 0.0014812874462912797 -0.002046580864938031
v 0.00148444276710355 0.0015442397845333857 -0.002046580864938031
v 0.0013748697629227538 0.0017252677293434495 -0.001926580624433295
v 0.0013826527882519481 0.0016817605119550107 -0.001926580624433295
v 0.0013951156721610793 0.0016393559804702698 -0.001926580624433295
v 0.0014121108931576256 0.0015985563040102348 -0.001926580624433295
v 0.0013769086887633344 0.0017273066551840301 -0.0019698774374303793
v 0.0013787159015525299 0.0017529292012841426 -0.002046580864938031
v 0.0014171692412234262 0.001602551752271836 -0.002046580864938031
v 0.0013978443727379055 0.0016508620608405302 -0.002046580864938031
v 0.00138495382551207 0.0017012722409977257 -0.002046580864938031
v 0.001344008266687208 0.0018647200942474575 -0.0022665804117937296
v 0.0012474057544602654 0.001941905425297347 -0.0022665804117937296
v 0.001133732174327995 0.00199056695422753 -0.0022665804117937296
v 0.0010112030578135758 0.002007188007074862 -0.0022665804117937296
v 0.0010112030578135758 0.0019472367626301172 -0.001926580624433295
v 0.0011570609847368076 0.001919695394045962 -0.001926580624433295
v 0.0012828331899009673 0.0018408640807673906 -0.001926580624433295
v 0.0013712002030491779 0.0017215983184814823 -0.001926580624433295
v 0.0013769086887633344 0.0017273066551840301 -0.0019698774374303793
v 0.0013787159015525299 0.0017529292012841426 -0.002046580864938031
v 0.0013632170551296232 0.0017784535487341826 -0.002046580864938031
v 0.0013459485468428902 0.001802815456625473 -0.002046580864938031
v 0.0013269972504601493 0.001825892586427347 -0.002046580864938031
v 0.0016303421192539749 0.002027186855066116 -0.0022665804117937296
v 0.001830342073060376 0.0019735969161928384 -0.0022665804117937296
v 0.0019767522370051087 0.0018271867522481058 -0.0022665804117937296
v 0.002030342175878386 0.0016271867984417045 -0.0022665804117937296
v 0.002030342175878386 -0.0018128130924817967 -0.0022665804117937296
v 0.0020035472064417474 -0.0019128131438908018 -0.0022665804117937296
v 0.0019303421244693812 -0.001986018225863168 -0.0022665804117937296
v 0.001830342073060376 -0.0020128131952998067 -0.0022665804117937296
v -0.0018096577716695263 -0.0020128131952998067 -0.0022665804117937296
v -0.0019096578230785315 -0.001986018225863168 -0.0022665804117937296
v -0.0019828629050508977 -0.0019128131438908018 -0.0022665804117937296
v -0.0020096578744875364 -0.0018128130924817967 -0.0022665804117937296
v -0.0020096578744875364 0.0018271867522481058 -0.0022665804117937296
v -0.0019828629050508977 0.001927186803657111 -0.0022665804117937296
v -0.0019096578230785315 0.002000391885629477 -0.0022665804117937296
v -0.0018096577716695263 0.002027186855066116 -0.0022665804117937296
v 0.0018678754150597279 0.0013408529458749376 -0.0022665804117937296
v 0.0018670366287148745 0.0014831079211136413 -0.0022665804117937296
v 0.0018977851741510958 0.0015138563175382538 -0.0022665804117937296
v 0.0019766458427165627 0.0017042430854385395 -0.0022665804117937296
v 0.0018977851741510958 0.0018946298533388255 -0.0022665804117937296
v 0.0017073984062508098 0.0019734905219042924 -0.0022665804117937296
v 0.0016377119353924998 0.001964316175185527 -0.0022665804117937296
v 0.0015727746135121292 0.0019374182387273402 -0.0022665804117937296
v 0.001517011638350524 0.0018946298533388255 -0.0022665804117937296
v 0.0014862632419259116 0.0018638813079026042 -0.0022665804117937296
v 0.001344008266687208 0.0018647200942474575 -0.0022665804117937296
v 0.0012474057544602654 0.001941905425297347 -0.0022665804117937296
v 0.001133732174327995 0.00199056695422753 -0.0022665804117937296
v 0.0010112030578135758 0.002007188007074862 -0.0022665804117937296
v -0.0018697566866184014 0.002007188007074862 -0.0022665804117937296
v -0.0019896590264962826 0.001887285667196981 -0.0022665804117937296
v -0.0019896590264962826 -0.0018729120074306718 -0.0022665804117937296
v -0.0018697566866184014 -0.001992814347308553 -0.0022665804117937296
v 0.0018904409880092514 -0.001992814347308553 -0.0022665804117937296
v 0.0020103433278871323 -0.0018729120074306718 -0.0022665804117937296
v 0.0020103433278871323 0.0010080476624955011 -0.0022665804117937296
v 0.0019937222750398003 0.0011305767790099205 -0.0022665804117937296
v 0.0019450607461096174 0.0012442503591421907 -0.0022665804117937296
v 0.0016303421192539749 0.002027186855066116 -0.0022965806209315222
v -0.0018096577716695263 0.002027186855066116 -0.0022965806209315222
v -0.0018096577716695263 0.002027186855066116 -0.0022665804117937296
v 0.0016303421192539749 0.002027186855066116 -0.0022665804117937296
v -0.0018796577629523474 -0.002262813100304906 -0.0022965806209315222
v 0.0021103420381916598 -0.002262813100304906 -0.0022965806209315222
v 0.0022803420808834855 -0.0020928130576130803 -0.0022965806209315222
v 0.002257566401565825 -0.0021778131534647975 -0.0022965806209315222
v 0.002195342134043377 -0.0022400374209872458 -0.0022965806209315222
v 0.0022803420808834855 0.0021071867173793894 -0.0022965806209315222
v 0.0021103420381916598 0.0022771867600712152 -0.0022965806209315222
v 0.002195342134043377 0.002254411080753555 -0.0022965806209315222
v 0.002257566401565825 0.0021921868132311066 -0.0022965806209315222
v -0.00208965773680081 0.0022771867600712152 -0.0022965806209315222
v -0.002259657779492636 0.0021071867173793894 -0.0022965806209315222
v -0.0022368821001749755 0.0021921868132311066 -0.0022965806209315222
v -0.002174657832652527 0.002254411080753555 -0.0022965806209315222
v -0.002259657779492636 -0.0018828130837646177 -0.0022965806209315222
v -0.0020096578744875364 0.0018271867522481058 -0.0022965806209315222
v -0.0020096578744875364 -0.0018128130924817967 -0.0022965806209315222
v -0.0018096577716695263 0.002027186855066116 -0.0022965806209315222
v -0.0019096578230785315 0.002000391885629477 -0.0022965806209315222
v -0.0019828629050508977 0.001927186803657111 -0.0022965806209315222
v 0.0016303421192539749 0.002027186855066116 -0.0022965806209315222
v 0.002030342175878386 0.0016271867984417045 -0.0022965806209315222
v 0.0019767522370051087 0.0018271867522481058 -0.0022965806209315222
v 0.001830342073060376 0.0019735969161928384 -0.0022965806209315222
v 0.002030342175878386 -0.0018128130924817967 -0.0022965806209315222
v 0.001830342073060376 -0.0020128131952998067 -0.0022965806209315222
v 0.0019303421244693812 -0.001986018225863168 -0.0022965806209315222
v 0.0020035472064417474 -0.0019128131438908018 -0.0022965806209315222
v -0.0018096577716695263 -0.0020128131952998067 -0.0022965806209315222
v -0.0019828629050508977 -0.0019128131438908018 -0.0022965806209315222
v -0.0019096578230785315 -0.001986018225863168 -0.0022965806209315222
v -0.0018796577629523474 -0.002262813100304906 -0.0022965806209315222
v -0.0018796577629523474 -0.002262813100304906 -0.002246580669732824
v 0.0021103420381916598 -0.002262813100304906 -0.0022965806209315222
v 0.0021103420381916598 -0.002262813100304906 -0.002246580669732824
v 0.0022803420808834855 -0.0020928130576130803 -0.0022965806209315222
v 0.0022803420808834855 -0.0020928130576130803 -0.002246580669732824
v 0.0021103420381916598 -0.002262813100304906 -0.002246580669732824
v 0.002195342134043377 -0.0022400374209872458 -0.002246580669732824
v 0.002257566401565825 -0.0021778131534647975 -0.002246580669732824
v 0.0021103420381916598 -0.002262813100304906 -0.0022965806209315222
v 0.002257566401565825 -0.0021778131534647975 -0.0022965806209315222
v 0.002195342134043377 -0.0022400374209872458 -0.0022965806209315222
v 0.0022803420808834855 0.0021071867173793894 -0.002246580669732824
v 0.0022803420808834855 0.0021071867173793894 -0.0022965806209315222
v 0.0022803420808834855 -0.0020928130576130803 -0.002246580669732824
v 0.0022803420808834855 -0.0020928130576130803 -0.0022965806209315222
v 0.0021103420381916598 0.0022771867600712152 -0.0022965806209315222
v 0.0021103420381916598 0.0022771867600712152 -0.002246580669732824
v 0.0022803420808834855 0.0021071867173793894 -0.002246580669732824
v 0.002257566401565825 0.0021921868132311066 -0.002246580669732824
v 0.002195342134043377 0.002254411080753555 -0.002246580669732824
v 0.0022803420808834855 0.0021071867173793894 -0.0022965806209315222
v 0.002195342134043377 0.002254411080753555 -0.0022965806209315222
v 0.002257566401565825 0.0021921868132311066 -0.0022965806209315222
v -0.00208965773680081 0.0022771867600712152 -0.002246580669732824
v -0.00208965773680081 0.0022771867600712152 -0.0022965806209315222
v 0.0021103420381916598 0.0022771867600712152 -0.002246580669732824
v 0.0021103420381916598 0.0022771867600712152 -0.0022965806209315222
v -0.002259657779492636 0.0021071867173793894 -0.0022965806209315222
v -0.002259657779492636 0.0021071867173793894 -0.002246580669732824
v -0.00208965773680081 0.0022771867600712152 -0.002246580669732824
v -0.002174657832652527 0.002254411080753555 -0.002246580669732824
v -0.0022368821001749755 0.0021921868132311066 -0.002246580669732824
v -0.00208965773680081 0.0022771867600712152 -0.0022965806209315222
v -0.0022368821001749755 0.0021921868132311066 -0.0022965806209315222
v -0.002174657832652527 0.002254411080753555 -0.0022965806209315222
v -0.002259657779492636 -0.0018828130837646177 -0.002246580669732824
v -0.002259657779492636 -0.0018828130837646177 -0.0022965806209315222
v -0.002259657779492636 0.0021071867173793894 -0.002246580669732824
v -0.002259657779492636 0.0021071867173793894 -0.0022965806209315222
v -0.002259657779492636 -0.0018828130837646177 -0.002246580669732824
v -0.0018796577629523474 -0.002262813100304906 -0.002246580669732824
v -0.0018796577629523474 -0.002262813100304906 -0.0022965806209315222
v -0.002259657779492636 -0.0018828130837646177 -0.0022965806209315222
v -0.0020096578744875364 0.0018271867522481058 -0.0022665804117937296
v -0.0020096578744875364 -0.0018128130924817967 -0.0022665804117937296
v -0.0020096578744875364 0.0018271867522481058 -0.0022965806209315222
v -0.0020096578744875364 -0.0018128130924817967 -0.0022965806209315222
v -0.0020096578744875364 0.0018271867522481058 -0.0022665804117937296
v -0.0019828629050508977 0.001927186803657111 -0.0022665804117937296
v -0.0019096578230785315 0.002000391885629477 -0.0022665804117937296
v -0.0018096577716695263 0.002027186855066116 -0.0022665804117937296
v -0.0018096577716695263 0.002027186855066116 -0.0022965806209315222
v -0.0019096578230785315 0.002000391885629477 -0.0022965806209315222
v -0.0019828629050508977 0.001927186803657111 -0.0022965806209315222
v -0.0020096578744875364 0.0018271867522481058 -0.0022965806209315222
v -0.0018096577716695263 -0.0020128131952998067 -0.0022665804117937296
v -0.0019096578230785315 -0.001986018225863168 -0.0022665804117937296
v -0.0019828629050508977 -0.0019128131438908018 -0.0022665804117937296
v -0.0020096578744875364 -0.0018128130924817967 -0.0022665804117937296
v -0.0020096578744875364 -0.0018128130924817967 -0.0022965806209315222
v -0.0019828629050508977 -0.0019128131438908018 -0.0022965806209315222
v -0.0019096578230785315 -0.001986018225863168 -0.0022965806209315222
v -0.0018096577716695263 -0.0020128131952998067 -0.0022965806209315222
v -0.0018096577716695263 -0.0020128131952998067 -0.0022665804117937296
v 0.001830342073060376 -0.0020128131952998067 -0.0022665804117937296
v -0.0018096577716695263 -0.0020128131952998067 -0.0022965806209315222
v 0.001830342073060376 -0.0020128131952998067 -0.0022965806209315222
v 0.002030342175878386 -0.0018128130924817967 -0.0022665804117937296
v 0.0020035472064417474 -0.0019128131438908018 -0.0022665804117937296
v 0.0019303421244693812 -0.001986018225863168 -0.0022665804117937296
v 0.001830342073060376 -0.0020128131952998067 -0.0022665804117937296
v 0.001830342073060376 -0.0020128131952998067 -0.0022965806209315222
v 0.0019303421244693812 -0.001986018225863168 -0.0022965806209315222
v 0.0020035472064417474 -0.0019128131438908018 -0.0022965806209315222
v 0.002030342175878386 -0.0018128130924817967 -0.0022965806209315222
v 0.002030342175878386 -0.0018128130924817967 -0.0022665804117937296
v 0.002030342175878386 0.0016271867984417045 -0.0022665804117937296
v 0.002030342175878386 -0.0018128130924817967 -0.0022965806209315222
v 0.002030342175878386 0.0016271867984417045 -0.0022965806209315222
v 0.0016303421192539749 0.002027186855066116 -0.0022665804117937296
v 0.001830342073060376 0.0019735969161928384 -0.0022665804117937296
v 0.0019767522370051087 0.0018271867522481058 -0.0022665804117937296
v 0.002030342175878386 0.0016271867984417045 -0.0022665804117937296
v 0.002030342175878386 0.0016271867984417045 -0.0022965806209315222
v 0.0019767522370051087 0.0018271867522481058 -0.0022965806209315222
v 0.001830342073060376 0.0019735969161928384 -0.0022965806209315222
v 0.0016303421192539749 0.002027186855066116 -0.0022965806209315222
v 0.0019503920834423876 -0.0012257563793862671 -0.001926580624433295
v 0.0019503920834423876 0.0010080476624955011 -0.001926580624433295
v 0.0020103433278871323 0.0010080476624955011 -0.0022665804117937296
v 0.0020103433278871323 -0.0018729120074306718 -0.0022665804117937296
v 0.0018904409880092514 -0.001992814347308553 -0.0022665804117937296
v 0.0012432854344706509 -0.0019328631028638081 -0.001926580624433295
v 0.0020103433278871323 -0.0018729120074306718 -0.0022665804117937296
v 0.0019503920834423876 -0.0012257563793862671 -0.001926580624433295
v 0.0018904409880092514 -0.001992814347308553 -0.0022665804117937296
v -0.0018697566866184014 -0.001992814347308553 -0.0022665804117937296
v -0.0012226009840681925 -0.0019328631028638081 -0.001926580624433295
v 0.0012432854344706509 -0.0019328631028638081 -0.001926580624433295
v 0.001601712816915374 0.001408946929672056 -0.001926580624433295
v 0.0016425145795379294 0.0013919591592559402 -0.001926580624433295
v 0.0016849174718949758 0.001379497020404852 -0.001926580624433295
v 0.0017284230501557198 0.0013717144421104834 -0.001926580624433295
v 0.0017247536392937526 0.0013680448822369076 -0.001926580624433295
v 0.001844019401579661 0.001279677869088697 -0.001926580624433295
v 0.0019228507148582323 0.001153905589418733 -0.001926580624433295
v 0.0019503920834423876 0.0010080476624955011 -0.001926580624433295
v 0.0019503920834423876 -0.0012257563793862671 -0.001926580624433295
v 0.0012432854344706509 -0.0019328631028638081 -0.001926580624433295
v -0.0012226009840681925 -0.0019328631028638081 -0.001926580624433295
v -0.0019297077820515378 -0.0012257563793862671 -0.001926580624433295
v -0.0019297077820515378 0.0012401300391525762 -0.001926580624433295
v -0.0012226009840681925 0.0019472367626301172 -0.001926580624433295
v 0.0010112030578135758 0.0019472367626301172 -0.001926580624433295
v 0.0011570609847368076 0.001919695394045962 -0.001926580624433295
v 0.0012828331899009673 0.0018408640807673906 -0.001926580624433295
v 0.0013712002030491779 0.0017215983184814823 -0.001926580624433295
v 0.0013748697629227538 0.0017252677293434495 -0.001926580624433295
v 0.0013826523412171223 0.0016817621510827054 -0.001926580624433295
v 0.0013951144800682105 0.0016393592587256591 -0.001926580624433295
v 0.0014121044856584555 0.0015985557079638004 -0.001926580624433295
v 0.0014798076120061956 0.0015399625553199072 -0.001926580624433295
v 0.0015431198132830894 0.0014766502050314048 -0.001926580624433295
v 1.0342200754012147e-05 -0.0017678130767983249 -0.001926580624433295
v 0.0008978421785419689 -0.0015300082818416885 -0.001926580624433295
v 0.001547537262420268 -0.0008803131234575852 -0.001926580624433295
v 0.0017853420573769043 7.18685782283117e-06 -0.001926580624433295
v 0.001547537262420268 0.0008946867832238943 -0.001926580624433295
v 0.0008978421785419689 0.0015443819416079976 -0.001926580624433295
v 1.0342200754012147e-05 0.001782186736564634 -0.001926580624433295
v -0.0008771577281395105 0.0015443819416079976 -0.001926580624433295
v -0.0015268529610294181 0.0008946867832238943 -0.001926580624433295
v -0.0017646577559860546 7.18685782283117e-06 -0.001926580624433295
v -0.0015268529610294181 -0.0008803131234575852 -0.001926580624433295
v -0.0008771577281395105 -0.0015300082818416885 -0.001926580624433295
v -0.0014096578640567239 0.0012571868019434775 -0.001926580624433295
v -0.0012797540140206955 0.0013321867287415248 -0.001926580624433295
v -0.0012797540140206955 0.0014821867313492278 -0.001926580624433295
v -0.0014096578640567239 0.0015571868071588837 -0.001926580624433295
v -0.0015395615650811436 0.0014821867313492278 -0.001926580624433295
v -0.0015395615650811436 0.0013321867287415248 -0.001926580624433295
v 0.0013769086887633344 0.0017273066551840301 -0.0019698774374303793
v 0.0013712002030491779 0.0017215983184814823 -0.001926580624433295
v 0.0013748697629227538 0.0017252677293434495 -0.001926580624433295
v -0.0018697566866184014 0.002007188007074862 -0.0022665804117937296
v 0.0010112030578135758 0.002007188007074862 -0.0022665804117937296
v 0.0010112030578135758 0.0019472367626301172 -0.001926580624433295
v -0.0012226009840681925 0.0019472367626301172 -0.001926580624433295
v -0.0018697566866184014 0.002007188007074862 -0.0022665804117937296
v -0.0012226009840681925 0.0019472367626301172 -0.001926580624433295
v -0.0019896590264962826 0.001887285667196981 -0.0022665804117937296
v -0.0019297077820515378 0.0012401300391525762 -0.001926580624433295
v -0.0019297077820515378 0.0012401300391525762 -0.001926580624433295
v -0.0019297077820515378 -0.0012257563793862671 -0.001926580624433295
v -0.0019896590264962826 -0.0018729120074306718 -0.0022665804117937296
v -0.0019896590264962826 0.001887285667196981 -0.0022665804117937296
v -0.0019896590264962826 -0.0018729120074306718 -0.0022665804117937296
v -0.0019297077820515378 -0.0012257563793862671 -0.001926580624433295
v -0.0018697566866184014 -0.001992814347308553 -0.0022665804117937296
v -0.0012226009840681925 -0.0019328631028638081 -0.001926580624433295
v 0.0017304619759963005 0.001373753367951064 -0.0019698774374303793
v 0.0017284230501557198 0.0013717144421104834 -0.001926580624433295
v 0.0017247536392937526 0.0013680448822369076 -0.001926580624433295
v 1.0342200754012147e-05 0.001782186736564634 -0.001926580624433295
v 1.034220191816534e-05 0.001782186736564634 -0.0019065808823723895
v -0.0008771577281395105 0.0015443819416079976 -0.001926580624433295
v -0.0015268529610294181 0.0008946867832238943 -0.001926580624433295
v -0.0017646577559860546 7.18685782283117e-06 -0.001926580624433295
v -0.0015268529610294181 -0.0008803131234575852 -0.001926580624433295
v -0.0008771577281395105 -0.0015300082818416885 -0.001926580624433295
v 1.0342200754012147e-05 -0.0017678130767983249 -0.001926580624433295
v 1.0342200754012147e-05 -0.0017678130767983249 -0.0019065808823723895
v -0.0008771577281395105 -0.0015300082818416885 -0.0019065808823723895
v -0.0015268529610294181 -0.0008803131234575852 -0.0019065808823723895
v -0.0017646577559860546 7.186858404907766e-06 -0.0019065808823723895
v -0.0015268529610294181 0.0008946867832238943 -0.0019065808823723895
v -0.0008771577281395105 0.0015443819416079976 -0.0019065808823723895
v 1.0342200754012147e-05 0.001782186736564634 -0.0019065808823723895
v 0.0008978421785419689 0.0015443819416079976 -0.0019065808823723895
v 0.001547537262420268 0.0008946867832238943 -0.0019065808823723895
v 0.0017853420573769043 7.186858404907766e-06 -0.0019065808823723895
v 0.001547537262420268 -0.0008803131234575852 -0.0019065808823723895
v 0.0008978421785419689 -0.0015300082818416885 -0.0019065808823723895
v 1.0342200754012147e-05 -0.0017678130767983249 -0.0019065808823723895
v 1.0342200754012147e-05 -0.0017678130767983249 -0.001926580624433295
v 0.0008978421785419689 -0.0015300082818416885 -0.001926580624433295
v 0.001547537262420268 -0.0008803131234575852 -0.001926580624433295
v 0.0017853420573769043 7.18685782283117e-06 -0.001926580624433295
v 0.001547537262420268 0.0008946867832238943 -0.001926580624433295
v 0.0008978421785419689 0.0015443819416079976 -0.001926580624433295
v 1.0342200754012147e-05 0.001782186736564634 -0.001926580624433295
v 1.034220191816534e-05 -0.0017678130767983249 -0.0019065808823723895
v -0.0008771577281395105 -0.0015300082818416885 -0.0019065808823723895
v -0.0015268529610294181 -0.0008803131234575852 -0.0019065808823723895
v -0.0017646577559860546 7.18685782283117e-06 -0.0019065808823723895
v -0.0015268529610294181 0.0008946867832238943 -0.0019065808823723895
v -0.0008771577281395105 0.0015443819416079976 -0.0019065808823723895
v 1.034220191816534e-05 0.001782186736564634 -0.0019065808823723895
v 0.0008978421785419689 0.0015443819416079976 -0.0019065808823723895
v 0.001547537262420268 0.0008946867832238943 -0.0019065808823723895
v 0.0017853420573769043 7.18685782283117e-06 -0.0019065808823723895
v 0.001547537262420268 -0.0008803131234575852 -0.0019065808823723895
v 0.0008978421785419689 -0.0015300082818416885 -0.0019065808823723895
v 1.0342200754012147e-05 0.0017621862494456855 -0.0019065808823723895
v -0.0008671574845800363 0.001527060832223426 -0.0019065808823723895
v -0.0015095318516448466 0.00088468653966442 -0.0019065808823723895
v -0.001744657268867106 7.18685782283117e-06 -0.0019065808823723895
v -0.0015095318516448466 -0.0008703128798981109 -0.0019065808823723895
v -0.0008671574845800363 -0.001512687172457117 -0.0019065808823723895
v 1.0342200754012147e-05 -0.0017478125896793764 -0.0019065808823723895
v 0.0008878419349824946 -0.001512687172457117 -0.0019065808823723895
v 0.0015302161530356964 -0.0008703128798981109 -0.0019065808823723895
v 0.0017653415702579558 7.18685782283117e-06 -0.0019065808823723895
v 0.0015302161530356964 0.00088468653966442 -0.0019065808823723895
v 0.0008878419349824946 0.001527060832223426 -0.0019065808823723895
v 1.0342200754012147e-05 0.0017621862494456855 -0.0019065808823723895
v 1.0342200754012147e-05 0.0017621862494456855 -0.0018118494344089306
v -0.0008671574845800363 0.001527060832223426 -0.0019065808823723895
v -0.0015095318516448466 0.00088468653966442 -0.0019065808823723895
v -0.001744657268867106 7.18685782283117e-06 -0.0019065808823723895
v -0.0015095318516448466 -0.0008703128798981109 -0.0019065808823723895
v -0.0008671574845800363 -0.001512687172457117 -0.0019065808823723895
v 1.0342200754012147e-05 -0.0017478125896793764 -0.0019065808823723895
v 1.0342200754012147e-05 -0.0017478125896793764 -0.0018118494344089306
v -0.0008671574845800363 -0.001512687172457117 -0.0018118494344089306
v -0.0015095318516448466 -0.0008703128798981109 -0.0018118494344089306
v -0.001744657268867106 7.18685782283117e-06 -0.0018118494344089306
v -0.0015095318516448466 0.00088468653966442 -0.0018118494344089306
v -0.0008671574845800363 0.001527060832223426 -0.0018118494344089306
v 1.0342200754012147e-05 0.0017621862494456855 -0.0018118494344089306
v 0.0008878419349824946 0.001527060832223426 -0.0018118494344089306
v 0.0015302161530356964 0.00088468653966442 -0.0018118494344089306
v 0.0017653415702579558 7.18685782283117e-06 -0.0018118494344089306
v 0.0015302161530356964 -0.0008703128798981109 -0.0018118494344089306
v 0.0008878419349824946 -0.001512687172457117 -0.0018118494344089306
v 1.0342200754012147e-05 -0.0017478125896793764 -0.0018118494344089306
v 1.0342200754012147e-05 -0.0017478125896793764 -0.0019065808823723895
v 0.0008878419349824946 -0.001512687172457117 -0.0019065808823723895
v 0.0015302161530356964 -0.0008703128798981109 -0.0019065808823723895
v 0.0017653415702579558 7.18685782283117e-06 -0.0019065808823723895
v 0.0015302161530356964 0.00088468653966442 -0.0019065808823723895
v 0.0008878419349824946 0.001527060832223426 -0.0019065808823723895
v 1.0342200754012147e-05 0.0017621862494456855 -0.0019065808823723895
v 1.0342200754012147e-05 0.001762185653399251 -0.0018118494344089306
v 0.0008878416369592774 0.0015270603851886002 -0.0018118494344089306
v 0.0015302157060008705 0.0008846862416412028 -0.0018118494344089306
v 0.0017653409742115214 7.18685782283117e-06 -0.0018118494344089306
v 0.0015302157060008705 -0.0008703125818748937 -0.0018118494344089306
v 0.0008878416369592774 -0.001512686725422291 -0.0018118494344089306
v 1.0342200754012147e-05 -0.001747811993632942 -0.0018118494344089306
v 1.0342200754012147e-05 -0.0016978121914458524 -0.0017570769394097416
v 1.0342200754012147e-05 -0.00170436825518977 -0.001783119400222911
v 1.0342200754012147e-05 -0.0017224737616820531 -0.00180295284532861
v 0.0008628417358657326 -0.001469385591088557 -0.0017570769394097416
v 0.0014869145716671364 -0.0008453126807813489 -0.0017570769394097416
v 0.0017153411720244318 7.18685782283117e-06 -0.0017570769394097416
v 0.0014869145716671364 0.000859686340547658 -0.0017570769394097416
v 0.0008628417358657326 0.001483759250854866 -0.0017570769394097416
v 1.0342200754012147e-05 0.0017121858512121615 -0.0017570769394097416
v 1.0342200754012147e-05 0.0017187419149560792 -0.001783119400222911
v 1.0342200754012147e-05 0.0017368474214483622 -0.00180295284532861
v 0.000875172520983833 0.0015051167866934059 -0.00180295284532861
v 0.0008661197677376915 0.0014894370401776493 -0.001783119400222911
v 0.0015082721075056762 0.0008720171256657584 -0.00180295284532861
v 0.0014925923609899196 0.0008629643724196169 -0.001783119400222911
v 0.0017400027422606326 7.18685782283117e-06 -0.00180295284532861
v 0.0017218972357683495 7.18685782283117e-06 -0.001783119400222911
v 0.0015082721075056762 -0.0008576434658994493 -0.00180295284532861
v 0.0014925923609899196 -0.0008485907126533078 -0.001783119400222911
v 0.000875172520983833 -0.0014907431269270968 -0.00180295284532861
v 0.0008661197677376915 -0.0014750633804113402 -0.001783119400222911
v 1.0342200754012147e-05 0.0017121858512121615 -0.0017570769394097416
v 1.0342200754012147e-05 0.0017187419149560792 -0.001783119400222911
v 1.0342200754012147e-05 0.0017368474214483622 -0.00180295284532861
v 1.0342200754012147e-05 0.001762185653399251 -0.0018118494344089306
v -0.0008421572854632743 0.001483759250854866 -0.0017570769394097416
v -0.0014662302702762866 0.000859686340547658 -0.0017570769394097416
v -0.001694656870633582 7.18685782283117e-06 -0.0017570769394097416
v -0.0014662302702762866 -0.0008453126807813489 -0.0017570769394097416
v -0.0008421572854632743 -0.001469385591088557 -0.0017570769394097416
v 1.0342200754012147e-05 -0.0016978121914458524 -0.0017570769394097416
v 1.0342200754012147e-05 -0.00170436825518977 -0.001783119400222911
v 1.0342200754012147e-05 -0.0017224737616820531 -0.00180295284532861
v 1.0342200754012147e-05 -0.001747811993632942 -0.0018118494344089306
v -0.0008671571865568191 -0.001512686725422291 -0.0018118494344089306
v -0.0015095314046100208 -0.0008703125818748937 -0.0018118494344089306
v -0.0017446566728206716 7.18685782283117e-06 -0.0018118494344089306
v -0.0015095314046100208 0.0008846862416412028 -0.0018118494344089306
v -0.0008671571865568191 0.0015270603851886002 -0.0018118494344089306
v -0.0008544880705813747 -0.0014907431269270968 -0.00180295284532861
v -0.0008454353173352331 -0.0014750633804113402 -0.001783119400222911
v -0.0014875878061148264 -0.0008576434658994493 -0.00180295284532861
v -0.0014719080595990699 -0.0008485907126533078 -0.001783119400222911
v -0.0017193184408697828 7.18685782283117e-06 -0.00180295284532861
v -0.0017012129343774998 7.18685782283117e-06 -0.001783119400222911
v -0.0014875878061148264 0.0008720171256657584 -0.00180295284532861
v -0.0014719080595990699 0.0008629643724196169 -0.001783119400222911
v -0.0008544880705813747 0.0015051167866934059 -0.00180295284532861
v -0.0008454353173352331 0.0014894370401776493 -0.001783119400222911
v 1.0342200754012147e-05 0.0017121858512121615 -0.0017570769394097416
v 1.0342198425705763e-05 0.0017121858512121615 -0.0015820765141678636
v -0.0008421572854632743 0.001483759250854866 -0.0017570769394097416
v -0.0014662302702762866 0.000859686340547658 -0.0017570769394097416
v -0.001694656870633582 7.18685782283117e-06 -0.0017570769394097416
v -0.0014662302702762866 -0.0008453126807813489 -0.0017570769394097416
v -0.0008421572854632743 -0.001469385591088557 -0.0017570769394097416
v 1.0342200754012147e-05 -0.0016978121914458524 -0.0017570769394097416
v 1.0342200754012147e-05 -0.0016978121914458524 -0.0015820765141678636
v -0.0008421572854632743 -0.001469385591088557 -0.0015820765141678636
v -0.0014662302702762866 -0.0008453126807813489 -0.0015820765141678636
v -0.001694656870633582 7.186856658677978e-06 -0.0015820765141678636
v -0.0014662302702762866 0.000859686340547658 -0.0015820765141678636
v -0.0008421572854632743 0.001483759250854866 -0.0015820765141678636
v 1.0342200754012147e-05 0.0017121858512121615 -0.0015820765141678636
v 0.0008628417358657326 0.001483759250854866 -0.0015820765141678636
v 0.0014869145716671364 0.000859686340547658 -0.0015820765141678636
v 0.0017153411720244318 7.186856658677978e-06 -0.0015820765141678636
v 0.0014869145716671364 -0.0008453126807813489 -0.0015820765141678636
v 0.0008628417358657326 -0.001469385591088557 -0.0015820765141678636
v 1.0342200754012147e-05 -0.0016978121914458524 -0.0015820765141678636
v 1.0342200754012147e-05 -0.0016978121914458524 -0.0017570769394097416
v 0.0008628417358657326 -0.001469385591088557 -0.0017570769394097416
v 0.0014869145716671364 -0.0008453126807813489 -0.0017570769394097416
v 0.0017153411720244318 7.18685782283117e-06 -0.0017570769394097416
v 0.0014869145716671364 0.000859686340547658 -0.0017570769394097416
v 0.0008628417358657326 0.001483759250854866 -0.0017570769394097416
v 1.0342200754012147e-05 0.0017121858512121615 -0.0017570769394097416
v 1.0342199589858955e-05 -0.0016978121914458524 -0.0015820765141678636
v -0.0008421572854632743 -0.001469385591088557 -0.0015820765141678636
v -0.0014662302702762866 -0.0008453126807813489 -0.0015820765141678636
v -0.001694656870633582 7.18685782283117e-06 -0.0015820765141678636
v -0.0014662302702762866 0.000859686340547658 -0.0015820765141678636
v -0.0008421572854632743 0.001483759250854866 -0.0015820765141678636
v 1.0342199589858955e-05 0.0017121858512121615 -0.0015820765141678636
v 0.0008628417358657326 0.001483759250854866 -0.0015820765141678636
v 0.0014869145716671364 0.000859686340547658 -0.0015820765141678636
v 0.0017153411720244318 7.18685782283117e-06 -0.0015820765141678636
v 0.0014869145716671364 -0.0008453126807813489 -0.0015820765141678636
v 0.0008628417358657326 -0.001469385591088557 -0.0015820765141678636
v 0.0011516113321868029 7.18685782283117e-06 -0.0015820765141678636
v 0.0008173413392005558 0.0008141859438824812 -0.0015820765141678636
v 1.0342200754012147e-05 0.0011484559368687283 -0.0015820765141678636
v -0.0007966568887980975 0.0008141859438824812 -0.0015820765141678636
v -0.0011309268817843445 7.18685782283117e-06 -0.0015820765141678636
v -0.0007966568887980975 -0.0007998122841161721 -0.0015820765141678636
v 1.0342200754012147e-05 -0.0011340822771024192 -0.0015820765141678636
v 0.0008173413392005558 -0.0007998122841161721 -0.0015820765141678636
v 1.0342200754012147e-05 7.18685782283117e-06 -0.002107568336109035
v 0.0011516113321868029 7.18685782283117e-06 -0.0015820765141678636
v 1.0342200754012147e-05 7.18685782283117e-06 -0.002107568336109035
v -0.0011309268817843445 7.18685782283117e-06 -0.0015820765141678636
v 0.0008173413392005558 0.0008141859438824812 -0.0015820765141678636
v 1.0342200754012147e-05 0.0011484559368687283 -0.0015820765141678636
v -0.0007966568887980975 0.0008141859438824812 -0.0015820765141678636
v -0.0011309268817843445 7.18685782283117e-06 -0.0015820765141678636
v -0.0007966568887980975 -0.0007998122841161721 -0.0015820765141678636
v 1.0342200754012147e-05 -0.0011340822771024192 -0.0015820765141678636
v 0.0008173413392005558 -0.0007998122841161721 -0.0015820765141678636
v 0.0011516113321868029 7.18685782283117e-06 -0.0015820765141678636
v 1.0342200754012147e-05 7.18685782283117e-06 -0.002107568336109035
v 1.0342200754012147e-05 7.18685782283117e-06 -0.002107568336109035
v -0.0014096578640567239 0.0015571868071588837 -0.001926580624433295
v -0.0014096578640567239 0.0015571868071588837 -0.0018965804152955023
v -0.0015395615650811436 0.0014821867313492278 -0.001926580624433295
v -0.0015395615650811436 0.0013321867287415248 -0.001926580624433295
v -0.0014096578640567239 0.0012571868019434775 -0.001926580624433295
v -0.0014096578640567239 0.0012571868019434775 -0.0018965804152955023
v -0.0015395615650811436 0.0013321867287415248 -0.0018965804152955023
v -0.0015395615650811436 0.0014821867313492278 -0.0018965804152955023
v -0.0014096578640567239 0.0015571868071588837 -0.0018965804152955023
v -0.0012797540140206955 0.0014821867313492278 -0.0018965804152955023
v -0.0012797540140206955 0.0013321867287415248 -0.0018965804152955023
v -0.0014096578640567239 0.0012571868019434775 -0.0018965804152955023
v -0.0014096578640567239 0.0012571868019434775 -0.001926580624433295
v -0.0012797540140206955 0.0013321867287415248 -0.001926580624433295
v -0.0012797540140206955 0.0014821867313492278 -0.001926580624433295
v -0.0014096578640567239 0.0015571868071588837 -0.001926580624433295
v -0.0014096578640567239 0.0015571868071588837 -0.0018965804152955023
v -0.0012797540140206955 0.0014821867313492278 -0.0018965804152955023
v -0.0012797540140206955 0.0013321867287415248 -0.0018965804152955023
v -0.0014096578640567239 0.0012571868019434775 -0.0018965804152955023
v -0.0015395615650811436 0.0013321867287415248 -0.0018965804152955023
v -0.0015395615650811436 0.0014821867313492278 -0.0018965804152955023
v 0.001344008266687208 0.0018647200942474575 -0.0022665804117937296
v 0.0014862632419259116 0.0018638813079026042 -0.0022665804117937296
v 0.0014718602268727068 0.0018222583423050112 -0.002046580864938031
v 0.0013269972504601493 0.001825892586427347 -0.002046580864938031
v 0.0014512869391302698 0.0018327080793818509 -0.0022152816754144058
v 0.0014437094008093456 0.001811754066979421 -0.002105401111273443
v 0.0014069568796390988 0.0018145323884219136 -0.002162204336474739
v 0.001362321942396716 0.0018134685945480624 -0.002105964971200415
v 0.0013708661190226792 0.0018336306102507418 -0.0022158330183662546
v 0.0014110025448128007 0.0018249004671372362 -0.002217120478664626
v 0.0013923269199059842 0.0018323897905858646 -0.0022443598007181333
v 0.0014028592094139927 0.0018041337623268263 -0.002107301903352844
v 0.0014219306091532715 0.001800624687955721 -0.0020792501700092067
v 0.0014224576632129173 0.0018279131838400688 -0.0022306566931905593
v 0.0014446137522619864 0.0018371019846848693 -0.002257193276497872
v 0.0013651707463300802 0.0018455528800438439 -0.002256229469413397
v 0.0014499266121552892 0.0018081393433778128 -0.002063348247185016
v 0.001391218720572768 0.00180232342029385 -0.0020935689935035486
v 0.0013686027816995352 0.0018020037903933863 -0.0020654427543556073
v 0.0014187287967191156 0.00183145265657933 -0.002251377055390692
v 0.001403592346528343 0.0018332773037267327 -0.0022583090754231274
v 0.0013888646351799818 0.0018374251908639396 -0.0022647749871438374
v 0.001425575582111427 0.001797774393906271 -0.0020583927171291547
v 0.0014104170782025807 0.0017966033116742222 -0.0020659297242925376
v 0.001394939540439705 0.001797888685810073 -0.002073017908490794
v 0.00141686272434452 0.0018333153016869277 -0.002261719653120943
v 0.0013638499074313806 0.0018486237112740336 -0.0022663050383410223
v 0.0014513849887687338 0.0018073549462701013 -0.0020528167027350505
v 0.0013968185768242494 0.0017957642273061516 -0.002062722398428863
v 0.0014669389694868253 0.0018488443974663817 -0.002267386862619515
v 0.0014428795551610087 0.001838338035978271 -0.0022676473349113615
v 0.0014159305077210695 0.0018342697210400607 -0.002266886183614593
v 0.0014017706796131126 0.0018355209715175405 -0.0022685747831633365
v 0.0013880157160457431 0.0018387169724989607 -0.002269871780204659
v 0.0014264751651925924 0.001797099967365712 -0.0020531719464099716
v 0.001412302224063078 0.0017948804394554987 -0.002055555536101262
v 0.0013977616712951282 0.0017947256163941552 -0.002057569577003205
v 0.001346040188982184 0.0018103700471586717 -0.002051525070111638
v 0.001370262472996209 0.001799256165342267 -0.0020552837389271614
v 0.0014291461982768874 0.0018358143753748892 -0.002270018407627529
v 0.001442442504112962 0.0018386560267510401 -0.0022702598064334736
v 0.001415464548420953 0.0018347526676635586 -0.002269468256768549
v 0.0013635262542174844 0.0018493964854762737 -0.00226882273848006
v 0.001451743212675827 0.001807165850538778 -0.002050182773541299
v 0.001398234038094415 0.0017942122714025013 -0.0020549922722207245
v 0.001384226946885281 0.001795468886297891 -0.0020540588635044052
v 0.0013706825367208744 0.0017985771194418412 -0.002052741600884312
v 0.0014667646259047542 0.0018489357415824583 -0.002268702933146739
v 0.0014152317922883075 0.0018349955565855893 -0.0022707586972990925
v 0.0014013178333345535 0.001836091089932074 -0.002271139570970694
v 0.0013878045665963459 0.0018390419668173343 -0.0022711455314350384
v 0.0014266992786519386 0.0017969338194221143 -0.0020518660086721327
v 0.0014127725046998443 0.0017944597796843988 -0.002052959753879314
v 0.001398470370505667 0.001793957014516956 -0.00205370302378305
v 0.0013461954590783534 0.0018099693549431253 -0.002050269796320726
v 0.0014423329805806353 0.0018387360459848625 -0.0022709124772791757
v 0.0014289159753415883 0.001836015094011684 -0.0022713171928081546
v 0.0014151154142219848 0.001835117299069822 -0.0022714042155875815
v 0.0013634457879488362 0.0018495900515558552 -0.002269451567468385
v 0.0014518323216177744 0.0018071189118820665 -0.0020495241422312524
v 0.001398588536711293 0.0017938299076148136 -0.0020530586975874296
v 0.001384454934646451 0.0017951704160458495 -0.002052778555763247
v 0.00137078788792816 0.0017984078422544627 -0.0020521062153852085
v 0.0014667209655034321 0.001848958689370184 -0.002269031950778545
v 0.0014150571506830192 0.001835178393829351 -0.002271726676708609
v 0.0014012047335236202 0.0018362341410763374 -0.0022717803208877076
v 0.0013877518164868987 0.0018391233271556342 -0.0022714638202310246
v 0.0014267551580051665 0.0017968923941949213 -0.0020515393752260644
v 0.0014128899258474272 0.0017943551735351562 -0.0020523106593122184
v 0.0013986476943199102 0.001793766279657938 -0.0020527362364664023
v 0.0013462345001198086 0.0018098692191421408 -0.0020499556798497806
v 0.0014718602268727068 0.0018222583423050112 -0.002046580864938031
v 0.0014862632419259116 0.0018638813079026042 -0.0022665804117937296
v 0.001517011638350524 0.0018946298533388255 -0.0022665804117937296
v 0.0015306217626343268 0.0018810197290550228 -0.002046580864938031
v 0.0015306217626343268 0.0018810197290550228 -0.002046580864938031
v 0.0015823983792424558 0.001920749353153645 -0.002046580864938031
v 0.001642693691491476 0.0019457244438143566 -0.002046580864938031
v 0.0017073984062508098 0.001954242990443639 -0.002046580864938031
v 0.0017073984062508098 0.0019734905219042924 -0.0022665804117937296
v 0.0016377119353924998 0.001964316175185527 -0.0022665804117937296
v 0.0015727746135121292 0.0019374182387273402 -0.0022665804117937296
v 0.001517011638350524 0.0018946298533388255 -0.0022665804117937296
v 0.0018977851741510958 0.0015138563175382538 -0.0022665804117937296
v 0.0019766458427165627 0.0017042430854385395 -0.0022665804117937296
v 0.0018977851741510958 0.0018946298533388255 -0.0022665804117937296
v 0.0017073984062508098 0.0019734905219042924 -0.0022665804117937296
v 0.0017073984062508098 0.001954242990443639 -0.002046580864938031
v 0.001884175049867293 0.0018810197290550228 -0.002046580864938031
v 0.0019573983112559095 0.0017042430854385395 -0.002046580864938031
v 0.001884175049867293 0.0015274662928104479 -0.002046580864938031
v 0.0018670366287148745 0.0014831079211136413 -0.0022665804117937296
v 0.0018254136631172815 0.0014687049060604365 -0.002046580864938031
v 0.001884175049867293 0.0015274662928104479 -0.002046580864938031
v 0.0018977851741510958 0.0015138563175382538 -0.0022665804117937296
v 0.0018678754150597279 0.0013408529458749376 -0.0022665804117937296
v 0.0018670366287148745 0.0014831079211136413 -0.0022665804117937296
v 0.0018290479072396173 0.001323841929647879 -0.002046580864938031
v 0.0018254136631172815 0.0014687049060604365 -0.002046580864938031
v 0.0018358634001941212 0.0014481316183179995 -0.0022152816754144058
v 0.0018166239153603327 0.0013591666215844458 -0.002105964971200415
v 0.0018367859310630121 0.0013677107982104089 -0.0022158330183662546
v 0.0018176877092341839 0.0014038015588268284 -0.002162204336474739
v 0.0018149093877916913 0.0014405540799970753 -0.002105401111273443
v 0.0018280557879495065 0.0014078470749889218 -0.002217120478664626
v 0.001835545111398135 0.001389171599093714 -0.0022443598007181333
v 0.0018072890831390966 0.0013997038886017223 -0.002107301903352844
v 0.0018037800087679914 0.0014187752883410012 -0.0020792501700092067
v 0.0018487082008561142 0.0013620154255178098 -0.002256229469413397
v 0.0018310685046523392 0.001419302342400647 -0.0022306566931905593
v 0.0018402573054971396 0.001441458431449716 -0.002257193276497872
v 0.0018054787411061204 0.0013880633997604976 -0.0020935689935035486
v 0.0018051591112056566 0.0013654474608872649 -0.0020654427543556073
v 0.0018112946641900831 0.0014467712913430188 -0.002063348247185016
v 0.00184058051167621 0.0013857091653561029 -0.0022647749871438374
v 0.001836432624539003 0.0014004370257160728 -0.0022583090754231274
v 0.0018346079773916004 0.0014155734759068452 -0.002251377055390692
v 0.0018010440066223434 0.0013917842196274346 -0.002073017908490794
v 0.0017997586324864925 0.0014072617573903103 -0.0020659297242925376
v 0.0018009297147185412 0.0014224202612991568 -0.0020583927171291547
v 0.001851779032086304 0.0013606944376075016 -0.0022663050383410223
v 0.001836470622499198 0.0014137074035322497 -0.002261719653120943
v 0.001798919548118422 0.001393663256011979 -0.002062722398428863
v 0.0018105102670823716 0.0014482296679564635 -0.0020528167027350505
v 0.001841872293311231 0.0013848603952334728 -0.002269871780204659
v 0.0018386762923298108 0.0013986153588008423 -0.0022685747831633365
v 0.001837425041852331 0.0014127751869087992 -0.002266886183614593
v 0.001851999718278652 0.001463783648674555 -0.002267386862619515
v 0.0018414933567905414 0.0014397242343487384 -0.0022676473349113615
v 0.001813525367970942 0.0013428848681699137 -0.002051525070111638
v 0.0018024114861545373 0.0013671071521839386 -0.0020552837389271614
v 0.0017978809372064255 0.0013946063504828579 -0.002057569577003205
v 0.001798035760267769 0.0014091469032508077 -0.002055555536101262
v 0.0018002552881779823 0.001423319844380322 -0.0020531719464099716
v 0.001852551806288544 0.001360370933405214 -0.00226882273848006
v 0.001837907988475829 0.0014123092276086826 -0.002269468256768549
v 0.0018389696961871595 0.001425990877464617 -0.002270018407627529
v 0.0018418113475633104 0.0014392871833006917 -0.0022702598064334736
v 0.0017986242071101612 0.0013810716260730107 -0.0020540588635044052
v 0.0018017324402541115 0.001367527215908604 -0.002052741600884312
v 0.0017973675922147716 0.0013950787172821446 -0.0020549922722207245
v 0.0018103211713510483 0.0014485878918635566 -0.002050182773541299
v 0.0018421972876296047 0.0013846492457840756 -0.0022711455314350384
v 0.0018392464107443442 0.0013981625125222832 -0.002271139570970694
v 0.0018381508773978596 0.0014120764714760372 -0.0022707586972990925
v 0.0018520910623947286 0.0014636093050924839 -0.002268702933146739
v 0.0018131246757553956 0.001343040138266083 -0.002050269796320726
v 0.0017971123353292264 0.0013953150496933966 -0.00205370302378305
v 0.0017976151004966692 0.001409617183887574 -0.002052959753879314
v 0.0018000891402343846 0.0014235439578396682 -0.0020518660086721327
v 0.0018527453723681255 0.0013602904671365659 -0.002269451567468385
v 0.0018382726198820922 0.0014119600934097145 -0.0022714042155875815
v 0.0018391704148239543 0.001425760654529318 -0.0022713171928081546
v 0.0018418913667971328 0.001439177659768365 -0.0022709124772791757
v 0.001801563163066733 0.0013676325671158898 -0.0020521062153852085
v 0.0017983257368581198 0.0013812996138341806 -0.002052778555763247
v 0.001796985228427084 0.0013954332158990226 -0.0020530586975874296
v 0.0018102742326943368 0.001448677000805504 -0.0020495241422312524
v 0.0018422786479679045 0.0013845964956746284 -0.0022714638202310246
v 0.0018393894618886077 0.0013980494127113499 -0.0022717803208877076
v 0.0018383337146416214 0.0014119018298707489 -0.002271726676708609
v 0.0018521140101824542 0.0014635656446911618 -0.002269031950778545
v 0.0018130245399544111 0.0013430791793075383 -0.0020499556798497806
v 0.0017969216004702084 0.0013954923735076399 -0.0020527362364664023
v 0.0017975104943474265 0.001409734605035157 -0.0020523106593122184
v 0.0018000477150071916 0.0014235998371928962 -0.0020515393752260644
v 0.0017966886953259544 0.0015442421687191234 -0.0017265808196385022
v 0.0017683891556772027 0.0015314623371184834 -0.0017265808196385022
v 0.0017383379845692661 0.0015236445920844834 -0.0017265808196385022
v 0.0017073984062508098 0.0015210134941112954 -0.0017265808196385022
v 0.0015473974895313938 0.001793533374513684 -0.0017265808196385022
v 0.001590304637171969 0.0015633101411914043 -0.0017265808196385022
v 0.0015272704915567372 0.0016706722601352866 -0.0017265808196385022
v 0.0013710115543526804 -0.00229281316043109 -0.0017717629275076927
v 0.002260342040799363 -0.0014523222717868769 -0.0017723655304529027
v 0.002260342040799363 -0.0009141206537011116 -0.0015765803699959733
v 0.001908727543605993 -0.00162617903293269 -0.0015765803699959733
v 0.001284919948467911 -0.002117629748933842 -0.0015765803699959733
v 0.0005103421842230367 -0.00229281316043109 -0.0015765803699959733
v -0.00228965783961882 0.0021071867173793894 -0.002246580669732824
v -0.002262862870182181 0.0022071867687883944 -0.002246580669732824
v -0.002189657788209815 0.0022803918507607606 -0.002246580669732824
v -0.00208965773680081 0.0023071868201973993 -0.002246580669732824
v -0.00228965783961882 0.0021071867173793894 -0.0017808878023724004
v -0.00208965773680081 0.0023071868201973993 -0.0017808878023724004
v -0.0013503272529618306 0.0023071868201973993 -0.0017717629275076927
v -0.00228965783961882 0.00136785623354041 -0.0017717629275076927
v -0.00208965773680081 0.0023071868201973993 -0.0017808878023724004
v -0.00228965783961882 0.0021071867173793894 -0.0017808878023724004
v -0.0013503272529618306 0.0023071868201973993 -0.0017717629275076927
v -0.00228965783961882 0.00136785623354041 -0.0017717629275076927
v -0.00228965783961882 0.0005071868634107664 -0.0015765803699959733
v -0.002048503561723897 0.0014071868045511806 -0.0015765803699959733
v -0.0013896578239726012 0.0020660325423024766 -0.0015765803699959733
v -0.0004896578083263826 0.0023071868201973993 -0.0015765803699959733
v -0.00228965783961882 0.0005071868634107664 -0.0015765803699959733
v -0.002048503561723897 0.0014071868045511806 -0.0015765803699959733
v -0.0013896578239726012 0.0020660325423024766 -0.0015765803699959733
v -0.0004896578083263826 0.0023071868201973993 -0.0015765803699959733
v -0.00228965783961882 0.0005071868634107664 -0.0008920216360981397
v -0.0017624499999929213 0.0017799789805715007 -0.0008828186791505215
v -0.0004896578083263826 0.0023071868201973993 -0.0008920216360981397
v -0.0004896578083263826 0.0023071868201973993 -0.0008920216360981397
v -0.001089679648957856 0.0023071868201973993 -0.0008846157591503316
v -0.00228965783961882 0.0005071868634107664 -0.0008920216360981397
v -0.0017624499999929213 0.0017799789805715007 -0.0008828186791505215
v -0.00228965783961882 0.0011072087785480441 -0.0008846157591503316
v -0.0019381859465348876 0.001955714927113467 -0.000878480653200731
v -0.00228965783961882 0.0011072087785480441 -0.0008846157591503316
v -0.00228965783961882 0.0011071867993357745 -0.0005185454967943095
v -0.0019381859465348876 0.001955714927113467 -0.0005246806027439103
v -0.0010896577442513907 0.0023071868201973993 -0.0005185454967943095
v -0.001089679648957856 0.0023071868201973993 -0.0008846157591503316
v -0.0019381859465348876 0.001955714927113467 -0.000878480653200731
v -0.0010896577442513907 0.0023071868201973993 -0.0005185454967943095
v -0.0004896578083263826 0.0023071868201973993 -0.0005111396198465015
v -0.00228965783961882 0.0011071867993357745 -0.0005185454967943095
v -0.0019381859465348876 0.001955714927113467 -0.0005246806027439103
v -0.00228965783961882 0.0005071868634107664 -0.0005111396198465015
v -0.0017624499999929213 0.0017799789805715007 -0.0005203425767941197
v -0.0004896578083263826 0.0023071868201973993 7.797837083090013e-05
v -0.0004896578083263826 0.0023071868201973993 -0.0005111396198465015
v -0.00228965783961882 0.0005071868634107664 -0.0005111396198465015
v -0.0017624499999929213 0.0017799789805715007 -0.0005203425767941197
v -0.00228965783961882 0.0005071868634107664 7.797837083090013e-05
v -0.0017624499999929213 0.0017799789805715007 8.718132777851832e-05
v -0.0004896578083263826 0.0023071868201973993 7.797837083090013e-05
v -0.001089679648957856 0.0023071868201973993 8.538424777870816e-05
v -0.00228965783961882 0.0005071868634107664 7.797837083090013e-05
v -0.0017624499999929213 0.0017799789805715007 8.718132777851832e-05
v -0.00228965783961882 0.0011072087785480441 8.538424777870816e-05
v -0.0019381859465348876 0.001955714927113467 9.151935372830883e-05
v -0.00228965783961882 0.0011072087785480441 8.538424777870816e-05
v -0.00228965783961882 0.0011071867993357745 0.00045145451013473025
v -0.0019381859465348876 0.001955714927113467 0.0004453194041851296
v -0.0010896577442513907 0.0023071868201973993 0.00045145451013473025
v -0.001089679648957856 0.0023071868201973993 8.538424777870816e-05
v -0.0019381859465348876 0.001955714927113467 9.151935372830883e-05
v -0.00208965773680081 -0.0020928130576130803 -0.0017265808196385022
v -0.00228965783961882 -0.001892813103806679 -0.001731517872254896
v -0.0018896577829944088 -0.00229281316043109 -0.001731517872254896
v -0.0018896577829944088 -0.00229281316043109 -0.002246580669732824
v -0.00228965783961882 -0.001892813103806679 -0.002246580669732824
v -0.00228965783961882 -0.001274897725696167 -0.0017391442863834436
v -0.0018685160159651328 -0.0018716713367774032 -0.0017265808196385022
v -0.00228965783961882 -0.001892813103806679 -0.001731517872254896
v -0.00208965773680081 -0.0020928130576130803 -0.0017265808196385022
v -0.00228965783961882 -0.0010928131395694653 0.0004786080015016794
v -0.00228965783961882 -0.0010928131395694653 5.8230160365324606e-05
v -0.0019381859465348876 -0.001941341267347158 4.34195985625774e-05
v -0.0010896577442513907 -0.00229281316043109 5.8230160365324606e-05
v -0.0010896577442513907 -0.00229281316043109 0.0004786080015016794
v -0.0019381859465348876 -0.001941341267347158 0.000493419159350861
v -0.0004896578083263826 -0.00229281316043109 6.563603731313265e-05
v -0.0017624499999929213 -0.0017656053208051916 4.34195985625774e-05
v -0.0010896577442513907 -0.00229281316043109 5.8230160365324606e-05
v -0.0019381859465348876 -0.001941341267347158 4.34195985625774e-05
v -0.0019381859465348876 -0.001941341267347158 4.34195985625774e-05
v -0.0017624499999929213 -0.0017656053208051916 4.34195985625774e-05
v -0.00228965783961882 -0.0010928131395694653 5.8230160365324606e-05
v -0.00228965783961882 -0.0004928131291386529 6.563603731313265e-05
v -0.00228965783961882 -0.0004928131291386529 6.563603731313265e-05
v -0.00228965783961882 -0.0004928131291386529 -0.000498797286328734
v -0.0017624499999929213 -0.0017656053208051916 -0.0004765808475781788
v -0.0004896578083263826 -0.00229281316043109 -0.000498797286328734
v -0.0004896578083263826 -0.00229281316043109 6.563603731313265e-05
v -0.0017624499999929213 -0.0017656053208051916 4.34195985625774e-05
v -0.0019381859465348876 -0.001941341267347158 -0.0004765808475781788
v -0.0017624499999929213 -0.0017656053208051916 -0.0004765808475781788
v -0.0010896577442513907 -0.00229281316043109 -0.0004913920054273604
v -0.0004896578083263826 -0.00229281316043109 -0.000498797286328734
v -0.0010896577442513907 -0.00229281316043109 -0.0009117692505172807
v -0.0019381859465348876 -0.001941341267347158 -0.0009265804083664624
v -0.0010896577442513907 -0.00229281316043109 -0.0004913920054273604
v -0.0019381859465348876 -0.001941341267347158 -0.0004765808475781788
v -0.00228965783961882 -0.0010928131395694653 -0.0004913920054273604
v -0.00228965783961882 -0.0010928131395694653 -0.0009117692505172807
v -0.0019381859465348876 -0.001941341267347158 -0.0009265804083664624
v -0.0017624499999929213 -0.0017656053208051916 -0.0009265804083664624
v -0.00228965783961882 -0.0010928131395694653 -0.0009117692505172807
v -0.00228965783961882 -0.0004928131291386529 -0.0009043639696159071
v -0.0004896578083263826 -0.00229281316043109 -0.0015765803699959733
v -0.0013896578239726012 -0.0020516588825361675 -0.0015765803699959733
v -0.002048503561723897 -0.0013928131447848715 -0.0015765803699959733
v -0.00228965783961882 -0.0004928131291386529 -0.0015765803699959733
v -0.0004896578083263826 -0.00229281316043109 -0.0009043639696159071
v -0.0017624499999929213 -0.0017656053208051916 -0.0009265804083664624
v -0.00228965783961882 -0.0004928131291386529 -0.0009043639696159071
v -0.0004896578083263826 -0.00229281316043109 -0.0009043639696159071
v -0.0017624499999929213 -0.0017656053208051916 -0.0009265804083664624
v -0.0010896577442513907 -0.00229281316043109 -0.0009117692505172807
v -0.0019381859465348876 -0.001941341267347158 -0.0009265804083664624
v -0.0017624499999929213 -0.0017656053208051916 -0.0004765808475781788
v -0.00228965783961882 -0.0004928131291386529 -0.000498797286328734
v -0.00228965783961882 -0.0010928131395694653 -0.0004913920054273604
v -0.0019381859465348876 -0.001941341267347158 -0.0004765808475781788
v 0.0023103421410096696 -0.0010928375029674727 8.538424777870816e-05
v 0.0023103421410096696 -0.0010928131395694653 0.00045145451013473025
v 0.0019588702479257374 -0.001941341267347158 0.0004453194041851296
v 0.001110342194653849 -0.00229281316043109 0.00045145451013473025
v 0.0011103665580518565 -0.00229281316043109 8.538424777870816e-05
v 0.0019588702479257374 -0.001941341267347158 9.151935372830883e-05
v 0.0005103421842230367 -0.00229281316043109 7.797837083090013e-05
v 0.0011103665580518565 -0.00229281316043109 8.538424777870816e-05
v 0.0023103421410096696 -0.0004928131291386529 7.797837083090013e-05
v 0.001783134301383771 -0.0017656053208051916 8.718132777851832e-05
v 0.0023103421410096696 -0.0010928375029674727 8.538424777870816e-05
v 0.0019588702479257374 -0.001941341267347158 9.151935372830883e-05
v 0.0005103421842230367 -0.00229281316043109 7.797837083090013e-05
v 0.0005103421842230367 -0.00229281316043109 -0.0005111396198465015
v 0.0023103421410096696 -0.0004928131291386529 -0.0005111396198465015
v 0.001783134301383771 -0.0017656053208051916 -0.0005203425767941197
v 0.0023103421410096696 -0.0004928131291386529 7.797837083090013e-05
v 0.001783134301383771 -0.0017656053208051916 8.718132777851832e-05
v 0.001110342194653849 -0.00229281316043109 -0.0005185454967943095
v 0.0005103421842230367 -0.00229281316043109 -0.0005111396198465015
v 0.0023103421410096696 -0.0010928131395694653 -0.0005185454967943095
v 0.0019588702479257374 -0.001941341267347158 -0.0005246806027439103
v 0.0023103421410096696 -0.0004928131291386529 -0.0005111396198465015
v 0.001783134301383771 -0.0017656053208051916 -0.0005203425767941197
v 0.0023103421410096696 -0.0010928375029674727 -0.0008846157591503316
v 0.0023103421410096696 -0.0010928131395694653 -0.0005185454967943095
v 0.0019588702479257374 -0.001941341267347158 -0.0005246806027439103
v 0.001110342194653849 -0.00229281316043109 -0.0005185454967943095
v 0.0011103665580518565 -0.00229281316043109 -0.0008846157591503316
v 0.0019588702479257374 -0.001941341267347158 -0.000878480653200731
v 0.0019051944783659018 -0.0016772579771893172 -0.001398165790777673
v 0.001905245291324437 -0.0016772012037664377 -0.0014365046895331586
v 0.0018840319987230296 -0.0016559882091882474 -0.0014363771355961903
v 0.0018839796956484083 -0.0016560433434834323 -0.001398165790777673
v 0.0019882231506357377 -0.0015714376813597 -0.0013979375049932858
v 0.0019878604563803863 -0.0015719371682717533 -0.0010288065441964593
v 0.0019033658079050668 -0.001679417304409653 -0.0010714888333196455
v 0.001903415130747516 -0.001679359189882296 -0.0011128765095872468
v 0.001961955235258745 -0.0016067093251636024 -0.0010846739764956987
v 0.001962278143414598 -0.0016062864302183735 -0.001398013798936893
v 0.0019051961174935965 -0.0016772593182937947 -0.001398165790777673
v 0.001905245291324437 -0.0016772012037664377 -0.0014365046895331586
v 0.0020403100094129882 -0.0014956877791355296 -0.0014361232198151226
v 0.002040268733197404 -0.0014957512580807966 -0.0013977849171060714
v 0.0018839977260530498 -0.0016560254620903994 -0.001398165790777673
v 0.0019051961174935965 -0.0016772593182937947 -0.001398165790777673
v 0.001941064999824799 -0.0015850732866285746 -0.001398013798936893
v 0.001962278143414598 -0.0016062864302183735 -0.001398013798936893
v 0.001961934224621931 -0.0016066971062116966 -0.0010846739764956987
v 0.001962278143414598 -0.0016062864302183735 -0.001398013798936893
v 0.001941064999824799 -0.001585073137616966 -0.0013980644628838197
v 0.0019407034976623165 -0.001585466379252082 -0.0010846209283630343
v 0.0019408294124715901 -0.0015853404644428084 -0.0010846209283630343
v 0.001961951360956921 -0.0016067142425466865 -0.0010846751685885676
v 0.0018822018381461085 -0.001658146046292497 -0.0011128765095872468
v 0.001903415130747516 -0.001679359189882296 -0.0011128765095872468
v 0.0019033641687773721 -0.0016794159633051755 -0.0010714888333196455
v 0.001903415130747516 -0.001679359189882296 -0.0011128765095872468
v 0.0018822018381461085 -0.001658146046292497 -0.0011128765095872468
v 0.0018821493860598786 -0.0016582013295992906 -0.0010714810847159979
v 0.0019666473127905875 -0.0015507240246819545 -0.0010288065441964593
v 0.0018821674164645201 -0.0016581834482062576 -0.0010714810847159979
v 0.0019878604563803863 -0.0015719371682717533 -0.0010288065441964593
v 0.0019033641687773721 -0.0016794159633051755 -0.0010714888333196455
v 0.001988246545458289 -0.0015714609271706428 -0.0013979375049932858
v 0.0019878604563803863 -0.0015719371682717533 -0.0010288065441964593
v 0.0019666473127905875 -0.0015507240246819545 -0.0010288065441964593
v 0.001967054412505304 -0.0015502687942176576 -0.0013979369089468514
v 0.0019669106163029975 -0.0015504124414083555 -0.0013979375049932858
v 0.0019882231506357377 -0.0015714376813597 -0.0013979375049932858
v 0.0020190554405959964 -0.0014745381144909977 -0.0013977849171060714
v 0.002040268733197404 -0.0014957512580807966 -0.0013977849171060714
v 0.0020403152248192895 -0.0014956898652980501 -0.0014361232198151226
v 0.002040268733197404 -0.0014957512580807966 -0.0013977849171060714
v 0.002019055589607605 -0.001474537965479389 -0.001397835581052998
v 0.0020191056575080972 -0.0014744802979868579 -0.0014361232198151226
v 0.0020190876271034557 -0.0014744983283914994 -0.0014361232198151226
v 0.0020403100094129882 -0.0014956877791355296 -0.0014361232198151226
v 0.0018840322967462468 -0.0016559879111650302 -0.0014365046895331586
v 0.001905245291324437 -0.0016772012037664377 -0.0014365046895331586
v 0.0014537848207253625 -0.0020598247186878753 -0.0010378002888455922
v 0.0014927877152088045 -0.002035877957138166 -0.001037723994901985
v 0.001432571528123955 -0.0020386115750980764 -0.0010378002888455922
v 0.0014715829162690877 -0.0020146594491304575 -0.001037723994901985
v 0.0014537848207253625 -0.0020598247186878753 -0.0010378002888455922
v 0.0014927877152088045 -0.002035877957138166 -0.001037723994901985
v 0.0013134094779176377 -0.0021353542327429147 -0.0014365803874303313
v 0.001359543471942615 -0.002112286490672383 -0.0014365046895331586
v 0.0013966001258060303 -0.0020925375351487645 -0.001323242157923233
v 0.0015463316094950221 -0.0020007101744254634 -0.0013229375781952386
v 0.0015824585799323334 -0.0019753963803783863 -0.0014360469258715154
v 0.0016219193870890272 -0.0019461947244511228 -0.0014359706319279082
v 0.0014733251599969301 -0.0020479981143474994 -0.0010845988746449604
v 0.0014729466705110663 -0.002048230423445319 -0.0010845988746449604
v 0.0014725680320135939 -0.0020484627325431386 -0.0010845988746449604
v 0.0014721893935161214 -0.0020486948926293496 -0.0010845988746449604
v 0.0014785936144308678 -0.0020447511513959353 -0.001110894655192763
v 0.0015337532415892199 -0.002009218439253752 -0.0012828457068760908
v 0.0014106131774795085 -0.0020847768615608613 -0.0012829982947633052
v 0.0014666340917356138 -0.002052086098818046 -0.001110894655192763
v 0.0016219193870890272 -0.0019461947244511228 -0.0014359706319279082
v 0.0014927877152088045 -0.002035877957138166 -0.001037723994901985
v 0.0014715830652806963 -0.002014659300118849 -0.0010377496248986655
v 0.0016007062434992283 -0.0019249814318497154 -0.0014359706319279082
v 0.0016219193870890272 -0.0019461947244511228 -0.0014359706319279082
v 0.0015824585799323334 -0.0019753963803783863 -0.0014360469258715154
v 0.0016007062434992283 -0.0019249814318497154 -0.0014359706319279082
v 0.001561237240704061 -0.0019541888992297145 -0.0014360469258715154
v 0.0015463316094950221 -0.0020007101744254634 -0.0013229375781952386
v 0.0015824585799323334 -0.0019753963803783863 -0.0014360469258715154
v 0.001561237240704061 -0.0019541888992297145 -0.0014360218919212693
v 0.0015251184659052233 -0.0019794970308356645 -0.0013229375781952386
v 0.0015463316094950221 -0.0020007101744254634 -0.0013229375781952386
v 0.0013966001258060303 -0.0020925375351487645 -0.001323242157923233
v 0.0015251184659052233 -0.0019794970308356645 -0.0013229375781952386
v 0.0013754199137817338 -0.002071306063131107 -0.001323242157923233
v 0.001359543471942615 -0.002112286490672383 -0.0014365046895331586
v 0.0013966001258060303 -0.0020925375351487645 -0.001323242157923233
v 0.0013754197647701252 -0.0020713062121427155 -0.0013231408300293796
v 0.0013383301793412075 -0.002091073347082584 -0.0014365046895331586
v 0.001359543471942615 -0.002112286490672383 -0.0014365046895331586
v 0.0013134094779176377 -0.0021353542327429147 -0.0014365803874303313
v 0.0013383301793412075 -0.002091073347082584 -0.0014365046895331586
v 0.0012922055730475725 -0.002114136469793249 -0.0014365803874303313
v 0.0014537848207253625 -0.0020598247186878753 -0.0010378002888455922
v 0.0013134094779176377 -0.0021353542327429147 -0.0014365803874303313
v 0.0012922055730475725 -0.002114136469793249 -0.0014365553534800852
v 0.001432571528123955 -0.0020386115750980764 -0.0010378002888455922
v 0.0014666340917356138 -0.002052086098818046 -0.001110894655192763
v 0.0014721893935161214 -0.0020486948926293496 -0.0010845988746449604
v 0.0014509762499263226 -0.002027481600027942 -0.0010845988746449604
v 0.0014454207991342063 -0.0020308728062166386 -0.001110894655192763
v 0.0014733251599969301 -0.0020479981143474994 -0.0010845988746449604
v 0.0014729466705110663 -0.002048230423445319 -0.0010845988746449604
v 0.0014725680320135939 -0.0020484627325431386 -0.0010845988746449604
v 0.0014721893935161214 -0.0020486948926293496 -0.0010845988746449604
v 0.0014521120164071313 -0.0020267849707577006 -0.0010845988746449604
v 0.0014509762499263226 -0.002027481600027942 -0.0010845988746449604
v 0.001451354888423795 -0.002027249439941731 -0.0010845988746449604
v 0.0014517335269212674 -0.00202701727985552 -0.0010845988746449604
v 0.0014733251599969301 -0.0020479981143474994 -0.0010845988746449604
v 0.0014785936144308678 -0.0020447511513959353 -0.001110894655192763
v 0.001457380470841069 -0.002023537858794528 -0.001110894655192763
v 0.0014521120164071313 -0.0020267849707577006 -0.0010845988746449604
v 0.0014785936144308678 -0.0020447511513959353 -0.001110894655192763
v 0.0015337532415892199 -0.002009218439253752 -0.0012828457068760908
v 0.001512515809107218 -0.0019880213889176828 -0.0012827694129324836
v 0.001457380470841069 -0.002023537858794528 -0.001110894655192763
v 0.0014106131774795085 -0.0020847768615608613 -0.0012829982947633052
v 0.0015337530925776113 -0.0020092185882653606 -0.0012827694129324836
v 0.0013894000338897097 -0.0020635637179710624 -0.0012829982947633052
v 0.001512515809107218 -0.0019880213889176828 -0.0012827694129324836
v 0.0014106131774795085 -0.0020847768615608613 -0.0012829982947633052
v 0.0014666340917356138 -0.002052086098818046 -0.001110894655192763
v 0.0014454207991342063 -0.0020308728062166386 -0.001110894655192763
v 0.0013894000338897097 -0.0020635637179710624 -0.0012829982947633052
v 0.0014509762499263226 -0.002027481600027942 -0.0010845988746449604
v 0.0014454207991342063 -0.0020308728062166386 -0.001110894655192763
v 0.0013894000338897097 -0.0020635637179710624 -0.0012829982947633052
v 0.001512515809107218 -0.0019880213889176828 -0.0012827694129324836
v 0.001457380470841069 -0.002023537858794528 -0.001110894655192763
v 0.0014521120164071313 -0.0020267849707577006 -0.0010845988746449604
v 0.001451354888423795 -0.002027249439941731 -0.0010845988746449604
v 0.0014517335269212674 -0.00202701727985552 -0.0010845988746449604
v 0.0019588702479257374 0.001955714927113467 4.34195985625774e-05
v 0.0023103421410096696 0.0011071867993357745 5.8230160365324606e-05
v 0.0023103421410096696 0.0005071868634107664 6.563603731313265e-05
v 0.001783134301383771 0.0017799789805715007 4.34195985625774e-05
v -0.0020087858585539635 -0.0016840640824124788 0.0010934191697816737
v -0.0020087858585539635 -0.0016840640824124788 0.0004893726001075074
v -0.0018851528640429775 -0.0018883081848552479 0.000493419159350861
v -0.0016809087616002085 -0.002011941179366234 0.0004893726001075074
v -0.0016809087616002085 -0.002011941179366234 0.0010934191697816737
v -0.0019371746047472664 -0.0018271739372497655 0.0010934191697816737
v -0.0018240186164374952 -0.0019403299255595368 0.0010934191697816737
v -0.0016343438260031375 -0.0019728685474499634 0.0010934191697816737
v -0.001785830815453138 -0.0019060585966842185 0.0010934191697816737
v -0.0019029032758719482 -0.0017889861362654083 0.0010934191697816737
v -0.001969713226637693 -0.0016374991468154079 0.0010934191697816737
v -0.0020087858585539635 -0.0016840640824124788 0.0010934191697816737
v -0.0019371746047472664 -0.0018271739372497655 0.0010934191697816737
v -0.0018240186164374952 -0.0019403299255595368 0.0010934191697816737
v -0.0016809087616002085 -0.002011941179366234 0.0010934191697816737
v -0.0013969599888408182 -0.0017736798128408229 0.0004888087401805354
v -0.0016809087616002085 -0.002011941179366234 0.0004893726001075074
v -0.0016809087616002085 -0.002011941179366234 0.0010934191697816737
v -0.0016343438260031375 -0.0019728685474499634 0.0010934191697816737
v -0.0016343438260031375 -0.0019728685474499634 0.0014934193754176936
v -0.0013731342247172986 -0.0017536876703719564 0.0014934193754176936
v -0.0013731342247172986 -0.0017536876703719564 0.0010934191697816737
v -0.0013969599888408182 -0.0017736798128408229 0.0010934191697816737
v -0.0016343438260031375 -0.0019728685474499634 0.0010934191697816737
v -0.001785830815453138 -0.0019060585966842185 0.0010934191697816737
v -0.0019029032758719482 -0.0017889861362654083 0.0010934191697816737
v -0.001969713226637693 -0.0016374991468154079 0.0010934191697816737
v -0.0016343438260031375 -0.0019728685474499634 0.0014934193754176936
v -0.001969713226637693 -0.0016374991468154079 0.0014934193754176936
v -0.0019029032758719482 -0.0017889861362654083 0.0014934193754176936
v -0.001785830815453138 -0.0019060585966842185 0.0014934193754176936
v -0.001969713226637693 -0.0016374991468154079 0.0010934191697816737
v -0.0020087858585539635 -0.0016840640824124788 0.0010934191697816737
v -0.0020087858585539635 -0.0016840640824124788 0.0004893726001075074
v -0.0017705244920285525 -0.0014001153096530885 0.0004888087401805354
v -0.0017705244920285525 -0.0014001153096530885 0.0010934191697816737
v -0.001750532349559686 -0.001376289545529569 0.0010934191697816737
v -0.001750532349559686 -0.001376289545529569 0.0014934193754176936
v -0.001969713226637693 -0.0016374991468154079 0.0014934193754176936
v -0.002039657785602112 -0.0005428131175902532 0.0010934191697816737
v -0.0020089199690017105 -0.0008449200351926673 0.0010934191697816737
v -0.0019179664123512856 -0.001134645391971348 0.0010934191697816737
v -0.0017705244920285525 -0.0014001153096530885 0.0010934191697816737
v -0.002039657785602112 -0.0005428131175902532 0.0004749053610509926
v -0.0017705244920285525 -0.0014001153096530885 0.0004888087401805354
v -0.002039657785602112 0.0005571868518623667 0.000461328615367518
v -0.002039657785602112 -0.0005428131175902532 0.0004749053610509926
v -0.002039657785602112 0.0005571868518623667 0.0010934191697816737
v -0.002039657785602112 -0.0005428131175902532 0.0010934191697816737
v -0.002039657785602112 0.0005571868518623667 0.000461328615367518
v -0.0017705244920285525 0.0014144889694193976 0.00045406876979614563
v -0.002039657785602112 0.0005571868518623667 0.0010934191697816737
v -0.0017705244920285525 0.0014144889694193976 0.0010934191697816737
v -0.0019179664123512856 0.0011490190517376572 0.0010934191697816737
v -0.0020089199690017105 0.0008592936949589764 0.0010934191697816737
v -0.0017705244920285525 0.0014144889694193976 0.00045406876979614563
v -0.0020087858585539635 0.001698437742178788 0.00044762371970064074
v -0.0020087858585539635 0.001698437742178788 0.0010934191697816737
v -0.001969713226637693 0.001651872806581717 0.0010934191697816737
v -0.001969713226637693 0.001651872806581717 0.0014934193754176936
v -0.001750532349559686 0.001390663205295878 0.0014934193754176936
v -0.001750532349559686 0.001390663205295878 0.0010934191697816737
v -0.0017705244920285525 0.0014144889694193976 0.0010934191697816737
v -0.0016809087616002085 0.002026314839132543 0.0010934191697816737
v -0.0016809087616002085 0.002026314839132543 0.00044762371970064074
v -0.0020087858585539635 0.001698437742178788 0.00044762371970064074
v -0.0020087858585539635 0.001698437742178788 0.0010934191697816737
v -0.0018240186164374952 0.001954703585325846 0.0010934191697816737
v -0.0019371746047472664 0.0018415475970160746 0.0010934191697816737
v -0.001969713226637693 0.001651872806581717 0.0010934191697816737
v -0.0019029032758719482 0.0018033597960317174 0.0010934191697816737
v -0.001785830815453138 0.0019204322564505276 0.0010934191697816737
v -0.0016343438260031375 0.0019872422072162725 0.0010934191697816737
v -0.0016809087616002085 0.002026314839132543 0.0010934191697816737
v -0.0018240186164374952 0.001954703585325846 0.0010934191697816737
v -0.0019371746047472664 0.0018415475970160746 0.0010934191697816737
v -0.0020087858585539635 0.001698437742178788 0.0010934191697816737
v -0.0016343438260031375 0.0019872422072162725 0.0010934191697816737
v -0.0016809087616002085 0.002026314839132543 0.0010934191697816737
v -0.0016809087616002085 0.002026314839132543 0.00044762371970064074
v -0.0013969599888408182 0.001788053472607132 0.00045406876979614563
v -0.0013969599888408182 0.001788053472607132 0.0010934191697816737
v -0.0013731342247172986 0.0017680613301382655 0.0010934191697816737
v -0.0013731342247172986 0.0017680613301382655 0.0014934193754176936
v -0.0016343438260031375 0.0019872422072162725 0.0014934193754176936
v -0.0005396577967779829 0.0020571867661806913 0.0010934191697816737
v -0.0008417646398745927 0.00202644894958029 0.0010934191697816737
v -0.0011314899966532734 0.001935495392929865 0.0010934191697816737
v -0.0013969599888408182 0.001788053472607132 0.0010934191697816737
v -0.0005396577967779829 0.0020571867661806913 0.000461328615367518
v -0.0013969599888408182 0.001788053472607132 0.00045406876979614563
v -0.0005396577967779829 0.002027186855066116 0.0014934193754176936
v -0.0008330692164658927 0.0019976067096529886 0.0014934193754176936
v -0.0011146723974941877 0.0019100571741896004 0.0014934193754176936
v -0.0013731342247172986 0.0017680613301382655 0.0014934193754176936
v -0.0005396577967779829 0.002027186855066116 0.0010934191697816737
v -0.0013731342247172986 0.0017680613301382655 0.0010934191697816737
v -0.0011146723974941877 0.0019100571741896004 0.0010934191697816737
v -0.0008330692164658927 0.0019976067096529886 0.0010934191697816737
v -0.0005396577967779829 0.002027186855066116 0.0014934193754176936
v -0.00038465782140215127 0.002027186855066116 0.0014934193754176936
v -0.0005396577967779829 0.002027186855066116 0.0010934191697816737
v -0.00038465782140215127 0.002027186855066116 0.0010934191697816737
v -0.0020934445688103602 -0.0018697370170860652 0.0014934193754176936
v -0.0020580893294940288 -0.0018343816287581252 0.0014934193754176936
v -0.0018813125368659371 -0.0020818690490304885 0.0014934193754176936
v -0.0018459572975496055 -0.0020465136607025485 0.0014934193754176936
v -0.001774657776028116 -0.002117813182224038 0.0014934193754176936
v -0.0004896578083263826 -0.002117813182224038 0.0014934193754176936
v -0.00038465782140215127 -0.0020128131952998067 0.0014934193754176936
v -0.0005396577967779829 -0.0020128131952998067 0.0014934193754176936
v -0.0013731342247172986 -0.0017536876703719564 0.0014934193754176936
v -0.0011146723974941877 -0.0018956835144232913 0.0014934193754176936
v -0.0008330692164658927 -0.0019832330498866795 0.0014934193754176936
v -0.0016343438260031375 -0.0019728685474499634 0.0014934193754176936
v -0.001969713226637693 -0.0016374991468154079 0.0014934193754176936
v -0.0019029032758719482 -0.0017889861362654083 0.0014934193754176936
v -0.001785830815453138 -0.0019060585966842185 0.0014934193754176936
v -0.001750532349559686 -0.001376289545529569 0.0014934193754176936
v -0.0020096578744875364 -0.0005428131175902532 0.0014934193754176936
v -0.001980077729074409 -0.0008362246117839673 0.0014934193754176936
v -0.001892528193611021 -0.0011178277928122623 0.0014934193754176936
v -0.0020096578744875364 0.0005571868518623667 0.0014934193754176936
v -0.001750532349559686 0.001390663205295878 0.0014934193754176936
v -0.001892528193611021 0.0011322014525785714 0.0014934193754176936
v -0.001980077729074409 0.0008505982715502764 0.0014934193754176936
v -0.001969713226637693 0.001651872806581717 0.0014934193754176936
v -0.0016343438260031375 0.0019872422072162725 0.0014934193754176936
v -0.001785830815453138 0.0019204322564505276 0.0014934193754176936
v -0.0019029032758719482 0.0018033597960317174 0.0014934193754176936
v -0.0013731342247172986 0.0017680613301382655 0.0014934193754176936
v -0.0005396577967779829 0.002027186855066116 0.0014934193754176936
v -0.0008330692164658927 0.0019976067096529886 0.0014934193754176936
v -0.0011146723974941877 0.0019100571741896004 0.0014934193754176936
v -0.00038465782140215127 0.002027186855066116 0.0014934193754176936
v -0.0004896578083263826 0.002132186841990347 0.0014934193754176936
v -0.0018146578561963613 0.002132186841990347 0.0014934193754176936
v -0.0021146578614117677 0.0018321868367749408 0.0014934193754176936
v -0.0020744654072568096 0.001982186839382644 0.0014934193754176936
v -0.0019646578588040646 0.002091994387835389 0.0014934193754176936
v -0.0021146578614117677 0.00030718683509856076 0.0014934193754176936
v -0.002214657763809164 0.00020718685819536012 0.0014934193754176936
v -0.002214657763809164 -0.0001928131239232467 0.0014934193754176936
v -0.0021146578614117677 -0.0002928131380793495 0.0014934193754176936
v -0.0021146578614117677 -0.0017778130968403862 0.0014934193754176936
v -0.0020580893294940288 -0.0018343816287581252 0.0014934193754176936
v -0.0020580893294940288 -0.0018343816287581252 0.00159341927781509
v -0.0020934445688103602 -0.0018697370170860652 0.0014934193754176936
v -0.0020934445688103602 -0.0018697370170860652 0.0019934194834511096
v -0.002047607703932947 -0.001823900152208652 0.0019934194834511096
v -0.0018354756719885237 -0.0020360321841530753 0.0019934194834511096
v -0.002047607703932947 -0.001823900152208652 0.0019934194834511096
v -0.0020580893294940288 -0.0018343816287581252 0.00159341927781509
v -0.0021146578614117677 -0.0017778130968403862 0.00159341927781509
v -0.0020772481990475604 -0.0017785247762830971 0.0022936576092170715
v -0.0017746562859120298 -0.0020811160933721933 0.00229366953014576
v -0.001774657776028116 -0.002117813182224038 0.00159341927781509
v -0.0018459572975496055 -0.0020465136607025485 0.00159341927781509
v -0.002047607703932947 -0.001823900152208652 0.0019934194834511096
v -0.0020934445688103602 -0.0018697370170860652 0.0019934194834511096
v -0.0018813125368659371 -0.0020818690490304885 0.0019934194834511096
v -0.0018354756719885237 -0.0020360321841530753 0.0019934194834511096
v -0.0018813125368659371 -0.0020818690490304885 0.0019934194834511096
v -0.0018354756719885237 -0.0020360321841530753 0.0019934194834511096
v -0.0018813125368659371 -0.0020818690490304885 0.0014934193754176936
v -0.0018459572975496055 -0.0020465136607025485 0.0014934193754176936
v -0.0018459572975496055 -0.0020465136607025485 0.00159341927781509
v -0.001774657776028116 -0.002117813182224038 0.0014934193754176936
v -0.0018459572975496055 -0.0020465136607025485 0.0014934193754176936
v -0.001774657776028116 -0.002117813182224038 0.00159341927781509
v -0.0018459572975496055 -0.0020465136607025485 0.00159341927781509
v -0.001774657776028116 -0.002117813182224038 0.00159341927781509
v -0.001774657776028116 -0.002117813182224038 0.0014934193754176936
v -0.0004896578083263826 -0.002117813182224038 0.00159341927781509
v -0.0004896578083263826 -0.002117813182224038 0.0014934193754176936
v -0.001774657776028116 -0.002117813182224038 0.00159341927781509
v -0.001774657776028116 -0.002081114603256107 0.00229366953014576
v -0.0004896578083263826 -0.002117813182224038 0.00159341927781509
v -0.0004529580000126807 -0.0020811132621516297 0.0022936933720031374
v -0.001774657776028116 -0.00208112071273206 0.002293670722238629
v -0.001774657776028116 -0.0020162184085797123 0.0024934189954380916
v -0.0003880631091878612 -0.0020162184085797123 0.0024934189954380916
v -0.0004529580000126807 -0.0020811132621516297 0.0022936933720031374
v -0.0017746594151558106 -0.0020811193716275826 0.00229366953014576
v -0.0020772629511968126 -0.0017785395284323493 0.0022935968124807595
v -0.002013063087767442 -0.0017778130968403862 0.0024934189954380916
v -0.001774657776028116 -0.0020162184085797123 0.0024934189954380916
v -0.002013063087767442 -0.0017778130968403862 0.0024934189954380916
v -0.002077920092390773 -0.0017787639399149127 0.002293810197104286
v -0.0020779579413393594 0.00179589818874229 0.0022936933720031374
v -0.002013063087767442 0.00179589818874229 0.0024934189954380916
v -0.0020779579413393594 -0.0017787639399149127 0.0022936945640960062
v -0.0021146578614117677 -0.0017778130968403862 0.00159341927781509
v -0.0020779579413393594 0.00179589818874229 0.0022936933720031374
v -0.0021146578614117677 0.001832392323783211 0.0015934168936293522
v -0.0021146578614117677 0.00030718683509856076 0.00159341927781509
v -0.0021032820171874305 0.00031856271657580015 0.0018104832959812142
v -0.0021032820171874305 -0.00030418898230368674 0.0018104832959812142
v -0.0021146578614117677 -0.0002928131380793495 0.00159341927781509
v -0.0021146578614117677 -0.0017778130968403862 0.0014934193754176936
v -0.0021146578614117677 -0.0017778130968403862 0.00159341927781509
v -0.0021146578614117677 -0.0002928131380793495 0.0014934193754176936
v -0.0021146578614117677 -0.0002928131380793495 0.00159341927781509
v -0.0021146578614117677 -0.0017778130968403862 0.00159341927781509
v -0.0020580893294940288 -0.0018343816287581252 0.00159341927781509
v -0.0021146578614117677 -0.0017778130968403862 0.0014934193754176936
v -0.0020580893294940288 -0.0018343816287581252 0.0014934193754176936
v -0.0021032820171874305 -0.00030418898230368674 0.0018104832959812142
v -0.0021146578614117677 -0.0002928131380793495 0.00159341927781509
v -0.002214657763809164 -0.0001928131239232467 0.001643419229013788
v -0.002214657763809164 -0.0001928131239232467 0.0014934193754176936
v -0.0021146578614117677 -0.0002928131380793495 0.0014934193754176936
v -0.002214657763809164 -0.0001928131239232467 0.001643419229013788
v -0.002214657763809164 -0.0001928131239232467 0.0014934193754176936
v -0.002214657763809164 0.00020718685819536012 0.0014934193754176936
v -0.002214657763809164 0.00020718685819536012 0.001643419229013788
v -0.0021146578614117677 0.00030718683509856076 0.00159341927781509
v -0.0021146578614117677 0.00030718683509856076 0.0014934193754176936
v -0.002214657763809164 0.00020718685819536012 0.0014934193754176936
v -0.002214657763809164 0.00020718685819536012 0.001643419229013788
v -0.0021032820171874305 0.00031856271657580015 0.0018104832959812142
v -0.0021032820171874305 -0.00030418898230368674 0.0018104832959812142
v -0.002214657763809164 -0.0001928131239232467 0.001643419229013788
v -0.002214657763809164 0.00020718685819536012 0.001643419229013788
v -0.0021032820171874305 0.00031856271657580015 0.0018104832959812142
v -0.0021146578614117677 0.00030718683509856076 0.0014934193754176936
v -0.0021146578614117677 0.0018321868367749408 0.0014934193754176936
v -0.0021146578614117677 0.001832392323783211 0.0015934168936293522
v -0.0021146578614117677 0.00030718683509856076 0.00159341927781509
v -0.002114657712400159 0.001832392323783211 0.0015934168936293522
v -0.0018148633432046315 0.0021321866929787385 0.0015934168936293522
v -0.0018146578561963613 0.002132186841990347 0.0014934193754176936
v -0.0021146578614117677 0.0018321868367749408 0.0014934193754176936
v -0.0020744654072568096 0.001982186839382644 0.0014934193754176936
v -0.0019646578588040646 0.002091994387835389 0.0014934193754176936
v -0.0004896578083263826 0.002132186841990347 0.00159341927781509
v -0.0018148633432046315 0.002132186841990347 0.0015934168936293522
v -0.0018146578561963613 0.002132186841990347 0.0014934193754176936
v -0.0004896578083263826 0.002132186841990347 0.0014934193754176936
v -0.0004896578083263826 0.002132186841990347 0.00159341927781509
v -0.0004529580000126807 0.002095486921917939 0.0022936933720031374
v -0.0018148633432046315 0.002132186841990347 0.0015934168936293522
v -0.001778369059152102 0.002095486921917939 0.0022936933720031374
v -0.0003880631091878612 0.0020305920683460215 0.0024934189954380916
v -0.0004529580000126807 0.002095486921917939 0.0022936933720031374
v -0.0017783692081637106 0.0020305920683460215 0.0024934189954380916
v -0.001778369059152102 0.002095486921917939 0.0022936933720031374
v -0.0004896578083263826 0.002132186841990347 0.0014934193754176936
v -0.0004896578083263826 0.002132186841990347 0.00159341927781509
v -0.0004529580000126807 0.002095486921917939 0.0022936933720031374
v -0.0003880631091878612 0.0020305920683460215 0.0024934189954380916
v -0.0003396578057186795 0.001982186839382644 0.0024934189954380916
v -0.0003396578057186795 0.001982186839382644 0.0022936933720031374
v -0.0003396578057186795 0.001982186839382644 0.00159341927781509
v -0.0003396578057186795 0.001982186839382644 0.0010934191697816737
v -0.00038465782140215127 0.002027186855066116 0.0010934191697816737
v -0.00038465782140215127 0.002027186855066116 0.0014934193754176936
v -0.0003396578057186795 0.001982186839382644 0.00159341927781509
v -0.0003396578057186795 0.001982186839382644 0.0010934191697816737
v 0.00036034218161533354 0.001982186839382644 0.0010934191697816737
v 0.00036034218161533354 0.001982186839382644 0.00159341927781509
v 0.00036034218161533354 0.001982186839382644 0.00159341927781509
v -0.0003396578057186795 0.001982186839382644 0.00159341927781509
v 0.00036034218161533354 0.001982186839382644 0.0022936933720031374
v -0.0003396578057186795 0.001982186839382644 0.0022936933720031374
v 0.00036034218161533354 0.001982186839382644 0.0022936933720031374
v -0.0003396578057186795 0.001982186839382644 0.0022936933720031374
v 0.00036034218161533354 0.001982186839382644 0.0024934189954380916
v -0.0003396578057186795 0.001982186839382644 0.0024934189954380916
v -0.0020779579413393594 0.00179589818874229 0.0022936933720031374
v -0.002013063087767442 0.00179589818874229 0.0024934189954380916
v -0.001778369059152102 0.002095486921917939 0.0022936933720031374
v -0.0017783692081637106 0.0020305920683460215 0.0024934189954380916
v -0.0018869754250278596 0.002057752265235358 0.0023444050026445464
v -0.0018745618639611774 0.0020277906501041947 0.0024437480618711995
v -0.0019666941024356903 0.0019842230830142697 0.0023942499817702924
v -0.0020402232846567785 0.001904504405606439 0.0023444050026445464
v -0.0020102616695256152 0.001892090844539757 0.0024437480618711995
v -0.0019130029846801682 0.0019974270016530076 0.0024686163112085393
v -0.0019552729586823363 0.0019728019392609157 0.0024438350846506265
v -0.0019399413032842876 0.002037774725904135 0.0023197978216454875
v -0.0019781152461890443 0.0019956442267676238 0.0023446660709828273
v -0.0018480233435029527 0.0020246675157993836 0.0024809890430944627
v -0.001864551264094905 0.002079038722536592 0.0023069697102836586
v -0.0019687085903724593 0.0019520739774687439 0.0024562268900224517
v -0.001988774344575978 0.001908398078939361 0.0024810105007661023
v -0.0019999387413277008 0.001977691010139338 0.0023322516158464936
v -0.002038762225834379 0.001935100661178663 0.002307293959543989
v -0.0018999179773050994 0.0019986876398618296 0.0024872165362414002
v -0.0019294215307514022 0.001979991600364634 0.002481021229601922
v -0.0019310958251857195 0.0020507446963173586 0.0023011475287121343
v -0.0020083759276186834 0.0018538176599036673 0.002487201039034105
v -0.0019652854956995207 0.0020237138415042937 0.0023074572762670233
v -0.002067453367990552 0.0018686677097826956 0.0023006432734286055
v -0.0018416121190426018 0.002023409410787908 0.002490311209328967
v -0.001968095854637864 0.0019365784093012266 0.002487220112520007
v -0.0018584400000026815 0.002084050131945681 0.0022975915156843176
v -0.0019832539115118846 0.0019119816591147702 0.0024903171697933115
v -0.002016791507226418 0.001972668871894429 0.0023012321673058236
v -0.0020378379068261847 0.001942881153310511 0.0022980182849313704
v -0.001896679806038443 0.0019988792687904993 0.0024918680826157016
v -0.0019230155216973526 0.001981284425080915 0.0024903195539790492
v -0.0019287493393849724 0.0020539454656702543 0.0022964828693162755
v -0.002006163254242466 0.0018562313499398966 0.002491864506337095
v -0.0019615263798491715 0.0020306612097324155 0.0022981470309612075
v -0.002067993237048538 0.0018725788174738247 0.0022960084163544683
v -0.0018400244003528856 0.0020230657900184583 0.0024926417508875933
v -0.001965131119673003 0.0019379652603425395 0.0024918692747085704
v -0.001856880891541818 0.0020852812658559987 0.002295246669011265
v -0.0019818664644241373 0.0019128468205143472 0.002492644135073331
v -0.0020157867219495755 0.0019764814829122683 0.002296590157674473
v -0.0020375713250583853 0.0019448330563716647 0.002295699664301433
v -0.001895872461143006 0.0019989195019248234 0.0024930315652557113
v -0.0019214190113227285 0.0019815764878337865 0.002492644135073331
v -0.0019281543360318014 0.0020547428267879146 0.002295315810397659
v -0.002005605950826273 0.0018568275453859364 0.0024930303731628425
v -0.001960551992940485 0.0020323918305547865 0.002295818873588319
v -0.002068119449881029 0.0018735600589165071 0.002294850894178803
v -0.0018396284765088147 0.002022978171192597 0.002493224684300467
v -0.0019643893398853533 0.0019383041127405136 0.0024930315652557113
v -0.001856489140022788 0.002085587782734905 0.002294660159319785
v -0.0019815191183644725 0.0019130612482191338 0.002493225876393336
v -0.0020155265476809463 0.0019774351572073583 0.002295429059220201
v -0.0020375024816952085 0.0019453213674130725 0.0022951203071671657
v -0.001895670699424951 0.001998929187679383 0.0024933224359157138
v -0.001921020256258094 0.0019816475663710924 0.002493225876393336
v -0.0019280050263999764 0.0020549419062970147 0.002295023747644788
v -0.0020054663269490074 0.0018569761099597184 0.0024933224359157138
v -0.001960306272797891 0.002032824113231358 0.0022952359401754454
v -0.0020681504442956193 0.0018738054810358842 0.0022945612156116692
v -0.001778369059152102 0.002095486921917939 0.0022936933720031374
v -0.0020779579413393594 0.00179589818874229 0.0022936933720031374
v -0.0018148633432046315 0.002132186841990347 0.0015934168936293522
v -0.0021146578614117677 0.001832392323783211 0.0015934168936293522
v -0.0003396578057186795 -0.001967813179616335 0.00159341927781509
v -0.0003396578057186795 -0.001967813179616335 0.0010934191697816737
v -0.0003396578057186795 -0.001967813179616335 0.0022936933720031374
v -0.0003396578057186795 -0.001967813179616335 0.0024934189954380916
v -0.0003880631091878612 -0.0020162184085797123 0.0024934189954380916
v -0.0004529580000126807 -0.0020811132621516297 0.0022936933720031374
v -0.0004896578083263826 -0.002117813182224038 0.00159341927781509
v -0.0004896578083263826 -0.002117813182224038 0.0014934193754176936
v -0.00038465782140215127 -0.0020128131952998067 0.0014934193754176936
v -0.00038465782140215127 -0.0020128131952998067 0.0010934191697816737
v 0.00040534219729880533 -0.0020128131952998067 0.0010934191697816737
v 0.00036034218161533354 -0.001967813179616335 0.0010934191697816737
v -0.0003396578057186795 -0.001967813179616335 0.0010934191697816737
v -0.00038465782140215127 -0.0020128131952998067 0.0010934191697816737
v -0.0005396577967779829 -0.0020128131952998067 0.0010934191697816737
v -0.0008330692164658927 -0.0019832330498866795 0.0010934191697816737
v -0.0011146723974941877 -0.0018956835144232913 0.0010934191697816737
v -0.0013731342247172986 -0.0017536876703719564 0.0010934191697816737
v -0.0013969599888408182 -0.0017736798128408229 0.0010934191697816737
v -0.0011314899966532734 -0.001921121733163556 0.0010934191697816737
v -0.0008417646398745927 -0.002012075289813981 0.0010934191697816737
v -0.0005396577967779829 -0.002042813106414382 0.0010934191697816737
v 0.000560342172674637 -0.002042813106414382 0.0010934191697816737
v 0.0008624490902770511 -0.002012075289813981 0.0010934191697816737
v 0.0011521744470557318 -0.001921121733163556 0.0010934191697816737
v 0.001417644290231668 -0.0017736798128408229 0.0010934191697816737
v 0.0013938185261081484 -0.0017536876703719564 0.0010934191697816737
v 0.001135356847896646 -0.0018956835144232913 0.0010934191697816737
v 0.0008537536668683511 -0.0019832330498866795 0.0010934191697816737
v 0.000560342172674637 -0.0020128131952998067 0.0010934191697816737
v 0.000560342172674637 -0.0020128131952998067 0.0014934193754176936
v 0.00040534219729880533 -0.0020128131952998067 0.0014934193754176936
v 0.000560342172674637 -0.0020128131952998067 0.0010934191697816737
v 0.00040534219729880533 -0.0020128131952998067 0.0010934191697816737
v 0.000560342172674637 -0.0020128131952998067 0.0014934193754176936
v 0.0008537536668683511 -0.0019832330498866795 0.0014934193754176936
v 0.001135356847896646 -0.0018956835144232913 0.0014934193754176936
v 0.0013938185261081484 -0.0017536876703719564 0.0014934193754176936
v 0.000560342172674637 -0.0020128131952998067 0.0010934191697816737
v 0.0013938185261081484 -0.0017536876703719564 0.0010934191697816737
v 0.001135356847896646 -0.0018956835144232913 0.0010934191697816737
v 0.0008537536668683511 -0.0019832330498866795 0.0010934191697816737
v 0.0016550281273939873 -0.0019728685474499634 0.0010934191697816737
v 0.0017015930629910583 -0.002011941179366234 0.0010934191697816737
v 0.0017015930629910583 -0.002011941179366234 0.00044762371970064074
v 0.001417644290231668 -0.0017736798128408229 0.00045406876979614563
v 0.001417644290231668 -0.0017736798128408229 0.0010934191697816737
v 0.0013938185261081484 -0.0017536876703719564 0.0010934191697816737
v 0.0013938185261081484 -0.0017536876703719564 0.0014934193754176936
v 0.0016550281273939873 -0.0019728685474499634 0.0014934193754176936
v 0.001990397528028543 -0.0016374991468154079 0.0010934191697816737
v 0.001923587577262798 -0.0017889861362654083 0.0010934191697816737
v 0.0018065151168439877 -0.0019060585966842185 0.0010934191697816737
v 0.0016550281273939873 -0.0019728685474499634 0.0010934191697816737
v 0.0017015930629910583 -0.002011941179366234 0.0010934191697816737
v 0.001844702917828345 -0.0019403299255595368 0.0010934191697816737
v 0.001957858906138116 -0.0018271739372497655 0.0010934191697816737
v 0.0020294701599448133 -0.0016840640824124788 0.0010934191697816737
v 0.0017912087934194023 -0.0014001153096530885 0.00045406876979614563
v 0.0020294701599448133 -0.0016840640824124788 0.00044762371970064074
v 0.0020294701599448133 -0.0016840640824124788 0.0010934191697816737
v 0.001990397528028543 -0.0016374991468154079 0.0010934191697816737
v 0.001990397528028543 -0.0016374991468154079 0.0014934193754176936
v 0.0017712166509505358 -0.001376289545529569 0.0014934193754176936
v 0.0017712166509505358 -0.001376289545529569 0.0010934191697816737
v 0.0017912087934194023 -0.0014001153096530885 0.0010934191697816737
v 0.0017015930629910583 -0.002011941179366234 0.0010934191697816737
v 0.0017015930629910583 -0.002011941179366234 0.00044762371970064074
v 0.0020294701599448133 -0.0016840640824124788 0.00044762371970064074
v 0.0020294701599448133 -0.0016840640824124788 0.0010934191697816737
v 0.001844702917828345 -0.0019403299255595368 0.0010934191697816737
v 0.001957858906138116 -0.0018271739372497655 0.0010934191697816737
v 0.001990397528028543 -0.0016374991468154079 0.0010934191697816737
v 0.001923587577262798 -0.0017889861362654083 0.0010934191697816737
v 0.0018065151168439877 -0.0019060585966842185 0.0010934191697816737
v 0.0016550281273939873 -0.0019728685474499634 0.0010934191697816737
v 0.001990397528028543 -0.0016374991468154079 0.0014934193754176936
v 0.0016550281273939873 -0.0019728685474499634 0.0014934193754176936
v 0.0018065151168439877 -0.0019060585966842185 0.0014934193754176936
v 0.001923587577262798 -0.0017889861362654083 0.0014934193754176936
v 0.002030342175878386 -0.0005428131175902532 0.0010934191697816737
v 0.002000762030465259 -0.0008362246117839673 0.0010934191697816737
v 0.0019132124950018707 -0.0011178277928122623 0.0010934191697816737
v 0.0017712166509505358 -0.001376289545529569 0.0010934191697816737
v 0.002030342175878386 -0.0005428131175902532 0.0014934193754176936
v 0.0017712166509505358 -0.001376289545529569 0.0014934193754176936
v 0.0019132124950018707 -0.0011178277928122623 0.0014934193754176936
v 0.002000762030465259 -0.0008362246117839673 0.0014934193754176936
v 0.002030342175878386 0.0005571868518623667 0.0010934191697816737
v 0.002030342175878386 -0.0005428131175902532 0.0010934191697816737
v 0.002030342175878386 -0.0005428131175902532 0.0014934193754176936
v 0.002030342175878386 0.0005571868518623667 0.0014934193754176936
v 0.0017712166509505358 -0.001376289545529569 0.0010934191697816737
v 0.0017912087934194023 -0.0014001153096530885 0.0010934191697816737
v 0.0019386507137421354 -0.001134645391971348 0.0010934191697816737
v 0.0020296042703925603 -0.0008449200351926673 0.0010934191697816737
v 0.0020603420869929616 -0.0005428131175902532 0.0010934191697816737
v 0.0020603420869929616 0.0005571868518623667 0.0010934191697816737
v 0.0020296042703925603 0.0008592936949589764 0.0010934191697816737
v 0.0019386507137421354 0.0011490190517376572 0.0010934191697816737
v 0.0017912087934194023 0.0014144889694193976 0.0010934191697816737
v 0.0017712166509505358 0.001390663205295878 0.0010934191697816737
v 0.0019132124950018707 0.0011322014525785714 0.0010934191697816737
v 0.002000762030465259 0.0008505982715502764 0.0010934191697816737
v 0.002030342175878386 0.0005571868518623667 0.0010934191697816737
v 0.002030342175878386 -0.0005428131175902532 0.0010934191697816737
v 0.002000762030465259 -0.0008362246117839673 0.0010934191697816737
v 0.0019132124950018707 -0.0011178277928122623 0.0010934191697816737
v 0.002030342175878386 0.0005571868518623667 0.0014934193754176936
v 0.002000762030465259 0.0008505982715502764 0.0014934193754176936
v 0.0019132124950018707 0.0011322014525785714 0.0014934193754176936
v 0.0017712166509505358 0.001390663205295878 0.0014934193754176936
v 0.002030342175878386 0.0005571868518623667 0.0010934191697816737
v 0.0017712166509505358 0.001390663205295878 0.0010934191697816737
v 0.0019132124950018707 0.0011322014525785714 0.0010934191697816737
v 0.002000762030465259 0.0008505982715502764 0.0010934191697816737
v 0.0020603420869929616 0.0005571868518623667 0.0010934191697816737
v 0.0020296042703925603 0.0008592936949589764 0.0010934191697816737
v 0.0019386507137421354 0.0011490190517376572 0.0010934191697816737
v 0.0017912087934194023 0.0014144889694193976 0.0010934191697816737
v 0.0020603420869929616 0.0005571868518623667 0.0004749053610509926
v 0.0017912087934194023 0.0014144889694193976 0.0004888087401805354
v 0.0020603420869929616 -0.0005428131175902532 0.000461328615367518
v 0.0020603420869929616 0.0005571868518623667 0.0004749053610509926
v 0.0020603420869929616 -0.0005428131175902532 0.0010934191697816737
v 0.0020603420869929616 0.0005571868518623667 0.0010934191697816737
v 0.0020603420869929616 -0.0005428131175902532 0.000461328615367518
v 0.0017912087934194023 -0.0014001153096530885 0.00045406876979614563
v 0.0020603420869929616 -0.0005428131175902532 0.0010934191697816737
v 0.0017912087934194023 -0.0014001153096530885 0.0010934191697816737
v 0.0019386507137421354 -0.001134645391971348 0.0010934191697816737
v 0.0020296042703925603 -0.0008449200351926673 0.0010934191697816737
v 0.000560342172674637 -0.002042813106414382 0.0010934191697816737
v 0.0008624490902770511 -0.002012075289813981 0.0010934191697816737
v 0.0011521744470557318 -0.001921121733163556 0.0010934191697816737
v 0.001417644290231668 -0.0017736798128408229 0.0010934191697816737
v 0.000560342172674637 -0.002042813106414382 0.000461328615367518
v 0.001417644290231668 -0.0017736798128408229 0.00045406876979614563
v -0.0005396577967779829 -0.002042813106414382 0.0004749053610509926
v 0.000560342172674637 -0.002042813106414382 0.000461328615367518
v -0.0005396577967779829 -0.002042813106414382 0.0010934191697816737
v 0.000560342172674637 -0.002042813106414382 0.0010934191697816737
v -0.0005396577967779829 -0.002042813106414382 0.0004749053610509926
v -0.0013969599888408182 -0.0017736798128408229 0.0004888087401805354
v -0.0005396577967779829 -0.002042813106414382 0.0010934191697816737
v -0.0013969599888408182 -0.0017736798128408229 0.0010934191697816737
v -0.0011314899966532734 -0.001921121733163556 0.0010934191697816737
v -0.0008417646398745927 -0.002012075289813981 0.0010934191697816737
v -0.0005396577967779829 -0.0020128131952998067 0.0010934191697816737
v -0.0008330692164658927 -0.0019832330498866795 0.0010934191697816737
v -0.0011146723974941877 -0.0018956835144232913 0.0010934191697816737
v -0.0013731342247172986 -0.0017536876703719564 0.0010934191697816737
v -0.0005396577967779829 -0.0020128131952998067 0.0014934193754176936
v -0.0013731342247172986 -0.0017536876703719564 0.0014934193754176936
v -0.0011146723974941877 -0.0018956835144232913 0.0014934193754176936
v -0.0008330692164658927 -0.0019832330498866795 0.0014934193754176936
v -0.00038465782140215127 -0.0020128131952998067 0.0010934191697816737
v -0.0005396577967779829 -0.0020128131952998067 0.0010934191697816737
v -0.0005396577967779829 -0.0020128131952998067 0.0014934193754176936
v -0.00038465782140215127 -0.0020128131952998067 0.0014934193754176936
v -0.0020934445688103602 -0.0018697370170860652 0.0014934193754176936
v -0.0020934445688103602 -0.0018697370170860652 0.0019934194834511096
v -0.0018813125368659371 -0.0020818690490304885 0.0014934193754176936
v -0.0018813125368659371 -0.0020818690490304885 0.0019934194834511096
v -0.0020096578744875364 -0.0005428131175902532 0.0014934193754176936
v -0.001980077729074409 -0.0008362246117839673 0.0014934193754176936
v -0.001892528193611021 -0.0011178277928122623 0.0014934193754176936
v -0.001750532349559686 -0.001376289545529569 0.0014934193754176936
v -0.0020096578744875364 -0.0005428131175902532 0.0010934191697816737
v -0.001750532349559686 -0.001376289545529569 0.0010934191697816737
v -0.001892528193611021 -0.0011178277928122623 0.0010934191697816737
v -0.001980077729074409 -0.0008362246117839673 0.0010934191697816737
v -0.001750532349559686 0.001390663205295878 0.0010934191697816737
v -0.0017705244920285525 0.0014144889694193976 0.0010934191697816737
v -0.0019179664123512856 0.0011490190517376572 0.0010934191697816737
v -0.0020089199690017105 0.0008592936949589764 0.0010934191697816737
v -0.002039657785602112 0.0005571868518623667 0.0010934191697816737
v -0.002039657785602112 -0.0005428131175902532 0.0010934191697816737
v -0.0020089199690017105 -0.0008449200351926673 0.0010934191697816737
v -0.0019179664123512856 -0.001134645391971348 0.0010934191697816737
v -0.0017705244920285525 -0.0014001153096530885 0.0010934191697816737
v -0.001750532349559686 -0.001376289545529569 0.0010934191697816737
v -0.001892528193611021 -0.0011178277928122623 0.0010934191697816737
v -0.001980077729074409 -0.0008362246117839673 0.0010934191697816737
v -0.0020096578744875364 -0.0005428131175902532 0.0010934191697816737
v -0.0020096578744875364 0.0005571868518623667 0.0010934191697816737
v -0.001980077729074409 0.0008505982715502764 0.0010934191697816737
v -0.001892528193611021 0.0011322014525785714 0.0010934191697816737
v -0.0020096578744875364 0.0005571868518623667 0.0010934191697816737
v -0.001980077729074409 0.0008505982715502764 0.0010934191697816737
v -0.001892528193611021 0.0011322014525785714 0.0010934191697816737
v -0.001750532349559686 0.001390663205295878 0.0010934191697816737
v -0.0020096578744875364 0.0005571868518623667 0.0014934193754176936
v -0.001750532349559686 0.001390663205295878 0.0014934193754176936
v -0.001892528193611021 0.0011322014525785714 0.0014934193754176936
v -0.001980077729074409 0.0008505982715502764 0.0014934193754176936
v -0.0020096578744875364 -0.0005428131175902532 0.0010934191697816737
v -0.0020096578744875364 0.0005571868518623667 0.0010934191697816737
v -0.0020096578744875364 0.0005571868518623667 0.0014934193754176936
v -0.0020096578744875364 -0.0005428131175902532 0.0014934193754176936
v -0.001969713226637693 0.001651872806581717 0.0010934191697816737
v -0.0019029032758719482 0.0018033597960317174 0.0010934191697816737
v -0.001785830815453138 0.0019204322564505276 0.0010934191697816737
v -0.0016343438260031375 0.0019872422072162725 0.0010934191697816737
v -0.001969713226637693 0.001651872806581717 0.0014934193754176936
v -0.0016343438260031375 0.0019872422072162725 0.0014934193754176936
v -0.001785830815453138 0.0019204322564505276 0.0014934193754176936
v -0.0019029032758719482 0.0018033597960317174 0.0014934193754176936
v 0.000560342172674637 0.002027186855066116 0.0010934191697816737
v 0.0008537536668683511 0.0019976067096529886 0.0010934191697816737
v 0.001135356847896646 0.0019100571741896004 0.0010934191697816737
v 0.0013938185261081484 0.0017680613301382655 0.0010934191697816737
v 0.000560342172674637 0.002027186855066116 0.0014934193754176936
v 0.0013938185261081484 0.0017680613301382655 0.0014934193754176936
v 0.001135356847896646 0.0019100571741896004 0.0014934193754176936
v 0.0008537536668683511 0.0019976067096529886 0.0014934193754176936
v 0.00040534219729880533 0.002027186855066116 0.0010934191697816737
v 0.000560342172674637 0.002027186855066116 0.0010934191697816737
v 0.000560342172674637 0.002027186855066116 0.0014934193754176936
v 0.00040534219729880533 0.002027186855066116 0.0014934193754176936
v 0.000560342172674637 0.0020571867661806913 0.0004749053610509926
v 0.001417644290231668 0.001788053472607132 0.0004888087401805354
v 0.000560342172674637 0.0020571867661806913 0.0010934191697816737
v 0.001417644290231668 0.001788053472607132 0.0010934191697816737
v 0.0011521744470557318 0.001935495392929865 0.0010934191697816737
v 0.0008624490902770511 0.00202644894958029 0.0010934191697816737
v 0.0017953420774189657 0.002132186841990347 0.00159341927781509
v 0.0017953420774189657 0.002132186841990347 0.0014934193754176936
v 0.0005103421842230367 0.002132186841990347 0.00159341927781509
v 0.0005103421842230367 0.002132186841990347 0.0014934193754176936
v 0.0017953420774189657 0.002132186841990347 0.00159341927781509
v 0.0017953420774189657 0.0020954882630224163 0.00229366953014576
v 0.0005103421842230367 0.002132186841990347 0.00159341927781509
v 0.00047364237590933483 0.002095486921917939 0.0022936933720031374
usemtl ldm_plane
f 1 4 3
f 1 2 4
f 5 8 7
f 5 6 8
f 11 10 9
f 11 9 12
f 22 20 21
f 19 20 22
f 14 22 13
f 14 19 22
f 15 18 19
f 15 19 14
f 16 17 18
f 16 18 15
f 45 55 56
f 45 56 53
f 46 54 55
f 46 55 45
f 43 54 46
f 44 45 53
f 41 43 40
f 41 54 43
f 50 47 44
f 50 44 53
f 42 54 41
f 49 50 53
f 52 49 53
f 48 49 52
f 51 48 52
f 59 58 57
f 60 59 57
f 36 57 39
f 36 60 57
f 61 37 38
f 32 38 35
f 32 61 38
f 62 61 32
f 33 62 32
f 34 62 33
f 64 63 62
f 24 62 34
f 24 64 62
f 31 24 34
f 23 24 31
f 29 31 28
f 29 23 31
f 30 23 29
f 25 27 26
f 25 30 27
f 25 23 30
f 54 39 57
f 54 42 39
f 60 36 61
f 36 37 61
f 67 66 65
f 67 68 66
f 70 69 76
f 71 73 72
f 71 70 75
f 74 73 71
f 74 71 75
f 75 70 76
f 78 79 77
f 80 78 81
f 79 78 80
f 82 83 84
f 85 82 84
f 87 88 86
f 87 89 88
f 94 93 92
f 90 94 91
f 91 94 92
f 96 95 97
f 96 97 98
f 100 101 99
f 100 102 101
f 107 104 105
f 107 105 106
f 103 104 107
f 113 110 111
f 112 113 111
f 109 114 115
f 109 108 114
f 108 110 113
f 108 113 114
f 118 116 117
f 118 119 116
f 121 122 123
f 121 123 120
f 127 124 126
f 128 124 127
f 125 124 128
f 130 131 129
f 130 132 131
f 137 136 133
f 138 133 134
f 138 137 133
f 135 138 134
f 139 141 140
f 139 142 141
f 143 145 146
f 144 143 146
f 147 152 151
f 148 147 151
f 150 149 148
f 150 148 151
f 158 160 159
f 156 153 160
f 155 153 156
f 157 160 158
f 157 156 160
f 160 153 154
f 173 174 175
f 172 173 175
f 199 200 201
f 176 170 171
f 177 170 176
f 198 199 201
f 169 170 177
f 202 198 201
f 197 198 202
f 178 169 177
f 179 169 178
f 196 197 202
f 168 179 180
f 168 180 181
f 168 169 179
f 162 194 195
f 162 195 196
f 162 196 202
f 182 168 181
f 193 194 162
f 161 192 193
f 161 193 162
f 163 192 161
f 191 164 165
f 185 182 183
f 185 183 184
f 190 191 165
f 167 185 186
f 167 186 187
f 166 190 165
f 166 187 188
f 166 188 189
f 166 189 190
f 166 167 187
f 167 168 182
f 167 182 185
f 175 176 171
f 175 171 172
f 191 192 164
f 164 192 163
f 204 203 206
f 205 204 206
f 211 210 209
f 207 212 211
f 208 207 211
f 208 211 209
f 217 219 218
f 220 217 221
f 222 221 217
f 222 217 218
f 223 221 222
f 224 216 215
f 224 218 219
f 225 224 215
f 225 218 224
f 226 220 221
f 227 226 228
f 229 228 226
f 229 230 228
f 229 221 223
f 229 226 221
f 231 230 229
f 232 219 217
f 233 217 220
f 233 220 226
f 234 222 218
f 235 223 222
f 235 229 223
f 236 228 230
f 237 213 214
f 237 236 230
f 237 214 236
f 238 216 224
f 239 225 215
f 240 226 227
f 241 240 227
f 242 231 229
f 243 231 242
f 244 219 232
f 245 217 233
f 246 234 218
f 247 235 222
f 248 236 214
f 248 228 236
f 249 213 237
f 249 237 230
f 250 216 238
f 251 239 215
f 252 226 240
f 253 240 241
f 254 242 229
f 255 243 242
f 256 219 244
f 257 217 245
f 258 246 218
f 259 247 222
f 260 228 248
f 260 248 214
f 261 249 230
f 261 213 249
f 262 216 250
f 263 251 215
f 264 257 245
f 264 233 226
f 264 226 252
f 264 245 233
f 265 264 252
f 265 240 253
f 265 252 240
f 266 247 259
f 266 235 247
f 266 229 235
f 266 254 229
f 267 254 266
f 267 255 242
f 267 242 254
f 268 214 216
f 268 250 238
f 268 216 262
f 268 224 219
f 268 262 250
f 268 238 224
f 268 219 256
f 269 268 256
f 269 256 244
f 269 217 257
f 269 265 268
f 269 264 265
f 269 232 217
f 269 257 264
f 269 244 232
f 270 215 213
f 270 239 251
f 270 258 218
f 270 218 225
f 270 263 215
f 270 251 263
f 270 225 239
f 271 267 266
f 271 258 270
f 271 246 258
f 271 270 267
f 271 266 259
f 271 222 234
f 271 234 246
f 271 259 222
f 272 227 228
f 272 253 241
f 272 265 253
f 272 260 214
f 272 214 268
f 272 268 265
f 272 241 227
f 272 228 260
f 273 243 255
f 273 230 231
f 273 261 230
f 273 213 261
f 273 267 270
f 273 231 243
f 273 255 267
f 273 270 213
f 276 275 274
f 276 277 275
f 282 288 289
f 282 289 281
f 280 281 289
f 283 288 282
f 287 288 283
f 290 280 289
f 279 280 290
f 284 287 283
f 291 278 279
f 291 279 290
f 286 284 285
f 286 287 284
f 295 293 292
f 295 294 293
f 296 298 299
f 296 299 300
f 301 297 296
f 301 296 300
f 305 303 304
f 302 303 305
f 314 310 309
f 314 311 312
f 314 312 313
f 314 313 310
f 314 306 311
f 315 307 306
f 315 308 307
f 315 309 308
f 315 314 309
f 315 306 314
f 318 317 316
f 318 319 317
f 321 323 324
f 322 323 321
f 320 322 321
f 325 321 324
f 329 326 327
f 329 328 326
f 334 331 330
f 334 330 332
f 333 334 332
f 338 339 331
f 335 331 334
f 335 338 331
f 337 335 336
f 337 338 335
f 342 340 343
f 341 340 342
f 347 346 345
f 344 347 345
f 348 350 351
f 348 351 352
f 353 349 348
f 353 348 352
f 357 354 356
f 355 354 357
f 358 360 359
f 358 361 360
f 369 362 363
f 369 364 362
f 368 365 364
f 368 366 365
f 368 364 369
f 367 366 368
f 370 372 371
f 370 373 372
f 376 375 374
f 377 376 374
f 378 381 380
f 379 381 378
f 382 384 385
f 382 385 386
f 383 382 386
f 418 387 389
f 418 389 390
f 418 390 391
f 417 391 392
f 417 418 391
f 411 388 387
f 411 387 418
f 393 417 392
f 410 388 411
f 409 410 411
f 394 417 393
f 412 408 409
f 412 409 411
f 416 394 395
f 416 417 394
f 407 408 412
f 396 416 395
f 397 416 396
f 406 407 412
f 413 405 406
f 413 406 412
f 415 397 398
f 415 416 397
f 401 402 414
f 403 413 414
f 403 414 402
f 400 414 415
f 400 401 414
f 404 405 413
f 404 413 403
f 399 415 398
f 399 400 415
f 422 423 420
f 421 420 419
f 421 422 420
f 425 427 426
f 424 425 426
f 430 429 428
f 431 430 428
f 434 435 436
f 434 436 432
f 445 432 433
f 445 434 432
f 438 437 434
f 438 434 445
f 441 445 444
f 440 439 438
f 440 438 445
f 440 445 441
f 443 441 442
f 443 440 441
f 453 447 446
f 452 448 447
f 452 447 453
f 451 449 448
f 451 448 452
f 450 449 451
f 460 457 458
f 459 460 458
f 461 456 457
f 461 457 460
f 455 461 454
f 455 456 461
f 463 462 464
f 463 464 465
f 466 463 465
f 469 467 468
f 469 468 470
f 473 472 471
f 474 473 471
f 475 477 476
f 475 478 477
f 486 479 480
f 486 481 479
f 485 482 481
f 485 481 486
f 484 483 482
f 484 482 485
f 489 488 487
f 489 487 490
f 494 492 491
f 494 493 492
f 498 495 496
f 498 497 495
f 499 501 502
f 499 502 503
f 500 499 503
f 510 505 504
f 510 504 511
f 509 506 505
f 509 507 506
f 509 505 510
f 508 507 509
f 512 513 525
f 521 525 524
f 520 521 522
f 520 522 523
f 520 525 521
f 514 515 516
f 514 516 512
f 518 512 525
f 518 525 520
f 518 514 512
f 519 518 520
f 517 514 518
f 533 526 527
f 528 533 527
f 532 533 528
f 530 531 532
f 529 530 532
f 529 532 528
f 535 534 536
f 535 536 537
f 538 535 537
f 540 542 541
f 539 540 541
f 545 544 543
f 546 545 543
f 549 548 547
f 549 547 550
f 558 551 552
f 558 553 551
f 557 554 553
f 557 555 554
f 557 553 558
f 556 555 557
f 561 560 559
f 561 559 562
f 566 564 563
f 566 565 564
f 570 567 568
f 570 569 567
f 575 572 571
f 574 571 573
f 574 575 571
f 582 577 576
f 582 576 583
f 581 578 577
f 581 577 582
f 580 579 578
f 580 578 581
f 593 594 595
f 593 595 592
f 597 596 593
f 590 592 591
f 590 593 592
f 590 597 593
f 584 585 597
f 584 597 590
f 586 590 589
f 586 584 590
f 588 584 586
f 587 588 586
f 604 605 606
f 607 604 606
f 599 604 607
f 603 604 599
f 601 602 603
f 600 599 598
f 600 601 603
f 600 603 599
f 610 609 608
f 610 608 611
f 616 615 614
f 618 614 613
f 619 618 613
f 617 616 614
f 617 614 618
f 612 613 614
f 623 622 620
f 621 623 620
f 625 627 628
f 626 627 625
f 624 626 625
f 629 625 628
f 632 631 630
f 632 633 631
f 642 634 635
f 642 635 636
f 642 636 637
f 642 638 634
f 642 637 641
f 643 639 638
f 643 640 639
f 643 641 640
f 643 642 641
f 643 638 642
f 644 647 645
f 646 647 644
f 648 650 651
f 648 651 652
f 653 649 648
f 653 648 652
f 657 656 655
f 654 657 655
f 658 660 659
f 661 660 658
f 663 665 666
f 664 665 663
f 662 664 663
f 667 663 666
f 670 669 668
f 670 671 669
f 680 672 673
f 680 673 674
f 680 674 675
f 680 675 679
f 681 676 672
f 681 677 676
f 681 678 677
f 681 679 678
f 681 680 679
f 681 672 680
f 685 682 684
f 683 682 685
f 686 688 689
f 686 689 690
f 691 687 686
f 691 686 690
f 692 695 693
f 695 694 693
f 696 698 697
f 696 699 698
f 701 703 704
f 702 703 701
f 700 702 701
f 705 701 704
f 707 706 708
f 707 708 709
f 718 710 711
f 718 711 712
f 718 712 713
f 718 713 717
f 719 714 710
f 719 715 714
f 719 716 715
f 719 717 716
f 719 718 717
f 719 710 718
f 722 721 723
f 720 721 722
f 725 727 726
f 724 725 726
f 731 732 729
f 730 729 728
f 730 731 729
f 735 739 738
f 741 740 739
f 737 735 736
f 742 743 744
f 742 744 741
f 742 741 739
f 733 735 737
f 746 745 742
f 746 739 735
f 746 742 739
f 746 735 733
f 734 746 733
f 751 748 747
f 750 747 749
f 750 751 747
f 759 753 752
f 758 754 753
f 758 753 759
f 757 755 754
f 757 754 758
f 756 755 757
f 763 760 761
f 763 762 760
f 766 765 764
f 767 766 764
f 768 770 769
f 768 771 770
f 779 772 773
f 779 774 772
f 778 775 774
f 778 774 779
f 777 776 775
f 777 775 778
f 782 781 780
f 782 780 783
f 786 785 784
f 787 786 784
f 796 789 788
f 796 788 797
f 795 790 789
f 795 789 796
f 794 791 790
f 794 790 795
f 793 792 791
f 793 791 794
f 803 805 804
f 802 806 805
f 802 805 803
f 801 807 806
f 801 806 802
f 800 799 807
f 800 807 801
f 798 799 800
f 818 814 815
f 818 815 817
f 816 815 808
f 816 817 815
f 813 818 819
f 813 814 818
f 823 808 809
f 823 816 808
f 812 819 820
f 812 813 819
f 810 822 823
f 810 823 809
f 811 820 821
f 811 821 822
f 811 812 820
f 811 822 810
f 832 825 824
f 832 824 833
f 831 826 825
f 831 825 832
f 830 827 826
f 830 826 831
f 829 828 827
f 829 827 830
f 837 838 843
f 842 837 843
f 841 836 837
f 841 837 842
f 840 835 836
f 840 836 841
f 839 834 835
f 839 835 840
f 848 850 849
f 848 853 850
f 847 852 853
f 847 853 848
f 846 851 852
f 846 852 847
f 844 845 851
f 844 851 846
f 922 863 864
f 922 864 921
f 923 861 862
f 923 862 863
f 923 863 922
f 924 921 920
f 924 922 921
f 925 922 924
f 925 861 923
f 925 923 922
f 926 920 919
f 926 924 920
f 927 924 926
f 927 925 924
f 927 861 925
f 928 926 919
f 928 919 918
f 929 927 926
f 929 861 927
f 929 926 928
f 930 918 917
f 930 928 918
f 931 929 928
f 931 928 930
f 931 861 929
f 932 917 916
f 932 930 917
f 933 861 931
f 933 930 932
f 933 931 930
f 934 932 916
f 934 916 915
f 935 860 861
f 935 932 934
f 935 933 932
f 935 861 933
f 936 934 915
f 936 915 914
f 937 860 935
f 937 934 936
f 937 935 934
f 938 914 913
f 938 936 914
f 939 937 936
f 939 860 937
f 939 936 938
f 940 913 912
f 940 938 913
f 941 938 940
f 941 939 938
f 941 860 939
f 942 912 911
f 942 940 912
f 943 860 941
f 943 941 940
f 943 940 942
f 944 911 910
f 944 942 911
f 945 942 944
f 945 943 942
f 945 860 943
f 946 944 910
f 946 910 909
f 947 944 946
f 947 945 944
f 947 860 945
f 948 946 909
f 948 909 908
f 949 946 948
f 949 947 946
f 949 860 947
f 950 948 908
f 950 908 907
f 951 948 950
f 951 949 948
f 951 860 949
f 952 950 907
f 952 907 906
f 953 950 952
f 953 951 950
f 953 860 951
f 954 952 906
f 954 906 905
f 955 953 952
f 955 860 953
f 955 952 954
f 956 954 905
f 956 905 904
f 957 860 955
f 957 955 954
f 957 954 956
f 958 956 904
f 958 904 903
f 959 860 957
f 959 957 956
f 959 956 958
f 960 958 903
f 960 903 902
f 961 860 959
f 961 959 958
f 961 958 960
f 962 902 901
f 962 960 902
f 963 961 960
f 963 860 961
f 963 960 962
f 964 901 900
f 964 962 901
f 965 859 860
f 965 860 963
f 965 963 962
f 965 962 964
f 966 900 899
f 966 964 900
f 967 859 965
f 967 965 964
f 967 964 966
f 968 966 899
f 968 899 898
f 969 859 967
f 969 966 968
f 969 967 966
f 970 898 897
f 970 968 898
f 971 859 969
f 971 969 968
f 971 968 970
f 972 897 896
f 972 970 897
f 973 859 971
f 973 971 970
f 973 970 972
f 974 972 896
f 974 896 895
f 975 859 973
f 975 972 974
f 975 973 972
f 976 895 894
f 976 974 895
f 977 975 974
f 977 859 975
f 977 974 976
f 978 976 894
f 978 894 893
f 979 976 978
f 979 977 976
f 979 859 977
f 980 978 893
f 980 893 892
f 981 859 979
f 981 978 980
f 981 979 978
f 982 980 892
f 982 892 891
f 983 980 982
f 983 981 980
f 983 859 981
f 984 982 891
f 984 891 890
f 985 859 983
f 985 983 982
f 985 982 984
f 986 984 890
f 986 890 889
f 987 985 984
f 987 984 986
f 987 859 985
f 988 986 889
f 988 889 888
f 989 987 986
f 989 986 988
f 989 859 987
f 990 988 888
f 990 888 887
f 991 989 988
f 991 988 990
f 991 859 989
f 992 887 886
f 992 990 887
f 993 858 859
f 993 859 991
f 993 991 990
f 993 990 992
f 994 886 885
f 994 992 886
f 994 993 992
f 995 993 994
f 995 858 993
f 996 885 884
f 996 994 885
f 997 995 994
f 997 858 995
f 997 994 996
f 998 884 883
f 998 996 884
f 999 858 997
f 999 997 996
f 999 996 998
f 1000 883 882
f 1000 998 883
f 1001 999 998
f 1001 858 999
f 1001 998 1000
f 1002 882 881
f 1002 1000 882
f 1003 1001 1000
f 1003 858 1001
f 1003 1000 1002
f 1004 881 880
f 1004 1002 881
f 1005 858 1003
f 1005 1003 1002
f 1005 1002 1004
f 1006 880 879
f 1006 1004 880
f 1007 1005 1004
f 1007 858 1005
f 1007 1004 1006
f 1008 879 878
f 1008 1006 879
f 1009 858 1007
f 1009 1007 1006
f 1009 1006 1008
f 1010 878 877
f 1010 1008 878
f 1010 1009 1008
f 1011 858 1009
f 1011 1009 1010
f 1012 877 876
f 1012 1010 877
f 1013 1010 1012
f 1013 858 1011
f 1013 1011 1010
f 1014 876 875
f 1014 1012 876
f 1015 858 1013
f 1015 1012 1014
f 1015 1013 1012
f 1016 875 874
f 1016 1014 875
f 1017 1015 1014
f 1017 1014 1016
f 1017 858 1015
f 1018 1016 874
f 1018 874 873
f 1019 858 1017
f 1019 1017 1016
f 1019 1016 1018
f 1020 1019 1018
f 1020 873 872
f 1020 1018 873
f 1021 1019 1020
f 1021 858 1019
f 1022 872 871
f 1022 1020 872
f 1023 854 858
f 1023 858 1021
f 1023 1021 1020
f 1023 1020 1022
f 1024 871 870
f 1024 1022 871
f 1024 1023 1022
f 1025 854 1023
f 1025 1023 1024
f 1026 870 869
f 1026 1024 870
f 1026 1025 1024
f 1027 854 1025
f 1027 1025 1026
f 1028 869 868
f 1028 1026 869
f 1029 854 1027
f 1029 1027 1026
f 1029 1026 1028
f 1030 868 867
f 1030 1029 1028
f 1030 1028 868
f 1031 854 1029
f 1031 1029 1030
f 1032 867 866
f 1032 1030 867
f 1033 854 1031
f 1033 1031 1030
f 1033 1030 1032
f 1034 856 855
f 1034 857 856
f 1034 1032 866
f 1034 865 857
f 1034 866 865
f 1035 1032 1034
f 1035 855 854
f 1035 854 1033
f 1035 1034 855
f 1035 1033 1032
f 1155 1136 1137
f 1155 1137 1138
f 1155 1138 1139
f 1155 1139 1140
f 1155 1140 1141
f 1155 1141 1142
f 1155 1142 1143
f 1155 1132 1133
f 1155 1133 1134
f 1155 1134 1135
f 1155 1135 1136
f 1144 1155 1143
f 1131 1132 1155
f 1145 1155 1144
f 1130 1131 1155
f 1154 1036 1037
f 1154 1145 1146
f 1154 1146 1147
f 1154 1147 1148
f 1154 1148 1149
f 1154 1149 1150
f 1154 1150 1151
f 1154 1151 1036
f 1154 1155 1145
f 1156 1130 1155
f 1156 1123 1124
f 1156 1124 1125
f 1156 1125 1126
f 1156 1126 1127
f 1156 1127 1128
f 1156 1128 1129
f 1156 1129 1130
f 1188 1123 1156
f 1188 1122 1123
f 1038 1154 1037
f 1189 1122 1188
f 1189 1121 1122
f 1039 1154 1038
f 1190 1121 1189
f 1190 1120 1121
f 1040 1154 1039
f 1191 1120 1190
f 1191 1119 1120
f 1041 1154 1040
f 1192 1119 1191
f 1192 1118 1119
f 1042 1154 1041
f 1193 1118 1192
f 1193 1117 1118
f 1043 1154 1042
f 1194 1116 1117
f 1194 1117 1193
f 1195 1116 1194
f 1115 1116 1195
f 1196 1115 1195
f 1114 1115 1196
f 1197 1114 1196
f 1113 1114 1197
f 1198 1113 1197
f 1112 1113 1198
f 1199 1112 1198
f 1111 1112 1199
f 1200 1111 1199
f 1110 1111 1200
f 1201 1110 1200
f 1109 1110 1201
f 1202 1109 1201
f 1153 1043 1044
f 1153 1044 1045
f 1153 1045 1046
f 1153 1046 1047
f 1153 1047 1048
f 1153 1048 1049
f 1153 1049 1050
f 1153 1154 1043
f 1108 1202 1203
f 1108 1109 1202
f 1051 1153 1050
f 1204 1108 1203
f 1107 1108 1204
f 1052 1153 1051
f 1205 1107 1204
f 1106 1107 1205
f 1053 1153 1052
f 1206 1106 1205
f 1105 1106 1206
f 1054 1153 1053
f 1207 1105 1206
f 1104 1105 1207
f 1055 1153 1054
f 1208 1104 1207
f 1103 1104 1208
f 1056 1153 1055
f 1209 1103 1208
f 1102 1103 1209
f 1057 1153 1056
f 1210 1102 1209
f 1101 1102 1210
f 1101 1210 1211
f 1058 1153 1057
f 1100 1211 1212
f 1100 1101 1211
f 1099 1212 1213
f 1099 1100 1212
f 1098 1213 1214
f 1098 1099 1213
f 1097 1214 1215
f 1097 1098 1214
f 1096 1097 1215
f 1096 1215 1216
f 1152 1058 1059
f 1152 1059 1060
f 1152 1060 1061
f 1152 1061 1062
f 1152 1062 1063
f 1152 1153 1058
f 1095 1096 1216
f 1095 1216 1217
f 1064 1152 1063
f 1094 1157 1158
f 1094 1095 1217
f 1094 1217 1157
f 1065 1152 1064
f 1065 1187 1152
f 1066 1187 1065
f 1066 1186 1187
f 1093 1158 1159
f 1093 1094 1158
f 1067 1186 1066
f 1067 1185 1186
f 1092 1159 1160
f 1092 1093 1159
f 1068 1184 1185
f 1068 1185 1067
f 1091 1160 1161
f 1091 1092 1160
f 1069 1183 1184
f 1069 1184 1068
f 1090 1161 1162
f 1090 1091 1161
f 1070 1182 1183
f 1070 1183 1069
f 1089 1162 1163
f 1089 1090 1162
f 1071 1181 1182
f 1071 1182 1070
f 1088 1163 1164
f 1088 1089 1163
f 1072 1180 1181
f 1072 1181 1071
f 1087 1164 1165
f 1087 1088 1164
f 1073 1179 1180
f 1073 1180 1072
f 1086 1165 1166
f 1086 1087 1165
f 1074 1179 1073
f 1074 1178 1179
f 1085 1086 1166
f 1085 1166 1167
f 1075 1178 1074
f 1075 1177 1178
f 1084 1085 1167
f 1084 1167 1168
f 1076 1177 1075
f 1076 1176 1177
f 1083 1168 1169
f 1083 1084 1168
f 1077 1176 1076
f 1077 1175 1176
f 1082 1083 1169
f 1082 1169 1170
f 1078 1175 1077
f 1078 1174 1175
f 1081 1170 1171
f 1081 1082 1170
f 1079 1172 1173
f 1079 1173 1174
f 1079 1174 1078
f 1080 1171 1172
f 1080 1081 1171
f 1080 1172 1079
f 1286 1276 1275
f 1286 1285 1276
f 1287 1283 1284
f 1287 1284 1285
f 1287 1285 1286
f 1288 1275 1274
f 1288 1286 1275
f 1289 1286 1288
f 1289 1287 1286
f 1289 1283 1287
f 1290 1274 1273
f 1290 1288 1274
f 1291 1288 1290
f 1291 1283 1289
f 1291 1289 1288
f 1292 1290 1273
f 1292 1273 1272
f 1293 1291 1290
f 1293 1283 1291
f 1293 1290 1292
f 1294 1272 1271
f 1294 1292 1272
f 1295 1283 1293
f 1295 1293 1292
f 1295 1292 1294
f 1296 1271 1270
f 1296 1294 1271
f 1297 1283 1295
f 1297 1294 1296
f 1297 1295 1294
f 1298 1270 1269
f 1298 1296 1270
f 1299 1297 1296
f 1299 1283 1297
f 1299 1296 1298
f 1299 1282 1283
f 1300 1298 1269
f 1300 1269 1268
f 1301 1282 1299
f 1301 1298 1300
f 1301 1299 1298
f 1302 1268 1267
f 1302 1300 1268
f 1303 1301 1300
f 1303 1282 1301
f 1303 1300 1302
f 1304 1267 1266
f 1304 1302 1267
f 1305 1302 1304
f 1305 1303 1302
f 1305 1282 1303
f 1306 1266 1265
f 1306 1304 1266
f 1307 1282 1305
f 1307 1304 1306
f 1307 1305 1304
f 1308 1306 1265
f 1308 1265 1264
f 1309 1307 1306
f 1309 1306 1308
f 1309 1282 1307
f 1310 1308 1264
f 1310 1264 1263
f 1311 1309 1308
f 1311 1308 1310
f 1311 1282 1309
f 1312 1310 1263
f 1312 1263 1262
f 1313 1311 1310
f 1313 1282 1311
f 1313 1310 1312
f 1314 1312 1262
f 1314 1262 1261
f 1315 1312 1314
f 1315 1313 1312
f 1315 1282 1313
f 1316 1314 1261
f 1316 1261 1260
f 1317 1314 1316
f 1317 1315 1314
f 1317 1282 1315
f 1318 1316 1260
f 1318 1260 1259
f 1319 1282 1317
f 1319 1317 1316
f 1319 1316 1318
f 1320 1318 1259
f 1320 1259 1258
f 1321 1282 1319
f 1321 1319 1318
f 1321 1318 1320
f 1322 1320 1258
f 1322 1258 1257
f 1323 1282 1321
f 1323 1321 1320
f 1323 1320 1322
f 1324 1257 1256
f 1324 1322 1257
f 1325 1282 1323
f 1325 1323 1322
f 1325 1322 1324
f 1326 1256 1255
f 1326 1324 1256
f 1327 1282 1325
f 1327 1325 1324
f 1327 1324 1326
f 1328 1255 1254
f 1328 1326 1255
f 1329 1282 1327
f 1329 1327 1326
f 1329 1326 1328
f 1329 1281 1282
f 1330 1254 1253
f 1330 1328 1254
f 1331 1281 1329
f 1331 1329 1328
f 1331 1328 1330
f 1332 1253 1252
f 1332 1330 1253
f 1333 1281 1331
f 1333 1331 1330
f 1333 1330 1332
f 1334 1252 1251
f 1334 1332 1252
f 1335 1281 1333
f 1335 1333 1332
f 1335 1332 1334
f 1336 1251 1250
f 1336 1334 1251
f 1337 1281 1335
f 1337 1335 1334
f 1337 1334 1336
f 1338 1336 1250
f 1338 1250 1249
f 1339 1281 1337
f 1339 1336 1338
f 1339 1337 1336
f 1340 1249 1248
f 1340 1338 1249
f 1341 1339 1338
f 1341 1281 1339
f 1341 1338 1340
f 1342 1248 1247
f 1342 1340 1248
f 1343 1340 1342
f 1343 1281 1341
f 1343 1341 1340
f 1344 1247 1246
f 1344 1342 1247
f 1345 1281 1343
f 1345 1342 1344
f 1345 1343 1342
f 1346 1344 1246
f 1346 1246 1245
f 1347 1345 1344
f 1347 1344 1346
f 1347 1281 1345
f 1348 1346 1245
f 1348 1245 1244
f 1349 1346 1348
f 1349 1281 1347
f 1349 1347 1346
f 1350 1348 1244
f 1350 1244 1243
f 1351 1349 1348
f 1351 1348 1350
f 1351 1281 1349
f 1352 1243 1242
f 1352 1350 1243
f 1353 1351 1350
f 1353 1350 1352
f 1353 1281 1351
f 1354 1242 1241
f 1354 1352 1242
f 1355 1353 1352
f 1355 1281 1353
f 1355 1352 1354
f 1356 1241 1240
f 1356 1354 1241
f 1357 1355 1354
f 1357 1281 1355
f 1357 1354 1356
f 1357 1280 1281
f 1358 1240 1239
f 1358 1357 1356
f 1358 1356 1240
f 1359 1280 1357
f 1359 1357 1358
f 1360 1358 1239
f 1360 1239 1238
f 1361 1359 1358
f 1361 1280 1359
f 1361 1358 1360
f 1362 1238 1237
f 1362 1360 1238
f 1363 1280 1361
f 1363 1360 1362
f 1363 1361 1360
f 1364 1237 1236
f 1364 1362 1237
f 1365 1363 1362
f 1365 1280 1363
f 1365 1362 1364
f 1366 1236 1235
f 1366 1364 1236
f 1367 1365 1364
f 1367 1280 1365
f 1367 1364 1366
f 1368 1235 1234
f 1368 1366 1235
f 1369 1280 1367
f 1369 1367 1366
f 1369 1366 1368
f 1370 1234 1233
f 1370 1368 1234
f 1371 1369 1368
f 1371 1280 1369
f 1371 1368 1370
f 1372 1233 1232
f 1372 1370 1233
f 1373 1280 1371
f 1373 1371 1370
f 1373 1370 1372
f 1374 1232 1231
f 1374 1372 1232
f 1374 1373 1372
f 1375 1280 1373
f 1375 1373 1374
f 1376 1231 1230
f 1376 1374 1231
f 1377 1374 1376
f 1377 1280 1375
f 1377 1375 1374
f 1378 1230 1229
f 1378 1376 1230
f 1379 1280 1377
f 1379 1376 1378
f 1379 1377 1376
f 1380 1229 1228
f 1380 1378 1229
f 1381 1379 1378
f 1381 1378 1380
f 1381 1280 1379
f 1382 1228 1227
f 1382 1380 1228
f 1383 1280 1381
f 1383 1380 1382
f 1383 1381 1380
f 1384 1227 1226
f 1384 1382 1227
f 1384 1383 1382
f 1385 1280 1383
f 1385 1383 1384
f 1386 1226 1225
f 1386 1384 1226
f 1387 1385 1384
f 1387 1384 1386
f 1387 1277 1280
f 1387 1280 1385
f 1388 1225 1224
f 1388 1387 1386
f 1388 1386 1225
f 1389 1277 1387
f 1389 1387 1388
f 1390 1224 1223
f 1390 1388 1224
f 1390 1389 1388
f 1391 1277 1389
f 1391 1389 1390
f 1392 1223 1222
f 1392 1390 1223
f 1393 1391 1390
f 1393 1277 1391
f 1393 1390 1392
f 1394 1222 1221
f 1394 1393 1392
f 1394 1392 1222
f 1395 1277 1393
f 1395 1393 1394
f 1396 1221 1220
f 1396 1394 1221
f 1397 1277 1395
f 1397 1395 1394
f 1397 1394 1396
f 1398 1219 1218
f 1398 1220 1219
f 1398 1396 1220
f 1398 1279 1278
f 1398 1218 1279
f 1399 1277 1397
f 1399 1278 1277
f 1399 1397 1396
f 1399 1396 1398
f 1399 1398 1278
f 1404 1400 1401
f 1405 1401 1402
f 1405 1404 1401
f 1406 1405 1402
f 1403 1406 1402
f 1442 1407 1408
f 1443 1442 1408
f 1444 1443 1408
f 1445 1444 1408
f 1446 1445 1408
f 1447 1446 1408
f 1448 1447 1408
f 1449 1448 1408
f 1450 1449 1408
f 1451 1450 1408
f 1452 1451 1408
f 1453 1452 1408
f 1454 1453 1408
f 1455 1454 1408
f 1456 1455 1408
f 1457 1456 1408
f 1458 1457 1408
f 1459 1458 1408
f 1460 1459 1408
f 1461 1460 1408
f 1462 1461 1408
f 1463 1462 1408
f 1464 1463 1408
f 1465 1464 1408
f 1466 1465 1408
f 1467 1466 1408
f 1468 1467 1408
f 1469 1468 1408
f 1470 1469 1408
f 1471 1470 1408
f 1411 1408 1409
f 1411 1471 1408
f 1412 1411 1409
f 1413 1412 1409
f 1414 1413 1409
f 1415 1414 1409
f 1416 1415 1409
f 1417 1416 1409
f 1418 1417 1409
f 1419 1418 1409
f 1420 1419 1409
f 1421 1420 1409
f 1422 1421 1409
f 1423 1422 1409
f 1424 1423 1409
f 1425 1424 1409
f 1426 1425 1409
f 1427 1426 1409
f 1428 1427 1409
f 1429 1428 1409
f 1430 1429 1409
f 1431 1430 1409
f 1432 1431 1409
f 1433 1432 1409
f 1434 1433 1409
f 1435 1434 1409
f 1436 1435 1409
f 1437 1436 1409
f 1438 1437 1409
f 1439 1438 1409
f 1440 1439 1409
f 1441 1440 1409
f 1410 1441 1409
f 1476 1478 1477
f 1476 1479 1478
f 1475 1480 1479
f 1475 1479 1476
f 1474 1481 1480
f 1474 1480 1475
f 1472 1473 1481
f 1472 1481 1474
f 1483 1484 1482
f 1485 1484 1483
f 1489 1487 1486
f 1489 1488 1487
f 1498 1496 1497
f 1498 1499 1491
f 1490 1498 1491
f 1490 1496 1498
f 1495 1496 1490
f 1492 1495 1490
f 1494 1495 1492
f 1493 1494 1492
f 1517 1514 1515
f 1517 1515 1516
f 1518 1513 1514
f 1518 1514 1517
f 1519 1512 1513
f 1519 1513 1518
f 1511 1512 1519
f 1508 1509 1510
f 1508 1510 1511
f 1500 1507 1508
f 1506 1507 1500
f 1501 1506 1500
f 1505 1506 1501
f 1502 1505 1501
f 1504 1505 1502
f 1503 1504 1502
f 1519 1500 1508
f 1519 1508 1511
f 1523 1520 1521
f 1523 1522 1520
f 1533 1531 1532
f 1530 1531 1533
f 1534 1530 1533
f 1535 1530 1534
f 1536 1530 1535
f 1528 1530 1536
f 1537 1528 1536
f 1538 1528 1537
f 1529 1528 1538
f 1539 1529 1538
f 1527 1539 1540
f 1527 1529 1539
f 1541 1527 1540
f 1526 1541 1542
f 1526 1542 1543
f 1526 1527 1541
f 1544 1526 1543
f 1524 1544 1525
f 1524 1526 1544
f 1548 1549 1551
f 1547 1551 1550
f 1547 1548 1551
f 1546 1550 1545
f 1546 1547 1550
f 1554 1555 1556
f 1557 1554 1556
f 1553 1557 1558
f 1553 1554 1557
f 1559 1553 1558
f 1552 1553 1559
f 1563 1561 1560
f 1563 1560 1567
f 1565 1567 1566
f 1562 1561 1563
f 1564 1567 1565
f 1564 1563 1567
f 1574 1570 1569
f 1574 1571 1570
f 1574 1573 1571
f 1575 1569 1568
f 1575 1574 1569
f 1572 1575 1568
f 1576 1578 1577
f 1576 1579 1578
f 1580 1579 1576
f 1583 1580 1576
f 1582 1581 1580
f 1582 1580 1583
f 1596 1597 1598
f 1599 1596 1598
f 1595 1596 1599
f 1594 1595 1599
f 1593 1594 1599
f 1600 1593 1599
f 1592 1593 1600
f 1591 1592 1600
f 1602 1591 1600
f 1590 1591 1602
f 1601 1589 1590
f 1601 1590 1602
f 1588 1589 1601
f 1603 1586 1587
f 1603 1587 1588
f 1603 1588 1601
f 1585 1586 1603
f 1604 1584 1585
f 1604 1585 1603
f 1605 1606 1607
f 1610 1607 1608
f 1610 1605 1607
f 1609 1610 1608
f 1622 1624 1623
f 1620 1619 1618
f 1627 1621 1620
f 1627 1622 1621
f 1627 1624 1622
f 1617 1620 1618
f 1616 1615 1614
f 1625 1624 1627
f 1626 1625 1627
f 1612 1617 1616
f 1612 1627 1620
f 1612 1620 1617
f 1613 1611 1612
f 1613 1616 1614
f 1613 1612 1616
f 1631 1629 1628
f 1630 1631 1628
f 1637 1665 1666
f 1638 1637 1666
f 1639 1638 1666
f 1640 1639 1666
f 1667 1641 1640
f 1667 1642 1641
f 1667 1643 1642
f 1667 1640 1666
f 1644 1643 1667
f 1645 1644 1667
f 1646 1645 1667
f 1647 1646 1667
f 1664 1665 1637
f 1648 1647 1667
f 1649 1648 1667
f 1650 1649 1667
f 1651 1650 1667
f 1652 1651 1667
f 1653 1652 1667
f 1654 1653 1667
f 1655 1654 1667
f 1656 1655 1667
f 1657 1656 1667
f 1658 1657 1667
f 1659 1658 1667
f 1660 1659 1667
f 1668 1661 1660
f 1668 1662 1661
f 1668 1663 1662
f 1668 1636 1663
f 1668 1660 1667
f 1632 1636 1668
f 1635 1636 1632
f 1633 1632 1668
f 1634 1635 1632
f 1672 1671 1669
f 1673 1675 1674
f 1670 1672 1669
f 1678 1673 1672
f 1678 1672 1670
f 1676 1678 1677
f 1676 1673 1678
f 1676 1675 1673
f 1681 1684 1680
f 1679 1680 1684
f 1683 1679 1684
f 1682 1684 1681
f 1686 1679 1683
f 1683 1685 1686
f 1690 1691 1688
f 1689 1690 1688
f 1687 1689 1688
f 1697 1703 1704
f 1697 1704 1696
f 1706 1692 1696
f 1706 1696 1704
f 1707 1692 1706
f 1700 1699 1702
f 1710 1702 1703
f 1710 1703 1697
f 1716 1710 1697
f 1693 1692 1707
f 1709 1708 1700
f 1709 1693 1708
f 1714 1711 1712
f 1714 1712 1713
f 1698 1716 1697
f 1694 1709 1711
f 1694 1714 1715
f 1694 1693 1709
f 1694 1711 1714
f 1695 1694 1715
f 1695 1715 1698
f 1699 1701 1702
f 1704 1705 1706
f 1707 1708 1693
f 1710 1709 1700
f 1710 1700 1702
f 1715 1716 1698
f 1735 1737 1736
f 1734 1737 1735
f 1733 1732 1731
f 1730 1733 1731
f 1729 1728 1727
f 1720 1734 1733
f 1720 1719 1734
f 1720 1733 1730
f 1738 1719 1717
f 1738 1734 1719
f 1738 1737 1734
f 1723 1720 1730
f 1718 1738 1717
f 1721 1720 1723
f 1724 1730 1729
f 1724 1723 1730
f 1722 1721 1723
f 1726 1725 1724
f 1726 1729 1727
f 1726 1724 1729
f 1740 1739 1741
f 1742 1740 1741
f 1745 1746 1747
f 1744 1745 1747
f 1748 1744 1747
f 1743 1744 1748
f 1749 1743 1748
f 1764 1763 1762
f 1765 1767 1766
f 1768 1767 1765
f 1759 1765 1764
f 1759 1764 1762
f 1770 1751 1771
f 1761 1759 1762
f 1758 1765 1759
f 1760 1759 1761
f 1769 1751 1770
f 1755 1765 1758
f 1755 1768 1765
f 1757 1755 1758
f 1756 1755 1757
f 1754 1769 1768
f 1754 1751 1769
f 1754 1768 1755
f 1750 1753 1752
f 1750 1754 1753
f 1750 1751 1754
f 1792 1779 1780
f 1791 1792 1780
f 1778 1779 1792
f 1781 1791 1780
f 1793 1778 1792
f 1790 1791 1781
f 1789 1781 1782
f 1789 1790 1781
f 1794 1777 1778
f 1794 1778 1793
f 1788 1782 1783
f 1788 1789 1782
f 1795 1776 1777
f 1795 1777 1794
f 1787 1788 1783
f 1796 1776 1795
f 1784 1787 1783
f 1775 1776 1796
f 1797 1775 1796
f 1785 1786 1787
f 1785 1787 1784
f 1774 1775 1797
f 1799 1786 1785
f 1798 1774 1797
f 1772 1798 1799
f 1772 1799 1785
f 1773 1798 1772
f 1773 1774 1798
f 1801 1800 1804
f 1801 1804 1805
f 1802 1801 1805
f 1803 1802 1805
f 1811 1812 1813
f 1811 1813 1814
f 1815 1806 1808
f 1815 1808 1809
f 1815 1809 1810
f 1807 1806 1815
f 1814 1815 1810
f 1814 1810 1811
f 1817 1816 1820
f 1817 1820 1821
f 1818 1821 1822
f 1818 1817 1821
f 1819 1818 1822
f 1825 1824 1826
f 1823 1824 1825
f 1832 1830 1831
f 1827 1832 1833
f 1827 1830 1832
f 1828 1827 1833
f 1827 1829 1830
f 1838 1837 1836
f 1841 1840 1839
f 1845 1834 1835
f 1845 1844 1843
f 1845 1835 1844
f 1846 1836 1834
f 1846 1839 1838
f 1846 1842 1841
f 1846 1843 1842
f 1846 1838 1836
f 1846 1841 1839
f 1846 1845 1843
f 1846 1834 1845
f 1851 1850 1849
f 1848 1851 1849
f 1854 1853 1852
f 1847 1852 1851
f 1847 1851 1848
f 1847 1854 1852
f 1868 1869 1870
f 1868 1870 1871
f 1865 1866 1867
f 1865 1867 1868
f 1865 1868 1871
f 1864 1871 1872
f 1864 1872 1873
f 1864 1865 1871
f 1863 1864 1873
f 1862 1873 1874
f 1862 1863 1873
f 1861 1874 1875
f 1861 1875 1876
f 1861 1862 1874
f 1860 1876 1877
f 1860 1861 1876
f 1859 1877 1878
f 1859 1860 1877
f 1858 1878 1879
f 1858 1859 1878
f 1857 1879 1880
f 1857 1858 1879
f 1856 1880 1881
f 1856 1857 1880
f 1855 1881 1882
f 1855 1856 1881
f 1892 1891 1890
f 1893 1887 1886
f 1893 1888 1887
f 1893 1889 1888
f 1893 1890 1889
f 1894 1883 1884
f 1894 1885 1883
f 1894 1886 1885
f 1894 1884 1892
f 1894 1890 1893
f 1894 1892 1890
f 1894 1893 1886
f 1914 1922 1913
f 1923 1912 1913
f 1923 1913 1922
f 1911 1912 1923
f 1910 1911 1923
f 1921 1922 1914
f 1915 1921 1914
f 1924 1909 1910
f 1924 1910 1923
f 1916 1921 1915
f 1908 1909 1924
f 1920 1921 1916
f 1918 1916 1917
f 1906 1907 1908
f 1919 1916 1918
f 1905 1906 1908
f 1895 1920 1916
f 1895 1916 1919
f 1904 1905 1908
f 1896 1920 1895
f 1903 1924 1925
f 1903 1908 1924
f 1903 1904 1908
f 1897 1920 1896
f 1902 1903 1925
f 1899 1925 1920
f 1900 1925 1899
f 1901 1902 1925
f 1901 1925 1900
f 1898 1920 1897
f 1898 1899 1920
f 1932 1931 1930
f 1928 1930 1929
f 1927 1932 1930
f 1927 1930 1928
f 1926 1932 1927
f 1933 1932 1926
f 1937 1926 1938
f 1937 1933 1926
f 1936 1934 1933
f 1936 1933 1937
f 1935 1934 1936
f 1946 1942 1941
f 1946 1945 1942
f 1947 1946 1941
f 1943 1940 1939
f 1943 1941 1940
f 1943 1947 1941
f 1944 1947 1943
f 1948 1950 1949
f 1955 1950 1948
f 1954 1951 1950
f 1954 1950 1955
f 1953 1952 1951
f 1953 1951 1954
f 1960 1961 1964
f 1963 1960 1964
f 1957 1956 1960
f 1957 1960 1963
f 1958 1963 1962
f 1958 1957 1963
f 1959 1958 1962
f 1967 1969 1968
f 1967 1970 1969
f 1977 1971 1970
f 1976 1971 1977
f 1973 1972 1971
f 1973 1971 1976
f 1975 1973 1976
f 1966 1970 1967
f 1966 1977 1970
f 1974 1973 1975
f 1965 1977 1966
f 1998 1979 1980
f 1997 1998 1980
f 1999 1979 1998
f 1978 1979 1999
f 1981 1997 1980
f 2000 1978 1999
f 2001 1978 2000
f 1996 1997 1981
f 2004 2002 2003
f 1994 1995 1996
f 2016 1994 1996
f 2016 1996 1981
f 2005 2001 2002
f 2005 1978 2001
f 2005 2002 2004
f 2015 2016 1981
f 2006 1978 2005
f 2007 1978 2006
f 2014 2015 1981
f 1983 2013 1982
f 1992 1993 2008
f 2009 1992 2008
f 2009 1991 1992
f 2012 1983 1984
f 2012 2013 1983
f 1985 2012 1984
f 1990 1991 2009
f 1988 1989 2010
f 1988 2010 2011
f 1987 2011 1986
f 1987 1988 2011
f 1981 1982 2014
f 1993 1978 2007
f 2007 2008 1993
f 2009 2010 1989
f 2009 1989 1990
f 2011 2012 1986
f 1986 2012 1985
f 2013 2014 1982
f 2018 2017 2020
f 2019 2018 2020
f 2023 2024 2025
f 2023 2025 2022
f 2046 2023 2022
f 2047 2023 2046
f 2045 2046 2022
f 2044 2023 2047
f 2041 2023 2044
f 2021 2045 2022
f 2048 2045 2021
f 2026 2023 2041
f 2042 2026 2041
f 2050 2048 2021
f 2043 2026 2042
f 2027 2028 2029
f 2027 2029 2026
f 2027 2026 2043
f 2034 2036 2049
f 2034 2049 2050
f 2034 2050 2021
f 2040 2027 2043
f 2035 2036 2034
f 2031 2038 2039
f 2031 2039 2035
f 2030 2037 2038
f 2030 2040 2037
f 2030 2027 2040
f 2030 2038 2031
f 2033 2030 2031
f 2032 2033 2031
f 2031 2035 2034
f 2053 2052 2051
f 2054 2052 2053
f 2055 2056 2059
f 2061 2059 2058
f 2061 2055 2059
f 2062 2061 2058
f 2060 2058 2057
f 2060 2062 2058
f 2064 2063 2065
f 2064 2065 2066
f 2073 2067 2068
f 2073 2068 2071
f 2074 2070 2069
f 2074 2071 2070
f 2074 2073 2071
f 2072 2074 2069
f 2076 2077 2078
f 2075 2077 2076
f 2079 2080 2083
f 2085 2083 2082
f 2085 2079 2083
f 2086 2082 2081
f 2086 2085 2082
f 2084 2086 2081
f 2090 2088 2087
f 2089 2090 2087
f 2094 2092 2091
f 2094 2093 2092
f 2095 2098 2097
f 2095 2096 2098
f 2102 2104 2103
f 2101 2105 2104
f 2101 2104 2102
f 2100 2105 2101
f 2099 2106 2105
f 2099 2105 2100
f 2109 2111 2110
f 2109 2112 2111
f 2108 2113 2112
f 2108 2112 2109
f 2107 2114 2113
f 2107 2113 2108
f 2116 2117 2115
f 2116 2118 2117
f 2121 2123 2122
f 2121 2124 2123
f 2120 2125 2124
f 2120 2126 2125
f 2120 2124 2121
f 2119 2126 2120
f 2128 2129 2127
f 2130 2129 2128
f 2133 2135 2134
f 2133 2136 2135
f 2133 2137 2136
f 2132 2137 2133
f 2131 2138 2137
f 2131 2137 2132
f 2140 2141 2139
f 2141 2142 2139
f 2143 2146 2145
f 2144 2146 2143
f 2147 2148 2150
f 2150 2148 2149
f 2153 2154 2155
f 2170 2168 2169
f 2180 2165 2166
f 2180 2166 2167
f 2180 2167 2168
f 2180 2170 2171
f 2180 2171 2172
f 2180 2172 2173
f 2180 2168 2170
f 2179 2151 2152
f 2179 2152 2153
f 2179 2155 2156
f 2179 2156 2157
f 2179 2157 2158
f 2179 2173 2174
f 2179 2174 2151
f 2179 2153 2155
f 2179 2180 2173
f 2181 2165 2180
f 2178 2179 2158
f 2159 2178 2158
f 2164 2165 2181
f 2182 2164 2181
f 2177 2178 2159
f 2189 2164 2182
f 2190 2164 2189
f 2188 2189 2182
f 2191 2164 2190
f 2183 2188 2182
f 2183 2187 2188
f 2183 2192 2187
f 2163 2164 2191
f 2163 2192 2183
f 2163 2191 2192
f 2160 2176 2177
f 2160 2177 2159
f 2184 2163 2183
f 2175 2176 2160
f 2161 2175 2160
f 2161 2186 2175
f 2162 2186 2161
f 2162 2184 2185
f 2162 2185 2186
f 2162 2163 2184
f 2194 2193 2195
f 2199 2197 2198
f 2196 2197 2199
f 2200 2203 2202
f 2201 2203 2200
f 2206 2207 2204
f 2206 2204 2205
f 2209 2210 2208
f 2209 2211 2210
f 2213 2212 2214
f 2221 2223 2222
f 2221 2224 2223
f 2220 2225 2224
f 2220 2224 2221
f 2219 2226 2225
f 2219 2225 2220
f 2218 2227 2226
f 2218 2226 2219
f 2217 2228 2227
f 2217 2227 2218
f 2215 2216 2228
f 2215 2228 2217
f 2242 2230 2229
f 2241 2231 2230
f 2241 2230 2242
f 2240 2232 2231
f 2240 2231 2241
f 2239 2233 2232
f 2239 2232 2240
f 2238 2234 2233
f 2238 2233 2239
f 2237 2235 2234
f 2237 2234 2238
f 2236 2235 2237
f 2263 2253 2254
f 2263 2254 2262
f 2243 2262 2254
f 2261 2262 2243
f 2264 2252 2253
f 2264 2253 2263
f 2244 2261 2243
f 2251 2252 2264
f 2265 2251 2264
f 2260 2261 2244
f 2250 2265 2266
f 2250 2251 2265
f 2245 2259 2260
f 2245 2260 2244
f 2249 2266 2255
f 2249 2250 2266
f 2246 2258 2259
f 2246 2259 2245
f 2257 2258 2246
f 2248 2255 2256
f 2248 2249 2255
f 2247 2256 2257
f 2247 2248 2256
f 2247 2257 2246
f 2273 2275 2274
f 2273 2276 2275
f 2272 2277 2276
f 2272 2276 2273
f 2271 2278 2277
f 2271 2277 2272
f 2270 2279 2278
f 2270 2278 2271
f 2269 2280 2279
f 2269 2279 2270
f 2267 2268 2280
f 2267 2280 2269
f 2294 2282 2281
f 2293 2282 2294
f 2292 2283 2282
f 2292 2282 2293
f 2291 2284 2283
f 2291 2283 2292
f 2290 2285 2284
f 2290 2284 2291
f 2289 2286 2285
f 2289 2285 2290
f 2288 2287 2286
f 2288 2286 2289
f 2313 2295 2296
f 2313 2312 2295
f 2314 2309 2310
f 2314 2310 2311
f 2314 2311 2312
f 2314 2312 2313
f 2315 2296 2297
f 2315 2313 2296
f 2316 2308 2309
f 2316 2314 2313
f 2316 2313 2315
f 2316 2309 2314
f 2317 2297 2298
f 2317 2315 2297
f 2318 2307 2308
f 2318 2316 2315
f 2318 2315 2317
f 2318 2308 2316
f 2319 2298 2299
f 2319 2317 2298
f 2320 2306 2307
f 2320 2317 2319
f 2320 2307 2318
f 2320 2318 2317
f 2321 2299 2300
f 2321 2300 2301
f 2321 2304 2303
f 2321 2301 2304
f 2321 2319 2299
f 2322 2303 2302
f 2322 2302 2305
f 2322 2305 2306
f 2322 2320 2319
f 2322 2306 2320
f 2322 2321 2303
f 2322 2319 2321
f 2341 2334 2335
f 2341 2335 2336
f 2342 2331 2332
f 2342 2332 2333
f 2342 2333 2334
f 2342 2334 2341
f 2343 2336 2337
f 2343 2341 2336
f 2344 2330 2331
f 2344 2331 2342
f 2344 2341 2343
f 2344 2342 2341
f 2345 2337 2338
f 2345 2343 2337
f 2346 2329 2330
f 2346 2343 2345
f 2346 2344 2343
f 2346 2330 2344
f 2347 2338 2339
f 2347 2345 2338
f 2348 2328 2329
f 2348 2345 2347
f 2348 2346 2345
f 2348 2329 2346
f 2349 2325 2324
f 2349 2326 2325
f 2349 2339 2340
f 2349 2340 2326
f 2349 2347 2339
f 2350 2324 2323
f 2350 2323 2327
f 2350 2327 2328
f 2350 2348 2347
f 2350 2328 2348
f 2350 2349 2324
f 2350 2347 2349
f 2358 2360 2359
f 2357 2361 2360
f 2357 2360 2358
f 2356 2362 2361
f 2356 2361 2357
f 2355 2363 2362
f 2355 2362 2356
f 2354 2364 2363
f 2354 2363 2355
f 2353 2352 2364
f 2353 2364 2354
f 2351 2352 2353
f 2378 2366 2365
f 2377 2366 2378
f 2376 2367 2366
f 2376 2366 2377
f 2375 2368 2367
f 2375 2367 2376
f 2374 2369 2368
f 2374 2368 2375
f 2373 2370 2369
f 2373 2369 2374
f 2372 2371 2370
f 2372 2370 2373
f 2398 2389 2390
f 2397 2390 2379
f 2397 2398 2390
f 2391 2388 2389
f 2391 2389 2398
f 2387 2388 2391
f 2380 2397 2379
f 2392 2387 2391
f 2396 2397 2380
f 2381 2396 2380
f 2386 2387 2392
f 2393 2386 2392
f 2395 2396 2381
f 2382 2395 2381
f 2385 2386 2393
f 2383 2394 2395
f 2383 2395 2382
f 2384 2393 2394
f 2384 2385 2393
f 2384 2394 2383
f 2401 2405 2404
f 2401 2402 2405
f 2399 2403 2400
f 2399 2404 2403
f 2399 2401 2404
f 2412 2409 2408
f 2412 2410 2409
f 2411 2407 2406
f 2411 2408 2407
f 2411 2412 2408
f 2416 2418 2417
f 2416 2419 2418
f 2415 2420 2419
f 2415 2414 2420
f 2415 2419 2416
f 2413 2414 2415
f 2428 2422 2421
f 2427 2422 2428
f 2426 2423 2422
f 2426 2422 2427
f 2425 2424 2423
f 2425 2423 2426
f 2433 2429 2430
f 2433 2430 2431
f 2433 2431 2432
f 2433 2434 2429
f 2439 2436 2437
f 2440 2439 2437
f 2440 2441 2439
f 2442 2438 2435
f 2442 2443 2441
f 2442 2435 2443
f 2444 2441 2443
f 2444 2439 2441
f 2444 2443 2445
f 2446 2441 2440
f 2446 2442 2441
f 2447 2446 2440
f 2448 2439 2444
f 2448 2444 2445
f 2448 2449 2439
f 2450 2443 2435
f 2450 2445 2443
f 2451 2440 2437
f 2451 2447 2440
f 2452 2442 2446
f 2452 2446 2447
f 2453 2442 2452
f 2454 2448 2445
f 2454 2449 2448
f 2455 2454 2445
f 2456 2445 2450
f 2456 2455 2445
f 2457 2447 2451
f 2458 2447 2457
f 2459 2452 2447
f 2459 2453 2452
f 2459 2447 2458
f 2460 2454 2455
f 2461 2450 2435
f 2462 2451 2437
f 2463 2459 2458
f 2464 2436 2439
f 2464 2449 2465
f 2464 2439 2449
f 2466 2460 2455
f 2467 2455 2456
f 2467 2466 2455
f 2468 2450 2461
f 2468 2456 2450
f 2469 2457 2451
f 2469 2451 2462
f 2470 2458 2457
f 2471 2458 2470
f 2471 2463 2458
f 2472 2438 2442
f 2472 2442 2453
f 2472 2453 2473
f 2474 2475 2465
f 2474 2465 2449
f 2474 2449 2454
f 2474 2454 2460
f 2474 2460 2466
f 2476 2474 2466
f 2476 2466 2467
f 2477 2461 2435
f 2478 2462 2437
f 2479 2471 2470
f 2480 2463 2471
f 2480 2453 2459
f 2480 2473 2453
f 2480 2459 2463
f 2480 2471 2479
f 2481 2473 2480
f 2482 2436 2464
f 2482 2464 2465
f 2483 2476 2467
f 2484 2467 2456
f 2484 2456 2468
f 2485 2468 2461
f 2486 2469 2462
f 2487 2470 2457
f 2487 2457 2469
f 2488 2479 2470
f 2489 2472 2473
f 2489 2438 2472
f 2490 2475 2474
f 2491 2474 2476
f 2491 2476 2483
f 2491 2490 2474
f 2492 2483 2467
f 2492 2491 2483
f 2493 2477 2435
f 2494 2478 2437
f 2495 2488 2470
f 2496 2479 2488
f 2496 2480 2479
f 2496 2488 2495
f 2497 2481 2480
f 2497 2480 2496
f 2498 2465 2475
f 2498 2482 2465
f 2498 2475 2490
f 2498 2436 2482
f 2499 2492 2467
f 2499 2467 2484
f 2499 2490 2491
f 2499 2491 2492
f 2500 2468 2485
f 2500 2499 2484
f 2500 2484 2468
f 2500 2490 2499
f 2501 2435 2436
f 2501 2436 2498
f 2501 2461 2477
f 2501 2493 2435
f 2501 2500 2485
f 2501 2477 2493
f 2501 2498 2490
f 2501 2490 2500
f 2501 2485 2461
f 2502 2437 2438
f 2502 2462 2478
f 2502 2494 2437
f 2502 2486 2462
f 2502 2478 2494
f 2503 2469 2486
f 2503 2487 2469
f 2503 2486 2502
f 2503 2502 2497
f 2504 2470 2487
f 2504 2487 2503
f 2504 2495 2470
f 2504 2497 2496
f 2504 2496 2495
f 2504 2503 2497
f 2505 2473 2481
f 2505 2489 2473
f 2505 2481 2497
f 2505 2438 2489
f 2505 2502 2438
f 2505 2497 2502
f 2509 2506 2507
f 2509 2507 2508
f 2517 2511 2510
f 2516 2512 2511
f 2516 2511 2517
f 2515 2513 2512
f 2515 2512 2516
f 2514 2513 2515
f 2520 2522 2521
f 2520 2523 2522
f 2519 2524 2523
f 2519 2523 2520
f 2518 2525 2524
f 2518 2524 2519
f 2528 2529 2526
f 2527 2528 2526
f 2534 2533 2531
f 2535 2530 2532
f 2535 2536 2530
f 2535 2537 2536
f 2538 2534 2537
f 2538 2533 2534
f 2539 2537 2534
f 2539 2536 2537
f 2539 2540 2536
f 2541 2537 2535
f 2541 2538 2537
f 2542 2538 2541
f 2543 2530 2536
f 2543 2536 2540
f 2544 2534 2545
f 2544 2539 2534
f 2544 2540 2539
f 2546 2541 2535
f 2546 2542 2541
f 2547 2546 2535
f 2548 2533 2538
f 2548 2538 2542
f 2549 2543 2540
f 2550 2549 2540
f 2551 2544 2545
f 2551 2540 2544
f 2551 2550 2540
f 2552 2542 2546
f 2552 2546 2547
f 2553 2542 2552
f 2554 2548 2542
f 2554 2542 2553
f 2555 2530 2543
f 2556 2550 2551
f 2557 2553 2552
f 2558 2533 2548
f 2559 2543 2549
f 2559 2555 2543
f 2560 2549 2550
f 2561 2550 2556
f 2561 2560 2550
f 2562 2534 2531
f 2562 2563 2545
f 2562 2545 2534
f 2564 2535 2532
f 2564 2547 2535
f 2564 2565 2547
f 2566 2553 2557
f 2567 2554 2553
f 2567 2553 2566
f 2568 2548 2554
f 2568 2558 2548
f 2569 2530 2555
f 2570 2560 2561
f 2571 2570 2561
f 2571 2545 2563
f 2571 2551 2545
f 2571 2556 2551
f 2571 2561 2556
f 2572 2571 2563
f 2573 2565 2574
f 2573 2566 2557
f 2573 2552 2547
f 2573 2547 2565
f 2573 2557 2552
f 2575 2566 2573
f 2575 2567 2566
f 2576 2533 2558
f 2577 2555 2559
f 2578 2559 2549
f 2578 2549 2560
f 2579 2560 2570
f 2580 2562 2531
f 2580 2563 2562
f 2581 2565 2564
f 2581 2564 2532
f 2582 2567 2575
f 2583 2568 2554
f 2583 2554 2567
f 2584 2558 2568
f 2585 2530 2569
f 2586 2560 2579
f 2587 2579 2570
f 2587 2570 2571
f 2587 2586 2579
f 2588 2571 2572
f 2588 2587 2571
f 2589 2573 2574
f 2590 2573 2589
f 2590 2575 2573
f 2590 2582 2575
f 2591 2567 2582
f 2591 2582 2590
f 2592 2533 2576
f 2593 2531 2530
f 2593 2569 2555
f 2593 2555 2577
f 2593 2530 2585
f 2593 2585 2569
f 2594 2577 2559
f 2594 2559 2578
f 2594 2593 2577
f 2594 2588 2593
f 2595 2578 2560
f 2595 2560 2586
f 2595 2594 2578
f 2595 2586 2587
f 2595 2587 2588
f 2595 2588 2594
f 2596 2563 2580
f 2596 2572 2563
f 2596 2580 2531
f 2596 2531 2593
f 2596 2593 2588
f 2596 2588 2572
f 2597 2574 2565
f 2597 2589 2574
f 2597 2581 2532
f 2597 2565 2581
f 2598 2583 2567
f 2598 2567 2591
f 2598 2591 2590
f 2598 2590 2589
f 2599 2568 2583
f 2599 2584 2568
f 2599 2583 2598
f 2599 2598 2589
f 2600 2599 2589
f 2600 2532 2533
f 2600 2584 2599
f 2600 2533 2592
f 2600 2576 2558
f 2600 2597 2532
f 2600 2558 2584
f 2600 2592 2576
f 2600 2589 2597
f 2603 2601 2602
f 2604 2601 2603
f 2606 2601 2604
f 2607 2601 2606
f 2605 2601 2607
f 2611 2609 2610
f 2608 2611 2612
f 2608 2609 2611
f 2613 2608 2612
f 2615 2614 2618
f 2616 2618 2619
f 2616 2615 2618
f 2617 2616 2619
f 2620 2622 2623
f 2620 2623 2621
f 2625 2626 2627
f 2628 2625 2627
f 2624 2625 2628
f 2629 2624 2628
f 2631 2630 2634
f 2631 2634 2635
f 2632 2635 2636
f 2632 2631 2635
f 2633 2632 2636
f 2640 2638 2637
f 2640 2639 2641
f 2642 2640 2641
f 2642 2638 2640
f 2643 2644 2645
f 2648 2643 2645
f 2647 2645 2646
f 2647 2648 2645
f 2654 2652 2651
f 2654 2651 2653
f 2649 2652 2654
f 2650 2649 2654
f 2660 2657 2659
f 2658 2657 2660
f 2655 2658 2660
f 2656 2658 2655
f 2664 2662 2661
f 2664 2663 2665
f 2666 2664 2665
f 2666 2662 2664
f 2669 2670 2671
f 2669 2672 2667
f 2669 2671 2672
f 2668 2669 2667
f 2676 2675 2673
f 2677 2673 2674
f 2677 2676 2673
f 2679 2680 2681
f 2678 2680 2679
f 2687 2682 2683
f 2687 2683 2684
f 2687 2684 2685
f 2686 2687 2685
f 2689 2690 2691
f 2689 2688 2690
f 2694 2693 2692
f 2695 2693 2694
f 2701 2699 2700
f 2698 2699 2701
f 2696 2698 2701
f 2697 2698 2696
f 2704 2703 2702
f 2705 2703 2704
f 2706 2708 2709
f 2707 2709 2710
f 2707 2706 2709
f 2711 2707 2710
f 2714 2713 2712
f 2715 2713 2714
f 2717 2716 2720
f 2717 2720 2721
f 2718 2721 2722
f 2718 2717 2721
f 2719 2718 2722
f 2724 2725 2726
f 2724 2723 2725
f 2729 2730 2727
f 2728 2729 2727
f 2733 2734 2735
f 2733 2736 2731
f 2733 2735 2736
f 2732 2733 2731
f 2738 2740 2742
f 2741 2742 2740
f 2737 2740 2738
f 2739 2741 2740
f 2748 2745 2747
f 2746 2745 2748
f 2743 2746 2748
f 2744 2746 2743
f 2754 2750 2749
f 2752 2754 2749
f 2751 2754 2752
f 2753 2754 2751
f 2755 2756 2757
f 2760 2755 2757
f 2759 2757 2758
f 2759 2760 2757
f 2761 2763 2762
f 2764 2763 2761
f 2767 2769 2766
f 2768 2769 2767
f 2773 2774 2765
f 2772 2770 2771
f 2772 2773 2765
f 2772 2765 2770
f 2765 2766 2770
f 2770 2766 2769
f 2775 2778 2777
f 2776 2778 2775
f 2782 2780 2779
f 2782 2781 2780
f 2785 2784 2786
f 2783 2784 2785
f 2787 2789 2788
f 2790 2789 2787
f 2792 2793 2791
f 2792 2794 2793
f 2797 2795 2798
f 2796 2795 2797
f 2799 2802 2801
f 2799 2800 2802
f 2805 2803 2806
f 2804 2803 2805
f 2808 2810 2809
f 2807 2808 2809
f 2811 2812 2814
f 2813 2811 2814
f 2823 2816 2815
f 2824 2823 2815
f 2825 2824 2815
f 2826 2825 2815
f 2827 2816 2823
f 2830 2826 2815
f 2829 2820 2828
f 2819 2820 2829
f 2821 2822 2820
f 2817 2818 2819
f 2815 2817 2830
f 2830 2817 2829
f 2829 2817 2819
f 2822 2816 2827
f 2822 2827 2828
f 2822 2828 2820
f 2832 2834 2833
f 2832 2831 2834
f 2837 2835 2836
f 2838 2837 2836
f 2839 2841 2840
f 2842 2841 2839
f 2844 2845 2843
f 2846 2845 2844
f 2849 2847 2850
f 2848 2847 2849
f 2853 2851 2852
f 2854 2853 2852
f 2858 2856 2855
f 2858 2857 2856
f 2859 2861 2860
f 2859 2862 2861
f 2867 2863 2864
f 2867 2864 2865
f 2867 2865 2866
f 2870 2867 2866
f 2869 2870 2866
f 2868 2869 2866
f 2871 2873 2872
f 2871 2874 2873
f 2875 2877 2876
f 2878 2877 2875
f 2879 2880 2882
f 2881 2879 2882
f 2885 2883 2886
f 2884 2883 2885
f 2891 2894 2893
f 2891 2892 2894
f 2888 2893 2887
f 2888 2891 2893
f 2890 2891 2888
f 2889 2890 2888
f 2898 2896 2897
f 2895 2896 2898
f 2902 2903 2905
f 2901 2905 2904
f 2901 2902 2905
f 2900 2904 2899
f 2900 2901 2904
f 2907 2913 2906
f 2912 2913 2907
f 2911 2912 2907
f 2908 2911 2907
f 2910 2911 2908
f 2909 2910 2908
f 2917 2915 2914
f 2917 2914 2921
f 2919 2921 2920
f 2916 2915 2917
f 2918 2921 2919
f 2918 2917 2921
f 2927 2925 2924
f 2928 2924 2923
f 2928 2927 2924
f 2929 2923 2922
f 2929 2928 2923
f 2926 2929 2922
f 2930 2932 2931
f 2930 2933 2932
f 2934 2933 2930
f 2937 2934 2930
f 2936 2935 2934
f 2936 2934 2937
f 2943 2940 2939
f 2943 2941 2940
f 2942 2939 2938
f 2942 2943 2939
f 2946 2945 2947
f 2944 2945 2946
f 2948 2953 2952
f 2948 2950 2953
f 2949 2952 2951
f 2949 2948 2952
f 2957 2955 2954
f 2957 2954 2961
f 2959 2961 2960
f 2956 2955 2957
f 2958 2961 2959
f 2958 2957 2961
f 2964 2965 2967
f 2963 2966 2962
f 2963 2967 2966
f 2963 2964 2967
f 2975 2968 2969
f 2972 2970 2971
f 2974 2975 2969
f 2973 2969 2970
f 2973 2970 2972
f 2973 2974 2969
f 2976 2978 2977
f 2976 2979 2978
f 2980 2979 2976
f 2983 2980 2976
f 2982 2981 2980
f 2982 2980 2983
f 2989 2987 2986
f 2988 2985 2984
f 2988 2986 2985
f 2988 2989 2986
f 2995 2993 2992
f 2996 2992 2991
f 2996 2995 2992
f 2997 2991 2990
f 2997 2996 2991
f 2994 2997 2990
f 2999 3001 3000
f 2998 2999 3000
f 3009 3008 3007
f 3012 3009 3007
f 3006 3011 3012
f 3006 3012 3007
f 3013 3010 3011
f 3013 3011 3006
f 3005 3013 3006
f 3016 3013 3005
f 3015 3016 3005
f 3003 3004 3002
f 3003 3005 3004
f 3003 3015 3005
f 3014 3015 3003
f 3043 3014 3003
f 3020 3017 3014
f 3020 3014 3043
f 3019 3020 3043
f 3039 3041 3040
f 3039 3042 3041
f 3039 3018 3042
f 3021 3018 3039
f 3034 3033 3030
f 3031 3034 3030
f 3026 3032 3029
f 3025 3022 3023
f 3036 3025 3023
f 3036 3023 3024
f 3036 3028 3025
f 3035 3034 3031
f 3035 3032 3026
f 3035 3026 3027
f 3035 3031 3032
f 3037 3028 3036
f 3037 3027 3028
f 3038 3035 3027
f 3038 3027 3037
f 3036 3021 3039
f 3036 3024 3021
f 3042 3018 3043
f 3018 3019 3043
f 3045 3044 3046
f 3047 3048 3045
f 3046 3047 3045
f 3049 3056 3055
f 3054 3049 3055
f 3050 3052 3051
f 3053 3050 3049
f 3053 3049 3054
f 3052 3050 3053
f 3058 3059 3060
f 3058 3060 3057
f 3065 3063 3064
f 3062 3061 3065
f 3061 3063 3065
f 3066 3068 3069
f 3066 3069 3067
f 3071 3073 3072
f 3070 3071 3072
f 3075 3074 3076
f 3075 3076 3077
f 3081 3079 3078
f 3081 3080 3079
f 3083 3082 3085
f 3084 3083 3085
f 3086 3089 3088
f 3087 3086 3088
f 3096 3091 3090
f 3096 3097 3091
f 3093 3094 3095
f 3092 3093 3095
f 3090 3092 3095
f 3090 3095 3096
f 3100 3098 3099
f 3100 3099 3101
f 3104 3103 3102
f 3105 3103 3104
f 3107 3108 3109
f 3107 3109 3110
f 3106 3108 3107
f 3114 3112 3111
f 3113 3112 3114
f 3117 3115 3116
f 3118 3115 3117
f 3119 3115 3118
f 3123 3121 3120
f 3122 3121 3123
f 3125 3127 3126
f 3125 3124 3127
f 3132 3131 3128
f 3133 3128 3129
f 3133 3132 3128
f 3130 3133 3129
f 3134 3136 3135
f 3134 3137 3136
f 3141 3139 3138
f 3140 3141 3138
f 3144 3142 3143
f 3145 3144 3143
f 3155 3153 3154
f 3152 3153 3155
f 3147 3155 3146
f 3147 3152 3155
f 3148 3151 3152
f 3148 3152 3147
f 3149 3150 3151
f 3149 3151 3148
f 3157 3159 3158
f 3156 3159 3157
f 3163 3160 3161
f 3163 3162 3160
f 3167 3164 3165
f 3167 3166 3164
f 3172 3171 3170
f 3172 3173 3171
f 3172 3174 3173
f 3175 3168 3169
f 3175 3169 3176
f 3175 3176 3174
f 3177 3173 3174
f 3178 3177 3174
f 3179 3174 3172
f 3180 3174 3179
f 3181 3171 3173
f 3182 3172 3170
f 3183 3174 3176
f 3183 3178 3174
f 3184 3183 3176
f 3185 3175 3174
f 3185 3174 3180
f 3186 3175 3185
f 3187 3173 3177
f 3188 3177 3178
f 3188 3178 3183
f 3189 3179 3172
f 3190 3176 3169
f 3191 3180 3179
f 3191 3185 3180
f 3192 3168 3175
f 3193 3171 3181
f 3194 3183 3184
f 3195 3182 3170
f 3196 3194 3184
f 3197 3186 3185
f 3198 3186 3197
f 3199 3173 3187
f 3200 3177 3188
f 3201 3189 3172
f 3202 3190 3169
f 3202 3176 3190
f 3203 3191 3179
f 3204 3192 3175
f 3204 3168 3192
f 3205 3171 3193
f 3206 3183 3194
f 3207 3195 3170
f 3208 3194 3196
f 3209 3197 3185
f 3210 3198 3197
f 3211 3181 3173
f 3211 3173 3199
f 3212 3177 3200
f 3213 3172 3182
f 3213 3201 3172
f 3214 3184 3176
f 3214 3176 3202
f 3214 3202 3169
f 3215 3203 3179
f 3216 3168 3204
f 3216 3175 3186
f 3216 3204 3175
f 3217 3171 3205
f 3218 3212 3200
f 3218 3188 3183
f 3218 3200 3188
f 3218 3183 3206
f 3219 3207 3170
f 3220 3218 3206
f 3220 3194 3208
f 3220 3206 3194
f 3221 3191 3203
f 3221 3209 3185
f 3221 3203 3215
f 3221 3185 3191
f 3222 3197 3209
f 3222 3210 3197
f 3222 3209 3221
f 3223 3169 3171
f 3223 3205 3193
f 3223 3181 3211
f 3223 3217 3205
f 3223 3193 3181
f 3223 3171 3217
f 3224 3211 3199
f 3224 3177 3212
f 3224 3199 3187
f 3224 3218 3220
f 3224 3220 3223
f 3224 3187 3177
f 3224 3212 3218
f 3224 3223 3211
f 3225 3170 3168
f 3225 3195 3207
f 3225 3213 3182
f 3225 3219 3170
f 3225 3207 3219
f 3225 3182 3195
f 3226 3214 3169
f 3226 3220 3208
f 3226 3208 3196
f 3226 3184 3214
f 3226 3223 3220
f 3226 3169 3223
f 3226 3196 3184
f 3227 3221 3215
f 3227 3201 3213
f 3227 3215 3179
f 3227 3189 3201
f 3227 3179 3189
f 3227 3222 3221
f 3227 3213 3225
f 3227 3225 3222
f 3228 3216 3186
f 3228 3198 3210
f 3228 3225 3168
f 3228 3222 3225
f 3228 3168 3216
f 3228 3210 3222
f 3228 3186 3198
f 3231 3230 3229
f 3231 3232 3230
f 3241 3239 3240
f 3241 3242 3234
f 3233 3241 3234
f 3233 3239 3241
f 3238 3239 3233
f 3235 3238 3233
f 3237 3238 3235
f 3236 3237 3235
f 3257 3258 3259
f 3260 3257 3259
f 3256 3257 3260
f 3261 3256 3260
f 3255 3256 3261
f 3262 3255 3261
f 3243 3255 3262
f 3245 3243 3244
f 3246 3243 3245
f 3247 3254 3246
f 3248 3253 3254
f 3248 3254 3247
f 3249 3252 3253
f 3249 3253 3248
f 3250 3252 3249
f 3251 3252 3250
f 3254 3255 3243
f 3254 3243 3246
f 3264 3265 3263
f 3264 3266 3265
f 3272 3270 3269
f 3273 3269 3268
f 3273 3272 3269
f 3274 3268 3267
f 3274 3273 3268
f 3271 3274 3267
f 3275 3277 3276
f 3275 3278 3277
f 3279 3278 3275
f 3282 3279 3275
f 3281 3280 3279
f 3281 3279 3282
f 3284 3288 3289
f 3284 3289 3290
f 3285 3287 3288
f 3285 3288 3284
f 3286 3287 3285
f 3283 3284 3290
f 3294 3292 3291
f 3294 3291 3298
f 3296 3298 3297
f 3293 3292 3294
f 3295 3298 3296
f 3295 3294 3298
f 3301 3302 3304
f 3300 3303 3299
f 3300 3304 3303
f 3300 3301 3304
f 3311 3307 3306
f 3311 3308 3307
f 3311 3310 3308
f 3312 3306 3305
f 3312 3311 3306
f 3309 3312 3305
f 3314 3313 3317
f 3314 3317 3320
f 3315 3320 3319
f 3315 3314 3320
f 3316 3319 3318
f 3316 3315 3319
f 3321 3323 3322
f 3324 3323 3321
f 3327 3325 3326
f 3340 3325 3327
f 3328 3340 3327
f 3339 3340 3328
f 3329 3339 3328
f 3338 3339 3329
f 3337 3329 3330
f 3337 3338 3329
f 3336 3330 3331
f 3336 3337 3330
f 3335 3331 3332
f 3335 3336 3331
f 3334 3335 3332
f 3333 3334 3332
f 3346 3344 3343
f 3347 3343 3342
f 3347 3346 3343
f 3348 3342 3341
f 3348 3347 3342
f 3345 3348 3341
f 3354 3351 3350
f 3354 3352 3351
f 3353 3350 3349
f 3353 3354 3350
f 3356 3357 3355
f 3358 3357 3356
f 3359 3364 3363
f 3359 3361 3364
f 3360 3363 3362
f 3360 3359 3363
f 3370 3368 3367
f 3369 3366 3365
f 3369 3367 3366
f 3369 3370 3367
f 3371 3374 3373
f 3371 3372 3374
f 3375 3377 3380
f 3376 3379 3378
f 3376 3380 3379
f 3376 3375 3380
f 3382 3381 3385
f 3382 3385 3388
f 3383 3388 3387
f 3383 3382 3388
f 3384 3387 3386
f 3384 3383 3387
f 3392 3390 3389
f 3391 3390 3392
f 3393 3395 3396
f 3393 3396 3394
f 3402 3400 3399
f 3403 3399 3398
f 3403 3402 3399
f 3404 3398 3397
f 3404 3403 3398
f 3401 3404 3397
f 3412 3413 3414
f 3412 3414 3415
f 3411 3415 3416
f 3411 3412 3415
f 3410 3416 3417
f 3410 3411 3416
f 3409 3417 3418
f 3409 3410 3417
f 3419 3409 3418
f 3408 3409 3419
f 3420 3408 3419
f 3407 3408 3420
f 3405 3407 3420
f 3406 3407 3405
f 3422 3421 3425
f 3422 3425 3428
f 3423 3428 3427
f 3423 3422 3428
f 3424 3427 3426
f 3424 3423 3427
f 3431 3429 3432
f 3430 3429 3431
f 3439 3435 3434
f 3439 3436 3435
f 3439 3438 3436
f 3440 3434 3433
f 3440 3439 3434
f 3437 3440 3433
f 3442 3441 3445
f 3442 3448 3447
f 3442 3445 3448
f 3443 3442 3447
f 3444 3447 3446
f 3444 3443 3447
f 3452 3450 3449
f 3452 3451 3450
f 3453 3455 3458
f 3454 3457 3456
f 3454 3458 3457
f 3454 3453 3458
f 3460 3462 3461
f 3459 3460 3461
f 3465 3464 3463
f 3465 3466 3464
