mtllib Orbbec_Gemini2_camera_ldm_camera_ldm.mtl
v -0.0003396578057186797 -0.0019678131796163345 0.0022936933720031374
v 0.0003603421816153338 -0.0019678131796163345 0.0022936933720031374
v -0.0003396578057186797 -0.0019678131796163345 0.0024934189954380916
v 0.0003603421816153338 -0.0019678131796163345 0.0024934189954380916
v -0.0003396578057186797 -0.0019678131796163345 0.00159341927781509
v 0.0003603421816153338 -0.0019678131796163345 0.00159341927781509
v -0.0003396578057186797 -0.0019678131796163345 0.0022936933720031374
v 0.0003603421816153338 -0.0019678131796163345 0.0022936933720031374
v 0.0003603421816153338 -0.0019678131796163345 0.00159341927781509
v 0.0003603421816153338 -0.0019678131796163345 0.0010934191697816737
v -0.0003396578057186797 -0.0019678131796163345 0.0010934191697816737
v -0.0003396578057186797 -0.0019678131796163345 0.00159341927781509
v 0.000510342184223037 -0.0021178131822240376 0.0014934193754176936
v 0.000510342184223037 -0.0021178131822240376 0.00159341927781509
v 0.00047364237590933516 -0.0020811132621516293 0.0022936933720031374
v 0.0004087474850845156 -0.002016218408579712 0.0024934189954380916
v 0.0003603421816153338 -0.0019678131796163345 0.0024934189954380916
v 0.0003603421816153338 -0.0019678131796163345 0.0022936933720031374
v 0.0003603421816153338 -0.0019678131796163345 0.00159341927781509
v 0.0003603421816153338 -0.0019678131796163345 0.0010934191697816737
v 0.0004053421972988056 -0.0020128131952998063 0.0010934191697816737
v 0.0004053421972988056 -0.0020128131952998063 0.0014934193754176936
v 0.001795342077418967 0.0021321868419903467 0.0014934193754176936
v 0.0018519106093367059 0.0020756183100726078 0.0014934193754176936
v 0.000510342184223037 0.0021321868419903467 0.0014934193754176936
v 0.0004053421972988056 0.0020271868550661154 0.0014934193754176936
v 0.0005603421726746373 0.0020271868550661154 0.0014934193754176936
v 0.0013938185261081495 0.0017680613301382653 0.0014934193754176936
v 0.001135356847896647 0.0019100571741896 0.0014934193754176936
v 0.0008537536668683517 0.001997606709652988 0.0014934193754176936
v 0.0016550281273939886 0.001987242207216272 0.0014934193754176936
v 0.001990397528028544 0.0016518728065817168 0.0014934193754176936
v 0.0019235875772627992 0.0018033597960317171 0.0014934193754176936
v 0.001806515116843989 0.0019204322564505272 0.0014934193754176936
v 0.0017712166509505371 0.0013906632052958778 0.0014934193754176936
v 0.0020303421758783875 0.0005571868518623666 0.0014934193754176936
v 0.00200076203046526 0.0008505982715502763 0.0014934193754176936
v 0.001913212495001872 0.0011322014525785712 0.0014934193754176936
v 0.0020303421758783875 -0.0005428131175902531 0.0014934193754176936
v 0.0017712166509505371 -0.0013762895455295687 0.0014934193754176936
v 0.001913212495001872 -0.001117827792812262 0.0014934193754176936
v 0.00200076203046526 -0.0008362246117839672 0.0014934193754176936
v 0.001990397528028544 -0.0016374991468154076 0.0014934193754176936
v 0.0016550281273939886 -0.001972868547449963 0.0014934193754176936
v 0.001806515116843989 -0.001906058596684218 0.0014934193754176936
v 0.0019235875772627992 -0.001788986136265408 0.0014934193754176936
v 0.0013938185261081495 -0.0017536876703719562 0.0014934193754176936
v 0.0005603421726746373 -0.0020128131952998063 0.0014934193754176936
v 0.0008537536668683517 -0.001983233049886679 0.0014934193754176936
v 0.001135356847896647 -0.0018956835144232909 0.0014934193754176936
v 0.0004053421972988056 -0.0020128131952998063 0.0014934193754176936
v 0.000510342184223037 -0.0021178131822240376 0.0014934193754176936
v 0.0018353421575872124 -0.0021178131822240376 0.0014934193754176936
v 0.0021353421628026188 -0.0018178131770086314 0.0014934193754176936
v 0.0020951497086476607 -0.0019678131796163345 0.0014934193754176936
v 0.0019853421601949157 -0.0020776207280690795 0.0014934193754176936
v 0.0021353421628026188 -0.00029281313807934944 0.0014934193754176936
v 0.002235342065200015 -0.00019281312392324668 0.0014934193754176936
v 0.002235342065200015 0.0002071868581953601 0.0014934193754176936
v 0.0021353421628026188 0.0003071868350985607 0.0014934193754176936
v 0.0021353421628026188 0.0017921867566066951 0.0014934193754176936
v 0.002064042641281129 0.0018634862781281847 0.0014934193754176936
v 0.0020993980296090693 0.0018988415174445161 0.0014934193754176936
v 0.0018872659976646462 0.0021109735493889392 0.0014934193754176936
v 0.0018519106093367059 0.0020756183100726078 0.0014934193754176936
v 0.0018519106093367059 0.0020756183100726078 0.00159341927781509
v 0.001795342077418967 0.0021321868419903467 0.0014934193754176936
v 0.001795342077418967 0.0021321868419903467 0.00159341927781509
v 0.0018519106093367059 0.0020756183100726078 0.00159341927781509
v 0.0018414291327872327 0.002065136684511526 0.0019934194834511096
v 0.002053561164731656 0.001853004652567103 0.0019934194834511096
v 0.002064042641281129 0.0018634862781281847 0.00159341927781509
v 0.0021353421628026188 0.0017921867566066951 0.00159341927781509
v 0.0020979317553803684 0.0017928993301190577 0.0022936576092170715
v 0.001795340587302881 0.002095489753138502 0.00229366953014576
v 0.001795342077418967 0.0021321868419903467 0.00159341927781509
v 0.0018519106093367059 0.0020756183100726078 0.0014934193754176936
v 0.0018519106093367059 0.0020756183100726078 0.00159341927781509
v 0.0018872659976646462 0.0021109735493889392 0.0014934193754176936
v 0.0018872659976646462 0.0021109735493889392 0.0019934194834511096
v 0.0018414291327872327 0.002065136684511526 0.0019934194834511096
v 0.0020993980296090693 0.0018988415174445161 0.0019934194834511096
v 0.0020993980296090693 0.0018988415174445161 0.0014934193754176936
v 0.0018872659976646462 0.0021109735493889392 0.0014934193754176936
v 0.0018872659976646462 0.0021109735493889392 0.0019934194834511096
v 0.0018872659976646462 0.0021109735493889392 0.0019934194834511096
v 0.0018414291327872327 0.002065136684511526 0.0019934194834511096
v 0.0020993980296090693 0.0018988415174445161 0.0019934194834511096
v 0.002053561164731656 0.001853004652567103 0.0019934194834511096
v 0.002053561164731656 0.001853004652567103 0.0019934194834511096
v 0.0020993980296090693 0.0018988415174445161 0.0019934194834511096
v 0.0020993980296090693 0.0018988415174445161 0.0014934193754176936
v 0.002064042641281129 0.0018634862781281847 0.0014934193754176936
v 0.002064042641281129 0.0018634862781281847 0.00159341927781509
v 0.002064042641281129 0.0018634862781281847 0.00159341927781509
v 0.002064042641281129 0.0018634862781281847 0.0014934193754176936
v 0.0021353421628026188 0.0017921867566066951 0.00159341927781509
v 0.0021353421628026188 0.0017921867566066951 0.0014934193754176936
v 0.0021353421628026188 0.0017921867566066951 0.0014934193754176936
v 0.0021353421628026188 0.0017921867566066951 0.00159341927781509
v 0.0021353421628026188 0.0003071868350985607 0.0014934193754176936
v 0.0021353421628026188 0.0003071868350985607 0.00159341927781509
v 0.0021239663185782815 0.0003185627165758001 0.0018104832959812142
v 0.002235342065200015 0.0002071868581953601 0.001643419229013788
v 0.002235342065200015 0.0002071868581953601 0.0014934193754176936
v 0.0021353421628026188 0.0003071868350985607 0.0014934193754176936
v 0.0021353421628026188 0.0003071868350985607 0.00159341927781509
v 0.0020986422427302105 0.0017931387917740904 0.0022936945640960062
v 0.0021353421628026188 0.0017921867566066951 0.00159341927781509
v 0.0020986422427302105 -0.0017815245289759807 0.0022936933720031374
v 0.0021353423118142274 -0.0018180186640169016 0.0015934168936293522
v 0.0021353421628026188 -0.00029281313807934944 0.00159341927781509
v 0.0021239663185782815 -0.0003041889823036867 0.0018104832959812142
v 0.0021239663185782815 0.0003185627165758001 0.0018104832959812142
v 0.0021353421628026188 0.0003071868350985607 0.00159341927781509
v 0.0021239663185782815 -0.0003041889823036867 0.0018104832959812142
v 0.002235342065200015 -0.00019281312392324668 0.001643419229013788
v 0.002235342065200015 0.0002071868581953601 0.001643419229013788
v 0.0021239663185782815 0.0003185627165758001 0.0018104832959812142
v 0.002235342065200015 -0.00019281312392324668 0.0014934193754176936
v 0.002235342065200015 0.0002071868581953601 0.0014934193754176936
v 0.002235342065200015 0.0002071868581953601 0.001643419229013788
v 0.002235342065200015 -0.00019281312392324668 0.001643419229013788
v 0.0021353421628026188 -0.00029281313807934944 0.00159341927781509
v 0.0021239663185782815 -0.0003041889823036867 0.0018104832959812142
v 0.0021353421628026188 -0.00029281313807934944 0.0014934193754176936
v 0.002235342065200015 -0.00019281312392324668 0.0014934193754176936
v 0.002235342065200015 -0.00019281312392324668 0.001643419229013788
v 0.0021353421628026188 -0.00029281313807934944 0.0014934193754176936
v 0.0021353421628026188 -0.00029281313807934944 0.00159341927781509
v 0.0021353421628026188 -0.0018178131770086314 0.0014934193754176936
v 0.0021353421628026188 -0.0018180186640169016 0.0015934168936293522
v 0.00213534201379101 -0.0018180186640169016 0.0015934168936293522
v 0.0018355476445954825 -0.002117813033212429 0.0015934168936293522
v 0.0018353421575872124 -0.0021178131822240376 0.0014934193754176936
v 0.0021353421628026188 -0.0018178131770086314 0.0014934193754176936
v 0.0020951497086476607 -0.0019678131796163345 0.0014934193754176936
v 0.0019853421601949157 -0.0020776207280690795 0.0014934193754176936
v 0.000510342184223037 -0.0021178131822240376 0.00159341927781509
v 0.0018355476445954825 -0.0021178131822240376 0.0015934168936293522
v 0.0018353421575872124 -0.0021178131822240376 0.0014934193754176936
v 0.000510342184223037 -0.0021178131822240376 0.0014934193754176936
v 0.000510342184223037 -0.0021178131822240376 0.00159341927781509
v 0.00047364237590933516 -0.0020811132621516293 0.0022936933720031374
v 0.0018355476445954825 -0.0021178131822240376 0.0015934168936293522
v 0.0017990535095545616 -0.0020811132621516293 0.0022936933720031374
v 0.0011603422203583524 -0.002016218408579712 0.0024934189954380916
v 0.0011603422203583524 -0.002032464399208178 0.0024434190442393935
v 0.0017990535095545616 -0.002032464399208178 0.0024434190442393935
v 0.0017990535095545616 -0.0020811132621516293 0.0022936933720031374
v 0.00047364237590933516 -0.0020811132621516293 0.0022936933720031374
v 0.0004087474850845156 -0.002016218408579712 0.0024934189954380916
v 0.0011603422203583524 -0.002016218408579712 0.0024934189954380916
v 0.0011603422203583524 -0.002032464399208178 0.0024434190442393935
v 0.0011603422203583524 -0.0017079370832159269 0.0024934189954380916
v 0.0011603422203583524 -0.0017079370832159269 0.002463418786300299
v 0.0011603422203583524 -0.001677413396297095 0.002463418786300299
v 0.0011603422203583524 -0.001676540635305479 0.002413418835101601
v 0.0011603422203583524 -0.001707064322224311 0.002413418835101601
v 0.0011603422203583524 -0.001707064322224311 0.0024434190442393935
v 0.0004087474850845156 0.002030592068346021 0.0024934189954380916
v 0.001795342077418967 0.002030592068346021 0.0024934189954380916
v 0.0003603421816153338 0.0019821868393826436 0.0024934189954380916
v -0.0003396578057186797 0.0019821868393826436 0.0024934189954380916
v -0.00038806310918786146 0.002030592068346021 0.0024934189954380916
v -0.0017783692081637119 0.002030592068346021 0.0024934189954380916
v -0.0020130630877674433 0.0017958981887422898 0.0024934189954380916
v -0.0020130630877674433 -0.001777813096840386 0.0024934189954380916
v -0.0017746577760281172 -0.002016218408579712 0.0024934189954380916
v -0.00038806310918786146 -0.002016218408579712 0.0024934189954380916
v -0.0003396578057186797 -0.0019678131796163345 0.0024934189954380916
v 0.0003603421816153338 -0.0019678131796163345 0.0024934189954380916
v 0.0004087474850845156 -0.002016218408579712 0.0024934189954380916
v 0.0011603422203583524 -0.002016218408579712 0.0024934189954380916
v 0.0011603422203583524 -0.0017079370832159269 0.0024934189954380916
v -0.0012404643466964887 -0.0017079370832159269 0.0024934189954380916
v -0.0012604643122748071 -0.0017279371233000496 0.0024934189954380916
v -0.0015896577777790035 -0.0017279371233000496 0.0024934189954380916
v -0.0016572197901333922 -0.0017098338519818956 0.0024934189954380916
v -0.0017066785311696268 -0.001660375110945661 0.0024934189954380916
v -0.0017247818024877808 -0.0015928130985912725 0.0024934189954380916
v -0.0017247818024877808 -0.0012636196330870764 0.0024934189954380916
v -0.001704781762403658 -0.0012436197420145623 0.0024934189954380916
v -0.001704781762403658 0.0012579934017808714 0.0024934189954380916
v -0.0017247818024877808 0.0012779932928533855 0.0024934189954380916
v -0.0017247818024877808 0.0016071867583575816 0.0024934189954380916
v -0.0017066785311696268 0.0016747487707119701 0.0024934189954380916
v -0.0016572197901333922 0.0017242075117482047 0.0024934189954380916
v -0.0015896577777790035 0.0017423107830663587 0.0024934189954380916
v -0.0012604643122748071 0.0017423107830663587 0.0024934189954380916
v -0.0012404643466964887 0.001722310742982236 0.0024934189954380916
v 0.0012611487225931428 0.001722310742982236 0.0024934189954380916
v 0.0012811486136656569 0.0017423107830663587 0.0024934189954380916
v 0.0016103420791698532 0.0017423107830663587 0.0024934189954380916
v 0.001677904091524242 0.0017242075117482047 0.0024934189954380916
v 0.0017273628325604766 0.0016747487707119701 0.0024934189954380916
v 0.0017454661038786305 0.0016071867583575816 0.0024934189954380916
v 0.0017454661038786305 0.0012779932928533855 0.0024934189954380916
v 0.0017254660637945078 0.0012579934017808714 0.0024934189954380916
v 0.0017254660637945078 -0.0011428131652739676 0.0024934189954380916
v 0.002033747389158293 -0.0011428131652739676 0.0024934189954380916
v 0.002033747389158293 0.0017921867566066951 0.0024934189954380916
v 0.0017953437165466617 0.0020954930313938913 0.00229366953014576
v 0.0020979465075296206 0.0017929140822683098 0.0022935968124807595
v 0.002033747389158293 0.0017921867566066951 0.0024934189954380916
v 0.001795342077418967 0.002030592068346021 0.0024934189954380916
v 0.002033747389158293 0.0017921867566066951 0.0024934189954380916
v 0.0020986042447700155 0.0017931387917740904 0.002293810197104286
v 0.0020986422427302105 -0.0017815245289759807 0.0022936933720031374
v 0.0020499933797867593 -0.0017815245289759807 0.0024434190442393935
v 0.0020499933797867593 -0.0011428131652739676 0.0024434190442393935
v 0.002033747389158293 -0.0011428131652739676 0.0024934189954380916
v 0.0020986422427302105 -0.0017815245289759807 0.0022936933720031374
v 0.0020499933797867593 -0.0017815245289759807 0.0024434190442393935
v 0.0017990535095545616 -0.0020811132621516293 0.0022936933720031374
v 0.0017990535095545616 -0.002032464399208178 0.0024434190442393935
v 0.0019415550990055114 -0.0019948376269302293 0.002425151413116945
v 0.001909213619473273 -0.0020471289296344897 0.002331970281929442
v 0.0018999076955041067 -0.002024667962834209 0.0024064438997258865
v 0.001984534964311087 -0.001967005983732506 0.002406595295520232
v 0.0019930968733184746 -0.0019755678927398934 0.002369423455683363
v 0.0019617494502272587 -0.002025084450280268 0.002313588209891583
v 0.002001658782325862 -0.001984129801747281 0.0023322528079393625
v 0.0018731408892614947 -0.00202487762216752 0.002434312646814153
v 0.001885531204517234 -0.0020656373635164482 0.0023038571558030587
v 0.0019995566755632316 -0.001946037219180824 0.002415879314782933
v 0.002022866561497751 -0.0019011866621407858 0.002434416358893744
v 0.00204219694341279 -0.0018823787149255256 0.0024064438997258865
v 0.0020229686344496473 -0.0019652412392517637 0.002322941370540678
v 0.002064657910213071 -0.0018916846388946917 0.002331970281929442
v 0.0020603404478652682 -0.0019212044346063328 0.0023041873655277336
v 0.0019286676810234566 -0.001997780457188625 0.0024390834024753407
v 0.001959725425547539 -0.0019773453032073673 0.0024344676188871052
v 0.0019520403008451998 -0.0020368054053901408 0.0022995954237968754
v 0.001986610994042211 -0.0020101220456483493 0.0023043530664365055
v 0.0020443428595883512 -0.0018432856684188759 0.002438940351331077
v 0.0020886305997826777 -0.001854418027674748 0.002299086400141871
v 0.0018665770769139293 -0.002024461581756287 0.0024412863900969985
v 0.001879192250687058 -0.002069921298252314 0.0022968142711338193
v 0.0020013771503855932 -0.0019315409228606306 0.002439107244332718
v 0.0020178232636044197 -0.0019054683617025225 0.0024414008310124093
v 0.0020378821632739425 -0.0019585965136007244 0.0022996800623905646
v 0.0020587425963861667 -0.0019286322162606062 0.002297242232473741
v 0.0019254561828347411 -0.001998400494492042 0.002442566697838157
v 0.001953496144261298 -0.001979471251827375 0.0024414342096127375
v 0.001949497268732699 -0.002039681180424663 0.0022960942470410264
v 0.001982366249359409 -0.002016486927498423 0.002297370978503578
v 0.0020424490710545546 -0.0018459826295230686 0.002442445104365533
v 0.002088800324004882 -0.0018582376422381919 0.002295619794079219
v 0.0018649452507880652 -0.0020243288124130177 0.0024430304219641443
v 0.0018775818822328334 -0.0020709689988724356 0.0022950523578736406
v 0.0019985973388270146 -0.0019333102867012397 0.0024425941159741406
v 0.0020165510024901263 -0.0019065121880208202 0.002443146054972424
v 0.002036571606176237 -0.001962184415112783 0.002296201535399224
v 0.002058310462721204 -0.0019304908380547714 0.0022955053531638083
v 0.0019246540533456053 -0.001998548314007781 0.0024434381177252953
v 0.0019519385259165207 -0.0019799741660064263 0.0024431758572941455
v 0.001948854432653165 -0.0020403964361459803 0.0022952192508752813
v 0.0019812748883379656 -0.0020180682386889692 0.0022956245624506945
v 0.0020419707437909235 -0.0018466509465876746 0.002443320100531278
v 0.002088834447663253 -0.0018591945947886712 0.002294753142563556
v 0.0018645378530501315 -0.002024293794684995 0.002443466727954148
v 0.0018771776137386804 -0.002071229471164282 0.0022946112835121615
v 0.001997900709556773 -0.0019337458476332003 0.002443466727954148
v 0.0020162321176477056 -0.0019067716172314064 0.0024435823609624276
v 0.002036236032033652 -0.001963080719938559 0.0022953324996978232
v 0.0020582004921540515 -0.0019309556052620191 0.0022950714313595424
v 0.0019244536327320278 -0.00199858482185189 0.0024436550786274282
v 0.0019515491585832285 -0.001980098143664788 0.002443612163284149
v 0.0019486932020926512 -0.002040575101064701 0.0022949999057874106
v 0.0019810002599433014 -0.0020184629704401713 0.002295188256460691
v 0.002041850938457603 -0.0018468176905777067 0.0024435394456191486
v 0.002088842494290118 -0.0018594339074320954 0.002294536181661423
v 0.0017990535095545616 -0.0020811132621516293 0.0022936933720031374
v 0.0020986422427302105 -0.0017815245289759807 0.0022936933720031374
v 0.0018355476445954825 -0.0021178131822240376 0.0015934168936293522
v 0.0021353421628026188 -0.0018180186640169016 0.0015934168936293522
v 0.0017245933028028919 -0.0012439812441770448 0.0024434190442393935
v 0.0017445933428870146 -0.001263981135249559 0.0024434190442393935
v 0.0017445933428870146 -0.0015928130985912725 0.0024434190442393935
v 0.0017266070456816178 -0.0016599386559440488 0.0024434190442393935
v 0.0016774676365226297 -0.0017090780651030368 0.0024434190442393935
v 0.0016103420791698532 -0.0017270643623084336 0.0024434190442393935
v 0.0012815101158281394 -0.0017270643623084336 0.0024434190442393935
v 0.0012615102247556253 -0.001707064322224311 0.0024434190442393935
v 0.0011603422203583524 -0.001707064322224311 0.0024434190442393935
v 0.0011603422203583524 -0.002032464399208178 0.0024434190442393935
v 0.0017990535095545616 -0.002032464399208178 0.0024434190442393935
v 0.0020499933797867593 -0.0017815245289759807 0.0024434190442393935
v 0.0020499933797867593 -0.0011428131652739676 0.0024434190442393935
v 0.0017245933028028919 -0.0011428131652739676 0.0024434190442393935
v 0.0017245933028028919 -0.0011428131652739676 0.0024434190442393935
v 0.0017245933028028919 -0.0012439812441770448 0.0024434190442393935
v 0.0017245933028028919 -0.001244721682860217 0.002413418835101601
v 0.0017245933028028919 -0.0011428131652739676 0.002413418835101601
v 0.0017245933028028919 -0.001244721682860217 0.002413418835101601
v 0.0017245933028028919 -0.0012439812441770448 0.0024434190442393935
v 0.00169406961588406 -0.0012141980704471894 0.002413418835101601
v 0.0016853421549795093 -0.0012178131665778191 0.001913419323114619
v 0.0017353421061782075 -0.0012678131177765173 0.001913419323114619
v 0.0017445933428870146 -0.001263981135249559 0.0024434190442393935
v 0.0017445933428870146 -0.001263981135249559 0.0024434190442393935
v 0.0017353421061782075 -0.0012678131177765173 0.001913419323114619
v 0.0017353421061782075 -0.0015928130985912725 0.001913419323114619
v 0.0017445933428870146 -0.0015928130985912725 0.0024434190442393935
v 0.0017445933428870146 -0.0015928130985912725 0.0024434190442393935
v 0.0017266070456816178 -0.0016599386559440488 0.0024434190442393935
v 0.0016774676365226297 -0.0017090780651030368 0.0024434190442393935
v 0.0016103420791698532 -0.0017270643623084336 0.0024434190442393935
v 0.0016103420791698532 -0.0017178131255996265 0.001913419323114619
v 0.0017353421061782075 -0.0015928130985912725 0.001913419323114619
v 0.0017185952875332104 -0.0016553131866012538 0.001913419323114619
v 0.0016728421671798348 -0.0017010663069546295 0.001913419323114619
v 0.0017009110368584616 -0.0016833820562798807 0.0020900856981407325
v 0.0017030915237272197 -0.0016855625431486387 0.0022667520731668458
v 0.0016103420791698532 -0.0017178131255996265 0.001913419323114619
v 0.0016103420791698532 -0.0017270643623084336 0.0024434190442393935
v 0.0012853420983550978 -0.0017178131255996265 0.001913419323114619
v 0.0012815101158281394 -0.0017270643623084336 0.0024434190442393935
v 0.0012615102247556253 -0.001707064322224311 0.0024434190442393935
v 0.0012622506634387975 -0.001707064322224311 0.002413418835101601
v 0.0012815101158281394 -0.0017270643623084336 0.0024434190442393935
v 0.0012853420983550978 -0.0017178131255996265 0.001913419323114619
v 0.001235342221662204 -0.0016678131744009284 0.001913419323114619
v 0.0012317271255315742 -0.001676540635305479 0.002413418835101601
v 0.0012317271255315742 -0.001676540635305479 0.002413418835101601
v 0.0011603422203583524 -0.001676540635305479 0.002413418835101601
v 0.0012622506634387975 -0.001707064322224311 0.002413418835101601
v 0.0011603422203583524 -0.001707064322224311 0.002413418835101601
v 0.0012317271255315742 -0.001676540635305479 0.002413418835101601
v 0.0011603422203583524 -0.001676540635305479 0.002413418835101601
v 0.001235342221662204 -0.0016678131744009284 0.001913419323114619
v 0.001134469409261583 -0.0016678131744009284 0.001913419323114619
v 0.0011335967227757715 -0.0016686859353925443 0.001963419274313317
v -0.001112912272373313 -0.0016686859353925443 0.001963419274313317
v -0.0011137850333649288 -0.0016678131744009284 0.001913419323114619
v -0.0012146577712597456 -0.0016678131744009284 0.001913419323114619
v -0.0012106811729666333 -0.001677413396297095 0.002463418786300299
v 0.0011603422203583524 -0.001677413396297095 0.002463418786300299
v 0.0011603422203583524 -0.0017079370832159269 0.002463418786300299
v -0.001241204785379661 -0.0017079370832159269 0.002463418786300299
v -0.0012106811729666333 -0.001677413396297095 0.002463418786300299
v 0.0011603422203583524 -0.001677413396297095 0.002463418786300299
v 0.0011603422203583524 -0.0017079370832159269 0.0024934189954380916
v -0.0012404643466964887 -0.0017079370832159269 0.0024934189954380916
v -0.001241204785379661 -0.0017079370832159269 0.002463418786300299
v 0.0011603422203583524 -0.0017079370832159269 0.002463418786300299
v -0.001241204785379661 -0.0017079370832159269 0.002463418786300299
v -0.0012404643466964887 -0.0017079370832159269 0.0024934189954380916
v -0.0012106811729666333 -0.001677413396297095 0.002463418786300299
v -0.0012146577712597456 -0.0016678131744009284 0.001913419323114619
v -0.001264657796964248 -0.0017178131255996265 0.001913419323114619
v -0.0012604643122748071 -0.0017279371233000496 0.0024934189954380916
v -0.0015896577777790035 -0.0017279371233000496 0.0024934189954380916
v -0.0015896577777790035 -0.0017178131255996265 0.001913419323114619
v -0.0012604643122748071 -0.0017279371233000496 0.0024934189954380916
v -0.001264657796964248 -0.0017178131255996265 0.001913419323114619
v -0.0015896577777790035 -0.0017178131255996265 0.001913419323114619
v -0.0015896577777790035 -0.0017178131255996265 0.0018634193719159206
v -0.001264657796964248 -0.0017178131255996265 0.0018634193719159206
v -0.001264657796964248 -0.0017178131255996265 0.001913419323114619
v -0.0017146578047873577 -0.0015928130985912725 0.0018634193719159206
v -0.0017146578047873577 -0.0015928130985912725 0.001913419323114619
v -0.0016979109861423607 -0.0016553131866012538 0.0018634193719159206
v -0.001652157865788985 -0.0017010663069546295 0.0018634193719159206
v -0.0015896577777790035 -0.0017178131255996265 0.0018634193719159206
v -0.0015896577777790035 -0.0017178131255996265 0.001913419323114619
v -0.001652157865788985 -0.0017010663069546295 0.001913419323114619
v -0.0016979109861423607 -0.0016553131866012538 0.001913419323114619
v -0.0017146578047873577 -0.0012678131177765173 0.001913419323114619
v -0.0017146578047873577 -0.0012678131177765173 0.0018634193719159206
v -0.0017146578047873577 -0.0015928130985912725 0.0018634193719159206
v -0.0017146578047873577 -0.0015928130985912725 0.001913419323114619
v -0.0016646578535886595 -0.0012178131665778191 0.001913419323114619
v -0.0016646578535886595 -0.0012178131665778191 0.0018634193719159206
v -0.0017146578047873577 -0.0012678131177765173 0.0018634193719159206
v -0.0017146578047873577 -0.0012678131177765173 0.001913419323114619
v -0.0016646578535886595 -0.0011178131151688142 0.0018634193719159206
v -0.0016646578535886595 -0.0011169404286830026 0.001913419323114619
v -0.0016646578535886595 -0.0012178131665778191 0.0018634193719159206
v -0.0016646578535886595 -0.0012178131665778191 0.001913419323114619
v -0.0016646578535886595 -0.0011169404286830026 0.001913419323114619
v -0.0016655306145802755 -0.0011160676676913867 0.001963419274313317
v -0.0016646578535886595 -0.0011178131151688142 0.0018634193719159206
v -0.001264657796964248 -0.0011178131151688142 0.0018634193719159206
v -0.001264657796964248 -0.0011160676676913867 0.001963419274313317
v 0.0011335967227757715 -0.0012678131177765173 0.001963419274313317
v 0.0011335967227757715 -0.0016686859353925443 0.001963419274313317
v 0.0011539267490671562 -0.0011919404299868541 0.001963419274313317
v 0.0012094694105654346 -0.0011363976939827714 0.001963419274313317
v 0.0012853420983550978 -0.0011160676676913867 0.001963419274313317
v 0.0016862149159711252 -0.0011160676676913867 0.001963419274313317
v 0.0016862149159711252 0.0011304413274576958 0.001963419274313317
v 0.0012853420983550978 0.0011304413274576958 0.001963419274313317
v 0.0012094694105654346 0.0011507713537490805 0.001963419274313317
v 0.0011539267490671562 0.001206314015247359 0.001963419274313317
v 0.0011335967227757715 0.0012821867775428264 0.001963419274313317
v 0.0011335967227757715 0.0016830595951588534 0.001963419274313317
v -0.001112912272373313 0.0016830595951588534 0.001963419274313317
v -0.001112912272373313 0.0012821867775428264 0.001963419274313317
v -0.0011332422986646978 0.001206314015247359 0.001963419274313317
v -0.0011887849601629763 0.0011507713537490805 0.001963419274313317
v -0.001264657796964248 0.0011304413274576958 0.001963419274313317
v -0.0016655306145802755 0.0011304413274576958 0.001963419274313317
v -0.0016655306145802755 -0.0011160676676913867 0.001963419274313317
v -0.001264657796964248 -0.0011160676676913867 0.001963419274313317
v -0.0011887849601629763 -0.0011363976939827714 0.001963419274313317
v -0.0011332422986646978 -0.0011919403554810498 0.001963419274313317
v -0.001112912272373313 -0.0012678131177765173 0.001963419274313317
v -0.001112912272373313 -0.0016686859353925443 0.001963419274313317
v 1.0342200754012154e-05 -0.0012428131421771682 0.001963419274313317
v -0.0008735412163985997 -0.0008766966117166736 0.001963419274313317
v -0.0012396577468590947 7.186857822831169e-06 0.001963419274313317
v -0.0008735412163985997 0.0008910702714829827 0.001963419274313317
v 1.0342200754012154e-05 0.0012571868019434773 0.001963419274313317
v 0.0008942256668010581 0.0008910702714829827 0.001963419274313317
v 0.0012603421227557487 7.186857822831169e-06 0.001963419274313317
v 0.0008942256668010581 -0.0008766966117166736 0.001963419274313317
v -0.001112912272373313 -0.0016686859353925443 0.001963419274313317
v -0.0011137850333649288 -0.0016678131744009284 0.001913419323114619
v -0.001112912272373313 -0.0012678131177765173 0.001963419274313317
v -0.0011146577198507404 -0.0012678131177765173 0.0018634193719159206
v -0.0011146577198507404 -0.0016678131744009284 0.0018634193719159206
v -0.0011137850333649288 -0.0016678131744009284 0.001913419323114619
v -0.0011146577198507404 -0.0016678131744009284 0.0018634193719159206
v -0.0012146577712597456 -0.0016678131744009284 0.001913419323114619
v -0.0012146577712597456 -0.0016678131744009284 0.0018634193719159206
v -0.001264657796964248 -0.0017178131255996265 0.001913419323114619
v -0.001264657796964248 -0.0017178131255996265 0.0018634193719159206
v -0.0012146577712597456 -0.0016678131744009284 0.0018634193719159206
v -0.0012146577712597456 -0.0016678131744009284 0.001913419323114619
v -0.001264657796964248 -0.0011178131151688142 0.0018634193719159206
v -0.0016646578535886595 -0.0011178131151688142 0.0018634193719159206
v -0.0011146577198507404 -0.0012678131177765173 0.0018634193719159206
v -0.0011347539469282197 -0.0011928131164726657 0.0018634193719159206
v -0.0011896577211545922 -0.0011379093422462933 0.0018634193719159206
v -0.0011146577198507404 -0.0016678131744009284 0.0018634193719159206
v -0.0012146577712597456 -0.0016678131744009284 0.0018634193719159206
v -0.001264657796964248 -0.0017178131255996265 0.0018634193719159206
v -0.0015896577777790035 -0.0017178131255996265 0.0018634193719159206
v -0.0017146578047873577 -0.0015928130985912725 0.0018634193719159206
v -0.0016979109861423607 -0.0016553131866012538 0.0018634193719159206
v -0.001652157865788985 -0.0017010663069546295 0.0018634193719159206
v -0.0017146578047873577 -0.0012678131177765173 0.0018634193719159206
v -0.0016646578535886595 -0.0012178131665778191 0.0018634193719159206
v -0.0011146577198507404 -0.0012678131177765173 0.0018634193719159206
v -0.0011347539469282197 -0.0011928131164726657 0.0018634193719159206
v -0.0011896577211545922 -0.0011379093422462933 0.0018634193719159206
v -0.001264657796964248 -0.0011178131151688142 0.0018634193719159206
v -0.001264657796964248 -0.0011160676676913867 0.001963419274313317
v -0.0011887849601629763 -0.0011363976939827714 0.001963419274313317
v -0.0011332422986646978 -0.0011919403554810498 0.001963419274313317
v -0.001112912272373313 -0.0012678131177765173 0.001963419274313317
v -0.0016646578535886595 0.0011313140884493117 0.001913419323114619
v -0.0016646578535886595 0.0012321868263441282 0.001913419323114619
v -0.0016742580754848262 0.001228210228051016 0.002463418786300299
v -0.0016742580754848262 -0.0012138365682847069 0.002463418786300299
v -0.0016646578535886595 -0.0012178131665778191 0.001913419323114619
v -0.0016646578535886595 -0.0011169404286830026 0.001913419323114619
v -0.0016655306145802755 -0.0011160676676913867 0.001963419274313317
v -0.0016655306145802755 0.0011304413274576958 0.001963419274313317
v -0.0016655306145802755 0.0011304413274576958 0.001963419274313317
v -0.0016646578535886595 0.0011313140884493117 0.001913419323114619
v -0.001264657796964248 0.0011304413274576958 0.001963419274313317
v -0.001264657796964248 0.0011321867749351233 0.0018634193719159206
v -0.0016646578535886595 0.0011321867749351233 0.0018634193719159206
v -0.0016646578535886595 0.0011313140884493117 0.001913419323114619
v -0.0016646578535886595 0.0011321867749351233 0.0018634193719159206
v -0.0016646578535886595 0.0012321868263441282 0.001913419323114619
v -0.0016646578535886595 0.0012321868263441282 0.0018634193719159206
v -0.0017146578047873577 0.0012821867775428264 0.001913419323114619
v -0.0017146578047873577 0.0012821867775428264 0.0018634193719159206
v -0.0016646578535886595 0.0012321868263441282 0.0018634193719159206
v -0.0016646578535886595 0.0012321868263441282 0.001913419323114619
v -0.0017146578047873577 0.0016071867583575816 0.001913419323114619
v -0.0017146578047873577 0.0016071867583575816 0.0018634193719159206
v -0.0017146578047873577 0.0012821867775428264 0.0018634193719159206
v -0.0017146578047873577 0.0012821867775428264 0.001913419323114619
v -0.0015896577777790035 0.0017321867853659356 0.0018634193719159206
v -0.0015896577777790035 0.0017321867853659356 0.001913419323114619
v -0.001652157865788985 0.0017154399667209386 0.0018634193719159206
v -0.0016979109861423607 0.001669686846367563 0.0018634193719159206
v -0.0017146578047873577 0.0016071867583575816 0.0018634193719159206
v -0.0017146578047873577 0.0016071867583575816 0.001913419323114619
v -0.0016979109861423607 0.001669686846367563 0.001913419323114619
v -0.001652157865788985 0.0017154399667209386 0.001913419323114619
v -0.001264657796964248 0.0017321867853659356 0.001913419323114619
v -0.001264657796964248 0.0017321867853659356 0.0018634193719159206
v -0.0015896577777790035 0.0017321867853659356 0.0018634193719159206
v -0.0015896577777790035 0.0017321867853659356 0.001913419323114619
v -0.0012146577712597456 0.0016821868341672375 0.001913419323114619
v -0.0012146577712597456 0.0016821868341672375 0.0018634193719159206
v -0.001264657796964248 0.0017321867853659356 0.0018634193719159206
v -0.001264657796964248 0.0017321867853659356 0.001913419323114619
v -0.0011146577198507404 0.0016821868341672375 0.0018634193719159206
v -0.0011137850333649288 0.0016821868341672375 0.001913419323114619
v -0.0012146577712597456 0.0016821868341672375 0.0018634193719159206
v -0.0012146577712597456 0.0016821868341672375 0.001913419323114619
v -0.0011137850333649288 0.0016821868341672375 0.001913419323114619
v -0.001112912272373313 0.0016830595951588534 0.001963419274313317
v -0.0011146577198507404 0.0016821868341672375 0.0018634193719159206
v -0.0011146577198507404 0.0012821867775428264 0.0018634193719159206
v -0.001112912272373313 0.0012821867775428264 0.001963419274313317
v -0.001264657796964248 0.0011321867749351233 0.0018634193719159206
v -0.0011896577211545922 0.0011522830020126024 0.0018634193719159206
v -0.0011347539469282197 0.0012071867762389749 0.0018634193719159206
v -0.0011146577198507404 0.0012821867775428264 0.0018634193719159206
v -0.001112912272373313 0.0012821867775428264 0.001963419274313317
v -0.0011332422986646978 0.001206314015247359 0.001963419274313317
v -0.0011887849601629763 0.0011507713537490805 0.001963419274313317
v -0.001264657796964248 0.0011304413274576958 0.001963419274313317
v -0.0011146577198507404 0.0012821867775428264 0.0018634193719159206
v -0.0011146577198507404 0.0016821868341672375 0.0018634193719159206
v -0.001264657796964248 0.0011321867749351233 0.0018634193719159206
v -0.0011896577211545922 0.0011522830020126024 0.0018634193719159206
v -0.0011347539469282197 0.0012071867762389749 0.0018634193719159206
v -0.0016646578535886595 0.0011321867749351233 0.0018634193719159206
v -0.0016646578535886595 0.0012321868263441282 0.0018634193719159206
v -0.0017146578047873577 0.0012821867775428264 0.0018634193719159206
v -0.0017146578047873577 0.0016071867583575816 0.0018634193719159206
v -0.0015896577777790035 0.0017321867853659356 0.0018634193719159206
v -0.001652157865788985 0.0017154399667209386 0.0018634193719159206
v -0.0016979109861423607 0.001669686846367563 0.0018634193719159206
v -0.001264657796964248 0.0017321867853659356 0.0018634193719159206
v -0.0012146577712597456 0.0016821868341672375 0.0018634193719159206
v 0.0011344694837673874 0.0016821868341672375 0.001913419323114619
v 0.001235342221662204 0.0016821868341672375 0.001913419323114619
v 0.0012313656233690917 0.001691787056063404 0.002463418786300299
v -0.0012106811729666333 0.001691787056063404 0.002463418786300299
v -0.0012146577712597456 0.0016821868341672375 0.001913419323114619
v -0.0011137850333649288 0.0016821868341672375 0.001913419323114619
v -0.001112912272373313 0.0016830595951588534 0.001963419274313317
v 0.0011335967227757715 0.0016830595951588534 0.001963419274313317
v 0.0011335967227757715 0.0016830595951588534 0.001963419274313317
v 0.0011344694837673874 0.0016821868341672375 0.001913419323114619
v 0.0011335967227757715 0.0012821867775428264 0.001963419274313317
v 0.001135342170253199 0.0012821867775428264 0.0018634193719159206
v 0.001135342170253199 0.0016821868341672375 0.0018634193719159206
v 0.0011344694837673874 0.0016821868341672375 0.001913419323114619
v 0.001135342170253199 0.0016821868341672375 0.0018634193719159206
v 0.001235342221662204 0.0016821868341672375 0.001913419323114619
v 0.001235342221662204 0.0016821868341672375 0.0018634193719159206
v 0.0012853420983550978 0.0017321867853659356 0.001913419323114619
v 0.0012853420983550978 0.0017321867853659356 0.0018634193719159206
v 0.001235342221662204 0.0016821868341672375 0.0018634193719159206
v 0.001235342221662204 0.0016821868341672375 0.001913419323114619
v 0.0016103420791698532 0.0017321867853659356 0.001913419323114619
v 0.0016103420791698532 0.0017321867853659356 0.0018634193719159206
v 0.0012853420983550978 0.0017321867853659356 0.0018634193719159206
v 0.0012853420983550978 0.0017321867853659356 0.001913419323114619
v 0.0017353421061782075 0.0016071867583575816 0.0018634193719159206
v 0.0017353421061782075 0.0016071867583575816 0.001913419323114619
v 0.0017185952875332104 0.001669686846367563 0.0018634193719159206
v 0.0016728421671798348 0.0017154399667209386 0.0018634193719159206
v 0.0016103420791698532 0.0017321867853659356 0.0018634193719159206
v 0.0016103420791698532 0.0017321867853659356 0.001913419323114619
v 0.0016728421671798348 0.0017154399667209386 0.001913419323114619
v 0.0017185952875332104 0.001669686846367563 0.001913419323114619
v 0.0017353421061782075 0.0012821867775428264 0.001913419323114619
v 0.0017353421061782075 0.0012821867775428264 0.0018634193719159206
v 0.0017353421061782075 0.0016071867583575816 0.0018634193719159206
v 0.0017353421061782075 0.0016071867583575816 0.001913419323114619
v 0.0016853421549795093 0.0012321868263441282 0.001913419323114619
v 0.0016853421549795093 0.0012321868263441282 0.0018634193719159206
v 0.0017353421061782075 0.0012821867775428264 0.0018634193719159206
v 0.0017353421061782075 0.0012821867775428264 0.001913419323114619
v 0.0016853421549795093 0.0011321867749351233 0.0018634193719159206
v 0.0016853421549795093 0.0011313140139435074 0.001913419323114619
v 0.0016853421549795093 0.0012321868263441282 0.0018634193719159206
v 0.0016853421549795093 0.0012321868263441282 0.001913419323114619
v 0.0016853421549795093 0.0011313140884493117 0.001913419323114619
v 0.0016862149159711252 0.0011304413274576958 0.001963419274313317
v 0.0016853421549795093 0.0011321867749351233 0.0018634193719159206
v 0.0012853420983550978 0.0011321867749351233 0.0018634193719159206
v 0.0012853420983550978 0.0011304413274576958 0.001963419274313317
v 0.001135342170253199 0.0012821867775428264 0.0018634193719159206
v 0.001155438397330678 0.0012071867762389749 0.0018634193719159206
v 0.0012103421715570506 0.0011522830020126024 0.0018634193719159206
v 0.0012853420983550978 0.0011321867749351233 0.0018634193719159206
v 0.0012853420983550978 0.0011304413274576958 0.001963419274313317
v 0.0012094694105654346 0.0011507713537490805 0.001963419274313317
v 0.0011539267490671562 0.001206314015247359 0.001963419274313317
v 0.0011335967227757715 0.0012821867775428264 0.001963419274313317
v 0.0012853420983550978 0.0011321867749351233 0.0018634193719159206
v 0.0016853421549795093 0.0011321867749351233 0.0018634193719159206
v 0.001135342170253199 0.0012821867775428264 0.0018634193719159206
v 0.001155438397330678 0.0012071867762389749 0.0018634193719159206
v 0.0012103421715570506 0.0011522830020126024 0.0018634193719159206
v 0.001135342170253199 0.0016821868341672375 0.0018634193719159206
v 0.001235342221662204 0.0016821868341672375 0.0018634193719159206
v 0.0012853420983550978 0.0017321867853659356 0.0018634193719159206
v 0.0016103420791698532 0.0017321867853659356 0.0018634193719159206
v 0.0017353421061782075 0.0016071867583575816 0.0018634193719159206
v 0.0017185952875332104 0.001669686846367563 0.0018634193719159206
v 0.0016728421671798348 0.0017154399667209386 0.0018634193719159206
v 0.0017353421061782075 0.0012821867775428264 0.0018634193719159206
v 0.0016853421549795093 0.0012321868263441282 0.0018634193719159206
v 0.001694942376875676 -0.0011428131652739676 0.002463418786300299
v 0.00169406961588406 -0.0011428131652739676 0.002413418835101601
v 0.001694942376875676 0.001228210228051016 0.002463418786300299
v 0.0016853421549795093 0.0012321868263441282 0.001913419323114619
v 0.0016853421549795093 0.0011313140139435074 0.001913419323114619
v 0.0016862149159711252 0.0011304413274576958 0.001963419274313317
v 0.0016862149159711252 -0.0011160676676913867 0.001963419274313317
v 0.0016853421549795093 -0.0011169404286830026 0.001913419323114619
v 0.0016853421549795093 -0.0012178131665778191 0.001913419323114619
v 0.00169406961588406 -0.0012141980704471894 0.002413418835101601
v 0.0017245933028028919 -0.0011428131652739676 0.002413418835101601
v 0.0017245933028028919 -0.001244721682860217 0.002413418835101601
v 0.00169406961588406 -0.0012141980704471894 0.002413418835101601
v 0.00169406961588406 -0.0011428131652739676 0.002413418835101601
v 0.0020499933797867593 -0.0011428131652739676 0.0024434190442393935
v 0.002033747389158293 -0.0011428131652739676 0.0024934189954380916
v 0.0017245933028028919 -0.0011428131652739676 0.0024434190442393935
v 0.0017245933028028919 -0.0011428131652739676 0.002413418835101601
v 0.00169406961588406 -0.0011428131652739676 0.002413418835101601
v 0.001694942376875676 -0.0011428131652739676 0.002463418786300299
v 0.0017254660637945078 -0.0011428131652739676 0.002463418786300299
v 0.0017254660637945078 -0.0011428131652739676 0.0024934189954380916
v 0.001694942376875676 0.001228210228051016 0.002463418786300299
v 0.001694942376875676 -0.0011428131652739676 0.002463418786300299
v 0.0017254660637945078 0.0012587338404640436 0.002463418786300299
v 0.0017254660637945078 -0.0011428131652739676 0.002463418786300299
v 0.0017254660637945078 0.0012579934017808714 0.0024934189954380916
v 0.0017254660637945078 0.0012587338404640436 0.002463418786300299
v 0.0017454661038786305 0.0012779932928533855 0.0024934189954380916
v 0.0017353421061782075 0.0012821867775428264 0.001913419323114619
v 0.0016853421549795093 0.0012321868263441282 0.001913419323114619
v 0.001694942376875676 0.001228210228051016 0.002463418786300299
v 0.0017454661038786305 0.0012779932928533855 0.0024934189954380916
v 0.0017353421061782075 0.0012821867775428264 0.001913419323114619
v 0.0017454661038786305 0.0016071867583575816 0.0024934189954380916
v 0.0017353421061782075 0.0016071867583575816 0.001913419323114619
v 0.0016103420791698532 0.0017321867853659356 0.001913419323114619
v 0.0016728421671798348 0.0017154399667209386 0.001913419323114619
v 0.0017185952875332104 0.001669686846367563 0.001913419323114619
v 0.0017353421061782075 0.0016071867583575816 0.001913419323114619
v 0.0016103420791698532 0.0017423107830663587 0.0024934189954380916
v 0.001677904091524242 0.0017242075117482047 0.0024934189954380916
v 0.0017273628325604766 0.0016747487707119701 0.0024934189954380916
v 0.0017454661038786305 0.0016071867583575816 0.0024934189954380916
v 0.0017011166728783404 0.0016979613520660686 0.0021067523485402985
v 0.0017035029447785858 0.001700347623966314 0.002300085373965978
v 0.0016103420791698532 0.0017423107830663587 0.0024934189954380916
v 0.0016103420791698532 0.0017321867853659356 0.001913419323114619
v 0.0012811486136656569 0.0017423107830663587 0.0024934189954380916
v 0.0012853420983550978 0.0017321867853659356 0.001913419323114619
v 0.001261889161276315 0.001722310742982236 0.002463418786300299
v 0.0012611487225931428 0.001722310742982236 0.0024934189954380916
v 0.0012313656233690917 0.001691787056063404 0.002463418786300299
v 0.001235342221662204 0.0016821868341672375 0.001913419323114619
v 0.0012853420983550978 0.0017321867853659356 0.001913419323114619
v 0.0012811486136656569 0.0017423107830663587 0.0024934189954380916
v -0.001241204785379661 0.001722310742982236 0.002463418786300299
v 0.001261889161276315 0.001722310742982236 0.002463418786300299
v 0.0012313656233690917 0.001691787056063404 0.002463418786300299
v -0.0012106811729666333 0.001691787056063404 0.002463418786300299
v -0.0012404643466964887 0.001722310742982236 0.0024934189954380916
v 0.0012611487225931428 0.001722310742982236 0.0024934189954380916
v 0.001261889161276315 0.001722310742982236 0.002463418786300299
v -0.001241204785379661 0.001722310742982236 0.002463418786300299
v -0.0012404643466964887 0.001722310742982236 0.0024934189954380916
v -0.001241204785379661 0.001722310742982236 0.002463418786300299
v -0.0012604643122748071 0.0017423107830663587 0.0024934189954380916
v -0.001264657796964248 0.0017321867853659356 0.001913419323114619
v -0.0012146577712597456 0.0016821868341672375 0.001913419323114619
v -0.0012106811729666333 0.001691787056063404 0.002463418786300299
v -0.0012604643122748071 0.0017423107830663587 0.0024934189954380916
v -0.001264657796964248 0.0017321867853659356 0.001913419323114619
v -0.0015896577777790035 0.0017423107830663587 0.0024934189954380916
v -0.0015896577777790035 0.0017321867853659356 0.001913419323114619
v -0.0017146578047873577 0.0016071867583575816 0.001913419323114619
v -0.0016979109861423607 0.001669686846367563 0.001913419323114619
v -0.001652157865788985 0.0017154399667209386 0.001913419323114619
v -0.0015896577777790035 0.0017321867853659356 0.001913419323114619
v -0.0017247818024877808 0.0016071867583575816 0.0024934189954380916
v -0.0017066785311696268 0.0016747487707119701 0.0024934189954380916
v -0.0016572197901333922 0.0017242075117482047 0.0024934189954380916
v -0.0015896577777790035 0.0017423107830663587 0.0024934189954380916
v -0.0016804323714874907 0.0016979613520660686 0.0021067523485402985
v -0.001682818643387736 0.001700347623966314 0.002300085373965978
v -0.0017247818024877808 0.0016071867583575816 0.0024934189954380916
v -0.0017146578047873577 0.0016071867583575816 0.001913419323114619
v -0.0017247818024877808 0.0012779932928533855 0.0024934189954380916
v -0.0017146578047873577 0.0012821867775428264 0.001913419323114619
v -0.001704781762403658 0.0012587338404640436 0.002463418786300299
v -0.001704781762403658 0.0012579934017808714 0.0024934189954380916
v -0.0016742580754848262 0.001228210228051016 0.002463418786300299
v -0.0016646578535886595 0.0012321868263441282 0.001913419323114619
v -0.0017146578047873577 0.0012821867775428264 0.001913419323114619
v -0.0017247818024877808 0.0012779932928533855 0.0024934189954380916
v -0.001704781762403658 -0.0012443601806977345 0.002463418786300299
v -0.001704781762403658 0.0012587338404640436 0.002463418786300299
v -0.0016742580754848262 0.001228210228051016 0.002463418786300299
v -0.0016742580754848262 -0.0012138365682847069 0.002463418786300299
v -0.001704781762403658 -0.0012436197420145623 0.0024934189954380916
v -0.001704781762403658 0.0012579934017808714 0.0024934189954380916
v -0.001704781762403658 0.0012587338404640436 0.002463418786300299
v -0.001704781762403658 -0.0012443601806977345 0.002463418786300299
v -0.001704781762403658 -0.0012436197420145623 0.0024934189954380916
v -0.001704781762403658 -0.0012443601806977345 0.002463418786300299
v -0.0017247818024877808 -0.0012636196330870764 0.0024934189954380916
v -0.0017146578047873577 -0.0012678131177765173 0.001913419323114619
v -0.0016646578535886595 -0.0012178131665778191 0.001913419323114619
v -0.0016742580754848262 -0.0012138365682847069 0.002463418786300299
v -0.0017247818024877808 -0.0012636196330870764 0.0024934189954380916
v -0.0017146578047873577 -0.0012678131177765173 0.001913419323114619
v -0.0017247818024877808 -0.0015928130985912725 0.0024934189954380916
v -0.0017146578047873577 -0.0015928130985912725 0.001913419323114619
v -0.0015896577777790035 -0.0017178131255996265 0.001913419323114619
v -0.001652157865788985 -0.0017010663069546295 0.001913419323114619
v -0.0016979109861423607 -0.0016553131866012538 0.001913419323114619
v -0.0017146578047873577 -0.0015928130985912725 0.001913419323114619
v -0.0015896577777790035 -0.0017279371233000496 0.0024934189954380916
v -0.0016572197901333922 -0.0017098338519818956 0.0024934189954380916
v -0.0017066785311696268 -0.001660375110945661 0.0024934189954380916
v -0.0017247818024877808 -0.0015928130985912725 0.0024934189954380916
v -0.0016804323714874907 -0.0016835876922997595 0.0021067523485402985
v -0.001682818643387736 -0.001685973964200005 0.002300085373965978
v 0.0017254660637945078 0.0012587338404640436 0.002463418786300299
v 0.0017254660637945078 -0.0011428131652739676 0.002463418786300299
v 0.0017254660637945078 0.0012579934017808714 0.0024934189954380916
v 0.0017254660637945078 -0.0011428131652739676 0.0024934189954380916
v 0.0016853421549795093 -0.0011169404286830026 0.001913419323114619
v 0.0016853421549795093 -0.0011178131151688142 0.0018634193719159206
v 0.0016853421549795093 -0.0012178131665778191 0.001913419323114619
v 0.0016853421549795093 -0.0012178131665778191 0.0018634193719159206
v 0.0016862149159711252 -0.0011160676676913867 0.001963419274313317
v 0.0016853421549795093 -0.0011169404286830026 0.001913419323114619
v 0.0012853420983550978 -0.0011160676676913867 0.001963419274313317
v 0.0012853420983550978 -0.0011178131151688142 0.0018634193719159206
v 0.0016853421549795093 -0.0011178131151688142 0.0018634193719159206
v 0.001135342170253199 -0.0012678131177765173 0.0018634193719159206
v 0.001135342170253199 -0.0016678131744009284 0.0018634193719159206
v 0.0012853420983550978 -0.0011178131151688142 0.0018634193719159206
v 0.0012103421715570506 -0.0011379093422462933 0.0018634193719159206
v 0.001155438397330678 -0.0011928131164726657 0.0018634193719159206
v 0.0016853421549795093 -0.0011178131151688142 0.0018634193719159206
v 0.0016853421549795093 -0.0012178131665778191 0.0018634193719159206
v 0.0017353421061782075 -0.0012678131177765173 0.0018634193719159206
v 0.0017353421061782075 -0.0015928130985912725 0.0018634193719159206
v 0.0016103420791698532 -0.0017178131255996265 0.0018634193719159206
v 0.0016728421671798348 -0.0017010663069546295 0.0018634193719159206
v 0.0017185952875332104 -0.0016553131866012538 0.0018634193719159206
v 0.0012853420983550978 -0.0017178131255996265 0.0018634193719159206
v 0.001235342221662204 -0.0016678131744009284 0.0018634193719159206
v 0.0011344694837673874 -0.0016678131744009284 0.001913419323114619
v 0.0011335967227757715 -0.0016686859353925443 0.001963419274313317
v 0.001135342170253199 -0.0016678131744009284 0.0018634193719159206
v 0.001135342170253199 -0.0012678131177765173 0.0018634193719159206
v 0.0011335967227757715 -0.0012678131177765173 0.001963419274313317
v 0.0012853420983550978 -0.0011178131151688142 0.0018634193719159206
v 0.0012103421715570506 -0.0011379093422462933 0.0018634193719159206
v 0.001155438397330678 -0.0011928131164726657 0.0018634193719159206
v 0.001135342170253199 -0.0012678131177765173 0.0018634193719159206
v 0.0011335967227757715 -0.0012678131177765173 0.001963419274313317
v 0.0011539267490671562 -0.0011919404299868541 0.001963419274313317
v 0.0012094694105654346 -0.0011363976939827714 0.001963419274313317
v 0.0012853420983550978 -0.0011160676676913867 0.001963419274313317
v 0.001135342170253199 -0.0016678131744009284 0.0018634193719159206
v 0.001134469409261583 -0.0016678131744009284 0.001913419323114619
v 0.001235342221662204 -0.0016678131744009284 0.0018634193719159206
v 0.001235342221662204 -0.0016678131744009284 0.001913419323114619
v 0.001235342221662204 -0.0016678131744009284 0.001913419323114619
v 0.001235342221662204 -0.0016678131744009284 0.0018634193719159206
v 0.0012853420983550978 -0.0017178131255996265 0.0018634193719159206
v 0.0012853420983550978 -0.0017178131255996265 0.001913419323114619
v 0.0012853420983550978 -0.0017178131255996265 0.001913419323114619
v 0.0012853420983550978 -0.0017178131255996265 0.0018634193719159206
v 0.0016103420791698532 -0.0017178131255996265 0.0018634193719159206
v 0.0016103420791698532 -0.0017178131255996265 0.001913419323114619
v 0.0016103420791698532 -0.0017178131255996265 0.0018634193719159206
v 0.0016103420791698532 -0.0017178131255996265 0.001913419323114619
v 0.0016728421671798348 -0.0017010663069546295 0.0018634193719159206
v 0.0017185952875332104 -0.0016553131866012538 0.0018634193719159206
v 0.0017353421061782075 -0.0015928130985912725 0.0018634193719159206
v 0.0017353421061782075 -0.0015928130985912725 0.001913419323114619
v 0.0017185952875332104 -0.0016553131866012538 0.001913419323114619
v 0.0016728421671798348 -0.0017010663069546295 0.001913419323114619
v 0.0017353421061782075 -0.0015928130985912725 0.001913419323114619
v 0.0017353421061782075 -0.0015928130985912725 0.0018634193719159206
v 0.0017353421061782075 -0.0012678131177765173 0.0018634193719159206
v 0.0017353421061782075 -0.0012678131177765173 0.001913419323114619
v 0.0017353421061782075 -0.0012678131177765173 0.001913419323114619
v 0.0017353421061782075 -0.0012678131177765173 0.0018634193719159206
v 0.0016853421549795093 -0.0012178131665778191 0.0018634193719159206
v 0.0016853421549795093 -0.0012178131665778191 0.001913419323114619
v 1.0342200754012154e-05 0.0012571868019434773 0.001963419274313317
v 0.0008942256668010581 0.0008910702714829827 0.001963419274313317
v 0.0012603421227557487 7.186857240754573e-06 0.001963419274313317
v 0.0008942256668010581 -0.0008766966117166736 0.001963419274313317
v 1.0342200754012154e-05 -0.0012428131421771682 0.001963419274313317
v 1.0342200754012154e-05 -0.0012428131421771682 0.0019134205152074879
v 0.0008942256668010581 -0.0008766966117166736 0.0019134205152074879
v 0.0012603421227557487 7.186857822831169e-06 0.0019134205152074879
v 0.0008942256668010581 0.0008910702714829827 0.0019134205152074879
v 1.0342200754012154e-05 0.0012571868019434773 0.0019134205152074879
v 1.0342200754012154e-05 0.0012571868019434773 0.0019134205152074879
v 1.0342199589858962e-05 0.0012571868019434773 0.001963419274313317
v -0.0008735412163985997 0.0008910702714829827 0.0019134205152074879
v -0.0012396577468590947 7.186857822831169e-06 0.0019134205152074879
v -0.0008735412163985997 -0.0008766966117166736 0.0019134205152074879
v 1.0342200754012154e-05 -0.0012428131421771682 0.0019134205152074879
v 1.0342200754012154e-05 -0.0012428131421771682 0.001963419274313317
v -0.0008735412163985997 -0.0008766966117166736 0.001963419274313317
v -0.0012396577468590947 7.186857240754573e-06 0.001963419274313317
v -0.0008735412163985997 0.0008910702714829827 0.001963419274313317
v 1.0342200754012154e-05 0.0012571868019434773 0.0019134205152074879
v -0.0008735412163985997 0.0008910702714829827 0.0019134205152074879
v -0.0012396577468590947 7.186857822831169e-06 0.0019134205152074879
v -0.0008735412163985997 -0.0008766966117166736 0.0019134205152074879
v 1.0342200754012154e-05 -0.0012428131421771682 0.0019134205152074879
v 0.0008942256668010581 -0.0008766966117166736 0.0019134205152074879
v 0.0012603421227557487 7.186857822831169e-06 0.0019134205152074879
v 0.0008942256668010581 0.0008910702714829827 0.0019134205152074879
v 1.0342200754012154e-05 0.001007188610571877 0.0019134205152074879
v 0.0007174502897832481 0.0007142948944651728 0.0019134205152074879
v 0.0010103440058899524 7.186857822831169e-06 0.0019134205152074879
v 0.0007174502897832481 -0.0006999212346988637 0.0019134205152074879
v 1.0342200754012154e-05 -0.0009928149508055678 0.0019134205152074879
v -0.0006967658393807897 -0.0006999212346988637 0.0019134205152074879
v -0.000989659555487494 7.186857822831169e-06 0.0019134205152074879
v -0.0006967658393807897 0.0007142948944651728 0.0019134205152074879
v 1.0342200754012154e-05 -0.0009578149551641574 0.001756237109983628
v 0.0006927015477560118 -0.0006751724926716274 0.001756237109983628
v 0.000975344010248542 7.186857822831169e-06 0.001756237109983628
v 0.0006927015477560118 0.0006895461524379365 0.001756237109983628
v 1.0342200754012154e-05 0.0009721886149304665 0.001756237109983628
v 1.0342200754012154e-05 0.001007188610571877 0.0019134205152074879
v 0.0007174502897832481 0.0007142948944651728 0.0019134205152074879
v 0.0010103440058899524 7.186857822831169e-06 0.0019134205152074879
v 0.0007174502897832481 -0.0006999212346988637 0.0019134205152074879
v 1.0342200754012154e-05 -0.0009928149508055678 0.0019134205152074879
v 1.0342200754012154e-05 -0.0009578149551641574 0.001756237109983628
v 0.0006927015477560118 -0.0006751724926716274 0.001756237109983628
v 0.000975344010248542 7.186857822831169e-06 0.001756237109983628
v 0.0006927015477560118 0.0006895461524379365 0.001756237109983628
v 1.0342200754012154e-05 0.0009721886149304665 0.001756237109983628
v 1.0342200754012154e-05 -0.001064145019706822 0.001464099255261587
v 0.0007678881860996446 -0.0007503591310152602 0.001464099255261587
v 0.0010816740747912066 7.186857822831169e-06 0.001464099255261587
v 0.0007678881860996446 0.0007647327907815693 0.001464099255261587
v 1.0342200754012154e-05 0.001078518679473131 0.001464099255261587
v 1.0342200754012154e-05 0.001078518679473131 0.001464099255261587
v 1.0342200754012154e-05 0.0009721886149304665 0.001756237109983628
v -0.0007472037356971862 0.0007647327907815693 0.001464099255261587
v -0.0010609896243887482 7.186857822831169e-06 0.001464099255261587
v -0.0007472037356971862 -0.0007503591310152602 0.001464099255261587
v 1.0342200754012154e-05 -0.001064145019706822 0.001464099255261587
v 1.0342200754012154e-05 -0.0009578149551641574 0.001756237109983628
v -0.0006720170973535533 0.0006895461524379365 0.001756237109983628
v -0.0009546595598460836 7.186857822831169e-06 0.001756237109983628
v -0.0006720170973535533 -0.0006751724926716274 0.001756237109983628
v 1.0342200754012154e-05 0.001078518679473131 0.001464099255261587
v 1.0342200754012154e-05 0.0010901964212165077 0.0014451670323647476
v 1.0342200754012154e-05 0.0011084178587402876 0.0014324080623893127
v 1.0342200754012154e-05 0.001130202610860706 0.0014279102959950947
v -0.0007472037356971862 0.0007647327907815693 0.001464099255261587
v -0.0010609896243887482 7.186857822831169e-06 0.001464099255261587
v -0.0007472037356971862 -0.0007503591310152602 0.001464099255261587
v 1.0342200754012154e-05 -0.001064145019706822 0.001464099255261587
v 1.0342200754012154e-05 -0.0010758227614501986 0.0014451670323647476
v 1.0342200754012154e-05 -0.0010940441989739785 0.0014324080623893127
v 1.0342200754012154e-05 -0.001115828951094397 0.0014279102959950947
v -5.045664383940451e-05 0.001128555585550764 0.0014279102959950947
v -0.00011107716461098575 0.0011236194270040217 0.0014279102959950947
v -0.0001713415196983177 0.0011154085893465143 0.0014279102959950947
v -0.00023107299064681707 0.001103947137953032 0.0014279102959950947
v -0.0002900963398047611 0.0010892686749413155 0.0014279102959950947
v -0.0003482384529358496 0.0010714162646662528 0.0014279102959950947
v -0.0004053287862540309 0.0010504423592140738 0.0014279102959950947
v -0.0004611999065905832 0.0010264083513675248 0.0014279102959950947
v -0.0005156878639231356 0.0009993847981232817 0.0014279102959950947
v -0.0005686329178072608 0.0009694509736571238 0.0014279102959950947
v -0.0006198797608938869 0.0009366946458065212 0.0014279102959950947
v -0.0006692779659641246 0.0009012118525532214 0.0014279102959950947
v -0.0007166828054931136 0.0008631068275174458 0.0014279102959950947
v -0.0007619551398913161 0.0008224911803940416 0.0014279102959950947
v -0.0008049621253096585 0.0007794841949756992 0.0014279102959950947
v -0.0008455777724330629 0.0007342118605774967 0.0014279102959950947
v -0.0008836827974688385 0.0006868070210485078 0.0014279102959950947
v -0.0009191655907221382 0.0006374087787253679 0.0014279102959950947
v -0.000951921918572741 0.000586161972891644 0.0014279102959950947
v -0.0009818557430388989 0.0005332169190075189 0.0014279102959950947
v -0.001008879296283142 0.00047872896167496654 0.0014279102959950947
v -0.001032913304129691 0.0004228578413384143 0.0014279102959950947
v -0.00105388720958187 0.000365767508020233 0.0014279102959950947
v -0.0010717396198569326 0.00030762541351559564 0.0014279102959950947
v -0.001086418082868649 0.0002486020643576517 0.0014279102959950947
v -0.0010978795342621315 0.0001888705747827013 0.0014279102959950947
v -0.0011060903719196389 0.0001286062196953694 0.0014279102959950947
v -0.001111026530466381 6.798570358040098e-05 0.0014279102959950947
v -0.0011126735557763232 7.186857822831169e-06 0.0014279102959950947
v -0.001111026530466381 -5.361198793473864e-05 0.0014279102959950947
v -0.0011060903719196389 -0.00011423250404970706 0.0014279102959950947
v -0.0010978795342621315 -0.00017449687776349004 0.0014279102959950947
v -0.001086418082868649 -0.00023422833008553828 0.0014279102959950947
v -0.0010717396198569326 -0.0002932516792434822 0.0014279102959950947
v -0.00105388720958187 -0.0003513937737481196 0.0014279102959950947
v -0.001032913304129691 -0.0004084841070663009 0.0014279102959950947
v -0.001008879296283142 -0.0004643552274028531 0.0014279102959950947
v -0.0009818557430388989 -0.0005188431847354055 0.0014279102959950947
v -0.000951921918572741 -0.0005717882386195305 0.0014279102959950947
v -0.0009191655907221382 -0.0006230350817061567 0.0014279102959950947
v -0.0008836827974688385 -0.0006724333612821987 0.0014279102959950947
v -0.0008455777724330629 -0.0007198382008111875 0.0014279102959950947
v -0.0008049621253096585 -0.0007651105352093901 0.0014279102959950947
v -0.0007619551398913161 -0.0008081175206277325 0.0014279102959950947
v -0.0007166828054931136 -0.0008487331677511367 0.0014279102959950947
v -0.0006692779659641246 -0.0008868381927869123 0.0014279102959950947
v -0.0006198797608938869 -0.0009223209860402121 0.0014279102959950947
v -0.0005686329178072608 -0.0009550773138908147 0.0014279102959950947
v -0.0005156878639231356 -0.0009850111383569726 0.0014279102959950947
v -0.0004611999065905832 -0.0010120346916012157 0.0014279102959950947
v -0.0004053287862540309 -0.0010360686994477647 0.0014279102959950947
v -0.0003482384529358496 -0.0010570426048999437 0.0014279102959950947
v -0.0002900963398047611 -0.0010748950151750064 0.0014279102959950947
v -0.00023107299064681707 -0.0010895734781867228 0.0014279102959950947
v -0.0001713415196983177 -0.0011010349295802052 0.0014279102959950947
v -0.00011107716461098575 -0.0011092457672377126 0.0014279102959950947
v -5.045664383940451e-05 -0.0011141819257844549 0.0014279102959950947
v -4.927724489695033e-05 -0.0010924292111598871 0.0014324080623893127
v -4.829075545167726e-05 -0.001074234446714048 0.0014451670323647476
v -0.00010872182193275198 -0.0010875887925716754 0.0014324080623893127
v -0.00010675173945534816 -0.001069474121865463 0.0014451670323647476
v -0.00016781715301087907 -0.0010795371738179654 0.0014324080623893127
v -0.00016486923773133974 -0.0010615557194898484 0.0014451670323647476
v -0.0002263899283172952 -0.0010682980477445259 0.0014324080623893127
v -0.0002224728415353707 -0.0010505025599039514 0.0014451670323647476
v -0.000284268309527599 -0.001053904345916859 0.0014324080623893127
v -0.0002793935437636031 -0.001036347053132644 0.0014451670323647476
v -0.0003412825910460371 -0.0010363983131260052 0.0014324080623893127
v -0.00033546443278794524 -0.0010191306244031195 0.0014451670323647476
v -0.00039726543283614307 -0.0010158312093653254 0.0014324080623893127
v -0.00039052098116604294 -0.0009989038631565 0.0014451670323647476
v -0.00045205271723748646 -0.000992263384336306 0.0014324080623893127
v -0.0004444017161935186 -0.0009757260760130115 0.0014451670323647476
v -0.0005054837352301837 -0.0009657640539311452 0.0014324080623893127
v -0.0004969486483123457 -0.0009496651377603749 0.0014451670323647476
v -0.0005574017266019794 -0.0009364109277037319 0.0014324080623893127
v -0.0005480075877605174 -0.0009207977148712188 0.0014451670323647476
v -0.0006076544387417787 -0.0009042899853522329 0.0014324080623893127
v -0.000597428777871383 -0.0008892082969276238 0.0014451670323647476
v -0.0006560943874099617 -0.000869495551224897 0.0014324080623893127
v -0.0006450672303497667 -0.0008549895691501441 0.0014451670323647476
v -0.0007025796763022319 -0.0008321296982736204 0.0014324080623893127
v -0.0006907833213184035 -0.0008182419653629813 0.0014451670323647476
v -0.0007469738107851044 -0.0007923019500307299 0.0014324080623893127
v -0.0007344429030766437 -0.0007790732209591589 0.0014451670323647476
v -0.0007891465547126559 -0.0007501292061031783 0.0014324080623893127
v -0.0007759178256410849 -0.0007375982983947177 0.0014451670323647476
v -0.0008289743029555465 -0.0007057350716203059 0.0014324080623893127
v -0.0008150865700449075 -0.0006939387166364774 0.0014451670323647476
v -0.0008663401559068231 -0.0006592497827280358 0.0014324080623893127
v -0.0008518341738320703 -0.0006482226256678408 0.0014451670323647476
v -0.0009011345900341591 -0.0006108097595540485 0.0014324080623893127
v -0.00088605290160955 -0.0006005840986836528 0.0014451670323647476
v -0.000933255532385658 -0.0005605570474142493 0.0014324080623893127
v -0.0009176423195531449 -0.0005511629085727873 0.0014451670323647476
v -0.0009626086586130714 -0.0005086390560424536 0.0014324080623893127
v -0.0009465097424423011 -0.0005001039691246156 0.0014451670323647476
v -0.0009891079890182322 -0.0004552080380497564 0.0014324080623893127
v -0.0009725706806949378 -0.00044755703700578853 0.0014451670323647476
v -0.0010126758140472517 -0.00040042075364841306 0.0014324080623893127
v -0.0009957484678384263 -0.00039367630197831294 0.0014451670323647476
v -0.0010332429178079314 -0.00034443791185830713 0.0014324080623893127
v -0.0010159752290850458 -0.0003386197536002153 0.0014451670323647476
v -0.0010507489505987852 -0.0002874236489663201 0.0014324080623893127
v -0.0010331916578145703 -0.0002825488832023243 0.0014451670323647476
v -0.001065142652426452 -0.0002295452677560164 0.0014324080623893127
v -0.0010473471645858776 -0.00022562819960054298 0.0014451670323647476
v -0.0010763817784998917 -0.00017097249244960033 0.0014324080623893127
v -0.0010584003241717746 -0.00016802459579651208 0.0014451670323647476
v -0.0010844333972536016 -0.00011187716137147329 0.0014324080623893127
v -0.0010663187265473892 -0.00010990707889406946 0.0014451670323647476
v -0.0010892738158418134 -5.243258899228446e-05 0.0014324080623893127
v -0.0010710790513959742 -5.144609954701139e-05 0.0014451670323647476
v -0.0010908888036559048 7.186857822831169e-06 0.0014324080623893127
v -0.0010726673661321249 7.186857822831169e-06 0.0014451670323647476
v -0.0010892738158418134 6.68063046379468e-05 0.0014324080623893127
v -0.0010710790513959742 6.581981519267373e-05 0.0014451670323647476
v -0.0010844333972536016 0.00012625087701713562 0.0014324080623893127
v -0.0010663187265473892 0.0001242807945397318 0.0014451670323647476
v -0.0010763817784998917 0.00018534622672171375 0.0014324080623893127
v -0.0010584003241717746 0.00018239829281572334 0.0014451670323647476
v -0.001065142652426452 0.00024391900202812983 0.0014324080623893127
v -0.0010473471645858776 0.00024000189661975424 0.0014451670323647476
v -0.0010507489505987852 0.0003017973832384335 0.0014324080623893127
v -0.0010331916578145703 0.0002969226174744377 0.0014451670323647476
v -0.0010332429178079314 0.00035881164613042055 0.0014324080623893127
v -0.0010159752290850458 0.0003529934878723287 0.0014451670323647476
v -0.0010126758140472517 0.0004147944879205265 0.0014324080623893127
v -0.0009957484678384263 0.00040805003625042635 0.0014451670323647476
v -0.0009891079890182322 0.0004695817723218698 0.0014324080623893127
v -0.0009725706806949378 0.00046193077127790194 0.0014451670323647476
v -0.0009626086586130714 0.000523012790314567 0.0014324080623893127
v -0.0009465097424423011 0.000514477703396729 0.0014451670323647476
v -0.000933255532385658 0.0005749307816863627 0.0014324080623893127
v -0.0009176423195531449 0.0005655366428449007 0.0014451670323647476
v -0.0009011345900341591 0.0006251834938261619 0.0014324080623893127
v -0.00088605290160955 0.0006149578329557662 0.0014451670323647476
v -0.0008663401559068231 0.0006736234424943449 0.0014324080623893127
v -0.0008518341738320703 0.0006625962854341499 0.0014451670323647476
v -0.0008289743029555465 0.000720108731386615 0.0014324080623893127
v -0.0008150865700449075 0.0007083123764027865 0.0014451670323647476
v -0.0007891465547126559 0.0007645028658694875 0.0014324080623893127
v -0.0007759178256410849 0.0007519719581610268 0.0014451670323647476
v -0.0007469738107851044 0.000806675609797039 0.0014324080623893127
v -0.0007344429030766437 0.000793446880725468 0.0014451670323647476
v -0.0007025796763022319 0.0008465033580399295 0.0014324080623893127
v -0.0006907833213184035 0.0008326156251292904 0.0014451670323647476
v -0.0006560943874099617 0.0008838692109912061 0.0014324080623893127
v -0.0006450672303497667 0.0008693632289164532 0.0014451670323647476
v -0.0006076544387417787 0.000918663645118542 0.0014324080623893127
v -0.000597428777871383 0.0009035819566939329 0.0014451670323647476
v -0.0005574017266019794 0.000950784587470041 0.0014324080623893127
v -0.0005480075877605174 0.0009351713746375279 0.0014451670323647476
v -0.0005054837352301837 0.0009801377136974543 0.0014324080623893127
v -0.0004969486483123457 0.000964038797526684 0.0014451670323647476
v -0.00045205271723748646 0.0010066370441026151 0.0014324080623893127
v -0.0004444017161935186 0.0009900997357793206 0.0014451670323647476
v -0.00039726543283614307 0.0010302048691316346 0.0014324080623893127
v -0.00039052098116604294 0.0010132775229228091 0.0014451670323647476
v -0.0003412825910460371 0.0010507719728923143 0.0014324080623893127
v -0.00033546443278794524 0.0010335042841694286 0.0014451670323647476
v -0.000284268309527599 0.001068278005683168 0.0014324080623893127
v -0.0002793935437636031 0.0010507207128989532 0.0014451670323647476
v -0.0002263899283172952 0.001082671707510835 0.0014324080623893127
v -0.0002224728415353707 0.0010648762196702605 0.0014451670323647476
v -0.00016781715301087907 0.0010939108335842745 0.0014324080623893127
v -0.00016486923773133974 0.0010759293792561575 0.0014451670323647476
v -0.00010872182193275198 0.0011019624523379845 0.0014324080623893127
v -0.00010675173945534816 0.001083847781631772 0.0014451670323647476
v -4.927724489695033e-05 0.0011068028709261962 0.0014324080623893127
v -4.829075545167726e-05 0.001088608106480357 0.0014451670323647476
v 1.0342200754012154e-05 0.001130202610860706 0.0014279096999486602
v -5.045664383940451e-05 0.001128555585550764 0.0014279096999486602
v -0.00011107716461098575 0.0011236194270040217 0.0014279096999486602
v -0.0001713415196983177 0.0011154085893465143 0.0014279096999486602
v -0.00023107299064681707 0.001103947137953032 0.0014279096999486602
v -0.0002900963398047611 0.0010892686749413155 0.0014279096999486602
v -0.0003482384529358496 0.0010714162646662528 0.0014279096999486602
v -0.0004053287862540309 0.0010504423592140738 0.0014279096999486602
v -0.0004611999065905832 0.0010264083513675248 0.0014279096999486602
v -0.0005156878639231356 0.0009993847981232817 0.0014279096999486602
v -0.0005686329178072608 0.0009694509736571238 0.0014279096999486602
v -0.0006198797608938869 0.0009366946458065212 0.0014279096999486602
v -0.0006692779659641246 0.0009012118525532214 0.0014279096999486602
v -0.0007166828054931136 0.0008631068275174458 0.0014279096999486602
v -0.0007619551398913161 0.0008224911803940416 0.0014279096999486602
v -0.0008049621253096585 0.0007794841949756992 0.0014279096999486602
v -0.0008455777724330629 0.0007342118605774967 0.0014279096999486602
v -0.0008836827974688385 0.0006868070210485078 0.0014279096999486602
v -0.0009191655907221382 0.0006374087787253679 0.0014279096999486602
v -0.000951921918572741 0.000586161972891644 0.0014279096999486602
v -0.0009818557430388989 0.0005332169190075189 0.0014279096999486602
v -0.001008879296283142 0.00047872896167496654 0.0014279096999486602
v -0.001032913304129691 0.0004228578413384143 0.0014279096999486602
v -0.00105388720958187 0.000365767508020233 0.0014279096999486602
v -0.0010717396198569326 0.00030762541351559564 0.0014279096999486602
v -0.001086418082868649 0.0002486020643576517 0.0014279096999486602
v -0.0010978795342621315 0.0001888705747827013 0.0014279096999486602
v -0.0011060903719196389 0.0001286062196953694 0.0014279096999486602
v -0.001111026530466381 6.798570358040098e-05 0.0014279096999486602
v -0.0011126735557763232 7.186857822831169e-06 0.0014279096999486602
v -0.001111026530466381 -5.361198793473864e-05 0.0014279096999486602
v -0.0011060903719196389 -0.00011423250404970706 0.0014279096999486602
v -0.0010978795342621315 -0.00017449687776349004 0.0014279096999486602
v -0.001086418082868649 -0.00023422833008553828 0.0014279096999486602
v -0.0010717396198569326 -0.0002932516792434822 0.0014279096999486602
v -0.00105388720958187 -0.0003513937737481196 0.0014279096999486602
v -0.001032913304129691 -0.0004084841070663009 0.0014279096999486602
v -0.001008879296283142 -0.0004643552274028531 0.0014279096999486602
v -0.0009818557430388989 -0.0005188431847354055 0.0014279096999486602
v -0.000951921918572741 -0.0005717882386195305 0.0014279096999486602
v -0.0009191655907221382 -0.0006230350817061567 0.0014279096999486602
v -0.0008836827974688385 -0.0006724333612821987 0.0014279096999486602
v -0.0008455777724330629 -0.0007198382008111875 0.0014279096999486602
v -0.0008049621253096585 -0.0007651105352093901 0.0014279096999486602
v -0.0007619551398913161 -0.0008081175206277325 0.0014279096999486602
v -0.0007166828054931136 -0.0008487331677511367 0.0014279096999486602
v -0.0006692779659641246 -0.0008868381927869123 0.0014279096999486602
v -0.0006198797608938869 -0.0009223209860402121 0.0014279096999486602
v -0.0005686329178072608 -0.0009550773138908147 0.0014279096999486602
v -0.0005156878639231356 -0.0009850111383569726 0.0014279096999486602
v -0.0004611999065905832 -0.0010120346916012157 0.0014279096999486602
v -0.0004053287862540309 -0.0010360686994477647 0.0014279096999486602
v -0.0003482384529358496 -0.0010570426048999437 0.0014279096999486602
v -0.0002900963398047611 -0.0010748950151750064 0.0014279096999486602
v -0.00023107299064681707 -0.0010895734781867228 0.0014279096999486602
v -0.0001713415196983177 -0.0011010349295802052 0.0014279096999486602
v -0.00011107716461098575 -0.0011092457672377126 0.0014279096999486602
v -5.045664383940451e-05 -0.0011141819257844549 0.0014279096999486602
v 1.0342200754012154e-05 -0.001115828951094397 0.0014279096999486602
v 7.114104767573522e-05 -0.0011141819257844549 0.0014279096999486602
v 0.0001317615591340909 -0.0011092457672377126 0.0014279096999486602
v 0.00019202593284787394 -0.0011010349295802052 0.0014279096999486602
v 0.0002517574037963733 -0.0010895734781867228 0.0014279096999486602
v 0.0003107807529543173 -0.0010748950151750064 0.0014279096999486602
v 0.00036892282883250365 -0.0010570426048999437 0.0014279096999486602
v 0.000426013162150685 -0.0010360686994477647 0.0014279096999486602
v 0.0004818842824872373 -0.0010120346916012157 0.0014279096999486602
v 0.0005363722398197897 -0.0009850111383569726 0.0014279096999486602
v 0.0005893172937039148 -0.0009550773138908147 0.0014279096999486602
v 0.0006405641740434431 -0.0009223209860402121 0.0014279096999486602
v 0.000689962416366583 -0.0008868381927869123 0.0014279096999486602
v 0.0007373672558955719 -0.0008487331677511367 0.0014279096999486602
v 0.0007826395902937745 -0.0008081175206277325 0.0014279096999486602
v 0.000825646575712117 -0.0007651105352093901 0.0014279096999486602
v 0.0008662622228355212 -0.0007198382008111875 0.0014279096999486602
v 0.0009043672478712968 -0.0006724333612821987 0.0014279096999486602
v 0.0009398500411245967 -0.0006230350817061567 0.0014279096999486602
v 0.0009726063689751993 -0.0005717882386195305 0.0014279096999486602
v 0.0010025401934413572 -0.0005188431847354055 0.0014279096999486602
v 0.0010295637466856003 -0.0004643552274028531 0.0014279096999486602
v 0.0010535977545321493 -0.0004084841070663009 0.0014279096999486602
v 0.0010745716599843283 -0.0003513937737481196 0.0014279096999486602
v 0.001092424070259391 -0.0002932516792434822 0.0014279096999486602
v 0.0011071025332711074 -0.00023422833008553828 0.0014279096999486602
v 0.0011185639846645898 -0.00017449687776349004 0.0014279096999486602
v 0.0011267748223220974 -0.00011423250404970706 0.0014279096999486602
v 0.0011317109808688397 -5.361198793473864e-05 0.0014279096999486602
v 0.0011333580061787818 7.186857822831169e-06 0.0014279096999486602
v 0.0011317109808688397 6.798570358040098e-05 0.0014279096999486602
v 0.0011267748223220974 0.0001286062196953694 0.0014279096999486602
v 0.0011185639846645898 0.0001888705747827013 0.0014279096999486602
v 0.0011071025332711074 0.0002486020643576517 0.0014279096999486602
v 0.001092424070259391 0.00030762541351559564 0.0014279096999486602
v 0.0010745716599843283 0.000365767508020233 0.0014279096999486602
v 0.0010535977545321493 0.0004228578413384143 0.0014279096999486602
v 0.0010295637466856003 0.00047872896167496654 0.0014279096999486602
v 0.0010025401934413572 0.0005332169190075189 0.0014279096999486602
v 0.0009726063689751993 0.000586161972891644 0.0014279096999486602
v 0.0009398500411245967 0.0006374087787253679 0.0014279096999486602
v 0.0009043672478712968 0.0006868070210485078 0.0014279096999486602
v 0.0008662622228355212 0.0007342118605774967 0.0014279096999486602
v 0.000825646575712117 0.0007794841949756992 0.0014279096999486602
v 0.0007826395902937745 0.0008224911803940416 0.0014279096999486602
v 0.0007373672558955719 0.0008631068275174458 0.0014279096999486602
v 0.000689962416366583 0.0009012118525532214 0.0014279096999486602
v 0.0006405641740434431 0.0009366946458065212 0.0014279096999486602
v 0.0005893172937039148 0.0009694509736571238 0.0014279096999486602
v 0.0005363722398197897 0.0009993847981232817 0.0014279096999486602
v 0.0004818842824872373 0.0010264083513675248 0.0014279096999486602
v 0.000426013162150685 0.0010504423592140738 0.0014279096999486602
v 0.00036892282883250365 0.0010714162646662528 0.0014279096999486602
v 0.0003107807529543173 0.0010892686749413155 0.0014279096999486602
v 0.0002517574037963733 0.001103947137953032 0.0014279096999486602
v 0.00019202593284787394 0.0011154085893465143 0.0014279096999486602
v 0.0001317615591340909 0.0011236194270040217 0.0014279096999486602
v 7.114104767573522e-05 0.001128555585550764 0.0014279096999486602
v -0.001048689535662021 7.186857822831169e-06 0.0014279096999486602
v -0.00073850630063177 0.0007560353557161531 0.0014279096999486602
v 1.0342200754012154e-05 0.001066218590746404 0.0014279096999486602
v 0.0007591907510342284 0.0007560353557161531 0.0014279096999486602
v 0.0010693739860644794 7.186857822831169e-06 0.0014279096999486602
v 1.0342200754012154e-05 -0.0010518449309800948 0.0014279096999486602
v -4.329687818966335e-05 -0.0010504856470863744 0.0014279096999486602
v -9.679826691452566e-05 -0.0010464113716838197 0.0014279096999486602
v -0.0001500246360892512 -0.0010396325355850333 0.0014279096999486602
v -0.00020283931412906994 -0.001030166498642418 0.0014279096999486602
v -0.00025510679360240423 -0.001018037549748177 0.0014279096999486602
v -0.000306692842989575 -0.0010032769068343134 0.0014279096999486602
v -0.0003574651027292364 -0.0009859224188494137 0.0014279096999486602
v -0.0004072931690374055 -0.0009660186402644516 0.0014279096999486602
v -0.00045604920858034786 -0.0009436166820611797 0.0014279096999486602
v -0.0005036080143539308 -0.0009187739882147161 0.0014279096999486602
v -0.0005498475085978023 -0.0008915544101993494 0.0014279096999486602
v -0.0005946490035657065 -0.0008620276854479081 0.0014279096999486602
v -0.0006378974622957978 -0.000830269809880782 0.0014279096999486602
v -0.0006794819083925657 -0.0007963621438362711 0.0014279096999486602
v -0.0007192956495442472 -0.0007603917100938024 0.0014279096999486602
v -0.0007572363147757284 -0.0007224510448623211 0.0014279096999486602
v -0.0007932067485181972 -0.0006826373037106398 0.0014279096999486602
v -0.0008271144145627082 -0.0006410528576138719 0.0014279096999486602
v -0.0008588722901298342 -0.0005978043243779763 0.0014279096999486602
v -0.0008883990148812756 -0.0005530028294100722 0.0014279096999486602
v -0.0009156185928966423 -0.0005067633351662007 0.0014279096999486602
v -0.0009404612867431059 -0.0004592045293926178 0.0014279096999486602
v -0.0009628632449463779 -0.00041044848984967547 0.0014279096999486602
v -0.00098276702353134 -0.0003606204235415064 0.0014279096999486602
v -0.0010001215115162396 -0.00030984818242829615 0.0014279096999486602
v -0.0010148821544301032 -0.00025826211441467434 0.0014279096999486602
v -0.0010270111033243443 -0.00020599465356779117 0.0014279096999486602
v -0.0010364771402669596 -0.00015317997552797245 0.0014279096999486602
v -0.001043255976365746 -9.995360635324697e-05 0.0014279096999486602
v -0.0010473302517683006 -4.645222228499748e-05 0.0014279096999486602
v 0.001068014702170759 -4.645222228499748e-05 0.0014279096999486602
v 0.0010639404267682043 -9.995360635324697e-05 0.0014279096999486602
v 0.001057161590669418 -0.00015317997552797245 0.0014279096999486602
v 0.0010476955537268027 -0.00020599465356779117 0.0014279096999486602
v 0.0010355666048325616 -0.00025826211441467434 0.0014279096999486602
v 0.001020805961918698 -0.00030984818242829615 0.0014279096999486602
v 0.0010034514739337983 -0.0003606204235415064 0.0014279096999486602
v 0.0009835476953488362 -0.00041044848984967547 0.0014279096999486602
v 0.0009611457371455643 -0.0004592045293926178 0.0014279096999486602
v 0.0009363030432991006 -0.0005067633351662007 0.0014279096999486602
v 0.0009090834652837339 -0.0005530028294100722 0.0014279096999486602
v 0.0008795567405322926 -0.0005978043243779763 0.0014279096999486602
v 0.0008477988649651665 -0.0006410528576138719 0.0014279096999486602
v 0.0008138911989206556 -0.0006826373037106398 0.0014279096999486602
v 0.0007779207651781867 -0.0007224510448623211 0.0014279096999486602
v 0.0007399800999467055 -0.0007603917100938024 0.0014279096999486602
v 0.0007001663587950242 -0.0007963621438362711 0.0014279096999486602
v 0.0006585819126982562 -0.000830269809880782 0.0014279096999486602
v 0.0006153333794623605 -0.0008620276854479081 0.0014279096999486602
v 0.0005705318844944565 -0.0008915544101993494 0.0014279096999486602
v 0.0005242923902505849 -0.0009187739882147161 0.0014279096999486602
v 0.00047673358447700197 -0.0009436166820611797 0.0014279096999486602
v 0.0004279775449340596 -0.0009660186402644516 0.0014279096999486602
v 0.0003781494786258905 -0.0009859224188494137 0.0014279096999486602
v 0.00032737723751268016 -0.0010032769068343134 0.0014279096999486602
v 0.00027579118812550937 -0.001018037549748177 0.0014279096999486602
v 0.00022352372727862618 -0.001030166498642418 0.0014279096999486602
v 0.00017070903992558186 -0.0010396325355850333 0.0014279096999486602
v 0.00011748266143763082 -0.0010464113716838197 0.0014279096999486602
v 6.398127736938127e-05 -0.0010504856470863744 0.0014279096999486602
v 1.0342200754012154e-05 -0.001115828951094397 0.0014279102959950947
v 7.114104767573522e-05 -0.0011141819257844549 0.0014279102959950947
v 0.0001317615591340909 -0.0011092457672377126 0.0014279102959950947
v 0.00019202593284787394 -0.0011010349295802052 0.0014279102959950947
v 0.0002517574037963733 -0.0010895734781867228 0.0014279102959950947
v 0.0003107807529543173 -0.0010748950151750064 0.0014279102959950947
v 0.00036892282883250365 -0.0010570426048999437 0.0014279102959950947
v 0.000426013162150685 -0.0010360686994477647 0.0014279102959950947
v 0.0004818842824872373 -0.0010120346916012157 0.0014279102959950947
v 0.0005363722398197897 -0.0009850111383569726 0.0014279102959950947
v 0.0005893172937039148 -0.0009550773138908147 0.0014279102959950947
v 0.0006405641740434431 -0.0009223209860402121 0.0014279102959950947
v 0.000689962416366583 -0.0008868381927869123 0.0014279102959950947
v 0.0007373672558955719 -0.0008487331677511367 0.0014279102959950947
v 0.0007826395902937745 -0.0008081175206277325 0.0014279102959950947
v 0.000825646575712117 -0.0007651105352093901 0.0014279102959950947
v 0.0008662622228355212 -0.0007198382008111875 0.0014279102959950947
v 0.0009043672478712968 -0.0006724333612821987 0.0014279102959950947
v 0.0009398500411245967 -0.0006230350817061567 0.0014279102959950947
v 0.0009726063689751993 -0.0005717882386195305 0.0014279102959950947
v 0.0010025401934413572 -0.0005188431847354055 0.0014279102959950947
v 0.0010295637466856003 -0.0004643552274028531 0.0014279102959950947
v 0.0010535977545321493 -0.0004084841070663009 0.0014279102959950947
v 0.0010745716599843283 -0.0003513937737481196 0.0014279102959950947
v 0.001092424070259391 -0.0002932516792434822 0.0014279102959950947
v 0.0011071025332711074 -0.00023422833008553828 0.0014279102959950947
v 0.0011185639846645898 -0.00017449687776349004 0.0014279102959950947
v 0.0011267748223220974 -0.00011423250404970706 0.0014279102959950947
v 0.0011317109808688397 -5.361198793473864e-05 0.0014279102959950947
v 0.0011333580061787818 7.186857822831169e-06 0.0014279102959950947
v 0.0011317109808688397 6.798570358040098e-05 0.0014279102959950947
v 0.0011267748223220974 0.0001286062196953694 0.0014279102959950947
v 0.0011185639846645898 0.0001888705747827013 0.0014279102959950947
v 0.0011071025332711074 0.0002486020643576517 0.0014279102959950947
v 0.001092424070259391 0.00030762541351559564 0.0014279102959950947
v 0.0010745716599843283 0.000365767508020233 0.0014279102959950947
v 0.0010535977545321493 0.0004228578413384143 0.0014279102959950947
v 0.0010295637466856003 0.00047872896167496654 0.0014279102959950947
v 0.0010025401934413572 0.0005332169190075189 0.0014279102959950947
v 0.0009726063689751993 0.000586161972891644 0.0014279102959950947
v 0.0009398500411245967 0.0006374087787253679 0.0014279102959950947
v 0.0009043672478712968 0.0006868070210485078 0.0014279102959950947
v 0.0008662622228355212 0.0007342118605774967 0.0014279102959950947
v 0.000825646575712117 0.0007794841949756992 0.0014279102959950947
v 0.0007826395902937745 0.0008224911803940416 0.0014279102959950947
v 0.0007373672558955719 0.0008631068275174458 0.0014279102959950947
v 0.000689962416366583 0.0009012118525532214 0.0014279102959950947
v 0.0006405641740434431 0.0009366946458065212 0.0014279102959950947
v 0.0005893172937039148 0.0009694509736571238 0.0014279102959950947
v 0.0005363722398197897 0.0009993847981232817 0.0014279102959950947
v 0.0004818842824872373 0.0010264083513675248 0.0014279102959950947
v 0.000426013162150685 0.0010504423592140738 0.0014279102959950947
v 0.00036892282883250365 0.0010714162646662528 0.0014279102959950947
v 0.0003107807529543173 0.0010892686749413155 0.0014279102959950947
v 0.0002517574037963733 0.001103947137953032 0.0014279102959950947
v 0.00019202593284787394 0.0011154085893465143 0.0014279102959950947
v 0.0001317615591340909 0.0011236194270040217 0.0014279102959950947
v 7.114104767573522e-05 0.001128555585550764 0.0014279102959950947
v 1.0342200754012154e-05 0.001130202610860706 0.0014279102959950947
v 1.0342200754012154e-05 -0.001064145019706822 0.001464099255261587
v 1.0342200754012154e-05 -0.0010758227614501986 0.0014451670323647476
v 1.0342200754012154e-05 -0.0010940441989739785 0.0014324080623893127
v 0.0007678881860996446 -0.0007503591310152602 0.001464099255261587
v 0.0010816740747912066 7.186857822831169e-06 0.001464099255261587
v 0.0007678881860996446 0.0007647327907815693 0.001464099255261587
v 1.0342200754012154e-05 0.001078518679473131 0.001464099255261587
v 1.0342200754012154e-05 0.0010901964212165077 0.0014451670323647476
v 1.0342200754012154e-05 0.0011084178587402876 0.0014324080623893127
v 6.996164873328102e-05 0.0011068028709261962 0.0014324080623893127
v 6.897515928800795e-05 0.001088608106480357 0.0014451670323647476
v 0.00012940621645585713 0.0011019624523379845 0.0014324080623893127
v 0.0001274361339784533 0.001083847781631772 0.0014451670323647476
v 0.0001885015661604353 0.0010939108335842745 0.0014324080623893127
v 0.00018555365088089598 0.0010759293792561575 0.0014451670323647476
v 0.00024707434146685144 0.001082671707510835 0.0014324080623893127
v 0.00024315725468492693 0.0010648762196702605 0.0014451670323647476
v 0.0003049527226771552 0.001068278005683168 0.0014324080623893127
v 0.0003000779569131594 0.0010507207128989532 0.0014451670323647476
v 0.0003619669669426912 0.0010507719728923143 0.0014324080623893127
v 0.00035614880868459935 0.0010335042841694286 0.0014451670323647476
v 0.0004179498087327972 0.0010302048691316346 0.0014324080623893127
v 0.00041120535706269705 0.0010132775229228091 0.0014451670323647476
v 0.0004727370931341406 0.0010066370441026151 0.0014324080623893127
v 0.00046508609209017264 0.0009900997357793206 0.0014451670323647476
v 0.0005261681111268378 0.0009801377136974543 0.0014324080623893127
v 0.0005176330242089998 0.000964038797526684 0.0014451670323647476
v 0.0005780861024986336 0.000950784587470041 0.0014324080623893127
v 0.0005686919636571716 0.0009351713746375279 0.0014451670323647476
v 0.0006283388146384328 0.000918663645118542 0.0014324080623893127
v 0.000618113153768037 0.0009035819566939329 0.0014451670323647476
v 0.0006767788378124201 0.0008838692109912061 0.0014324080623893127
v 0.0006657516807522251 0.0008693632289164532 0.0014451670323647476
v 0.0007232641267046903 0.0008465033580399295 0.0014324080623893127
v 0.0007114677717208618 0.0008326156251292904 0.0014451670323647476
v 0.0007676582611875627 0.000806675609797039 0.0014324080623893127
v 0.0007551273534791021 0.000793446880725468 0.0014451670323647476
v 0.0008098310051151143 0.0007645028658694875 0.0014324080623893127
v 0.0007966022760435433 0.0007519719581610268 0.0014451670323647476
v 0.0008496587533580049 0.000720108731386615 0.0014324080623893127
v 0.0008357710204473658 0.0007083123764027865 0.0014451670323647476
v 0.0008870246063092815 0.0006736234424943449 0.0014324080623893127
v 0.0008725186242345286 0.0006625962854341499 0.0014451670323647476
v 0.0009218190404366174 0.0006251834938261619 0.0014324080623893127
v 0.0009067373520120083 0.0006149578329557662 0.0014451670323647476
v 0.0009539399827881165 0.0005749307816863627 0.0014324080623893127
v 0.0009383267699556034 0.0005655366428449007 0.0014451670323647476
v 0.0009832931090155298 0.000523012790314567 0.0014324080623893127
v 0.0009671941928447595 0.000514477703396729 0.0014451670323647476
v 0.0010097924394206906 0.0004695817723218698 0.0014324080623893127
v 0.0009932551310973961 0.00046193077127790194 0.0014451670323647476
v 0.00103336026444971 0.0004147944879205265 0.0014324080623893127
v 0.0010164329182408846 0.00040805003625042635 0.0014451670323647476
v 0.0010539273682103898 0.00035881164613042055 0.0014324080623893127
v 0.0010366596794875041 0.0003529934878723287 0.0014451670323647476
v 0.0010714334010012436 0.0003017973832384335 0.0014324080623893127
v 0.0010538761082170287 0.0002969226174744377 0.0014451670323647476
v 0.0010858271028289105 0.00024391900202812983 0.0014324080623893127
v 0.001068031614988336 0.00024000189661975424 0.0014451670323647476
v 0.00109706622890235 0.00018534622672171375 0.0014324080623893127
v 0.001079084774574233 0.00018239829281572334 0.0014451670323647476
v 0.00110511784765606 0.00012625087701713562 0.0014324080623893127
v 0.0010870031769498476 0.0001242807945397318 0.0014451670323647476
v 0.0011099582662442717 6.68063046379468e-05 0.0014324080623893127
v 0.0010917635017984326 6.581981519267373e-05 0.0014451670323647476
v 0.0011115732540583631 7.186857822831169e-06 0.0014324080623893127
v 0.0010933518165345832 7.186857822831169e-06 0.0014451670323647476
v 0.0011099582662442717 -5.243258899228446e-05 0.0014324080623893127
v 0.0010917635017984326 -5.144609954701139e-05 0.0014451670323647476
v 0.00110511784765606 -0.00011187716137147329 0.0014324080623893127
v 0.0010870031769498476 -0.00010990707889406946 0.0014451670323647476
v 0.00109706622890235 -0.00017097249244960033 0.0014324080623893127
v 0.001079084774574233 -0.00016802459579651208 0.0014451670323647476
v 0.0010858271028289105 -0.0002295452677560164 0.0014324080623893127
v 0.001068031614988336 -0.00022562819960054298 0.0014451670323647476
v 0.0010714334010012436 -0.0002874236489663201 0.0014324080623893127
v 0.0010538761082170287 -0.0002825488832023243 0.0014451670323647476
v 0.0010539273682103898 -0.00034443791185830713 0.0014324080623893127
v 0.0010366596794875041 -0.0003386197536002153 0.0014451670323647476
v 0.00103336026444971 -0.00040042075364841306 0.0014324080623893127
v 0.0010164329182408846 -0.00039367630197831294 0.0014451670323647476
v 0.0010097924394206906 -0.0004552080380497564 0.0014324080623893127
v 0.0009932551310973961 -0.00044755703700578853 0.0014451670323647476
v 0.0009832931090155298 -0.0005086390560424536 0.0014324080623893127
v 0.0009671941928447595 -0.0005001039691246156 0.0014451670323647476
v 0.0009539399827881165 -0.0005605570474142493 0.0014324080623893127
v 0.0009383267699556034 -0.0005511629085727873 0.0014451670323647476
v 0.0009218190404366174 -0.0006108097595540485 0.0014324080623893127
v 0.0009067373520120083 -0.0006005840986836528 0.0014451670323647476
v 0.0008870246063092815 -0.0006592497827280358 0.0014324080623893127
v 0.0008725186242345286 -0.0006482226256678408 0.0014451670323647476
v 0.0008496587533580049 -0.0007057350716203059 0.0014324080623893127
v 0.0008357710204473658 -0.0006939387166364774 0.0014451670323647476
v 0.0008098310051151143 -0.0007501292061031783 0.0014324080623893127
v 0.0007966022760435433 -0.0007375982983947177 0.0014451670323647476
v 0.0007676582611875627 -0.0007923019500307299 0.0014324080623893127
v 0.0007551273534791021 -0.0007790732209591589 0.0014451670323647476
v 0.0007232641267046903 -0.0008321296982736204 0.0014324080623893127
v 0.0007114677717208618 -0.0008182419653629813 0.0014451670323647476
v 0.0006767788378124201 -0.000869495551224897 0.0014324080623893127
v 0.0006657516807522251 -0.0008549895691501441 0.0014451670323647476
v 0.0006283388146384328 -0.0009042899853522329 0.0014324080623893127
v 0.000618113153768037 -0.0008892082969276238 0.0014451670323647476
v 0.0005780861024986336 -0.0009364109277037319 0.0014324080623893127
v 0.0005686919636571716 -0.0009207977148712188 0.0014451670323647476
v 0.0005261681111268378 -0.0009657640539311452 0.0014324080623893127
v 0.0005176330242089998 -0.0009496651377603749 0.0014451670323647476
v 0.0004727370931341406 -0.000992263384336306 0.0014324080623893127
v 0.00046508609209017264 -0.0009757260760130115 0.0014451670323647476
v 0.0004179498087327972 -0.0010158312093653254 0.0014324080623893127
v 0.00041120535706269705 -0.0009989038631565 0.0014451670323647476
v 0.0003619669669426912 -0.0010363983131260052 0.0014324080623893127
v 0.00035614880868459935 -0.0010191306244031195 0.0014451670323647476
v 0.0003049527226771552 -0.001053904345916859 0.0014324080623893127
v 0.0003000779569131594 -0.001036347053132644 0.0014451670323647476
v 0.00024707434146685144 -0.0010682980477445259 0.0014324080623893127
v 0.00024315725468492693 -0.0010505025599039514 0.0014451670323647476
v 0.0001885015661604353 -0.0010795371738179654 0.0014324080623893127
v 0.00018555365088089598 -0.0010615557194898484 0.0014451670323647476
v 0.00012940621645585713 -0.0010875887925716754 0.0014324080623893127
v 0.0001274361339784533 -0.001069474121865463 0.0014451670323647476
v 6.996164873328102e-05 -0.0010924292111598871 0.0014324080623893127
v 6.897515928800795e-05 -0.001074234446714048 0.0014451670323647476
v -0.001048689535662021 7.186857822831169e-06 0.0014279096999486602
v 1.0342200754012154e-05 7.186857822831169e-06 0.001756939252683388
v 1.0342200754012154e-05 7.186857822831169e-06 0.001756939252683388
v 0.0010693739860644794 7.186857822831169e-06 0.0014279096999486602
v -0.00073850630063177 0.0007560353557161531 0.0014279096999486602
v 1.0342200754012154e-05 0.001066218590746404 0.0014279096999486602
v 0.0007591907510342284 0.0007560353557161531 0.0014279096999486602
v 0.0010693739860644794 7.186857822831169e-06 0.0014279096999486602
v 1.0342200754012154e-05 7.186857822831169e-06 0.001756939252683388
v 1.0342200754012154e-05 7.186857822831169e-06 0.001756939252683388
v -0.001048689535662021 7.186857822831169e-06 0.0014279096999486602
v 1.0342200754012154e-05 -0.0010518449309800948 0.0014279096999486602
v -4.329687818966335e-05 -0.0010504856470863744 0.0014279096999486602
v -9.679826691452566e-05 -0.0010464113716838197 0.0014279096999486602
v -0.0001500246360892512 -0.0010396325355850333 0.0014279096999486602
v -0.00020283931412906994 -0.001030166498642418 0.0014279096999486602
v -0.00025510679360240423 -0.001018037549748177 0.0014279096999486602
v -0.000306692842989575 -0.0010032769068343134 0.0014279096999486602
v -0.0003574651027292364 -0.0009859224188494137 0.0014279096999486602
v -0.0004072931690374055 -0.0009660186402644516 0.0014279096999486602
v -0.00045604920858034786 -0.0009436166820611797 0.0014279096999486602
v -0.0005036080143539308 -0.0009187739882147161 0.0014279096999486602
v -0.0005498475085978023 -0.0008915544101993494 0.0014279096999486602
v -0.0005946490035657065 -0.0008620276854479081 0.0014279096999486602
v -0.0006378974622957978 -0.000830269809880782 0.0014279096999486602
v -0.0006794819083925657 -0.0007963621438362711 0.0014279096999486602
v -0.0007192956495442472 -0.0007603917100938024 0.0014279096999486602
v -0.0007572363147757284 -0.0007224510448623211 0.0014279096999486602
v -0.0007932067485181972 -0.0006826373037106398 0.0014279096999486602
v -0.0008271144145627082 -0.0006410528576138719 0.0014279096999486602
v -0.0008588722901298342 -0.0005978043243779763 0.0014279096999486602
v -0.0008883990148812756 -0.0005530028294100722 0.0014279096999486602
v -0.0009156185928966423 -0.0005067633351662007 0.0014279096999486602
v -0.0009404612867431059 -0.0004592045293926178 0.0014279096999486602
v -0.0009628632449463779 -0.00041044848984967547 0.0014279096999486602
v -0.00098276702353134 -0.0003606204235415064 0.0014279096999486602
v -0.0010001215115162396 -0.00030984818242829615 0.0014279096999486602
v -0.0010148821544301032 -0.00025826211441467434 0.0014279096999486602
v -0.0010270111033243443 -0.00020599465356779117 0.0014279096999486602
v -0.0010364771402669596 -0.00015317997552797245 0.0014279096999486602
v -0.001043255976365746 -9.995360635324697e-05 0.0014279096999486602
v -0.0010473302517683006 -4.645222228499748e-05 0.0014279096999486602
v 0.001068014702170759 -4.645222228499748e-05 0.0014279096999486602
v 0.0010639404267682043 -9.995360635324697e-05 0.0014279096999486602
v 0.001057161590669418 -0.00015317997552797245 0.0014279096999486602
v 0.0010476955537268027 -0.00020599465356779117 0.0014279096999486602
v 0.0010355666048325616 -0.00025826211441467434 0.0014279096999486602
v 0.001020805961918698 -0.00030984818242829615 0.0014279096999486602
v 0.0010034514739337983 -0.0003606204235415064 0.0014279096999486602
v 0.0009835476953488362 -0.00041044848984967547 0.0014279096999486602
v 0.0009611457371455643 -0.0004592045293926178 0.0014279096999486602
v 0.0009363030432991006 -0.0005067633351662007 0.0014279096999486602
v 0.0009090834652837339 -0.0005530028294100722 0.0014279096999486602
v 0.0008795567405322926 -0.0005978043243779763 0.0014279096999486602
v 0.0008477988649651665 -0.0006410528576138719 0.0014279096999486602
v 0.0008138911989206556 -0.0006826373037106398 0.0014279096999486602
v 0.0007779207651781867 -0.0007224510448623211 0.0014279096999486602
v 0.0007399800999467055 -0.0007603917100938024 0.0014279096999486602
v 0.0007001663587950242 -0.0007963621438362711 0.0014279096999486602
v 0.0006585819126982562 -0.000830269809880782 0.0014279096999486602
v 0.0006153333794623605 -0.0008620276854479081 0.0014279096999486602
v 0.0005705318844944565 -0.0008915544101993494 0.0014279096999486602
v 0.0005242923902505849 -0.0009187739882147161 0.0014279096999486602
v 0.00047673358447700197 -0.0009436166820611797 0.0014279096999486602
v 0.0004279775449340596 -0.0009660186402644516 0.0014279096999486602
v 0.0003781494786258905 -0.0009859224188494137 0.0014279096999486602
v 0.00032737723751268016 -0.0010032769068343134 0.0014279096999486602
v 0.00027579118812550937 -0.001018037549748177 0.0014279096999486602
v 0.00022352372727862618 -0.001030166498642418 0.0014279096999486602
v 0.00017070903992558186 -0.0010396325355850333 0.0014279096999486602
v 0.00011748266143763082 -0.0010464113716838197 0.0014279096999486602
v 6.398127736938127e-05 -0.0010504856470863744 0.0014279096999486602
v 1.0342200754012154e-05 -0.0009928149508055678 0.0019134205152074879
v 1.0342200754012154e-05 -0.0009578149551641574 0.001756237109983628
v -0.0006967658393807897 -0.0006999212346988637 0.0019134205152074879
v -0.000989659555487494 7.186857822831169e-06 0.0019134205152074879
v -0.0006967658393807897 0.0007142948944651728 0.0019134205152074879
v 1.0342200754012154e-05 0.001007188610571877 0.0019134205152074879
v 1.0342200754012154e-05 0.0009721886149304665 0.001756237109983628
v -0.0006720170973535533 0.0006895461524379365 0.001756237109983628
v -0.0009546595598460836 7.186857822831169e-06 0.001756237109983628
v -0.0006720170973535533 -0.0006751724926716274 0.001756237109983628
v 0.0012622506634387975 -0.001707064322224311 0.002413418835101601
v 0.0011603422203583524 -0.001707064322224311 0.002413418835101601
v 0.0012615102247556253 -0.001707064322224311 0.0024434190442393935
v 0.0011603422203583524 -0.001707064322224311 0.0024434190442393935
v 0.001795342077418967 0.002095494372498369 0.002293670722238629
v 0.001795342077418967 0.002030592068346021 0.0024934189954380916
v 0.0004087474850845156 0.002030592068346021 0.0024934189954380916
v 0.00047364237590933516 0.0020954869219179384 0.0022936933720031374
v 0.0003603421816153338 0.0019821868393826436 0.00159341927781509
v 0.0003603421816153338 0.0019821868393826436 0.0010934191697816737
v 0.0003603421816153338 0.0019821868393826436 0.0022936933720031374
v 0.0003603421816153338 0.0019821868393826436 0.0024934189954380916
v 0.0004087474850845156 0.002030592068346021 0.0024934189954380916
v 0.00047364237590933516 0.0020954869219179384 0.0022936933720031374
v 0.000510342184223037 0.0021321868419903467 0.00159341927781509
v 0.000510342184223037 0.0021321868419903467 0.0014934193754176936
v 0.0004053421972988056 0.0020271868550661154 0.0014934193754176936
v 0.0004053421972988056 0.0020271868550661154 0.0010934191697816737
v -0.0005396577967779832 0.002057186766180691 0.0010934191697816737
v -0.0008417646398745934 0.0020264489495802895 0.0010934191697816737
v -0.0011314899966532743 0.0019354953929298646 0.0010934191697816737
v -0.0013969599888408193 0.0017880534726071318 0.0010934191697816737
v -0.0013731342247172995 0.0017680613301382653 0.0010934191697816737
v -0.0011146723974941883 0.0019100571741896 0.0010934191697816737
v -0.0008330692164658934 0.001997606709652988 0.0010934191697816737
v -0.0005396577967779832 0.0020271868550661154 0.0010934191697816737
v -0.00038465782140215154 0.0020271868550661154 0.0010934191697816737
v -0.0003396578057186797 0.0019821868393826436 0.0010934191697816737
v 0.0003603421816153338 0.0019821868393826436 0.0010934191697816737
v 0.0004053421972988056 0.0020271868550661154 0.0010934191697816737
v 0.0005603421726746373 0.0020271868550661154 0.0010934191697816737
v 0.0008537536668683517 0.001997606709652988 0.0010934191697816737
v 0.001135356847896647 0.0019100571741896 0.0010934191697816737
v 0.0013938185261081495 0.0017680613301382653 0.0010934191697816737
v 0.001417644290231669 0.0017880534726071318 0.0010934191697816737
v 0.0011521744470557327 0.0019354953929298646 0.0010934191697816737
v 0.0008624490902770517 0.0020264489495802895 0.0010934191697816737
v 0.0005603421726746373 0.002057186766180691 0.0010934191697816737
v 0.0005603421726746373 0.002057186766180691 0.0004749053610509926
v -0.0005396577967779832 0.002057186766180691 0.000461328615367518
v 0.0005603421726746373 0.002057186766180691 0.0010934191697816737
v -0.0005396577967779832 0.002057186766180691 0.0010934191697816737
v 0.0019588702479257387 0.0019557149271134666 0.000493419159350861
v 0.0019058371654338286 0.0019026818446215565 0.000493419159350861
v 0.0011103421946538497 0.002307186820197399 0.0004786080015016794
v -0.0010896577442513914 0.002307186820197399 0.00045145451013473025
v -0.0022896578396188216 0.0011071867993357742 0.00045145451013473025
v -0.001938185946534889 0.0019557149271134666 0.0004453194041851296
v -0.0022896578396188216 -0.0010928131395694651 0.0004786080015016794
v -0.001938185946534889 -0.0019413412673471575 0.000493419159350861
v -0.0018851528640429788 -0.0018883081848552474 0.000493419159350861
v -0.002008785858553965 -0.0016840640824124786 0.0004893726001075074
v -0.0017705244920285539 -0.0014001153096530883 0.0004888087401805354
v -0.002039657785602113 -0.0005428131175902531 0.0004749053610509926
v -0.002039657785602113 0.0005571868518623666 0.000461328615367518
v -0.0017705244920285539 0.0014144889694193974 0.00045406876979614563
v -0.002008785858553965 0.0016984377421787877 0.00044762371970064074
v -0.0016809087616002098 0.0020263148391325425 0.00044762371970064074
v -0.0013969599888408193 0.0017880534726071318 0.00045406876979614563
v -0.0005396577967779832 0.002057186766180691 0.000461328615367518
v 0.0005603421726746373 0.002057186766180691 0.0004749053610509926
v 0.001417644290231669 0.0017880534726071318 0.0004888087401805354
v 0.0017015930629910596 0.0020263148391325425 0.0004893726001075074
v 0.0020294701599448146 0.0016984377421787877 0.0010934191697816737
v 0.0020294701599448146 0.0016984377421787877 0.0004893726001075074
v 0.0019058371654338286 0.0019026818446215565 0.000493419159350861
v 0.0017015930629910596 0.0020263148391325425 0.0004893726001075074
v 0.0017015930629910596 0.0020263148391325425 0.0010934191697816737
v 0.0019578589061381175 0.0018415475970160744 0.0010934191697816737
v 0.0018447029178283462 0.0019547035853258454 0.0010934191697816737
v 0.0016550281273939886 0.001987242207216272 0.0010934191697816737
v 0.001806515116843989 0.0019204322564505272 0.0010934191697816737
v 0.0019235875772627992 0.0018033597960317171 0.0010934191697816737
v 0.001990397528028544 0.0016518728065817168 0.0010934191697816737
v 0.0020294701599448146 0.0016984377421787877 0.0010934191697816737
v 0.0019578589061381175 0.0018415475970160744 0.0010934191697816737
v 0.0018447029178283462 0.0019547035853258454 0.0010934191697816737
v 0.0017015930629910596 0.0020263148391325425 0.0010934191697816737
v 0.001417644290231669 0.0017880534726071318 0.0004888087401805354
v 0.0017015930629910596 0.0020263148391325425 0.0004893726001075074
v 0.0017015930629910596 0.0020263148391325425 0.0010934191697816737
v 0.0016550281273939886 0.001987242207216272 0.0010934191697816737
v 0.0016550281273939886 0.001987242207216272 0.0014934193754176936
v 0.0013938185261081495 0.0017680613301382653 0.0014934193754176936
v 0.0013938185261081495 0.0017680613301382653 0.0010934191697816737
v 0.001417644290231669 0.0017880534726071318 0.0010934191697816737
v 0.0016550281273939886 0.001987242207216272 0.0010934191697816737
v 0.001806515116843989 0.0019204322564505272 0.0010934191697816737
v 0.0019235875772627992 0.0018033597960317171 0.0010934191697816737
v 0.001990397528028544 0.0016518728065817168 0.0010934191697816737
v 0.0016550281273939886 0.001987242207216272 0.0014934193754176936
v 0.001990397528028544 0.0016518728065817168 0.0014934193754176936
v 0.0019235875772627992 0.0018033597960317171 0.0014934193754176936
v 0.001806515116843989 0.0019204322564505272 0.0014934193754176936
v 0.001990397528028544 0.0016518728065817168 0.0010934191697816737
v 0.0020294701599448146 0.0016984377421787877 0.0010934191697816737
v 0.0020294701599448146 0.0016984377421787877 0.0004893726001075074
v 0.0017912087934194036 0.0014144889694193974 0.0004888087401805354
v 0.0017912087934194036 0.0014144889694193974 0.0010934191697816737
v 0.0017712166509505371 0.0013906632052958778 0.0010934191697816737
v 0.0017712166509505371 0.0013906632052958778 0.0014934193754176936
v 0.001990397528028544 0.0016518728065817168 0.0014934193754176936
v 0.0019058371654338286 0.0019026818446215565 0.000493419159350861
v 0.0020294701599448146 0.0016984377421787877 0.0004893726001075074
v 0.0017912087934194036 0.0014144889694193974 0.0004888087401805354
v 0.002060342086992963 0.0005571868518623666 0.0004749053610509926
v 0.002060342086992963 -0.0005428131175902531 0.000461328615367518
v 0.0017912087934194036 -0.0014001153096530883 0.00045406876979614563
v 0.0020294701599448146 -0.0016840640824124786 0.00044762371970064074
v 0.0017015930629910596 -0.0020119411793662334 0.00044762371970064074
v 0.001417644290231669 -0.0017736798128408227 0.00045406876979614563
v 0.0005603421726746373 -0.0020428131064143817 0.000461328615367518
v -0.0005396577967779832 -0.0020428131064143817 0.0004749053610509926
v -0.0013969599888408193 -0.0017736798128408227 0.0004888087401805354
v -0.0016809087616002098 -0.0020119411793662334 0.0004893726001075074
v -0.0018851528640429788 -0.0018883081848552474 0.000493419159350861
v -0.001938185946534889 -0.0019413412673471575 0.000493419159350861
v -0.0010896577442513914 -0.0022928131604310897 0.0004786080015016794
v 0.0011103421946538497 -0.0022928131604310897 0.00045145451013473025
v 0.0023103421410096713 -0.0010928131395694651 0.00045145451013473025
v 0.0019588702479257387 -0.0019413412673471575 0.0004453194041851296
v 0.0023103421410096713 0.0011071867993357742 0.0004786080015016794
v 0.0019588702479257387 0.0019557149271134666 0.000493419159350861
v 0.0023103421410096713 0.0011071867993357742 0.0004786080015016794
v 0.0023103421410096713 0.0011071867993357742 5.8230160365324606e-05
v 0.0019588702479257387 0.0019557149271134666 4.34195985625774e-05
v 0.0011103421946538497 0.002307186820197399 5.8230160365324606e-05
v 0.0011103421946538497 0.002307186820197399 0.0004786080015016794
v 0.0019588702479257387 0.0019557149271134666 0.000493419159350861
v 0.0011103421946538497 0.002307186820197399 5.8230160365324606e-05
v 0.000510342184223037 0.002307186820197399 6.563603731313265e-05
v 0.0011103421946538497 0.002307186820197399 0.0004786080015016794
v -0.0010896577442513914 0.002307186820197399 0.00045145451013473025
v -0.0010896650458202132 0.002307186820197399 8.538424777870816e-05
v -0.0004896578083263829 0.002307186820197399 7.797837083090013e-05
v -0.0004896578083263829 0.002307186820197399 -0.0005111396198465015
v -0.0010896577442513914 0.002307186820197399 -0.0005185454967943095
v -0.0010896650458202132 0.002307186820197399 -0.0008846157591503316
v -0.0004896578083263829 0.002307186820197399 -0.0008920216360981397
v -0.0004896578083263829 0.002307186820197399 -0.0015765803699959733
v -0.0013503272529618315 0.002307186820197399 -0.0017717629275076927
v -0.0020896577368008113 0.002307186820197399 -0.0017808878023724004
v -0.0020896577368008113 0.002307186820197399 -0.002246580669732824
v 0.002110342038191661 0.002307186820197399 -0.002246580669732824
v 0.002110342038191661 0.002307186820197399 -0.0017290490479234819
v 0.000510342184223037 0.002307186820197399 -0.0017487972583890574
v 0.0017831343013837723 0.0017799789805715005 4.34195985625774e-05
v 0.0019588702479257387 0.0019557149271134666 4.34195985625774e-05
v 0.000510342184223037 0.002307186820197399 6.563603731313265e-05
v 0.0011103421946538497 0.002307186820197399 5.8230160365324606e-05
v 0.0022603420407993646 0.0009284943134674206 -0.0009101813828159559
v 0.0023103421410096713 0.0005071868634107662 -0.0009043639696159071
v 0.0022603420407993646 0.0009284943134674206 -0.0017429798451890086
v 0.0021920920418480334 0.0011488387476912415 -0.0017394178716968476
v 0.0021920920418480334 0.0011488387476912415 -0.0007265806035716696
v 0.0011519941430093172 0.0021889367210357613 -0.0007265806035716696
v 0.0012094207582752242 0.0021658877544279143 -0.0007022583327682689
v 0.0012652481809575522 0.0021412360189578816 -0.0006801909056263214
v 0.0013198226395289014 0.0021148998562641463 -0.0006602090449584489
v 0.001373146592680814 0.002086923522794465 -0.0006422883128608395
v 0.0014253309050500942 0.0020572821336102 -0.0006263667205043125
v 0.001476479139704724 0.0020259294951126827 -0.0006123924118490723
v 0.001526686217039387 0.001992799297136083 -0.0006003254517840121
v 0.0015707926101060378 0.0019616436519851455 -0.0005911606418081975
v 0.0016137094435011725 0.0019293614790731328 -0.0005836319792948966
v 0.0016600620375559776 0.0018921574527288043 -0.000577158318970539
v 0.001705073974168138 0.001853520977790929 -0.0005726545921119767
v 0.001748800685656056 0.0018134104800207052 -0.0005701070896512176
v 0.001791286875502314 0.0017717739543667288 -0.0005695104471703519
v 0.0018284320422612425 0.001733008435375799 -0.00057064949190655
v 0.0018643098652889616 0.0016932606318609267 -0.0005733775964369417
v 0.0018989608757430127 0.0016524982083030437 -0.0005776965489008304
v 0.001932417558154072 0.0016106819746490864 -0.000583611713716126
v 0.0019647047974607774 0.0015677664823584292 -0.0005911362039043858
v 0.0019992257207805137 0.0015187330204531613 -0.000601404891876767
v 0.0020290848159249548 0.0014733236698808438 -0.0006123924118490723
v 0.0020576464669932477 0.0014268873313020014 -0.0006250113109124159
v 0.0020847494434248787 0.0013796783675325275 -0.0006392091369805678
v 0.0021104391937604734 0.0013316195905591632 -0.000655020460746725
v 0.0021347458183449703 0.0012826303851016518 -0.0006724822370898223
v 0.0021576849633972734 0.0012326255165198696 -0.0006916397655388765
v 0.0021753258516939173 0.0011911672087497882 -0.000708497746843895
v 0.0011519941430093172 0.0021889367210357613 -0.0017394178716968476
v 0.000510342184223037 0.002307186820197399 -0.0017487972583890574
v 0.000510342184223037 0.002307186820197399 6.563603731313265e-05
v 0.0017831343013837723 0.0017799789805715005 4.34195985625774e-05
v 0.0023103421410096713 0.0005071868634107662 6.563603731313265e-05
v 0.0023103421410096713 -0.0010928212607021343 -0.0008846157591503316
v 0.0023103421410096713 0.0005071868634107662 -0.0009043639696159071
v 0.0023103421410096713 -0.0010928131395694651 -0.0005185454967943095
v 0.0023103421410096713 -0.0004928131291386528 -0.0005111396198465015
v 0.0023103421410096713 -0.0004928131291386528 7.797837083090013e-05
v 0.0023103421410096713 -0.0010928212607021343 8.538424777870816e-05
v 0.0023103421410096713 -0.0010928131395694651 0.00045145451013473025
v 0.0023103421410096713 0.0011071867993357742 0.0004786080015016794
v 0.0023103421410096713 0.0011071867993357742 5.8230160365324606e-05
v 0.0023103421410096713 0.0005071868634107662 6.563603731313265e-05
v 0.0023103421410096713 -0.0010928212607021343 -0.0008846157591503316
v 0.0019588702479257387 -0.0019413412673471575 -0.000878480653200731
v 0.0011103503157865189 -0.0022928131604310897 -0.0008846157591503316
v 0.000510342184223037 -0.0022928131604310897 -0.0008920216360981397
v 0.0022603420407993646 -0.0009141206537011115 -0.0008874386350637979
v 0.0016242579752745192 -0.0019067409208400332 -0.0008830380242383922
v 0.0022603420407993646 0.0009284943134674206 -0.0009101813828159559
v 0.0023103421410096713 0.0005071868634107662 -0.0009043639696159071
v 0.0022603420407993646 -0.0014523222717868767 -0.0017723655304529027
v 0.0022603420407993646 -0.0009141206537011115 -0.0015765803699959733
v 0.0022603420407993646 0.0009284943134674206 -0.0017429798451890086
v 0.0022603420407993646 0.0009284943134674206 -0.0009101813828159559
v 0.0022603420407993646 -0.0009141206537011115 -0.0008874386350637979
v 0.0022603420407993646 -0.0009141206537011115 -0.0015765803699959733
v 0.0019087275436059942 -0.0016261790329326897 -0.0015765803699959733
v 0.0012849199484679119 -0.0021176297489338414 -0.0015765803699959733
v 0.000510342184223037 -0.0022928131604310897 -0.0015765803699959733
v 0.0022603420407993646 -0.0009141206537011115 -0.0008874386350637979
v 0.0016242579752745192 -0.0019067409208400332 -0.0008830380242383922
v 0.000510342184223037 -0.0022928131604310897 -0.0008920216360981397
v 0.0019410649998248004 -0.0015850731376169658 -0.0013980644628838197
v 0.0018839993651807458 -0.0016560268031948766 -0.001398165790777673
v 0.0019408492310155363 -0.0015853556636268862 -0.0010846209283630343
v 0.0018822018381461098 -0.0016581460462924968 -0.0011128765095872468
v 0.001882169055592216 -0.0016581847893107349 -0.0010714810847159979
v 0.0019666473127905888 -0.0015507240246819542 -0.0010288065441964593
v 0.0019668863274107957 -0.0015503948580385396 -0.0013979375049932858
v 0.0020190555896076063 -0.0014745379654793889 -0.001397835581052998
v 0.0020190833057668073 -0.001474495348159327 -0.0014361232198151226
v 0.0018840321477346395 -0.00165598791116503 -0.0014363771355961903
v 0.0016007062434992294 -0.001924981431849715 -0.0014359706319279082
v 0.0014715830652806973 -0.0020146593001188484 -0.0010377496248986655
v 0.0015612372407040622 -0.001954188899229714 -0.0014360218919212693
v 0.0015251184659052243 -0.001979497030835664 -0.0013229375781952386
v 0.0013754197647701263 -0.002071306212142715 -0.0013231408300293796
v 0.0013383301793412083 -0.0020910733470825837 -0.0014365046895331586
v 0.0012922055730475734 -0.002114136618804857 -0.0014365553534800852
v 0.0014325715281239561 -0.002038611575098076 -0.0010378002888455922
v -0.0012717424048838976 -0.0022928131604310897 -0.0017391442863834436
v -0.00188965778299441 -0.0022928131604310897 -0.001731517872254896
v -0.0004896578083263829 -0.0022928131604310897 -0.0015765803699959733
v -0.0004896578083263829 -0.0022928131604310897 -0.0009043639696159071
v -0.0010896577442513914 -0.0022928131604310897 -0.0009117692505172807
v -0.0010896577442513914 -0.0022928131604310897 -0.0004913920054273604
v -0.0004896578083263829 -0.0022928131604310897 -0.000498797286328734
v -0.0004896578083263829 -0.0022928131604310897 6.563603731313265e-05
v -0.0010896577442513914 -0.0022928131604310897 5.8230160365324606e-05
v -0.0010896577442513914 -0.0022928131604310897 0.0004786080015016794
v 0.0011103421946538497 -0.0022928131604310897 0.00045145451013473025
v 0.0011103503157865189 -0.0022928131604310897 8.538424777870816e-05
v 0.000510342184223037 -0.0022928131604310897 7.797837083090013e-05
v 0.000510342184223037 -0.0022928131604310897 -0.0005111396198465015
v 0.0011103421946538497 -0.0022928131604310897 -0.0005185454967943095
v 0.0011103503157865189 -0.0022928131604310897 -0.0008846157591503316
v 0.000510342184223037 -0.0022928131604310897 -0.0008920216360981397
v 0.000510342184223037 -0.0022928131604310897 -0.0015765803699959733
v 0.0013710115543526813 -0.0022928131604310897 -0.0017717629275076927
v 0.00211034323028453 -0.0022928131604310897 -0.0017808878023724004
v 0.002110342038191661 -0.0022928131604310897 -0.002246580669732824
v -0.00188965778299441 -0.0022928131604310897 -0.002246580669732824
v -0.0020896577368008113 -0.00209281305761308 -0.0017265808196385022
v -0.0018685160159651341 -0.001871671336777403 -0.0017265808196385022
v -0.00188965778299441 -0.0022928131604310897 -0.001731517872254896
v -0.0012717424048838976 -0.0022928131604310897 -0.0017391442863834436
v -0.0022896578396188216 -0.0012748977256961669 -0.0017391442863834436
v -0.0018685160159651341 -0.001871671336777403 -0.0017265808196385022
v -0.0012717424048838976 -0.0022928131604310897 -0.0017391442863834436
v -0.0004896578083263829 -0.0022928131604310897 -0.0015765803699959733
v -0.0013896578239726023 -0.002051658882536167 -0.0015765803699959733
v -0.0020485035617238984 -0.0013928131447848713 -0.0015765803699959733
v -0.0022896578396188216 -0.0004928131291386528 -0.0015765803699959733
v -0.0022896578396188216 0.002107186717379389 -0.002246580669732824
v -0.0022896578396188216 -0.0018928131038066787 -0.002246580669732824
v -0.0022896578396188216 0.002107186717379389 -0.0017808878023724004
v -0.0022896578396188216 0.0013678562335404099 -0.0017717629275076927
v -0.0022896578396188216 0.0005071868634107662 -0.0015765803699959733
v -0.0022896578396188216 0.0005071868634107662 -0.0008920216360981397
v -0.0022896578396188216 0.001107194100904596 -0.0008846157591503316
v -0.0022896578396188216 0.0011071867993357742 -0.0005185454967943095
v -0.0022896578396188216 0.0005071868634107662 -0.0005111396198465015
v -0.0022896578396188216 0.0005071868634107662 7.797837083090013e-05
v -0.0022896578396188216 0.001107194100904596 8.538424777870816e-05
v -0.0022896578396188216 0.0011071867993357742 0.00045145451013473025
v -0.0022896578396188216 -0.0010928131395694651 0.0004786080015016794
v -0.0022896578396188216 -0.0010928131395694651 5.8230160365324606e-05
v -0.0022896578396188216 -0.0004928131291386528 6.563603731313265e-05
v -0.0022896578396188216 -0.0004928131291386528 -0.000498797286328734
v -0.0022896578396188216 -0.0010928131395694651 -0.0004913920054273604
v -0.0022896578396188216 -0.0010928131395694651 -0.0009117692505172807
v -0.0022896578396188216 -0.0004928131291386528 -0.0009043639696159071
v -0.0022896578396188216 -0.0004928131291386528 -0.0015765803699959733
v -0.0022896578396188216 -0.0012748977256961669 -0.0017391442863834436
v -0.0022896578396188216 -0.0018928131038066787 -0.001731517872254896
v -0.00188965778299441 -0.0022928131604310897 -0.002246580669732824
v -0.0022896578396188216 -0.0018928131038066787 -0.002246580669732824
v -0.0022896578396188216 0.002107186717379389 -0.002246580669732824
v -0.002262862870182183 0.002207186768788394 -0.002246580669732824
v -0.0021896577882098162 0.00228039185076076 -0.002246580669732824
v -0.0020896577368008113 0.002307186820197399 -0.002246580669732824
v 0.002110342038191661 0.002307186820197399 -0.002246580669732824
v 0.002210342089600666 0.00228039185076076 -0.002246580669732824
v 0.0022835471715730326 0.002207186768788394 -0.002246580669732824
v 0.0023103421410096713 0.002107186717379389 -0.002246580669732824
v 0.0023103421410096713 -0.00209281305761308 -0.002246580669732824
v 0.0022835471715730326 -0.002192813109022085 -0.002246580669732824
v 0.002210342089600666 -0.002266018190994451 -0.002246580669732824
v 0.002110342038191661 -0.0022928131604310897 -0.002246580669732824
v 0.002110342038191661 -0.0022628131003049057 -0.002246580669732824
v 0.0021953421340433783 -0.0022400374209872453 -0.002246580669732824
v 0.002257566401565827 -0.002177813153464797 -0.002246580669732824
v 0.0022803420808834873 -0.00209281305761308 -0.002246580669732824
v 0.0022803420808834873 0.002107186717379389 -0.002246580669732824
v 0.002257566401565827 0.002192186813231106 -0.002246580669732824
v 0.0021953421340433783 0.0022544110807535545 -0.002246580669732824
v 0.002110342038191661 0.002277186760071215 -0.002246580669732824
v -0.0020896577368008113 0.002277186760071215 -0.002246580669732824
v -0.0021746578326525285 0.0022544110807535545 -0.002246580669732824
v -0.0022368821001749768 0.002192186813231106 -0.002246580669732824
v -0.0022596577794926375 0.002107186717379389 -0.002246580669732824
v -0.0022596577794926375 -0.0018828130837646173 -0.002246580669732824
v -0.0018796577629523487 -0.0022628131003049057 -0.002246580669732824
v 0.0023103421410096713 -0.00209281305761308 -0.002246580669732824
v 0.0022835471715730326 -0.002192813109022085 -0.002246580669732824
v 0.002210342089600666 -0.002266018190994451 -0.002246580669732824
v 0.002110342038191661 -0.0022928131604310897 -0.002246580669732824
v 0.0023103421410096713 -0.0020928132066246885 -0.0017808878023724004
v 0.00211034323028453 -0.0022928131604310897 -0.0017808878023724004
v 0.0018369611687147362 0.0018338058479024644 -0.0017265808196385022
v 0.002251763442491813 0.0022486081216795406 -0.0017265808196385022
v 0.0017968073085664075 0.0015441235554786714 -0.0017296605915652083
v 0.0021920920418480334 0.0011488387476912415 -0.0017394178716968476
v 0.0022603420407993646 0.0009284943134674206 -0.0017429798451890086
v 0.0022603420407993646 -0.0014523222717868767 -0.0017723655304529027
v 0.0013710115543526813 -0.0022928131604310897 -0.0017717629275076927
v 0.00211034323028453 -0.0022928131604310897 -0.0017808878023724004
v 0.0023103421410096713 -0.0020928132066246885 -0.0017808878023724004
v 0.0023103421410096713 0.002107186717379389 -0.0017290490479234819
v 0.002110342038191661 0.002307186820197399 -0.002246580669732824
v 0.002210342089600666 0.00228039185076076 -0.002246580669732824
v 0.0022835471715730326 0.002207186768788394 -0.002246580669732824
v 0.0023103421410096713 0.002107186717379389 -0.002246580669732824
v 0.002110342038191661 0.002307186820197399 -0.0017290490479234819
v 0.002251763442491813 0.0022486081216795406 -0.0017265808196385022
v 0.0023103421410096713 0.002107186717379389 -0.0017290490479234819
v 0.0023103421410096713 0.002107186717379389 -0.0017290490479234819
v 0.0023103421410096713 -0.0020928132066246885 -0.0017808878023724004
v 0.0023103421410096713 0.002107186717379389 -0.002246580669732824
v 0.0023103421410096713 -0.00209281305761308 -0.002246580669732824
v 0.002110342038191661 0.002307186820197399 -0.0017290490479234819
v 0.002251763442491813 0.0022486081216795406 -0.0017265808196385022
v 0.000510342184223037 0.002307186820197399 -0.0017487972583890574
v 0.0011519941430093172 0.0021889367210357613 -0.0017394178716968476
v 0.001547278876290943 0.0017936519877541357 -0.0017296605915652083
v 0.0017073055720186485 0.001887620645293131 -0.0017288452000429064
v 0.0018369611687147362 0.0018338058479024644 -0.0017265808196385022
v 0.0018369611687147362 0.0018338058479024644 -0.0017265808196385022
v 0.0017073088502740379 0.001887605446109053 -0.0017291175932634415
v 0.0017968073085664075 0.0015441235554786714 -0.0017296605915652083
v 0.0017966886953259557 0.0015442421687191232 -0.0017265808196385022
v 0.001768389155677204 0.0015314623371184832 -0.0017265808196385022
v 0.0017383379845692674 0.0015236445920844832 -0.0017265808196385022
v 0.0017073984062508111 0.0015210134941112952 -0.0017265808196385022
v 0.0017073984062508111 0.001504243131632138 -0.002046580864938031
v 0.0018806033906205739 0.0016042430340295344 -0.002046580864938031
v 0.0018806033906205739 0.0018042431368475442 -0.002046580864938031
v 0.0017073984062508111 0.0019042430392449405 -0.002046580864938031
v 0.0018733104644720903 0.001800104488430071 -0.0018865805442650496
v 0.0018733572541171932 0.0016084627447620903 -0.0018865805442650496
v 0.0021920920418480334 0.0011488387476912415 -0.0007265806035716696
v 0.0011519941430093172 0.0021889367210357613 -0.0007265806035716696
v 0.0011519941430093172 0.0021889367210357613 -0.0017394178716968476
v 0.001547278876290943 0.0017936519877541357 -0.0017296605915652083
v 0.0015473974895313949 0.0017935333745136839 -0.0017265808196385022
v 0.0017966886953259557 0.0015442421687191232 -0.0017265808196385022
v 0.0017968073085664075 0.0015441235554786714 -0.0017296605915652083
v 0.0021920920418480334 0.0011488387476912415 -0.0017394178716968476
v 0.0011519941430093172 0.0021889367210357613 -0.0007265806035716696
v 0.0012094264207163513 0.0021659010164610804 -0.0007022583327682689
v 0.0012652644232228904 0.002141271185697513 -0.0006801909056263214
v 0.0013198466303978873 0.0021149476889905094 -0.0006602090449584489
v 0.0013731705835497998 0.002086967481219004 -0.0006422883128608395
v 0.0014253462532457808 0.002057308210641706 -0.0006263667205043125
v 0.0014764824179601134 0.0020259345615073754 -0.0006123924118490723
v 0.0015266851739581268 0.0019927976580083884 -0.0006003254517840121
v 0.00157079559033821 0.0019616478243101865 -0.0005911606418081975
v 0.0016137180861744717 0.0019293726549437784 -0.0005836319792948966
v 0.0016600739584846662 0.0018921717578432307 -0.000577158318970539
v 0.0017050832128878716 0.0018535314086035315 -0.0005726545921119767
v 0.0017488036658882282 0.0018134137582760945 -0.0005701070896512176
v 0.0017912870245139227 0.0017717741033783374 -0.0005695104471703519
v 0.0018284374066791524 0.0017330133527588831 -0.00057064949190655
v 0.001864321488194433 0.001693270764650312 -0.0005733775964369417
v 0.0018989750318458305 0.0016525098312085151 -0.0005776965489008304
v 0.0019324287340247177 0.0016106906173223856 -0.000583611713716126
v 0.0019647089697858184 0.00156776961160221 -0.0005911362039043858
v 0.0019992239326412104 0.0015187318283602924 -0.000601404891876767
v 0.002029090031331256 0.0014733269481362332 -0.0006123924118490723
v 0.0020576704578622335 0.0014269016364164278 -0.0006250107148659815
v 0.0020847910176636803 0.001379701315320253 -0.0006392097330270022
v 0.0021104874735216623 0.0013316446245094093 -0.000655020460746725
v 0.002134787392583772 0.0012826502036455967 -0.0006724822370898223
v 0.0021577088052546507 0.0012326359473324722 -0.0006916397655388765
v 0.002175333600297565 0.0011911705615109819 -0.000708497746843895
v 0.0021920920418480334 0.0011488387476912415 -0.0007265806035716696
v 0.0017073984062508111 0.0019042430392449405 -0.002046580864938031
v 0.0017073088502740379 0.001887605446109053 -0.0017291175932634415
v 0.0015341932728694398 0.0018042431368475442 -0.002046580864938031
v 0.0015341932728694398 0.0016042430340295344 -0.002046580864938031
v 0.0017073984062508111 0.001504243131632138 -0.002046580864938031
v 0.0017073984062508111 0.0015210134941112952 -0.0017265808196385022
v 0.00159030463717197 0.001563310141191404 -0.0017265808196385022
v 0.0015272704915567383 0.0016706722601352864 -0.0017265808196385022
v 0.0015473974895313949 0.0017935333745136839 -0.0017265808196385022
v 0.001547278876290943 0.0017936519877541357 -0.0017296605915652083
v 0.0015414552046033327 0.0016084356246493237 -0.0018865805442650496
v 0.0015414552046033327 0.0018000503972161463 -0.0018865805442650496
v 0.0017560845220964143 0.0013755605807402593 -0.002046580864938031
v 0.0017044275618099973 0.0013817985046997994 -0.002046580864938031
v 0.0016540173816528018 0.001394689051925635 -0.002046580864938031
v 0.0016057070730841074 0.0014140139204111557 -0.002046580864938031
v 0.0015473951053456571 0.0014812874462912795 -0.002046580864938031
v 0.0014844427671035511 0.0015442397845333855 -0.002046580864938031
v 0.0014171692412234273 0.0016025517522718358 -0.002046580864938031
v 0.0013978443727379066 0.00165086206084053 -0.002046580864938031
v 0.001384953825512071 0.0017012722409977254 -0.002046580864938031
v 0.001378715901552531 0.0017529292012841424 -0.002046580864938031
v 0.001363217055129624 0.0017784535487341824 -0.002046580864938031
v 0.001345948546842891 0.0018028154566254728 -0.002046580864938031
v 0.0013269972504601501 0.0018258925864273468 -0.002046580864938031
v 0.0014718602268727079 0.001822258342305011 -0.002046580864938031
v 0.0015306217626343279 0.0018810197290550223 -0.002046580864938031
v 0.001582398379242457 0.0019207493531536446 -0.002046580864938031
v 0.0016426936914914773 0.0019457244438143562 -0.002046580864938031
v 0.0017073984062508111 0.0019542429904436387 -0.002046580864938031
v 0.0018841750498672944 0.0018810197290550223 -0.002046580864938031
v 0.0019573983112559108 0.0017042430854385393 -0.002046580864938031
v 0.0018841750498672944 0.0015274664418220563 -0.002046580864938031
v 0.0018254136631172828 0.0014687049060604362 -0.002046580864938031
v 0.0018290479072396186 0.0013238419296478787 -0.002046580864938031
v 0.0018059707774377447 0.0013427932260306197 -0.002046580864938031
v 0.0017816088695464542 0.0013600617343173527 -0.002046580864938031
v 0.0017073984062508111 0.001504243131632138 -0.002046580864938031
v 0.0018806033906205739 0.0016042430340295344 -0.002046580864938031
v 0.0018806033906205739 0.0018042431368475442 -0.002046580864938031
v 0.0017073984062508111 0.0019042430392449405 -0.002046580864938031
v 0.0015341932728694398 0.0018042431368475442 -0.002046580864938031
v 0.0015341932728694398 0.0016042430340295344 -0.002046580864938031
v 0.0018290479072396186 0.0013238419296478787 -0.002046580864938031
v 0.0018059707774377447 0.0013427932260306197 -0.002046580864938031
v 0.0017816088695464542 0.0013600617343173527 -0.002046580864938031
v 0.0017560845220964143 0.0013755605807402593 -0.002046580864938031
v 0.0017304619759963018 0.0013737533679510638 -0.0019698774374303793
v 0.0017247536392937539 0.0013680448822369073 -0.001926580624433295
v 0.0018440194015796622 0.0012796778690886967 -0.001926580624433295
v 0.0019228507148582336 0.0011539055894187328 -0.001926580624433295
v 0.0019503920834423889 0.001008047662495501 -0.001926580624433295
v 0.0020103433278871336 0.001008047662495501 -0.0022665804117937296
v 0.0019937222750398016 0.0011305767790099203 -0.0022665804117937296
v 0.0019450607461096187 0.0012442503591421905 -0.0022665804117937296
v 0.0018678754150597292 0.0013408529458749374 -0.0022665804117937296
v 0.0017560845220964143 0.0013755605807402593 -0.002046580864938031
v 0.0017044275618099973 0.0013817985046997994 -0.002046580864938031
v 0.0016540173816528018 0.001394689051925635 -0.002046580864938031
v 0.0016057070730841074 0.0014140139204111557 -0.002046580864938031
v 0.0017304619759963018 0.0013737533679510638 -0.0019698774374303793
v 0.0017284230501557211 0.0013717144421104832 -0.001926580624433295
v 0.0016017116248225063 0.001408955572345355 -0.001926580624433295
v 0.0016425113012825414 0.0013919603513488088 -0.001926580624433295
v 0.0016849158327672824 0.0013794974674396776 -0.001926580624433295
v 0.0014171692412234273 0.0016025517522718358 -0.002046580864938031
v 0.001412107763913846 0.0015985530257548453 -0.001926580624433295
v 0.0014798083570642397 0.001539961810261864 -0.001926580624433295
v 0.0015431181741553958 0.0014766519931707078 -0.001926580624433295
v 0.0016017092406367685 0.001408951400020314 -0.001926580624433295
v 0.0016057070730841074 0.0014140139204111557 -0.002046580864938031
v 0.0015473951053456571 0.0014812874462912795 -0.002046580864938031
v 0.0014844427671035511 0.0015442397845333855 -0.002046580864938031
v 0.0013748697629227546 0.0017252677293434493 -0.001926580624433295
v 0.0013826527882519492 0.0016817605119550105 -0.001926580624433295
v 0.0013951156721610804 0.0016393559804702695 -0.001926580624433295
v 0.0014121108931576267 0.0015985563040102346 -0.001926580624433295
v 0.0013769086887633355 0.00172730665518403 -0.0019698774374303793
v 0.001378715901552531 0.0017529292012841424 -0.002046580864938031
v 0.0014171692412234273 0.0016025517522718358 -0.002046580864938031
v 0.0013978443727379066 0.00165086206084053 -0.002046580864938031
v 0.001384953825512071 0.0017012722409977254 -0.002046580864938031
v 0.0013440082666872088 0.0018647200942474573 -0.0022665804117937296
v 0.0012474057544602662 0.0019419054252973467 -0.0022665804117937296
v 0.001133732174327996 0.0019905669542275295 -0.0022665804117937296
v 0.0010112030578135764 0.0020071880070748616 -0.0022665804117937296
v 0.0010112030578135764 0.0019472367626301168 -0.001926580624433295
v 0.0011570609847368085 0.0019196953940459616 -0.001926580624433295
v 0.0012828331899009681 0.0018408640807673904 -0.001926580624433295
v 0.0013712002030491788 0.001721598318481482 -0.001926580624433295
v 0.0013769086887633355 0.00172730665518403 -0.0019698774374303793
v 0.001378715901552531 0.0017529292012841424 -0.002046580864938031
v 0.001363217055129624 0.0017784535487341824 -0.002046580864938031
v 0.001345948546842891 0.0018028154566254728 -0.002046580864938031
v 0.0013269972504601501 0.0018258925864273468 -0.002046580864938031
v 0.0016303421192539762 0.0020271868550661154 -0.0022665804117937296
v 0.0018303420730603774 0.001973596916192838 -0.0022665804117937296
v 0.00197675223700511 0.0018271867522481056 -0.0022665804117937296
v 0.0020303421758783875 0.0016271867984417043 -0.0022665804117937296
v 0.0020303421758783875 -0.0018128130924817965 -0.0022665804117937296
v 0.0020035472064417487 -0.0019128131438908014 -0.0022665804117937296
v 0.0019303421244693825 -0.0019860182258631676 -0.0022665804117937296
v 0.0018303420730603774 -0.0020128131952998063 -0.0022665804117937296
v -0.0018096577716695276 -0.0020128131952998063 -0.0022665804117937296
v -0.0019096578230785328 -0.0019860182258631676 -0.0022665804117937296
v -0.001982862905050899 -0.0019128131438908014 -0.0022665804117937296
v -0.0020096578744875377 -0.0018128130924817965 -0.0022665804117937296
v -0.0020096578744875377 0.0018271867522481056 -0.0022665804117937296
v -0.001982862905050899 0.0019271868036571105 -0.0022665804117937296
v -0.0019096578230785328 0.0020003918856294767 -0.0022665804117937296
v -0.0018096577716695276 0.0020271868550661154 -0.0022665804117937296
v 0.0018678754150597292 0.0013408529458749374 -0.0022665804117937296
v 0.0018670366287148758 0.001483107921113641 -0.0022665804117937296
v 0.0018977851741510971 0.0015138563175382536 -0.0022665804117937296
v 0.001976645842716564 0.0017042430854385393 -0.0022665804117937296
v 0.0018977851741510971 0.001894629853338825 -0.0022665804117937296
v 0.0017073984062508111 0.001973490521904292 -0.0022665804117937296
v 0.0016377119353925011 0.0019643161751855265 -0.0022665804117937296
v 0.0015727746135121303 0.0019374182387273398 -0.0022665804117937296
v 0.0015170116383505252 0.001894629853338825 -0.0022665804117937296
v 0.0014862632419259127 0.001863881307902604 -0.0022665804117937296
v 0.0013440082666872088 0.0018647200942474573 -0.0022665804117937296
v 0.0012474057544602662 0.0019419054252973467 -0.0022665804117937296
v 0.001133732174327996 0.0019905669542275295 -0.0022665804117937296
v 0.0010112030578135764 0.0020071880070748616 -0.0022665804117937296
v -0.0018697566866184027 0.0020071880070748616 -0.0022665804117937296
v -0.001989659026496284 0.0018872856671969807 -0.0022665804117937296
v -0.001989659026496284 -0.0018729120074306715 -0.0022665804117937296
v -0.0018697566866184027 -0.0019928143473085524 -0.0022665804117937296
v 0.0018904409880092527 -0.0019928143473085524 -0.0022665804117937296
v 0.0020103433278871336 -0.0018729120074306715 -0.0022665804117937296
v 0.0020103433278871336 0.001008047662495501 -0.0022665804117937296
v 0.0019937222750398016 0.0011305767790099203 -0.0022665804117937296
v 0.0019450607461096187 0.0012442503591421905 -0.0022665804117937296
v 0.0016303421192539762 0.0020271868550661154 -0.0022965806209315222
v -0.0018096577716695276 0.0020271868550661154 -0.0022965806209315222
v -0.0018096577716695276 0.0020271868550661154 -0.0022665804117937296
v 0.0016303421192539762 0.0020271868550661154 -0.0022665804117937296
v -0.0018796577629523487 -0.0022628131003049057 -0.0022965806209315222
v 0.002110342038191661 -0.0022628131003049057 -0.0022965806209315222
v 0.0022803420808834873 -0.00209281305761308 -0.0022965806209315222
v 0.002257566401565827 -0.002177813153464797 -0.0022965806209315222
v 0.0021953421340433783 -0.0022400374209872453 -0.0022965806209315222
v 0.0022803420808834873 0.002107186717379389 -0.0022965806209315222
v 0.002110342038191661 0.002277186760071215 -0.0022965806209315222
v 0.0021953421340433783 0.0022544110807535545 -0.0022965806209315222
v 0.002257566401565827 0.002192186813231106 -0.0022965806209315222
v -0.0020896577368008113 0.002277186760071215 -0.0022965806209315222
v -0.0022596577794926375 0.002107186717379389 -0.0022965806209315222
v -0.0022368821001749768 0.002192186813231106 -0.0022965806209315222
v -0.0021746578326525285 0.0022544110807535545 -0.0022965806209315222
v -0.0022596577794926375 -0.0018828130837646173 -0.0022965806209315222
v -0.0020096578744875377 0.0018271867522481056 -0.0022965806209315222
v -0.0020096578744875377 -0.0018128130924817965 -0.0022965806209315222
v -0.0018096577716695276 0.0020271868550661154 -0.0022965806209315222
v -0.0019096578230785328 0.0020003918856294767 -0.0022965806209315222
v -0.001982862905050899 0.0019271868036571105 -0.0022965806209315222
v 0.0016303421192539762 0.0020271868550661154 -0.0022965806209315222
v 0.0020303421758783875 0.0016271867984417043 -0.0022965806209315222
v 0.00197675223700511 0.0018271867522481056 -0.0022965806209315222
v 0.0018303420730603774 0.001973596916192838 -0.0022965806209315222
v 0.0020303421758783875 -0.0018128130924817965 -0.0022965806209315222
v 0.0018303420730603774 -0.0020128131952998063 -0.0022965806209315222
v 0.0019303421244693825 -0.0019860182258631676 -0.0022965806209315222
v 0.0020035472064417487 -0.0019128131438908014 -0.0022965806209315222
v -0.0018096577716695276 -0.0020128131952998063 -0.0022965806209315222
v -0.001982862905050899 -0.0019128131438908014 -0.0022965806209315222
v -0.0019096578230785328 -0.0019860182258631676 -0.0022965806209315222
v -0.0018796577629523487 -0.0022628131003049057 -0.0022965806209315222
v -0.0018796577629523487 -0.0022628131003049057 -0.002246580669732824
v 0.002110342038191661 -0.0022628131003049057 -0.0022965806209315222
v 0.002110342038191661 -0.0022628131003049057 -0.002246580669732824
v 0.0022803420808834873 -0.00209281305761308 -0.0022965806209315222
v 0.0022803420808834873 -0.00209281305761308 -0.002246580669732824
v 0.002110342038191661 -0.0022628131003049057 -0.002246580669732824
v 0.0021953421340433783 -0.0022400374209872453 -0.002246580669732824
v 0.002257566401565827 -0.002177813153464797 -0.002246580669732824
v 0.002110342038191661 -0.0022628131003049057 -0.0022965806209315222
v 0.002257566401565827 -0.002177813153464797 -0.0022965806209315222
v 0.0021953421340433783 -0.0022400374209872453 -0.0022965806209315222
v 0.0022803420808834873 0.002107186717379389 -0.002246580669732824
v 0.0022803420808834873 0.002107186717379389 -0.0022965806209315222
v 0.0022803420808834873 -0.00209281305761308 -0.002246580669732824
v 0.0022803420808834873 -0.00209281305761308 -0.0022965806209315222
v 0.002110342038191661 0.002277186760071215 -0.0022965806209315222
v 0.002110342038191661 0.002277186760071215 -0.002246580669732824
v 0.0022803420808834873 0.002107186717379389 -0.002246580669732824
v 0.002257566401565827 0.002192186813231106 -0.002246580669732824
v 0.0021953421340433783 0.0022544110807535545 -0.002246580669732824
v 0.0022803420808834873 0.002107186717379389 -0.0022965806209315222
v 0.0021953421340433783 0.0022544110807535545 -0.0022965806209315222
v 0.002257566401565827 0.002192186813231106 -0.0022965806209315222
v -0.0020896577368008113 0.002277186760071215 -0.002246580669732824
v -0.0020896577368008113 0.002277186760071215 -0.0022965806209315222
v 0.002110342038191661 0.002277186760071215 -0.002246580669732824
v 0.002110342038191661 0.002277186760071215 -0.0022965806209315222
v -0.0022596577794926375 0.002107186717379389 -0.0022965806209315222
v -0.0022596577794926375 0.002107186717379389 -0.002246580669732824
v -0.0020896577368008113 0.002277186760071215 -0.002246580669732824
v -0.0021746578326525285 0.0022544110807535545 -0.002246580669732824
v -0.0022368821001749768 0.002192186813231106 -0.002246580669732824
v -0.0020896577368008113 0.002277186760071215 -0.0022965806209315222
v -0.0022368821001749768 0.002192186813231106 -0.0022965806209315222
v -0.0021746578326525285 0.0022544110807535545 -0.0022965806209315222
v -0.0022596577794926375 -0.0018828130837646173 -0.002246580669732824
v -0.0022596577794926375 -0.0018828130837646173 -0.0022965806209315222
v -0.0022596577794926375 0.002107186717379389 -0.002246580669732824
v -0.0022596577794926375 0.002107186717379389 -0.0022965806209315222
v -0.0022596577794926375 -0.0018828130837646173 -0.002246580669732824
v -0.0018796577629523487 -0.0022628131003049057 -0.002246580669732824
v -0.0018796577629523487 -0.0022628131003049057 -0.0022965806209315222
v -0.0022596577794926375 -0.0018828130837646173 -0.0022965806209315222
v -0.0020096578744875377 0.0018271867522481056 -0.0022665804117937296
v -0.0020096578744875377 -0.0018128130924817965 -0.0022665804117937296
v -0.0020096578744875377 0.0018271867522481056 -0.0022965806209315222
v -0.0020096578744875377 -0.0018128130924817965 -0.0022965806209315222
v -0.0020096578744875377 0.0018271867522481056 -0.0022665804117937296
v -0.001982862905050899 0.0019271868036571105 -0.0022665804117937296
v -0.0019096578230785328 0.0020003918856294767 -0.0022665804117937296
v -0.0018096577716695276 0.0020271868550661154 -0.0022665804117937296
v -0.0018096577716695276 0.0020271868550661154 -0.0022965806209315222
v -0.0019096578230785328 0.0020003918856294767 -0.0022965806209315222
v -0.001982862905050899 0.0019271868036571105 -0.0022965806209315222
v -0.0020096578744875377 0.0018271867522481056 -0.0022965806209315222
v -0.0018096577716695276 -0.0020128131952998063 -0.0022665804117937296
v -0.0019096578230785328 -0.0019860182258631676 -0.0022665804117937296
v -0.001982862905050899 -0.0019128131438908014 -0.0022665804117937296
v -0.0020096578744875377 -0.0018128130924817965 -0.0022665804117937296
v -0.0020096578744875377 -0.0018128130924817965 -0.0022965806209315222
v -0.001982862905050899 -0.0019128131438908014 -0.0022965806209315222
v -0.0019096578230785328 -0.0019860182258631676 -0.0022965806209315222
v -0.0018096577716695276 -0.0020128131952998063 -0.0022965806209315222
v -0.0018096577716695276 -0.0020128131952998063 -0.0022665804117937296
v 0.0018303420730603774 -0.0020128131952998063 -0.0022665804117937296
v -0.0018096577716695276 -0.0020128131952998063 -0.0022965806209315222
v 0.0018303420730603774 -0.0020128131952998063 -0.0022965806209315222
v 0.0020303421758783875 -0.0018128130924817965 -0.0022665804117937296
v 0.0020035472064417487 -0.0019128131438908014 -0.0022665804117937296
v 0.0019303421244693825 -0.0019860182258631676 -0.0022665804117937296
v 0.0018303420730603774 -0.0020128131952998063 -0.0022665804117937296
v 0.0018303420730603774 -0.0020128131952998063 -0.0022965806209315222
v 0.0019303421244693825 -0.0019860182258631676 -0.0022965806209315222
v 0.0020035472064417487 -0.0019128131438908014 -0.0022965806209315222
v 0.0020303421758783875 -0.0018128130924817965 -0.0022965806209315222
v 0.0020303421758783875 -0.0018128130924817965 -0.0022665804117937296
v 0.0020303421758783875 0.0016271867984417043 -0.0022665804117937296
v 0.0020303421758783875 -0.0018128130924817965 -0.0022965806209315222
v 0.0020303421758783875 0.0016271867984417043 -0.0022965806209315222
v 0.0016303421192539762 0.0020271868550661154 -0.0022665804117937296
v 0.0018303420730603774 0.001973596916192838 -0.0022665804117937296
v 0.00197675223700511 0.0018271867522481056 -0.0022665804117937296
v 0.0020303421758783875 0.0016271867984417043 -0.0022665804117937296
v 0.0020303421758783875 0.0016271867984417043 -0.0022965806209315222
v 0.00197675223700511 0.0018271867522481056 -0.0022965806209315222
v 0.0018303420730603774 0.001973596916192838 -0.0022965806209315222
v 0.0016303421192539762 0.0020271868550661154 -0.0022965806209315222
v 0.0019503920834423889 -0.001225756379386267 -0.001926580624433295
v 0.0019503920834423889 0.001008047662495501 -0.001926580624433295
v 0.0020103433278871336 0.001008047662495501 -0.0022665804117937296
v 0.0020103433278871336 -0.0018729120074306715 -0.0022665804117937296
v 0.0018904409880092527 -0.0019928143473085524 -0.0022665804117937296
v 0.0012432854344706517 -0.0019328631028638077 -0.001926580624433295
v 0.0020103433278871336 -0.0018729120074306715 -0.0022665804117937296
v 0.0019503920834423889 -0.001225756379386267 -0.001926580624433295
v 0.0018904409880092527 -0.0019928143473085524 -0.0022665804117937296
v -0.0018697566866184027 -0.0019928143473085524 -0.0022665804117937296
v -0.0012226009840681934 -0.0019328631028638077 -0.001926580624433295
v 0.0012432854344706517 -0.0019328631028638077 -0.001926580624433295
v 0.0016017128169153751 0.0014089469296720558 -0.001926580624433295
v 0.0016425145795379307 0.00139195915925594 -0.001926580624433295
v 0.001684917471894977 0.0013794970204048518 -0.001926580624433295
v 0.0017284230501557211 0.0013717144421104832 -0.001926580624433295
v 0.0017247536392937539 0.0013680448822369073 -0.001926580624433295
v 0.0018440194015796622 0.0012796778690886967 -0.001926580624433295
v 0.0019228507148582336 0.0011539055894187328 -0.001926580624433295
v 0.0019503920834423889 0.001008047662495501 -0.001926580624433295
v 0.0019503920834423889 -0.001225756379386267 -0.001926580624433295
v 0.0012432854344706517 -0.0019328631028638077 -0.001926580624433295
v -0.0012226009840681934 -0.0019328631028638077 -0.001926580624433295
v -0.001929707782051539 -0.001225756379386267 -0.001926580624433295
v -0.001929707782051539 0.001240130039152576 -0.001926580624433295
v -0.0012226009840681934 0.0019472367626301168 -0.001926580624433295
v 0.0010112030578135764 0.0019472367626301168 -0.001926580624433295
v 0.0011570609847368085 0.0019196953940459616 -0.001926580624433295
v 0.0012828331899009681 0.0018408640807673904 -0.001926580624433295
v 0.0013712002030491788 0.001721598318481482 -0.001926580624433295
v 0.0013748697629227546 0.0017252677293434493 -0.001926580624433295
v 0.0013826523412171234 0.0016817621510827052 -0.001926580624433295
v 0.0013951144800682116 0.001639359258725659 -0.001926580624433295
v 0.0014121044856584566 0.0015985557079638002 -0.001926580624433295
v 0.0014798076120061967 0.001539962555319907 -0.001926580624433295
v 0.0015431198132830905 0.0014766502050314045 -0.001926580624433295
v 1.0342200754012154e-05 -0.0017678130767983247 -0.001926580624433295
v 0.0008978421785419696 -0.0015300082818416882 -0.001926580624433295
v 0.001547537262420269 -0.0008803131234575851 -0.001926580624433295
v 0.0017853420573769056 7.186857822831169e-06 -0.001926580624433295
v 0.001547537262420269 0.0008946867832238942 -0.001926580624433295
v 0.0008978421785419696 0.0015443819416079974 -0.001926580624433295
v 1.0342200754012154e-05 0.0017821867365646338 -0.001926580624433295
v -0.0008771577281395112 0.0015443819416079974 -0.001926580624433295
v -0.0015268529610294192 0.0008946867832238942 -0.001926580624433295
v -0.0017646577559860559 7.186857822831169e-06 -0.001926580624433295
v -0.0015268529610294192 -0.0008803131234575851 -0.001926580624433295
v -0.0008771577281395112 -0.0015300082818416882 -0.001926580624433295
v -0.001409657864056725 0.0012571868019434773 -0.001926580624433295
v -0.0012797540140206964 0.0013321867287415246 -0.001926580624433295
v -0.0012797540140206964 0.0014821867313492276 -0.001926580624433295
v -0.001409657864056725 0.0015571868071588835 -0.001926580624433295
v -0.0015395615650811447 0.0014821867313492276 -0.001926580624433295
v -0.0015395615650811447 0.0013321867287415246 -0.001926580624433295
v 0.0013769086887633355 0.00172730665518403 -0.0019698774374303793
v 0.0013712002030491788 0.001721598318481482 -0.001926580624433295
v 0.0013748697629227546 0.0017252677293434493 -0.001926580624433295
v -0.0018697566866184027 0.0020071880070748616 -0.0022665804117937296
v 0.0010112030578135764 0.0020071880070748616 -0.0022665804117937296
v 0.0010112030578135764 0.0019472367626301168 -0.001926580624433295
v -0.0012226009840681934 0.0019472367626301168 -0.001926580624433295
v -0.0018697566866184027 0.0020071880070748616 -0.0022665804117937296
v -0.0012226009840681934 0.0019472367626301168 -0.001926580624433295
v -0.001989659026496284 0.0018872856671969807 -0.0022665804117937296
v -0.001929707782051539 0.001240130039152576 -0.001926580624433295
v -0.001929707782051539 0.001240130039152576 -0.001926580624433295
v -0.001929707782051539 -0.001225756379386267 -0.001926580624433295
v -0.001989659026496284 -0.0018729120074306715 -0.0022665804117937296
v -0.001989659026496284 0.0018872856671969807 -0.0022665804117937296
v -0.001989659026496284 -0.0018729120074306715 -0.0022665804117937296
v -0.001929707782051539 -0.001225756379386267 -0.001926580624433295
v -0.0018697566866184027 -0.0019928143473085524 -0.0022665804117937296
v -0.0012226009840681934 -0.0019328631028638077 -0.001926580624433295
v 0.0017304619759963018 0.0013737533679510638 -0.0019698774374303793
v 0.0017284230501557211 0.0013717144421104832 -0.001926580624433295
v 0.0017247536392937539 0.0013680448822369073 -0.001926580624433295
v 1.0342200754012154e-05 0.0017821867365646338 -0.001926580624433295
v 1.0342201918165346e-05 0.0017821867365646338 -0.0019065808823723895
v -0.0008771577281395112 0.0015443819416079974 -0.001926580624433295
v -0.0015268529610294192 0.0008946867832238942 -0.001926580624433295
v -0.0017646577559860559 7.186857822831169e-06 -0.001926580624433295
v -0.0015268529610294192 -0.0008803131234575851 -0.001926580624433295
v -0.0008771577281395112 -0.0015300082818416882 -0.001926580624433295
v 1.0342200754012154e-05 -0.0017678130767983247 -0.001926580624433295
v 1.0342200754012154e-05 -0.0017678130767983247 -0.0019065808823723895
v -0.0008771577281395112 -0.0015300082818416882 -0.0019065808823723895
v -0.0015268529610294192 -0.0008803131234575851 -0.0019065808823723895
v -0.0017646577559860559 7.186858404907765e-06 -0.0019065808823723895
v -0.0015268529610294192 0.0008946867832238942 -0.0019065808823723895
v -0.0008771577281395112 0.0015443819416079974 -0.0019065808823723895
v 1.0342200754012154e-05 0.0017821867365646338 -0.0019065808823723895
v 0.0008978421785419696 0.0015443819416079974 -0.0019065808823723895
v 0.001547537262420269 0.0008946867832238942 -0.0019065808823723895
v 0.0017853420573769056 7.186858404907765e-06 -0.0019065808823723895
v 0.001547537262420269 -0.0008803131234575851 -0.0019065808823723895
v 0.0008978421785419696 -0.0015300082818416882 -0.0019065808823723895
v 1.0342200754012154e-05 -0.0017678130767983247 -0.0019065808823723895
v 1.0342200754012154e-05 -0.0017678130767983247 -0.001926580624433295
v 0.0008978421785419696 -0.0015300082818416882 -0.001926580624433295
v 0.001547537262420269 -0.0008803131234575851 -0.001926580624433295
v 0.0017853420573769056 7.186857822831169e-06 -0.001926580624433295
v 0.001547537262420269 0.0008946867832238942 -0.001926580624433295
v 0.0008978421785419696 0.0015443819416079974 -0.001926580624433295
v 1.0342200754012154e-05 0.0017821867365646338 -0.001926580624433295
v 1.0342201918165346e-05 -0.0017678130767983247 -0.0019065808823723895
v -0.0008771577281395112 -0.0015300082818416882 -0.0019065808823723895
v -0.0015268529610294192 -0.0008803131234575851 -0.0019065808823723895
v -0.0017646577559860559 7.186857822831169e-06 -0.0019065808823723895
v -0.0015268529610294192 0.0008946867832238942 -0.0019065808823723895
v -0.0008771577281395112 0.0015443819416079974 -0.0019065808823723895
v 1.0342201918165346e-05 0.0017821867365646338 -0.0019065808823723895
v 0.0008978421785419696 0.0015443819416079974 -0.0019065808823723895
v 0.001547537262420269 0.0008946867832238942 -0.0019065808823723895
v 0.0017853420573769056 7.186857822831169e-06 -0.0019065808823723895
v 0.001547537262420269 -0.0008803131234575851 -0.0019065808823723895
v 0.0008978421785419696 -0.0015300082818416882 -0.0019065808823723895
v 1.0342200754012154e-05 0.0017621862494456852 -0.0019065808823723895
v -0.0008671574845800369 0.0015270608322234258 -0.0019065808823723895
v -0.0015095318516448477 0.0008846865396644199 -0.0019065808823723895
v -0.0017446572688671073 7.186857822831169e-06 -0.0019065808823723895
v -0.0015095318516448477 -0.0008703128798981108 -0.0019065808823723895
v -0.0008671574845800369 -0.0015126871724571167 -0.0019065808823723895
v 1.0342200754012154e-05 -0.0017478125896793761 -0.0019065808823723895
v 0.0008878419349824953 -0.0015126871724571167 -0.0019065808823723895
v 0.0015302161530356974 -0.0008703128798981108 -0.0019065808823723895
v 0.001765341570257957 7.186857822831169e-06 -0.0019065808823723895
v 0.0015302161530356974 0.0008846865396644199 -0.0019065808823723895
v 0.0008878419349824953 0.0015270608322234258 -0.0019065808823723895
v 1.0342200754012154e-05 0.0017621862494456852 -0.0019065808823723895
v 1.0342200754012154e-05 0.0017621862494456852 -0.0018118494344089306
v -0.0008671574845800369 0.0015270608322234258 -0.0019065808823723895
v -0.0015095318516448477 0.0008846865396644199 -0.0019065808823723895
v -0.0017446572688671073 7.186857822831169e-06 -0.0019065808823723895
v -0.0015095318516448477 -0.0008703128798981108 -0.0019065808823723895
v -0.0008671574845800369 -0.0015126871724571167 -0.0019065808823723895
v 1.0342200754012154e-05 -0.0017478125896793761 -0.0019065808823723895
v 1.0342200754012154e-05 -0.0017478125896793761 -0.0018118494344089306
v -0.0008671574845800369 -0.0015126871724571167 -0.0018118494344089306
v -0.0015095318516448477 -0.0008703128798981108 -0.0018118494344089306
v -0.0017446572688671073 7.186857822831169e-06 -0.0018118494344089306
v -0.0015095318516448477 0.0008846865396644199 -0.0018118494344089306
v -0.0008671574845800369 0.0015270608322234258 -0.0018118494344089306
v 1.0342200754012154e-05 0.0017621862494456852 -0.0018118494344089306
v 0.0008878419349824953 0.0015270608322234258 -0.0018118494344089306
v 0.0015302161530356974 0.0008846865396644199 -0.0018118494344089306
v 0.001765341570257957 7.186857822831169e-06 -0.0018118494344089306
v 0.0015302161530356974 -0.0008703128798981108 -0.0018118494344089306
v 0.0008878419349824953 -0.0015126871724571167 -0.0018118494344089306
v 1.0342200754012154e-05 -0.0017478125896793761 -0.0018118494344089306
v 1.0342200754012154e-05 -0.0017478125896793761 -0.0019065808823723895
v 0.0008878419349824953 -0.0015126871724571167 -0.0019065808823723895
v 0.0015302161530356974 -0.0008703128798981108 -0.0019065808823723895
v 0.001765341570257957 7.186857822831169e-06 -0.0019065808823723895
v 0.0015302161530356974 0.0008846865396644199 -0.0019065808823723895
v 0.0008878419349824953 0.0015270608322234258 -0.0019065808823723895
v 1.0342200754012154e-05 0.0017621862494456852 -0.0019065808823723895
v 1.0342200754012154e-05 0.0017621856533992508 -0.0018118494344089306
v 0.0008878416369592781 0.0015270603851886 -0.0018118494344089306
v 0.0015302157060008716 0.0008846862416412027 -0.0018118494344089306
v 0.0017653409742115227 7.186857822831169e-06 -0.0018118494344089306
v 0.0015302157060008716 -0.0008703125818748936 -0.0018118494344089306
v 0.0008878416369592781 -0.0015126867254222909 -0.0018118494344089306
v 1.0342200754012154e-05 -0.0017478119936329417 -0.0018118494344089306
v 1.0342200754012154e-05 -0.0016978121914458522 -0.0017570769394097416
v 1.0342200754012154e-05 -0.0017043682551897699 -0.001783119400222911
v 1.0342200754012154e-05 -0.001722473761682053 -0.00180295284532861
v 0.0008628417358657333 -0.0014693855910885567 -0.0017570769394097416
v 0.0014869145716671374 -0.0008453126807813488 -0.0017570769394097416
v 0.0017153411720244331 7.186857822831169e-06 -0.0017570769394097416
v 0.0014869145716671374 0.0008596863405476579 -0.0017570769394097416
v 0.0008628417358657333 0.0014837592508548658 -0.0017570769394097416
v 1.0342200754012154e-05 0.0017121858512121613 -0.0017570769394097416
v 1.0342200754012154e-05 0.001718741914956079 -0.001783119400222911
v 1.0342200754012154e-05 0.001736847421448362 -0.00180295284532861
v 0.0008751725209838337 0.0015051167866934057 -0.00180295284532861
v 0.0008661197677376922 0.001489437040177649 -0.001783119400222911
v 0.0015082721075056773 0.0008720171256657583 -0.00180295284532861
v 0.0014925923609899207 0.0008629643724196168 -0.001783119400222911
v 0.0017400027422606339 7.186857822831169e-06 -0.00180295284532861
v 0.0017218972357683508 7.186857822831169e-06 -0.001783119400222911
v 0.0015082721075056773 -0.0008576434658994492 -0.00180295284532861
v 0.0014925923609899207 -0.0008485907126533077 -0.001783119400222911
v 0.0008751725209838337 -0.0014907431269270965 -0.00180295284532861
v 0.0008661197677376922 -0.00147506338041134 -0.001783119400222911
v 1.0342200754012154e-05 0.0017121858512121613 -0.0017570769394097416
v 1.0342200754012154e-05 0.001718741914956079 -0.001783119400222911
v 1.0342200754012154e-05 0.001736847421448362 -0.00180295284532861
v 1.0342200754012154e-05 0.0017621856533992508 -0.0018118494344089306
v -0.0008421572854632749 0.0014837592508548658 -0.0017570769394097416
v -0.0014662302702762877 0.0008596863405476579 -0.0017570769394097416
v -0.0016946568706335834 7.186857822831169e-06 -0.0017570769394097416
v -0.0014662302702762877 -0.0008453126807813488 -0.0017570769394097416
v -0.0008421572854632749 -0.0014693855910885567 -0.0017570769394097416
v 1.0342200754012154e-05 -0.0016978121914458522 -0.0017570769394097416
v 1.0342200754012154e-05 -0.0017043682551897699 -0.001783119400222911
v 1.0342200754012154e-05 -0.001722473761682053 -0.00180295284532861
v 1.0342200754012154e-05 -0.0017478119936329417 -0.0018118494344089306
v -0.0008671571865568197 -0.0015126867254222909 -0.0018118494344089306
v -0.0015095314046100219 -0.0008703125818748936 -0.0018118494344089306
v -0.001744656672820673 7.186857822831169e-06 -0.0018118494344089306
v -0.0015095314046100219 0.0008846862416412027 -0.0018118494344089306
v -0.0008671571865568197 0.0015270603851886 -0.0018118494344089306
v -0.0008544880705813753 -0.0014907431269270965 -0.00180295284532861
v -0.0008454353173352338 -0.00147506338041134 -0.001783119400222911
v -0.0014875878061148275 -0.0008576434658994492 -0.00180295284532861
v -0.001471908059599071 -0.0008485907126533077 -0.001783119400222911
v -0.001719318440869784 7.186857822831169e-06 -0.00180295284532861
v -0.001701212934377501 7.186857822831169e-06 -0.001783119400222911
v -0.0014875878061148275 0.0008720171256657583 -0.00180295284532861
v -0.001471908059599071 0.0008629643724196168 -0.001783119400222911
v -0.0008544880705813753 0.0015051167866934057 -0.00180295284532861
v -0.0008454353173352338 0.001489437040177649 -0.001783119400222911
v 1.0342200754012154e-05 0.0017121858512121613 -0.0017570769394097416
v 1.034219842570577e-05 0.0017121858512121613 -0.0015820765141678636
v -0.0008421572854632749 0.0014837592508548658 -0.0017570769394097416
v -0.0014662302702762877 0.0008596863405476579 -0.0017570769394097416
v -0.0016946568706335834 7.186857822831169e-06 -0.0017570769394097416
v -0.0014662302702762877 -0.0008453126807813488 -0.0017570769394097416
v -0.0008421572854632749 -0.0014693855910885567 -0.0017570769394097416
v 1.0342200754012154e-05 -0.0016978121914458522 -0.0017570769394097416
v 1.0342200754012154e-05 -0.0016978121914458522 -0.0015820765141678636
v -0.0008421572854632749 -0.0014693855910885567 -0.0015820765141678636
v -0.0014662302702762877 -0.0008453126807813488 -0.0015820765141678636
v -0.0016946568706335834 7.186856658677977e-06 -0.0015820765141678636
v -0.0014662302702762877 0.0008596863405476579 -0.0015820765141678636
v -0.0008421572854632749 0.0014837592508548658 -0.0015820765141678636
v 1.0342200754012154e-05 0.0017121858512121613 -0.0015820765141678636
v 0.0008628417358657333 0.0014837592508548658 -0.0015820765141678636
v 0.0014869145716671374 0.0008596863405476579 -0.0015820765141678636
v 0.0017153411720244331 7.186856658677977e-06 -0.0015820765141678636
v 0.0014869145716671374 -0.0008453126807813488 -0.0015820765141678636
v 0.0008628417358657333 -0.0014693855910885567 -0.0015820765141678636
v 1.0342200754012154e-05 -0.0016978121914458522 -0.0015820765141678636
v 1.0342200754012154e-05 -0.0016978121914458522 -0.0017570769394097416
v 0.0008628417358657333 -0.0014693855910885567 -0.0017570769394097416
v 0.0014869145716671374 -0.0008453126807813488 -0.0017570769394097416
v 0.0017153411720244331 7.186857822831169e-06 -0.0017570769394097416
v 0.0014869145716671374 0.0008596863405476579 -0.0017570769394097416
v 0.0008628417358657333 0.0014837592508548658 -0.0017570769394097416
v 1.0342200754012154e-05 0.0017121858512121613 -0.0017570769394097416
v 1.0342199589858962e-05 -0.0016978121914458522 -0.0015820765141678636
v -0.0008421572854632749 -0.0014693855910885567 -0.0015820765141678636
v -0.0014662302702762877 -0.0008453126807813488 -0.0015820765141678636
v -0.0016946568706335834 7.186857822831169e-06 -0.0015820765141678636
v -0.0014662302702762877 0.0008596863405476579 -0.0015820765141678636
v -0.0008421572854632749 0.0014837592508548658 -0.0015820765141678636
v 1.0342199589858962e-05 0.0017121858512121613 -0.0015820765141678636
v 0.0008628417358657333 0.0014837592508548658 -0.0015820765141678636
v 0.0014869145716671374 0.0008596863405476579 -0.0015820765141678636
v 0.0017153411720244331 7.186857822831169e-06 -0.0015820765141678636
v 0.0014869145716671374 -0.0008453126807813488 -0.0015820765141678636
v 0.0008628417358657333 -0.0014693855910885567 -0.0015820765141678636
v 0.0011516113321868038 7.186857822831169e-06 -0.0015820765141678636
v 0.0008173413392005565 0.0008141859438824811 -0.0015820765141678636
v 1.0342200754012154e-05 0.001148455936868728 -0.0015820765141678636
v -0.000796656888798098 0.0008141859438824811 -0.0015820765141678636
v -0.0011309268817843454 7.186857822831169e-06 -0.0015820765141678636
v -0.000796656888798098 -0.000799812284116172 -0.0015820765141678636
v 1.0342200754012154e-05 -0.001134082277102419 -0.0015820765141678636
v 0.0008173413392005565 -0.000799812284116172 -0.0015820765141678636
v 1.0342200754012154e-05 7.186857822831169e-06 -0.002107568336109035
v 0.0011516113321868038 7.186857822831169e-06 -0.0015820765141678636
v 1.0342200754012154e-05 7.186857822831169e-06 -0.002107568336109035
v -0.0011309268817843454 7.186857822831169e-06 -0.0015820765141678636
v 0.0008173413392005565 0.0008141859438824811 -0.0015820765141678636
v 1.0342200754012154e-05 0.001148455936868728 -0.0015820765141678636
v -0.000796656888798098 0.0008141859438824811 -0.0015820765141678636
v -0.0011309268817843454 7.186857822831169e-06 -0.0015820765141678636
v -0.000796656888798098 -0.000799812284116172 -0.0015820765141678636
v 1.0342200754012154e-05 -0.001134082277102419 -0.0015820765141678636
v 0.0008173413392005565 -0.000799812284116172 -0.0015820765141678636
v 0.0011516113321868038 7.186857822831169e-06 -0.0015820765141678636
v 1.0342200754012154e-05 7.186857822831169e-06 -0.002107568336109035
v 1.0342200754012154e-05 7.186857822831169e-06 -0.002107568336109035
v -0.001409657864056725 0.0015571868071588835 -0.001926580624433295
v -0.001409657864056725 0.0015571868071588835 -0.0018965804152955023
v -0.0015395615650811447 0.0014821867313492276 -0.001926580624433295
v -0.0015395615650811447 0.0013321867287415246 -0.001926580624433295
v -0.001409657864056725 0.0012571868019434773 -0.001926580624433295
v -0.001409657864056725 0.0012571868019434773 -0.0018965804152955023
v -0.0015395615650811447 0.0013321867287415246 -0.0018965804152955023
v -0.0015395615650811447 0.0014821867313492276 -0.0018965804152955023
v -0.001409657864056725 0.0015571868071588835 -0.0018965804152955023
v -0.0012797540140206964 0.0014821867313492276 -0.0018965804152955023
v -0.0012797540140206964 0.0013321867287415246 -0.0018965804152955023
v -0.001409657864056725 0.0012571868019434773 -0.0018965804152955023
v -0.001409657864056725 0.0012571868019434773 -0.001926580624433295
v -0.0012797540140206964 0.0013321867287415246 -0.001926580624433295
v -0.0012797540140206964 0.0014821867313492276 -0.001926580624433295
v -0.001409657864056725 0.0015571868071588835 -0.001926580624433295
v -0.001409657864056725 0.0015571868071588835 -0.0018965804152955023
v -0.0012797540140206964 0.0014821867313492276 -0.0018965804152955023
v -0.0012797540140206964 0.0013321867287415246 -0.0018965804152955023
v -0.001409657864056725 0.0012571868019434773 -0.0018965804152955023
v -0.0015395615650811447 0.0013321867287415246 -0.0018965804152955023
v -0.0015395615650811447 0.0014821867313492276 -0.0018965804152955023
v 0.0013440082666872088 0.0018647200942474573 -0.0022665804117937296
v 0.0014862632419259127 0.001863881307902604 -0.0022665804117937296
v 0.0014718602268727079 0.001822258342305011 -0.002046580864938031
v 0.0013269972504601501 0.0018258925864273468 -0.002046580864938031
v 0.001451286939130271 0.0018327080793818507 -0.0022152816754144058
v 0.0014437094008093467 0.0018117540669794208 -0.002105401111273443
v 0.0014069568796390998 0.0018145323884219133 -0.002162204336474739
v 0.001362321942396717 0.0018134685945480622 -0.002105964971200415
v 0.00137086611902268 0.0018336306102507416 -0.0022158330183662546
v 0.0014110025448128018 0.001824900467137236 -0.002217120478664626
v 0.0013923269199059853 0.0018323897905858644 -0.0022443598007181333
v 0.0014028592094139937 0.001804133762326826 -0.002107301903352844
v 0.0014219306091532726 0.0018006246879557208 -0.0020792501700092067
v 0.0014224576632129184 0.0018279131838400686 -0.0022306566931905593
v 0.0014446137522619875 0.001837101984684869 -0.002257193276497872
v 0.001365170746330081 0.0018455528800438437 -0.002256229469413397
v 0.0014499266121552903 0.0018081393433778126 -0.002063348247185016
v 0.001391218720572769 0.0018023234202938498 -0.0020935689935035486
v 0.001368602781699536 0.001802003790393386 -0.0020654427543556073
v 0.0014187287967191166 0.0018314526565793299 -0.002251377055390692
v 0.0014035923465283442 0.0018332773037267325 -0.0022583090754231274
v 0.001388864635179983 0.0018374251908639394 -0.0022647749871438374
v 0.0014255755821114282 0.0017977743939062707 -0.0020583927171291547
v 0.0014104170782025817 0.001796603311674222 -0.0020659297242925376
v 0.001394939540439706 0.0017978886858100729 -0.002073017908490794
v 0.001416862724344521 0.0018333153016869275 -0.002261719653120943
v 0.0013638499074313814 0.0018486237112740334 -0.0022663050383410223
v 0.0014513849887687349 0.001807354946270101 -0.0020528167027350505
v 0.0013968185768242504 0.0017957642273061514 -0.002062722398428863
v 0.0014669389694868264 0.0018488443974663815 -0.002267386862619515
v 0.0014428795551610098 0.0018383380359782708 -0.0022676473349113615
v 0.0014159305077210706 0.0018342697210400605 -0.002266886183614593
v 0.0014017706796131137 0.0018355209715175402 -0.0022685747831633365
v 0.0013880157160457442 0.0018387169724989605 -0.002269871780204659
v 0.0014264751651925935 0.0017970999673657118 -0.0020531719464099716
v 0.0014123022240630791 0.0017948804394554985 -0.002055555536101262
v 0.0013977616712951293 0.001794725616394155 -0.002057569577003205
v 0.0013460401889821849 0.0018103700471586714 -0.002051525070111638
v 0.0013702624729962098 0.0017992561653422667 -0.0020552837389271614
v 0.0014291461982768885 0.001835814375374889 -0.002270018407627529
v 0.0014424425041129631 0.00183865602675104 -0.0022702598064334736
v 0.001415464548420954 0.0018347526676635584 -0.002269468256768549
v 0.0013635262542174853 0.0018493964854762734 -0.00226882273848006
v 0.001451743212675828 0.0018071658505387778 -0.002050182773541299
v 0.001398234038094416 0.001794212271402501 -0.0020549922722207245
v 0.001384226946885282 0.0017954688862978907 -0.0020540588635044052
v 0.0013706825367208752 0.001798577119441841 -0.002052741600884312
v 0.0014667646259047553 0.001848935741582458 -0.002268702933146739
v 0.0014152317922883086 0.001834995556585589 -0.0022707586972990925
v 0.0014013178333345546 0.0018360910899320737 -0.002271139570970694
v 0.001387804566596347 0.0018390419668173341 -0.0022711455314350384
v 0.0014266992786519397 0.001796933819422114 -0.0020518660086721327
v 0.0014127725046998454 0.0017944597796843986 -0.002052959753879314
v 0.001398470370505668 0.0017939570145169559 -0.00205370302378305
v 0.0013461954590783542 0.001809969354943125 -0.002050269796320726
v 0.0014423329805806364 0.0018387360459848623 -0.0022709124772791757
v 0.0014289159753415894 0.0018360150940116837 -0.0022713171928081546
v 0.001415115414221986 0.0018351172990698217 -0.0022714042155875815
v 0.001363445787948837 0.001849590051555855 -0.002269451567468385
v 0.0014518323216177755 0.0018071189118820663 -0.0020495241422312524
v 0.001398588536711294 0.0017938299076148134 -0.0020530586975874296
v 0.001384454934646452 0.0017951704160458493 -0.002052778555763247
v 0.001370787887928161 0.0017984078422544625 -0.0020521062153852085
v 0.0014667209655034332 0.0018489586893701837 -0.002269031950778545
v 0.0014150571506830203 0.0018351783938293509 -0.002271726676708609
v 0.0014012047335236213 0.0018362341410763372 -0.0022717803208877076
v 0.0013877518164868998 0.001839123327155634 -0.0022714638202310246
v 0.0014267551580051676 0.001796892394194921 -0.0020515393752260644
v 0.0014128899258474283 0.001794355173535156 -0.0020523106593122184
v 0.0013986476943199113 0.0017937662796579379 -0.0020527362364664023
v 0.0013462345001198095 0.0018098692191421406 -0.0020499556798497806
v 0.0014718602268727079 0.001822258342305011 -0.002046580864938031
v 0.0014862632419259127 0.001863881307902604 -0.0022665804117937296
v 0.0015170116383505252 0.001894629853338825 -0.0022665804117937296
v 0.0015306217626343279 0.0018810197290550223 -0.002046580864938031
v 0.0015306217626343279 0.0018810197290550223 -0.002046580864938031
v 0.001582398379242457 0.0019207493531536446 -0.002046580864938031
v 0.0016426936914914773 0.0019457244438143562 -0.002046580864938031
v 0.0017073984062508111 0.0019542429904436387 -0.002046580864938031
v 0.0017073984062508111 0.001973490521904292 -0.0022665804117937296
v 0.0016377119353925011 0.0019643161751855265 -0.0022665804117937296
v 0.0015727746135121303 0.0019374182387273398 -0.0022665804117937296
v 0.0015170116383505252 0.001894629853338825 -0.0022665804117937296
v 0.0018977851741510971 0.0015138563175382536 -0.0022665804117937296
v 0.001976645842716564 0.0017042430854385393 -0.0022665804117937296
v 0.0018977851741510971 0.001894629853338825 -0.0022665804117937296
v 0.0017073984062508111 0.001973490521904292 -0.0022665804117937296
v 0.0017073984062508111 0.0019542429904436387 -0.002046580864938031
v 0.0018841750498672944 0.0018810197290550223 -0.002046580864938031
v 0.0019573983112559108 0.0017042430854385393 -0.002046580864938031
v 0.0018841750498672944 0.0015274662928104477 -0.002046580864938031
v 0.0018670366287148758 0.001483107921113641 -0.0022665804117937296
v 0.0018254136631172828 0.0014687049060604362 -0.002046580864938031
v 0.0018841750498672944 0.0015274662928104477 -0.002046580864938031
v 0.0018977851741510971 0.0015138563175382536 -0.0022665804117937296
v 0.0018678754150597292 0.0013408529458749374 -0.0022665804117937296
v 0.0018670366287148758 0.001483107921113641 -0.0022665804117937296
v 0.0018290479072396186 0.0013238419296478787 -0.002046580864938031
v 0.0018254136631172828 0.0014687049060604362 -0.002046580864938031
v 0.0018358634001941225 0.0014481316183179993 -0.0022152816754144058
v 0.001816623915360334 0.0013591666215844456 -0.002105964971200415
v 0.0018367859310630134 0.0013677107982104086 -0.0022158330183662546
v 0.0018176877092341852 0.0014038015588268282 -0.002162204336474739
v 0.0018149093877916926 0.001440554079997075 -0.002105401111273443
v 0.0018280557879495078 0.0014078470749889216 -0.002217120478664626
v 0.0018355451113981362 0.0013891715990937137 -0.0022443598007181333
v 0.001807289083139098 0.0013997038886017221 -0.002107301903352844
v 0.0018037800087679927 0.001418775288341001 -0.0020792501700092067
v 0.0018487082008561155 0.0013620154255178096 -0.002256229469413397
v 0.0018310685046523405 0.0014193023424006468 -0.0022306566931905593
v 0.001840257305497141 0.0014414584314497159 -0.002257193276497872
v 0.0018054787411061217 0.0013880633997604974 -0.0020935689935035486
v 0.001805159111205658 0.0013654474608872647 -0.0020654427543556073
v 0.0018112946641900844 0.0014467712913430186 -0.002063348247185016
v 0.0018405805116762112 0.0013857091653561027 -0.0022647749871438374
v 0.0018364326245390043 0.0014004370257160725 -0.0022583090754231274
v 0.0018346079773916017 0.001415573475906845 -0.002251377055390692
v 0.0018010440066223447 0.0013917842196274344 -0.002073017908490794
v 0.0017997586324864938 0.0014072617573903101 -0.0020659297242925376
v 0.0018009297147185425 0.0014224202612991566 -0.0020583927171291547
v 0.0018517790320863052 0.0013606944376075014 -0.0022663050383410223
v 0.0018364706224991993 0.0014137074035322494 -0.002261719653120943
v 0.0017989195481184232 0.0013936632560119788 -0.002062722398428863
v 0.001810510267082373 0.0014482296679564632 -0.0020528167027350505
v 0.0018418722933112323 0.0013848603952334726 -0.002269871780204659
v 0.001838676292329812 0.001398615358800842 -0.0022685747831633365
v 0.0018374250418523323 0.001412775186908799 -0.002266886183614593
v 0.0018519997182786534 0.0014637836486745548 -0.002267386862619515
v 0.0018414933567905427 0.0014397242343487382 -0.0022676473349113615
v 0.0018135253679709433 0.0013428848681699135 -0.002051525070111638
v 0.0018024114861545386 0.0013671071521839384 -0.0020552837389271614
v 0.0017978809372064268 0.0013946063504828576 -0.002057569577003205
v 0.0017980357602677703 0.0014091469032508075 -0.002055555536101262
v 0.0018002552881779836 0.0014233198443803219 -0.0020531719464099716
v 0.0018525518062885453 0.0013603709334052139 -0.00226882273848006
v 0.0018379079884758302 0.0014123092276086824 -0.002269468256768549
v 0.0018389696961871608 0.0014259908774646168 -0.002270018407627529
v 0.0018418113475633117 0.0014392871833006915 -0.0022702598064334736
v 0.0017986242071101625 0.0013810716260730105 -0.0020540588635044052
v 0.0018017324402541128 0.0013675272159086038 -0.002052741600884312
v 0.001797367592214773 0.0013950787172821444 -0.0020549922722207245
v 0.0018103211713510496 0.0014485878918635564 -0.002050182773541299
v 0.001842197287629606 0.0013846492457840753 -0.0022711455314350384
v 0.0018392464107443455 0.001398162512522283 -0.002271139570970694
v 0.001838150877397861 0.001412076471476037 -0.0022707586972990925
v 0.00185209106239473 0.0014636093050924837 -0.002268702933146739
v 0.001813124675755397 0.0013430401382660828 -0.002050269796320726
v 0.0017971123353292277 0.0013953150496933964 -0.00205370302378305
v 0.0017976151004966705 0.0014096171838875737 -0.002052959753879314
v 0.001800089140234386 0.001423543957839668 -0.0020518660086721327
v 0.0018527453723681268 0.0013602904671365657 -0.002269451567468385
v 0.0018382726198820935 0.0014119600934097143 -0.0022714042155875815
v 0.0018391704148239556 0.0014257606545293178 -0.0022713171928081546
v 0.0018418913667971341 0.0014391776597683648 -0.0022709124772791757
v 0.0018015631630667343 0.0013676325671158895 -0.0020521062153852085
v 0.001798325736858121 0.0013812996138341804 -0.002052778555763247
v 0.0017969852284270853 0.0013954332158990224 -0.0020530586975874296
v 0.0018102742326943381 0.0014486770008055039 -0.0020495241422312524
v 0.0018422786479679058 0.0013845964956746282 -0.0022714638202310246
v 0.001839389461888609 0.0013980494127113496 -0.0022717803208877076
v 0.0018383337146416227 0.0014119018298707486 -0.002271726676708609
v 0.0018521140101824555 0.0014635656446911616 -0.002269031950778545
v 0.0018130245399544124 0.001343079179307538 -0.0020499556798497806
v 0.0017969216004702097 0.0013954923735076397 -0.0020527362364664023
v 0.0017975104943474278 0.0014097346050351567 -0.0020523106593122184
v 0.001800047715007193 0.001423599837192896 -0.0020515393752260644
v 0.0017966886953259557 0.0015442421687191232 -0.0017265808196385022
v 0.001768389155677204 0.0015314623371184832 -0.0017265808196385022
v 0.0017383379845692674 0.0015236445920844832 -0.0017265808196385022
v 0.0017073984062508111 0.0015210134941112952 -0.0017265808196385022
v 0.0015473974895313949 0.0017935333745136839 -0.0017265808196385022
v 0.00159030463717197 0.001563310141191404 -0.0017265808196385022
v 0.0015272704915567383 0.0016706722601352864 -0.0017265808196385022
v 0.0013710115543526813 -0.0022928131604310897 -0.0017717629275076927
v 0.0022603420407993646 -0.0014523222717868767 -0.0017723655304529027
v 0.0022603420407993646 -0.0009141206537011115 -0.0015765803699959733
v 0.0019087275436059942 -0.0016261790329326897 -0.0015765803699959733
v 0.0012849199484679119 -0.0021176297489338414 -0.0015765803699959733
v 0.000510342184223037 -0.0022928131604310897 -0.0015765803699959733
v -0.0022896578396188216 0.002107186717379389 -0.002246580669732824
v -0.002262862870182183 0.002207186768788394 -0.002246580669732824
v -0.0021896577882098162 0.00228039185076076 -0.002246580669732824
v -0.0020896577368008113 0.002307186820197399 -0.002246580669732824
v -0.0022896578396188216 0.002107186717379389 -0.0017808878023724004
v -0.0020896577368008113 0.002307186820197399 -0.0017808878023724004
v -0.0013503272529618315 0.002307186820197399 -0.0017717629275076927
v -0.0022896578396188216 0.0013678562335404099 -0.0017717629275076927
v -0.0020896577368008113 0.002307186820197399 -0.0017808878023724004
v -0.0022896578396188216 0.002107186717379389 -0.0017808878023724004
v -0.0013503272529618315 0.002307186820197399 -0.0017717629275076927
v -0.0022896578396188216 0.0013678562335404099 -0.0017717629275076927
v -0.0022896578396188216 0.0005071868634107662 -0.0015765803699959733
v -0.0020485035617238984 0.0014071868045511804 -0.0015765803699959733
v -0.0013896578239726023 0.002066032542302476 -0.0015765803699959733
v -0.0004896578083263829 0.002307186820197399 -0.0015765803699959733
v -0.0022896578396188216 0.0005071868634107662 -0.0015765803699959733
v -0.0020485035617238984 0.0014071868045511804 -0.0015765803699959733
v -0.0013896578239726023 0.002066032542302476 -0.0015765803699959733
v -0.0004896578083263829 0.002307186820197399 -0.0015765803699959733
v -0.0022896578396188216 0.0005071868634107662 -0.0008920216360981397
v -0.0017624499999929226 0.0017799789805715005 -0.0008828186791505215
v -0.0004896578083263829 0.002307186820197399 -0.0008920216360981397
v -0.0004896578083263829 0.002307186820197399 -0.0008920216360981397
v -0.0010896796489578567 0.002307186820197399 -0.0008846157591503316
v -0.0022896578396188216 0.0005071868634107662 -0.0008920216360981397
v -0.0017624499999929226 0.0017799789805715005 -0.0008828186791505215
v -0.0022896578396188216 0.001107208778548044 -0.0008846157591503316
v -0.001938185946534889 0.0019557149271134666 -0.000878480653200731
v -0.0022896578396188216 0.001107208778548044 -0.0008846157591503316
v -0.0022896578396188216 0.0011071867993357742 -0.0005185454967943095
v -0.001938185946534889 0.0019557149271134666 -0.0005246806027439103
v -0.0010896577442513914 0.002307186820197399 -0.0005185454967943095
v -0.0010896796489578567 0.002307186820197399 -0.0008846157591503316
v -0.001938185946534889 0.0019557149271134666 -0.000878480653200731
v -0.0010896577442513914 0.002307186820197399 -0.0005185454967943095
v -0.0004896578083263829 0.002307186820197399 -0.0005111396198465015
v -0.0022896578396188216 0.0011071867993357742 -0.0005185454967943095
v -0.001938185946534889 0.0019557149271134666 -0.0005246806027439103
v -0.0022896578396188216 0.0005071868634107662 -0.0005111396198465015
v -0.0017624499999929226 0.0017799789805715005 -0.0005203425767941197
v -0.0004896578083263829 0.002307186820197399 7.797837083090013e-05
v -0.0004896578083263829 0.002307186820197399 -0.0005111396198465015
v -0.0022896578396188216 0.0005071868634107662 -0.0005111396198465015
v -0.0017624499999929226 0.0017799789805715005 -0.0005203425767941197
v -0.0022896578396188216 0.0005071868634107662 7.797837083090013e-05
v -0.0017624499999929226 0.0017799789805715005 8.718132777851832e-05
v -0.0004896578083263829 0.002307186820197399 7.797837083090013e-05
v -0.0010896796489578567 0.002307186820197399 8.538424777870816e-05
v -0.0022896578396188216 0.0005071868634107662 7.797837083090013e-05
v -0.0017624499999929226 0.0017799789805715005 8.718132777851832e-05
v -0.0022896578396188216 0.001107208778548044 8.538424777870816e-05
v -0.001938185946534889 0.0019557149271134666 9.151935372830883e-05
v -0.0022896578396188216 0.001107208778548044 8.538424777870816e-05
v -0.0022896578396188216 0.0011071867993357742 0.00045145451013473025
v -0.001938185946534889 0.0019557149271134666 0.0004453194041851296
v -0.0010896577442513914 0.002307186820197399 0.00045145451013473025
v -0.0010896796489578567 0.002307186820197399 8.538424777870816e-05
v -0.001938185946534889 0.0019557149271134666 9.151935372830883e-05
v -0.0020896577368008113 -0.00209281305761308 -0.0017265808196385022
v -0.0022896578396188216 -0.0018928131038066787 -0.001731517872254896
v -0.00188965778299441 -0.0022928131604310897 -0.001731517872254896
v -0.00188965778299441 -0.0022928131604310897 -0.002246580669732824
v -0.0022896578396188216 -0.0018928131038066787 -0.002246580669732824
v -0.0022896578396188216 -0.0012748977256961669 -0.0017391442863834436
v -0.0018685160159651341 -0.001871671336777403 -0.0017265808196385022
v -0.0022896578396188216 -0.0018928131038066787 -0.001731517872254896
v -0.0020896577368008113 -0.00209281305761308 -0.0017265808196385022
v -0.0022896578396188216 -0.0010928131395694651 0.0004786080015016794
v -0.0022896578396188216 -0.0010928131395694651 5.8230160365324606e-05
v -0.001938185946534889 -0.0019413412673471575 4.34195985625774e-05
v -0.0010896577442513914 -0.0022928131604310897 5.8230160365324606e-05
v -0.0010896577442513914 -0.0022928131604310897 0.0004786080015016794
v -0.001938185946534889 -0.0019413412673471575 0.000493419159350861
v -0.0004896578083263829 -0.0022928131604310897 6.563603731313265e-05
v -0.0017624499999929226 -0.0017656053208051914 4.34195985625774e-05
v -0.0010896577442513914 -0.0022928131604310897 5.8230160365324606e-05
v -0.001938185946534889 -0.0019413412673471575 4.34195985625774e-05
v -0.001938185946534889 -0.0019413412673471575 4.34195985625774e-05
v -0.0017624499999929226 -0.0017656053208051914 4.34195985625774e-05
v -0.0022896578396188216 -0.0010928131395694651 5.8230160365324606e-05
v -0.0022896578396188216 -0.0004928131291386528 6.563603731313265e-05
v -0.0022896578396188216 -0.0004928131291386528 6.563603731313265e-05
v -0.0022896578396188216 -0.0004928131291386528 -0.000498797286328734
v -0.0017624499999929226 -0.0017656053208051914 -0.0004765808475781788
v -0.0004896578083263829 -0.0022928131604310897 -0.000498797286328734
v -0.0004896578083263829 -0.0022928131604310897 6.563603731313265e-05
v -0.0017624499999929226 -0.0017656053208051914 4.34195985625774e-05
v -0.001938185946534889 -0.0019413412673471575 -0.0004765808475781788
v -0.0017624499999929226 -0.0017656053208051914 -0.0004765808475781788
v -0.0010896577442513914 -0.0022928131604310897 -0.0004913920054273604
v -0.0004896578083263829 -0.0022928131604310897 -0.000498797286328734
v -0.0010896577442513914 -0.0022928131604310897 -0.0009117692505172807
v -0.001938185946534889 -0.0019413412673471575 -0.0009265804083664624
v -0.0010896577442513914 -0.0022928131604310897 -0.0004913920054273604
v -0.001938185946534889 -0.0019413412673471575 -0.0004765808475781788
v -0.0022896578396188216 -0.0010928131395694651 -0.0004913920054273604
v -0.0022896578396188216 -0.0010928131395694651 -0.0009117692505172807
v -0.001938185946534889 -0.0019413412673471575 -0.0009265804083664624
v -0.0017624499999929226 -0.0017656053208051914 -0.0009265804083664624
v -0.0022896578396188216 -0.0010928131395694651 -0.0009117692505172807
v -0.0022896578396188216 -0.0004928131291386528 -0.0009043639696159071
v -0.0004896578083263829 -0.0022928131604310897 -0.0015765803699959733
v -0.0013896578239726023 -0.002051658882536167 -0.0015765803699959733
v -0.0020485035617238984 -0.0013928131447848713 -0.0015765803699959733
v -0.0022896578396188216 -0.0004928131291386528 -0.0015765803699959733
v -0.0004896578083263829 -0.0022928131604310897 -0.0009043639696159071
v -0.0017624499999929226 -0.0017656053208051914 -0.0009265804083664624
v -0.0022896578396188216 -0.0004928131291386528 -0.0009043639696159071
v -0.0004896578083263829 -0.0022928131604310897 -0.0009043639696159071
v -0.0017624499999929226 -0.0017656053208051914 -0.0009265804083664624
v -0.0010896577442513914 -0.0022928131604310897 -0.0009117692505172807
v -0.001938185946534889 -0.0019413412673471575 -0.0009265804083664624
v -0.0017624499999929226 -0.0017656053208051914 -0.0004765808475781788
v -0.0022896578396188216 -0.0004928131291386528 -0.000498797286328734
v -0.0022896578396188216 -0.0010928131395694651 -0.0004913920054273604
v -0.001938185946534889 -0.0019413412673471575 -0.0004765808475781788
v 0.0023103421410096713 -0.0010928375029674725 8.538424777870816e-05
v 0.0023103421410096713 -0.0010928131395694651 0.00045145451013473025
v 0.0019588702479257387 -0.0019413412673471575 0.0004453194041851296
v 0.0011103421946538497 -0.0022928131604310897 0.00045145451013473025
v 0.0011103665580518571 -0.0022928131604310897 8.538424777870816e-05
v 0.0019588702479257387 -0.0019413412673471575 9.151935372830883e-05
v 0.000510342184223037 -0.0022928131604310897 7.797837083090013e-05
v 0.0011103665580518571 -0.0022928131604310897 8.538424777870816e-05
v 0.0023103421410096713 -0.0004928131291386528 7.797837083090013e-05
v 0.0017831343013837723 -0.0017656053208051914 8.718132777851832e-05
v 0.0023103421410096713 -0.0010928375029674725 8.538424777870816e-05
v 0.0019588702479257387 -0.0019413412673471575 9.151935372830883e-05
v 0.000510342184223037 -0.0022928131604310897 7.797837083090013e-05
v 0.000510342184223037 -0.0022928131604310897 -0.0005111396198465015
v 0.0023103421410096713 -0.0004928131291386528 -0.0005111396198465015
v 0.0017831343013837723 -0.0017656053208051914 -0.0005203425767941197
v 0.0023103421410096713 -0.0004928131291386528 7.797837083090013e-05
v 0.0017831343013837723 -0.0017656053208051914 8.718132777851832e-05
v 0.0011103421946538497 -0.0022928131604310897 -0.0005185454967943095
v 0.000510342184223037 -0.0022928131604310897 -0.0005111396198465015
v 0.0023103421410096713 -0.0010928131395694651 -0.0005185454967943095
v 0.0019588702479257387 -0.0019413412673471575 -0.0005246806027439103
v 0.0023103421410096713 -0.0004928131291386528 -0.0005111396198465015
v 0.0017831343013837723 -0.0017656053208051914 -0.0005203425767941197
v 0.0023103421410096713 -0.0010928375029674725 -0.0008846157591503316
v 0.0023103421410096713 -0.0010928131395694651 -0.0005185454967943095
v 0.0019588702479257387 -0.0019413412673471575 -0.0005246806027439103
v 0.0011103421946538497 -0.0022928131604310897 -0.0005185454967943095
v 0.0011103665580518571 -0.0022928131604310897 -0.0008846157591503316
v 0.0019588702479257387 -0.0019413412673471575 -0.000878480653200731
v 0.0019051944783659031 -0.001677257977189317 -0.001398165790777673
v 0.0019052452913244384 -0.0016772012037664374 -0.0014365046895331586
v 0.001884031998723031 -0.0016559882091882472 -0.0014363771355961903
v 0.0018839796956484096 -0.001656043343483432 -0.001398165790777673
v 0.001988223150635739 -0.0015714376813596997 -0.0013979375049932858
v 0.0019878604563803876 -0.0015719371682717531 -0.0010288065441964593
v 0.0019033658079050681 -0.0016794173044096528 -0.0010714888333196455
v 0.0019034151307475173 -0.0016793591898822957 -0.0011128765095872468
v 0.001961955235258746 -0.0016067093251636022 -0.0010846739764956987
v 0.0019622781434145992 -0.0016062864302183733 -0.001398013798936893
v 0.0019051961174935978 -0.0016772593182937945 -0.001398165790777673
v 0.0019052452913244384 -0.0016772012037664374 -0.0014365046895331586
v 0.0020403100094129895 -0.0014956877791355294 -0.0014361232198151226
v 0.002040268733197405 -0.0014957512580807963 -0.0013977849171060714
v 0.0018839977260530511 -0.0016560254620903991 -0.001398165790777673
v 0.0019051961174935978 -0.0016772593182937945 -0.001398165790777673
v 0.0019410649998248004 -0.0015850732866285744 -0.001398013798936893
v 0.0019622781434145992 -0.0016062864302183733 -0.001398013798936893
v 0.0019619342246219324 -0.0016066971062116964 -0.0010846739764956987
v 0.0019622781434145992 -0.0016062864302183733 -0.001398013798936893
v 0.0019410649998248004 -0.0015850731376169658 -0.0013980644628838197
v 0.0019407034976623178 -0.0015854663792520818 -0.0010846209283630343
v 0.0019408294124715914 -0.0015853404644428082 -0.0010846209283630343
v 0.0019619513609569223 -0.0016067142425466863 -0.0010846751685885676
v 0.0018822018381461098 -0.0016581460462924968 -0.0011128765095872468
v 0.0019034151307475173 -0.0016793591898822957 -0.0011128765095872468
v 0.0019033641687773734 -0.0016794159633051753 -0.0010714888333196455
v 0.0019034151307475173 -0.0016793591898822957 -0.0011128765095872468
v 0.0018822018381461098 -0.0016581460462924968 -0.0011128765095872468
v 0.0018821493860598799 -0.0016582013295992903 -0.0010714810847159979
v 0.0019666473127905888 -0.0015507240246819542 -0.0010288065441964593
v 0.0018821674164645214 -0.0016581834482062574 -0.0010714810847159979
v 0.0019878604563803876 -0.0015719371682717531 -0.0010288065441964593
v 0.0019033641687773734 -0.0016794159633051753 -0.0010714888333196455
v 0.0019882465454582905 -0.0015714609271706426 -0.0013979375049932858
v 0.0019878604563803876 -0.0015719371682717531 -0.0010288065441964593
v 0.0019666473127905888 -0.0015507240246819542 -0.0010288065441964593
v 0.0019670544125053053 -0.0015502687942176574 -0.0013979369089468514
v 0.0019669106163029988 -0.0015504124414083553 -0.0013979375049932858
v 0.001988223150635739 -0.0015714376813596997 -0.0013979375049932858
v 0.0020190554405959977 -0.0014745381144909975 -0.0013977849171060714
v 0.002040268733197405 -0.0014957512580807963 -0.0013977849171060714
v 0.002040315224819291 -0.00149568986529805 -0.0014361232198151226
v 0.002040268733197405 -0.0014957512580807963 -0.0013977849171060714
v 0.0020190555896076063 -0.0014745379654793889 -0.001397835581052998
v 0.0020191056575080985 -0.0014744802979868576 -0.0014361232198151226
v 0.002019087627103457 -0.0014744983283914992 -0.0014361232198151226
v 0.0020403100094129895 -0.0014956877791355294 -0.0014361232198151226
v 0.0018840322967462481 -0.00165598791116503 -0.0014365046895331586
v 0.0019052452913244384 -0.0016772012037664374 -0.0014365046895331586
v 0.0014537848207253636 -0.002059824718687875 -0.0010378002888455922
v 0.0014927877152088056 -0.0020358779571381658 -0.001037723994901985
v 0.0014325715281239561 -0.002038611575098076 -0.0010378002888455922
v 0.0014715829162690887 -0.002014659449130457 -0.001037723994901985
v 0.0014537848207253636 -0.002059824718687875 -0.0010378002888455922
v 0.0014927877152088056 -0.0020358779571381658 -0.001037723994901985
v 0.0013134094779176386 -0.0021353542327429142 -0.0014365803874303313
v 0.0013595434719426158 -0.0021122864906723826 -0.0014365046895331586
v 0.0013966001258060314 -0.002092537535148764 -0.001323242157923233
v 0.0015463316094950232 -0.002000710174425463 -0.0013229375781952386
v 0.0015824585799323345 -0.001975396380378386 -0.0014360469258715154
v 0.0016219193870890282 -0.0019461947244511224 -0.0014359706319279082
v 0.0014733251599969312 -0.002047998114347499 -0.0010845988746449604
v 0.0014729466705110674 -0.0020482304234453186 -0.0010845988746449604
v 0.001472568032013595 -0.002048462732543138 -0.0010845988746449604
v 0.0014721893935161225 -0.002048694892629349 -0.0010845988746449604
v 0.0014785936144308689 -0.002044751151395935 -0.001110894655192763
v 0.001533753241589221 -0.0020092184392537515 -0.0012828457068760908
v 0.0014106131774795096 -0.002084776861560861 -0.0012829982947633052
v 0.0014666340917356148 -0.0020520860988180456 -0.001110894655192763
v 0.0016219193870890282 -0.0019461947244511224 -0.0014359706319279082
v 0.0014927877152088056 -0.0020358779571381658 -0.001037723994901985
v 0.0014715830652806973 -0.0020146593001188484 -0.0010377496248986655
v 0.0016007062434992294 -0.001924981431849715 -0.0014359706319279082
v 0.0016219193870890282 -0.0019461947244511224 -0.0014359706319279082
v 0.0015824585799323345 -0.001975396380378386 -0.0014360469258715154
v 0.0016007062434992294 -0.001924981431849715 -0.0014359706319279082
v 0.0015612372407040622 -0.001954188899229714 -0.0014360469258715154
v 0.0015463316094950232 -0.002000710174425463 -0.0013229375781952386
v 0.0015824585799323345 -0.001975396380378386 -0.0014360469258715154
v 0.0015612372407040622 -0.001954188899229714 -0.0014360218919212693
v 0.0015251184659052243 -0.001979497030835664 -0.0013229375781952386
v 0.0015463316094950232 -0.002000710174425463 -0.0013229375781952386
v 0.0013966001258060314 -0.002092537535148764 -0.001323242157923233
v 0.0015251184659052243 -0.001979497030835664 -0.0013229375781952386
v 0.0013754199137817349 -0.0020713060631311064 -0.001323242157923233
v 0.0013595434719426158 -0.0021122864906723826 -0.0014365046895331586
v 0.0013966001258060314 -0.002092537535148764 -0.001323242157923233
v 0.0013754197647701263 -0.002071306212142715 -0.0013231408300293796
v 0.0013383301793412083 -0.0020910733470825837 -0.0014365046895331586
v 0.0013595434719426158 -0.0021122864906723826 -0.0014365046895331586
v 0.0013134094779176386 -0.0021353542327429142 -0.0014365803874303313
v 0.0013383301793412083 -0.0020910733470825837 -0.0014365046895331586
v 0.0012922055730475734 -0.0021141364697932485 -0.0014365803874303313
v 0.0014537848207253636 -0.002059824718687875 -0.0010378002888455922
v 0.0013134094779176386 -0.0021353542327429142 -0.0014365803874303313
v 0.0012922055730475734 -0.0021141364697932485 -0.0014365553534800852
v 0.0014325715281239561 -0.002038611575098076 -0.0010378002888455922
v 0.0014666340917356148 -0.0020520860988180456 -0.001110894655192763
v 0.0014721893935161225 -0.002048694892629349 -0.0010845988746449604
v 0.0014509762499263236 -0.0020274816000279416 -0.0010845988746449604
v 0.0014454207991342074 -0.002030872806216638 -0.001110894655192763
v 0.0014733251599969312 -0.002047998114347499 -0.0010845988746449604
v 0.0014729466705110674 -0.0020482304234453186 -0.0010845988746449604
v 0.001472568032013595 -0.002048462732543138 -0.0010845988746449604
v 0.0014721893935161225 -0.002048694892629349 -0.0010845988746449604
v 0.0014521120164071324 -0.0020267849707577 -0.0010845988746449604
v 0.0014509762499263236 -0.0020274816000279416 -0.0010845988746449604
v 0.001451354888423796 -0.0020272494399417307 -0.0010845988746449604
v 0.0014517335269212685 -0.0020270172798555197 -0.0010845988746449604
v 0.0014733251599969312 -0.002047998114347499 -0.0010845988746449604
v 0.0014785936144308689 -0.002044751151395935 -0.001110894655192763
v 0.00145738047084107 -0.0020235378587945274 -0.001110894655192763
v 0.0014521120164071324 -0.0020267849707577 -0.0010845988746449604
v 0.0014785936144308689 -0.002044751151395935 -0.001110894655192763
v 0.001533753241589221 -0.0020092184392537515 -0.0012828457068760908
v 0.001512515809107219 -0.0019880213889176823 -0.0012827694129324836
v 0.00145738047084107 -0.0020235378587945274 -0.001110894655192763
v 0.0014106131774795096 -0.002084776861560861 -0.0012829982947633052
v 0.0015337530925776124 -0.00200921858826536 -0.0012827694129324836
v 0.0013894000338897108 -0.002063563717971062 -0.0012829982947633052
v 0.001512515809107219 -0.0019880213889176823 -0.0012827694129324836
v 0.0014106131774795096 -0.002084776861560861 -0.0012829982947633052
v 0.0014666340917356148 -0.0020520860988180456 -0.001110894655192763
v 0.0014454207991342074 -0.002030872806216638 -0.001110894655192763
v 0.0013894000338897108 -0.002063563717971062 -0.0012829982947633052
v 0.0014509762499263236 -0.0020274816000279416 -0.0010845988746449604
v 0.0014454207991342074 -0.002030872806216638 -0.001110894655192763
v 0.0013894000338897108 -0.002063563717971062 -0.0012829982947633052
v 0.001512515809107219 -0.0019880213889176823 -0.0012827694129324836
v 0.00145738047084107 -0.0020235378587945274 -0.001110894655192763
v 0.0014521120164071324 -0.0020267849707577 -0.0010845988746449604
v 0.001451354888423796 -0.0020272494399417307 -0.0010845988746449604
v 0.0014517335269212685 -0.0020270172798555197 -0.0010845988746449604
v 0.0019588702479257387 0.0019557149271134666 4.34195985625774e-05
v 0.0023103421410096713 0.0011071867993357742 5.8230160365324606e-05
v 0.0023103421410096713 0.0005071868634107662 6.563603731313265e-05
v 0.0017831343013837723 0.0017799789805715005 4.34195985625774e-05
v -0.002008785858553965 -0.0016840640824124786 0.0010934191697816737
v -0.002008785858553965 -0.0016840640824124786 0.0004893726001075074
v -0.0018851528640429788 -0.0018883081848552474 0.000493419159350861
v -0.0016809087616002098 -0.0020119411793662334 0.0004893726001075074
v -0.0016809087616002098 -0.0020119411793662334 0.0010934191697816737
v -0.0019371746047472677 -0.0018271739372497653 0.0010934191697816737
v -0.0018240186164374965 -0.0019403299255595363 0.0010934191697816737
v -0.0016343438260031388 -0.001972868547449963 0.0010934191697816737
v -0.0017858308154531392 -0.001906058596684218 0.0010934191697816737
v -0.0019029032758719495 -0.001788986136265408 0.0010934191697816737
v -0.0019697132266376944 -0.0016374991468154076 0.0010934191697816737
v -0.002008785858553965 -0.0016840640824124786 0.0010934191697816737
v -0.0019371746047472677 -0.0018271739372497653 0.0010934191697816737
v -0.0018240186164374965 -0.0019403299255595363 0.0010934191697816737
v -0.0016809087616002098 -0.0020119411793662334 0.0010934191697816737
v -0.0013969599888408193 -0.0017736798128408227 0.0004888087401805354
v -0.0016809087616002098 -0.0020119411793662334 0.0004893726001075074
v -0.0016809087616002098 -0.0020119411793662334 0.0010934191697816737
v -0.0016343438260031388 -0.001972868547449963 0.0010934191697816737
v -0.0016343438260031388 -0.001972868547449963 0.0014934193754176936
v -0.0013731342247172995 -0.0017536876703719562 0.0014934193754176936
v -0.0013731342247172995 -0.0017536876703719562 0.0010934191697816737
v -0.0013969599888408193 -0.0017736798128408227 0.0010934191697816737
v -0.0016343438260031388 -0.001972868547449963 0.0010934191697816737
v -0.0017858308154531392 -0.001906058596684218 0.0010934191697816737
v -0.0019029032758719495 -0.001788986136265408 0.0010934191697816737
v -0.0019697132266376944 -0.0016374991468154076 0.0010934191697816737
v -0.0016343438260031388 -0.001972868547449963 0.0014934193754176936
v -0.0019697132266376944 -0.0016374991468154076 0.0014934193754176936
v -0.0019029032758719495 -0.001788986136265408 0.0014934193754176936
v -0.0017858308154531392 -0.001906058596684218 0.0014934193754176936
v -0.0019697132266376944 -0.0016374991468154076 0.0010934191697816737
v -0.002008785858553965 -0.0016840640824124786 0.0010934191697816737
v -0.002008785858553965 -0.0016840640824124786 0.0004893726001075074
v -0.0017705244920285539 -0.0014001153096530883 0.0004888087401805354
v -0.0017705244920285539 -0.0014001153096530883 0.0010934191697816737
v -0.0017505323495596874 -0.0013762895455295687 0.0010934191697816737
v -0.0017505323495596874 -0.0013762895455295687 0.0014934193754176936
v -0.0019697132266376944 -0.0016374991468154076 0.0014934193754176936
v -0.002039657785602113 -0.0005428131175902531 0.0010934191697816737
v -0.002008919969001712 -0.0008449200351926672 0.0010934191697816737
v -0.001917966412351287 -0.0011346453919713478 0.0010934191697816737
v -0.0017705244920285539 -0.0014001153096530883 0.0010934191697816737
v -0.002039657785602113 -0.0005428131175902531 0.0004749053610509926
v -0.0017705244920285539 -0.0014001153096530883 0.0004888087401805354
v -0.002039657785602113 0.0005571868518623666 0.000461328615367518
v -0.002039657785602113 -0.0005428131175902531 0.0004749053610509926
v -0.002039657785602113 0.0005571868518623666 0.0010934191697816737
v -0.002039657785602113 -0.0005428131175902531 0.0010934191697816737
v -0.002039657785602113 0.0005571868518623666 0.000461328615367518
v -0.0017705244920285539 0.0014144889694193974 0.00045406876979614563
v -0.002039657785602113 0.0005571868518623666 0.0010934191697816737
v -0.0017705244920285539 0.0014144889694193974 0.0010934191697816737
v -0.001917966412351287 0.001149019051737657 0.0010934191697816737
v -0.002008919969001712 0.0008592936949589763 0.0010934191697816737
v -0.0017705244920285539 0.0014144889694193974 0.00045406876979614563
v -0.002008785858553965 0.0016984377421787877 0.00044762371970064074
v -0.002008785858553965 0.0016984377421787877 0.0010934191697816737
v -0.0019697132266376944 0.0016518728065817168 0.0010934191697816737
v -0.0019697132266376944 0.0016518728065817168 0.0014934193754176936
v -0.0017505323495596874 0.0013906632052958778 0.0014934193754176936
v -0.0017505323495596874 0.0013906632052958778 0.0010934191697816737
v -0.0017705244920285539 0.0014144889694193974 0.0010934191697816737
v -0.0016809087616002098 0.0020263148391325425 0.0010934191697816737
v -0.0016809087616002098 0.0020263148391325425 0.00044762371970064074
v -0.002008785858553965 0.0016984377421787877 0.00044762371970064074
v -0.002008785858553965 0.0016984377421787877 0.0010934191697816737
v -0.0018240186164374965 0.0019547035853258454 0.0010934191697816737
v -0.0019371746047472677 0.0018415475970160744 0.0010934191697816737
v -0.0019697132266376944 0.0016518728065817168 0.0010934191697816737
v -0.0019029032758719495 0.0018033597960317171 0.0010934191697816737
v -0.0017858308154531392 0.0019204322564505272 0.0010934191697816737
v -0.0016343438260031388 0.001987242207216272 0.0010934191697816737
v -0.0016809087616002098 0.0020263148391325425 0.0010934191697816737
v -0.0018240186164374965 0.0019547035853258454 0.0010934191697816737
v -0.0019371746047472677 0.0018415475970160744 0.0010934191697816737
v -0.002008785858553965 0.0016984377421787877 0.0010934191697816737
v -0.0016343438260031388 0.001987242207216272 0.0010934191697816737
v -0.0016809087616002098 0.0020263148391325425 0.0010934191697816737
v -0.0016809087616002098 0.0020263148391325425 0.00044762371970064074
v -0.0013969599888408193 0.0017880534726071318 0.00045406876979614563
v -0.0013969599888408193 0.0017880534726071318 0.0010934191697816737
v -0.0013731342247172995 0.0017680613301382653 0.0010934191697816737
v -0.0013731342247172995 0.0017680613301382653 0.0014934193754176936
v -0.0016343438260031388 0.001987242207216272 0.0014934193754176936
v -0.0005396577967779832 0.002057186766180691 0.0010934191697816737
v -0.0008417646398745934 0.0020264489495802895 0.0010934191697816737
v -0.0011314899966532743 0.0019354953929298646 0.0010934191697816737
v -0.0013969599888408193 0.0017880534726071318 0.0010934191697816737
v -0.0005396577967779832 0.002057186766180691 0.000461328615367518
v -0.0013969599888408193 0.0017880534726071318 0.00045406876979614563
v -0.0005396577967779832 0.0020271868550661154 0.0014934193754176936
v -0.0008330692164658934 0.001997606709652988 0.0014934193754176936
v -0.0011146723974941883 0.0019100571741896 0.0014934193754176936
v -0.0013731342247172995 0.0017680613301382653 0.0014934193754176936
v -0.0005396577967779832 0.0020271868550661154 0.0010934191697816737
v -0.0013731342247172995 0.0017680613301382653 0.0010934191697816737
v -0.0011146723974941883 0.0019100571741896 0.0010934191697816737
v -0.0008330692164658934 0.001997606709652988 0.0010934191697816737
v -0.0005396577967779832 0.0020271868550661154 0.0014934193754176936
v -0.00038465782140215154 0.0020271868550661154 0.0014934193754176936
v -0.0005396577967779832 0.0020271868550661154 0.0010934191697816737
v -0.00038465782140215154 0.0020271868550661154 0.0010934191697816737
v -0.0020934445688103615 -0.001869737017086065 0.0014934193754176936
v -0.00205808932949403 -0.001834381628758125 0.0014934193754176936
v -0.0018813125368659384 -0.002081869049030488 0.0014934193754176936
v -0.0018459572975496068 -0.002046513660702548 0.0014934193754176936
v -0.0017746577760281172 -0.0021178131822240376 0.0014934193754176936
v -0.0004896578083263829 -0.0021178131822240376 0.0014934193754176936
v -0.00038465782140215154 -0.0020128131952998063 0.0014934193754176936
v -0.0005396577967779832 -0.0020128131952998063 0.0014934193754176936
v -0.0013731342247172995 -0.0017536876703719562 0.0014934193754176936
v -0.0011146723974941883 -0.0018956835144232909 0.0014934193754176936
v -0.0008330692164658934 -0.001983233049886679 0.0014934193754176936
v -0.0016343438260031388 -0.001972868547449963 0.0014934193754176936
v -0.0019697132266376944 -0.0016374991468154076 0.0014934193754176936
v -0.0019029032758719495 -0.001788986136265408 0.0014934193754176936
v -0.0017858308154531392 -0.001906058596684218 0.0014934193754176936
v -0.0017505323495596874 -0.0013762895455295687 0.0014934193754176936
v -0.0020096578744875377 -0.0005428131175902531 0.0014934193754176936
v -0.0019800777290744104 -0.0008362246117839672 0.0014934193754176936
v -0.0018925281936110223 -0.001117827792812262 0.0014934193754176936
v -0.0020096578744875377 0.0005571868518623666 0.0014934193754176936
v -0.0017505323495596874 0.0013906632052958778 0.0014934193754176936
v -0.0018925281936110223 0.0011322014525785712 0.0014934193754176936
v -0.0019800777290744104 0.0008505982715502763 0.0014934193754176936
v -0.0019697132266376944 0.0016518728065817168 0.0014934193754176936
v -0.0016343438260031388 0.001987242207216272 0.0014934193754176936
v -0.0017858308154531392 0.0019204322564505272 0.0014934193754176936
v -0.0019029032758719495 0.0018033597960317171 0.0014934193754176936
v -0.0013731342247172995 0.0017680613301382653 0.0014934193754176936
v -0.0005396577967779832 0.0020271868550661154 0.0014934193754176936
v -0.0008330692164658934 0.001997606709652988 0.0014934193754176936
v -0.0011146723974941883 0.0019100571741896 0.0014934193754176936
v -0.00038465782140215154 0.0020271868550661154 0.0014934193754176936
v -0.0004896578083263829 0.0021321868419903467 0.0014934193754176936
v -0.0018146578561963626 0.0021321868419903467 0.0014934193754176936
v -0.002114657861411769 0.0018321868367749405 0.0014934193754176936
v -0.002074465407256811 0.0019821868393826436 0.0014934193754176936
v -0.001964657858804066 0.0020919943878353886 0.0014934193754176936
v -0.002114657861411769 0.0003071868350985607 0.0014934193754176936
v -0.0022146577638091653 0.0002071868581953601 0.0014934193754176936
v -0.0022146577638091653 -0.00019281312392324668 0.0014934193754176936
v -0.002114657861411769 -0.00029281313807934944 0.0014934193754176936
v -0.002114657861411769 -0.001777813096840386 0.0014934193754176936
v -0.00205808932949403 -0.001834381628758125 0.0014934193754176936
v -0.00205808932949403 -0.001834381628758125 0.00159341927781509
v -0.0020934445688103615 -0.001869737017086065 0.0014934193754176936
v -0.0020934445688103615 -0.001869737017086065 0.0019934194834511096
v -0.0020476077039329483 -0.0018239001522086518 0.0019934194834511096
v -0.001835475671988525 -0.002036032184153075 0.0019934194834511096
v -0.0020476077039329483 -0.0018239001522086518 0.0019934194834511096
v -0.00205808932949403 -0.001834381628758125 0.00159341927781509
v -0.002114657861411769 -0.001777813096840386 0.00159341927781509
v -0.0020772481990475617 -0.001778524776283097 0.0022936576092170715
v -0.0017746562859120311 -0.002081116093372193 0.00229366953014576
v -0.0017746577760281172 -0.0021178131822240376 0.00159341927781509
v -0.0018459572975496068 -0.002046513660702548 0.00159341927781509
v -0.0020476077039329483 -0.0018239001522086518 0.0019934194834511096
v -0.0020934445688103615 -0.001869737017086065 0.0019934194834511096
v -0.0018813125368659384 -0.002081869049030488 0.0019934194834511096
v -0.001835475671988525 -0.002036032184153075 0.0019934194834511096
v -0.0018813125368659384 -0.002081869049030488 0.0019934194834511096
v -0.001835475671988525 -0.002036032184153075 0.0019934194834511096
v -0.0018813125368659384 -0.002081869049030488 0.0014934193754176936
v -0.0018459572975496068 -0.002046513660702548 0.0014934193754176936
v -0.0018459572975496068 -0.002046513660702548 0.00159341927781509
v -0.0017746577760281172 -0.0021178131822240376 0.0014934193754176936
v -0.0018459572975496068 -0.002046513660702548 0.0014934193754176936
v -0.0017746577760281172 -0.0021178131822240376 0.00159341927781509
v -0.0018459572975496068 -0.002046513660702548 0.00159341927781509
v -0.0017746577760281172 -0.0021178131822240376 0.00159341927781509
v -0.0017746577760281172 -0.0021178131822240376 0.0014934193754176936
v -0.0004896578083263829 -0.0021178131822240376 0.00159341927781509
v -0.0004896578083263829 -0.0021178131822240376 0.0014934193754176936
v -0.0017746577760281172 -0.0021178131822240376 0.00159341927781509
v -0.0017746577760281172 -0.0020811146032561068 0.00229366953014576
v -0.0004896578083263829 -0.0021178131822240376 0.00159341927781509
v -0.00045295800001268104 -0.0020811132621516293 0.0022936933720031374
v -0.0017746577760281172 -0.0020811207127320597 0.002293670722238629
v -0.0017746577760281172 -0.002016218408579712 0.0024934189954380916
v -0.00038806310918786146 -0.002016218408579712 0.0024934189954380916
v -0.00045295800001268104 -0.0020811132621516293 0.0022936933720031374
v -0.001774659415155812 -0.002081119371627582 0.00229366953014576
v -0.002077262951196814 -0.001778539528432349 0.0022935968124807595
v -0.0020130630877674433 -0.001777813096840386 0.0024934189954380916
v -0.0017746577760281172 -0.002016218408579712 0.0024934189954380916
v -0.0020130630877674433 -0.001777813096840386 0.0024934189954380916
v -0.0020779200923907743 -0.0017787639399149124 0.002293810197104286
v -0.0020779579413393607 0.0017958981887422898 0.0022936933720031374
v -0.0020130630877674433 0.0017958981887422898 0.0024934189954380916
v -0.0020779579413393607 -0.0017787639399149124 0.0022936945640960062
v -0.002114657861411769 -0.001777813096840386 0.00159341927781509
v -0.0020779579413393607 0.0017958981887422898 0.0022936933720031374
v -0.002114657861411769 0.0018323923237832107 0.0015934168936293522
v -0.002114657861411769 0.0003071868350985607 0.00159341927781509
v -0.0021032820171874318 0.0003185627165758001 0.0018104832959812142
v -0.0021032820171874318 -0.0003041889823036867 0.0018104832959812142
v -0.002114657861411769 -0.00029281313807934944 0.00159341927781509
v -0.002114657861411769 -0.001777813096840386 0.0014934193754176936
v -0.002114657861411769 -0.001777813096840386 0.00159341927781509
v -0.002114657861411769 -0.00029281313807934944 0.0014934193754176936
v -0.002114657861411769 -0.00029281313807934944 0.00159341927781509
v -0.002114657861411769 -0.001777813096840386 0.00159341927781509
v -0.00205808932949403 -0.001834381628758125 0.00159341927781509
v -0.002114657861411769 -0.001777813096840386 0.0014934193754176936
v -0.00205808932949403 -0.001834381628758125 0.0014934193754176936
v -0.0021032820171874318 -0.0003041889823036867 0.0018104832959812142
v -0.002114657861411769 -0.00029281313807934944 0.00159341927781509
v -0.0022146577638091653 -0.00019281312392324668 0.001643419229013788
v -0.0022146577638091653 -0.00019281312392324668 0.0014934193754176936
v -0.002114657861411769 -0.00029281313807934944 0.0014934193754176936
v -0.0022146577638091653 -0.00019281312392324668 0.001643419229013788
v -0.0022146577638091653 -0.00019281312392324668 0.0014934193754176936
v -0.0022146577638091653 0.0002071868581953601 0.0014934193754176936
v -0.0022146577638091653 0.0002071868581953601 0.001643419229013788
v -0.002114657861411769 0.0003071868350985607 0.00159341927781509
v -0.002114657861411769 0.0003071868350985607 0.0014934193754176936
v -0.0022146577638091653 0.0002071868581953601 0.0014934193754176936
v -0.0022146577638091653 0.0002071868581953601 0.001643419229013788
v -0.0021032820171874318 0.0003185627165758001 0.0018104832959812142
v -0.0021032820171874318 -0.0003041889823036867 0.0018104832959812142
v -0.0022146577638091653 -0.00019281312392324668 0.001643419229013788
v -0.0022146577638091653 0.0002071868581953601 0.001643419229013788
v -0.0021032820171874318 0.0003185627165758001 0.0018104832959812142
v -0.002114657861411769 0.0003071868350985607 0.0014934193754176936
v -0.002114657861411769 0.0018321868367749405 0.0014934193754176936
v -0.002114657861411769 0.0018323923237832107 0.0015934168936293522
v -0.002114657861411769 0.0003071868350985607 0.00159341927781509
v -0.0021146577124001604 0.0018323923237832107 0.0015934168936293522
v -0.0018148633432046328 0.002132186692978738 0.0015934168936293522
v -0.0018146578561963626 0.0021321868419903467 0.0014934193754176936
v -0.002114657861411769 0.0018321868367749405 0.0014934193754176936
v -0.002074465407256811 0.0019821868393826436 0.0014934193754176936
v -0.001964657858804066 0.0020919943878353886 0.0014934193754176936
v -0.0004896578083263829 0.0021321868419903467 0.00159341927781509
v -0.0018148633432046328 0.0021321868419903467 0.0015934168936293522
v -0.0018146578561963626 0.0021321868419903467 0.0014934193754176936
v -0.0004896578083263829 0.0021321868419903467 0.0014934193754176936
v -0.0004896578083263829 0.0021321868419903467 0.00159341927781509
v -0.00045295800001268104 0.0020954869219179384 0.0022936933720031374
v -0.0018148633432046328 0.0021321868419903467 0.0015934168936293522
v -0.0017783690591521033 0.0020954869219179384 0.0022936933720031374
v -0.00038806310918786146 0.002030592068346021 0.0024934189954380916
v -0.00045295800001268104 0.0020954869219179384 0.0022936933720031374
v -0.0017783692081637119 0.002030592068346021 0.0024934189954380916
v -0.0017783690591521033 0.0020954869219179384 0.0022936933720031374
v -0.0004896578083263829 0.0021321868419903467 0.0014934193754176936
v -0.0004896578083263829 0.0021321868419903467 0.00159341927781509
v -0.00045295800001268104 0.0020954869219179384 0.0022936933720031374
v -0.00038806310918786146 0.002030592068346021 0.0024934189954380916
v -0.0003396578057186797 0.0019821868393826436 0.0024934189954380916
v -0.0003396578057186797 0.0019821868393826436 0.0022936933720031374
v -0.0003396578057186797 0.0019821868393826436 0.00159341927781509
v -0.0003396578057186797 0.0019821868393826436 0.0010934191697816737
v -0.00038465782140215154 0.0020271868550661154 0.0010934191697816737
v -0.00038465782140215154 0.0020271868550661154 0.0014934193754176936
v -0.0003396578057186797 0.0019821868393826436 0.00159341927781509
v -0.0003396578057186797 0.0019821868393826436 0.0010934191697816737
v 0.0003603421816153338 0.0019821868393826436 0.0010934191697816737
v 0.0003603421816153338 0.0019821868393826436 0.00159341927781509
v 0.0003603421816153338 0.0019821868393826436 0.00159341927781509
v -0.0003396578057186797 0.0019821868393826436 0.00159341927781509
v 0.0003603421816153338 0.0019821868393826436 0.0022936933720031374
v -0.0003396578057186797 0.0019821868393826436 0.0022936933720031374
v 0.0003603421816153338 0.0019821868393826436 0.0022936933720031374
v -0.0003396578057186797 0.0019821868393826436 0.0022936933720031374
v 0.0003603421816153338 0.0019821868393826436 0.0024934189954380916
v -0.0003396578057186797 0.0019821868393826436 0.0024934189954380916
v -0.0020779579413393607 0.0017958981887422898 0.0022936933720031374
v -0.0020130630877674433 0.0017958981887422898 0.0024934189954380916
v -0.0017783690591521033 0.0020954869219179384 0.0022936933720031374
v -0.0017783692081637119 0.002030592068346021 0.0024934189954380916
v -0.001886975425027861 0.0020577522652353575 0.0023444050026445464
v -0.0018745618639611787 0.0020277906501041942 0.0024437480618711995
v -0.0019666941024356916 0.0019842230830142693 0.0023942499817702924
v -0.0020402232846567798 0.0019045044056064386 0.0023444050026445464
v -0.0020102616695256165 0.0018920908445397566 0.0024437480618711995
v -0.0019130029846801695 0.001997427001653007 0.0024686163112085393
v -0.0019552729586823376 0.0019728019392609153 0.0024438350846506265
v -0.0019399413032842889 0.0020377747259041346 0.0023197978216454875
v -0.0019781152461890456 0.0019956442267676233 0.0023446660709828273
v -0.001848023343502954 0.002024667515799383 0.0024809890430944627
v -0.0018645512640949062 0.0020790387225365914 0.0023069697102836586
v -0.0019687085903724606 0.0019520739774687434 0.0024562268900224517
v -0.0019887743445759793 0.0019083980789393606 0.0024810105007661023
v -0.001999938741327702 0.0019776910101393375 0.0023322516158464936
v -0.0020387622258343802 0.0019351006611786625 0.002307293959543989
v -0.0018999179773051007 0.001998687639861829 0.0024872165362414002
v -0.0019294215307514035 0.0019799916003646334 0.002481021229601922
v -0.0019310958251857208 0.002050744696317358 0.0023011475287121343
v -0.0020083759276186847 0.001853817659903667 0.002487201039034105
v -0.001965285495699522 0.0020237138415042932 0.0023074572762670233
v -0.0020674533679905533 0.0018686677097826954 0.0023006432734286055
v -0.001841612119042603 0.0020234094107879075 0.002490311209328967
v -0.0019680958546378653 0.0019365784093012262 0.002487220112520007
v -0.0018584400000026828 0.0020840501319456806 0.0022975915156843176
v -0.001983253911511886 0.0019119816591147698 0.0024903171697933115
v -0.0020167915072264193 0.0019726688718944285 0.0023012321673058236
v -0.002037837906826186 0.0019428811533105106 0.0022980182849313704
v -0.0018966798060384444 0.001998879268790499 0.0024918680826157016
v -0.0019230155216973539 0.0019812844250809147 0.0024903195539790492
v -0.0019287493393849737 0.002053945465670254 0.0022964828693162755
v -0.0020061632542424674 0.0018562313499398964 0.002491864506337095
v -0.001961526379849173 0.002030661209732415 0.0022981470309612075
v -0.0020679932370485394 0.0018725788174738245 0.0022960084163544683
v -0.001840024400352887 0.002023065790018458 0.0024926417508875933
v -0.0019651311196730043 0.001937965260342539 0.0024918692747085704
v -0.0018568808915418193 0.0020852812658559983 0.002295246669011265
v -0.0019818664644241386 0.0019128468205143467 0.002492644135073331
v -0.002015786721949577 0.001976481482912268 0.002296590157674473
v -0.0020375713250583866 0.0019448330563716643 0.002295699664301433
v -0.0018958724611430073 0.001998919501924823 0.0024930315652557113
v -0.0019214190113227298 0.001981576487833786 0.002492644135073331
v -0.0019281543360318027 0.002054742826787914 0.002295315810397659
v -0.002005605950826274 0.0018568275453859362 0.0024930303731628425
v -0.0019605519929404864 0.002032391830554786 0.002295818873588319
v -0.00206811944988103 0.001873560058916507 0.002294850894178803
v -0.001839628476508816 0.0020229781711925965 0.002493224684300467
v -0.0019643893398853546 0.0019383041127405132 0.0024930315652557113
v -0.0018564891400227894 0.0020855877827349045 0.002294660159319785
v -0.0019815191183644738 0.0019130612482191334 0.002493225876393336
v -0.0020155265476809476 0.001977435157207358 0.002295429059220201
v -0.00203750248169521 0.001945321367413072 0.0022951203071671657
v -0.0018956706994249523 0.0019989291876793824 0.0024933224359157138
v -0.0019210202562580953 0.001981647566371092 0.002493225876393336
v -0.0019280050263999777 0.0020549419062970142 0.002295023747644788
v -0.0020054663269490087 0.0018569761099597182 0.0024933224359157138
v -0.001960306272797892 0.0020328241132313574 0.0022952359401754454
v -0.0020681504442956206 0.001873805481035884 0.0022945612156116692
v -0.0017783690591521033 0.0020954869219179384 0.0022936933720031374
v -0.0020779579413393607 0.0017958981887422898 0.0022936933720031374
v -0.0018148633432046328 0.0021321868419903467 0.0015934168936293522
v -0.002114657861411769 0.0018323923237832107 0.0015934168936293522
v -0.0003396578057186797 -0.0019678131796163345 0.00159341927781509
v -0.0003396578057186797 -0.0019678131796163345 0.0010934191697816737
v -0.0003396578057186797 -0.0019678131796163345 0.0022936933720031374
v -0.0003396578057186797 -0.0019678131796163345 0.0024934189954380916
v -0.00038806310918786146 -0.002016218408579712 0.0024934189954380916
v -0.00045295800001268104 -0.0020811132621516293 0.0022936933720031374
v -0.0004896578083263829 -0.0021178131822240376 0.00159341927781509
v -0.0004896578083263829 -0.0021178131822240376 0.0014934193754176936
v -0.00038465782140215154 -0.0020128131952998063 0.0014934193754176936
v -0.00038465782140215154 -0.0020128131952998063 0.0010934191697816737
v 0.0004053421972988056 -0.0020128131952998063 0.0010934191697816737
v 0.0003603421816153338 -0.0019678131796163345 0.0010934191697816737
v -0.0003396578057186797 -0.0019678131796163345 0.0010934191697816737
v -0.00038465782140215154 -0.0020128131952998063 0.0010934191697816737
v -0.0005396577967779832 -0.0020128131952998063 0.0010934191697816737
v -0.0008330692164658934 -0.001983233049886679 0.0010934191697816737
v -0.0011146723974941883 -0.0018956835144232909 0.0010934191697816737
v -0.0013731342247172995 -0.0017536876703719562 0.0010934191697816737
v -0.0013969599888408193 -0.0017736798128408227 0.0010934191697816737
v -0.0011314899966532743 -0.0019211217331635555 0.0010934191697816737
v -0.0008417646398745934 -0.0020120752898139804 0.0010934191697816737
v -0.0005396577967779832 -0.0020428131064143817 0.0010934191697816737
v 0.0005603421726746373 -0.0020428131064143817 0.0010934191697816737
v 0.0008624490902770517 -0.0020120752898139804 0.0010934191697816737
v 0.0011521744470557327 -0.0019211217331635555 0.0010934191697816737
v 0.001417644290231669 -0.0017736798128408227 0.0010934191697816737
v 0.0013938185261081495 -0.0017536876703719562 0.0010934191697816737
v 0.001135356847896647 -0.0018956835144232909 0.0010934191697816737
v 0.0008537536668683517 -0.001983233049886679 0.0010934191697816737
v 0.0005603421726746373 -0.0020128131952998063 0.0010934191697816737
v 0.0005603421726746373 -0.0020128131952998063 0.0014934193754176936
v 0.0004053421972988056 -0.0020128131952998063 0.0014934193754176936
v 0.0005603421726746373 -0.0020128131952998063 0.0010934191697816737
v 0.0004053421972988056 -0.0020128131952998063 0.0010934191697816737
v 0.0005603421726746373 -0.0020128131952998063 0.0014934193754176936
v 0.0008537536668683517 -0.001983233049886679 0.0014934193754176936
v 0.001135356847896647 -0.0018956835144232909 0.0014934193754176936
v 0.0013938185261081495 -0.0017536876703719562 0.0014934193754176936
v 0.0005603421726746373 -0.0020128131952998063 0.0010934191697816737
v 0.0013938185261081495 -0.0017536876703719562 0.0010934191697816737
v 0.001135356847896647 -0.0018956835144232909 0.0010934191697816737
v 0.0008537536668683517 -0.001983233049886679 0.0010934191697816737
v 0.0016550281273939886 -0.001972868547449963 0.0010934191697816737
v 0.0017015930629910596 -0.0020119411793662334 0.0010934191697816737
v 0.0017015930629910596 -0.0020119411793662334 0.00044762371970064074
v 0.001417644290231669 -0.0017736798128408227 0.00045406876979614563
v 0.001417644290231669 -0.0017736798128408227 0.0010934191697816737
v 0.0013938185261081495 -0.0017536876703719562 0.0010934191697816737
v 0.0013938185261081495 -0.0017536876703719562 0.0014934193754176936
v 0.0016550281273939886 -0.001972868547449963 0.0014934193754176936
v 0.001990397528028544 -0.0016374991468154076 0.0010934191697816737
v 0.0019235875772627992 -0.001788986136265408 0.0010934191697816737
v 0.001806515116843989 -0.001906058596684218 0.0010934191697816737
v 0.0016550281273939886 -0.001972868547449963 0.0010934191697816737
v 0.0017015930629910596 -0.0020119411793662334 0.0010934191697816737
v 0.0018447029178283462 -0.0019403299255595363 0.0010934191697816737
v 0.0019578589061381175 -0.0018271739372497653 0.0010934191697816737
v 0.0020294701599448146 -0.0016840640824124786 0.0010934191697816737
v 0.0017912087934194036 -0.0014001153096530883 0.00045406876979614563
v 0.0020294701599448146 -0.0016840640824124786 0.00044762371970064074
v 0.0020294701599448146 -0.0016840640824124786 0.0010934191697816737
v 0.001990397528028544 -0.0016374991468154076 0.0010934191697816737
v 0.001990397528028544 -0.0016374991468154076 0.0014934193754176936
v 0.0017712166509505371 -0.0013762895455295687 0.0014934193754176936
v 0.0017712166509505371 -0.0013762895455295687 0.0010934191697816737
v 0.0017912087934194036 -0.0014001153096530883 0.0010934191697816737
v 0.0017015930629910596 -0.0020119411793662334 0.0010934191697816737
v 0.0017015930629910596 -0.0020119411793662334 0.00044762371970064074
v 0.0020294701599448146 -0.0016840640824124786 0.00044762371970064074
v 0.0020294701599448146 -0.0016840640824124786 0.0010934191697816737
v 0.0018447029178283462 -0.0019403299255595363 0.0010934191697816737
v 0.0019578589061381175 -0.0018271739372497653 0.0010934191697816737
v 0.001990397528028544 -0.0016374991468154076 0.0010934191697816737
v 0.0019235875772627992 -0.001788986136265408 0.0010934191697816737
v 0.001806515116843989 -0.001906058596684218 0.0010934191697816737
v 0.0016550281273939886 -0.001972868547449963 0.0010934191697816737
v 0.001990397528028544 -0.0016374991468154076 0.0014934193754176936
v 0.0016550281273939886 -0.001972868547449963 0.0014934193754176936
v 0.001806515116843989 -0.001906058596684218 0.0014934193754176936
v 0.0019235875772627992 -0.001788986136265408 0.0014934193754176936
v 0.0020303421758783875 -0.0005428131175902531 0.0010934191697816737
v 0.00200076203046526 -0.0008362246117839672 0.0010934191697816737
v 0.001913212495001872 -0.001117827792812262 0.0010934191697816737
v 0.0017712166509505371 -0.0013762895455295687 0.0010934191697816737
v 0.0020303421758783875 -0.0005428131175902531 0.0014934193754176936
v 0.0017712166509505371 -0.0013762895455295687 0.0014934193754176936
v 0.001913212495001872 -0.001117827792812262 0.0014934193754176936
v 0.00200076203046526 -0.0008362246117839672 0.0014934193754176936
v 0.0020303421758783875 0.0005571868518623666 0.0010934191697816737
v 0.0020303421758783875 -0.0005428131175902531 0.0010934191697816737
v 0.0020303421758783875 -0.0005428131175902531 0.0014934193754176936
v 0.0020303421758783875 0.0005571868518623666 0.0014934193754176936
v 0.0017712166509505371 -0.0013762895455295687 0.0010934191697816737
v 0.0017912087934194036 -0.0014001153096530883 0.0010934191697816737
v 0.0019386507137421367 -0.0011346453919713478 0.0010934191697816737
v 0.0020296042703925616 -0.0008449200351926672 0.0010934191697816737
v 0.002060342086992963 -0.0005428131175902531 0.0010934191697816737
v 0.002060342086992963 0.0005571868518623666 0.0010934191697816737
v 0.0020296042703925616 0.0008592936949589763 0.0010934191697816737
v 0.0019386507137421367 0.001149019051737657 0.0010934191697816737
v 0.0017912087934194036 0.0014144889694193974 0.0010934191697816737
v 0.0017712166509505371 0.0013906632052958778 0.0010934191697816737
v 0.001913212495001872 0.0011322014525785712 0.0010934191697816737
v 0.00200076203046526 0.0008505982715502763 0.0010934191697816737
v 0.0020303421758783875 0.0005571868518623666 0.0010934191697816737
v 0.0020303421758783875 -0.0005428131175902531 0.0010934191697816737
v 0.00200076203046526 -0.0008362246117839672 0.0010934191697816737
v 0.001913212495001872 -0.001117827792812262 0.0010934191697816737
v 0.0020303421758783875 0.0005571868518623666 0.0014934193754176936
v 0.00200076203046526 0.0008505982715502763 0.0014934193754176936
v 0.001913212495001872 0.0011322014525785712 0.0014934193754176936
v 0.0017712166509505371 0.0013906632052958778 0.0014934193754176936
v 0.0020303421758783875 0.0005571868518623666 0.0010934191697816737
v 0.0017712166509505371 0.0013906632052958778 0.0010934191697816737
v 0.001913212495001872 0.0011322014525785712 0.0010934191697816737
v 0.00200076203046526 0.0008505982715502763 0.0010934191697816737
v 0.002060342086992963 0.0005571868518623666 0.0010934191697816737
v 0.0020296042703925616 0.0008592936949589763 0.0010934191697816737
v 0.0019386507137421367 0.001149019051737657 0.0010934191697816737
v 0.0017912087934194036 0.0014144889694193974 0.0010934191697816737
v 0.002060342086992963 0.0005571868518623666 0.0004749053610509926
v 0.0017912087934194036 0.0014144889694193974 0.0004888087401805354
v 0.002060342086992963 -0.0005428131175902531 0.000461328615367518
v 0.002060342086992963 0.0005571868518623666 0.0004749053610509926
v 0.002060342086992963 -0.0005428131175902531 0.0010934191697816737
v 0.002060342086992963 0.0005571868518623666 0.0010934191697816737
v 0.002060342086992963 -0.0005428131175902531 0.000461328615367518
v 0.0017912087934194036 -0.0014001153096530883 0.00045406876979614563
v 0.002060342086992963 -0.0005428131175902531 0.0010934191697816737
v 0.0017912087934194036 -0.0014001153096530883 0.0010934191697816737
v 0.0019386507137421367 -0.0011346453919713478 0.0010934191697816737
v 0.0020296042703925616 -0.0008449200351926672 0.0010934191697816737
v 0.0005603421726746373 -0.0020428131064143817 0.0010934191697816737
v 0.0008624490902770517 -0.0020120752898139804 0.0010934191697816737
v 0.0011521744470557327 -0.0019211217331635555 0.0010934191697816737
v 0.001417644290231669 -0.0017736798128408227 0.0010934191697816737
v 0.0005603421726746373 -0.0020428131064143817 0.000461328615367518
v 0.001417644290231669 -0.0017736798128408227 0.00045406876979614563
v -0.0005396577967779832 -0.0020428131064143817 0.0004749053610509926
v 0.0005603421726746373 -0.0020428131064143817 0.000461328615367518
v -0.0005396577967779832 -0.0020428131064143817 0.0010934191697816737
v 0.0005603421726746373 -0.0020428131064143817 0.0010934191697816737
v -0.0005396577967779832 -0.0020428131064143817 0.0004749053610509926
v -0.0013969599888408193 -0.0017736798128408227 0.0004888087401805354
v -0.0005396577967779832 -0.0020428131064143817 0.0010934191697816737
v -0.0013969599888408193 -0.0017736798128408227 0.0010934191697816737
v -0.0011314899966532743 -0.0019211217331635555 0.0010934191697816737
v -0.0008417646398745934 -0.0020120752898139804 0.0010934191697816737
v -0.0005396577967779832 -0.0020128131952998063 0.0010934191697816737
v -0.0008330692164658934 -0.001983233049886679 0.0010934191697816737
v -0.0011146723974941883 -0.0018956835144232909 0.0010934191697816737
v -0.0013731342247172995 -0.0017536876703719562 0.0010934191697816737
v -0.0005396577967779832 -0.0020128131952998063 0.0014934193754176936
v -0.0013731342247172995 -0.0017536876703719562 0.0014934193754176936
v -0.0011146723974941883 -0.0018956835144232909 0.0014934193754176936
v -0.0008330692164658934 -0.001983233049886679 0.0014934193754176936
v -0.00038465782140215154 -0.0020128131952998063 0.0010934191697816737
v -0.0005396577967779832 -0.0020128131952998063 0.0010934191697816737
v -0.0005396577967779832 -0.0020128131952998063 0.0014934193754176936
v -0.00038465782140215154 -0.0020128131952998063 0.0014934193754176936
v -0.0020934445688103615 -0.001869737017086065 0.0014934193754176936
v -0.0020934445688103615 -0.001869737017086065 0.0019934194834511096
v -0.0018813125368659384 -0.002081869049030488 0.0014934193754176936
v -0.0018813125368659384 -0.002081869049030488 0.0019934194834511096
v -0.0020096578744875377 -0.0005428131175902531 0.0014934193754176936
v -0.0019800777290744104 -0.0008362246117839672 0.0014934193754176936
v -0.0018925281936110223 -0.001117827792812262 0.0014934193754176936
v -0.0017505323495596874 -0.0013762895455295687 0.0014934193754176936
v -0.0020096578744875377 -0.0005428131175902531 0.0010934191697816737
v -0.0017505323495596874 -0.0013762895455295687 0.0010934191697816737
v -0.0018925281936110223 -0.001117827792812262 0.0010934191697816737
v -0.0019800777290744104 -0.0008362246117839672 0.0010934191697816737
v -0.0017505323495596874 0.0013906632052958778 0.0010934191697816737
v -0.0017705244920285539 0.0014144889694193974 0.0010934191697816737
v -0.001917966412351287 0.001149019051737657 0.0010934191697816737
v -0.002008919969001712 0.0008592936949589763 0.0010934191697816737
v -0.002039657785602113 0.0005571868518623666 0.0010934191697816737
v -0.002039657785602113 -0.0005428131175902531 0.0010934191697816737
v -0.002008919969001712 -0.0008449200351926672 0.0010934191697816737
v -0.001917966412351287 -0.0011346453919713478 0.0010934191697816737
v -0.0017705244920285539 -0.0014001153096530883 0.0010934191697816737
v -0.0017505323495596874 -0.0013762895455295687 0.0010934191697816737
v -0.0018925281936110223 -0.001117827792812262 0.0010934191697816737
v -0.0019800777290744104 -0.0008362246117839672 0.0010934191697816737
v -0.0020096578744875377 -0.0005428131175902531 0.0010934191697816737
v -0.0020096578744875377 0.0005571868518623666 0.0010934191697816737
v -0.0019800777290744104 0.0008505982715502763 0.0010934191697816737
v -0.0018925281936110223 0.0011322014525785712 0.0010934191697816737
v -0.0020096578744875377 0.0005571868518623666 0.0010934191697816737
v -0.0019800777290744104 0.0008505982715502763 0.0010934191697816737
v -0.0018925281936110223 0.0011322014525785712 0.0010934191697816737
v -0.0017505323495596874 0.0013906632052958778 0.0010934191697816737
v -0.0020096578744875377 0.0005571868518623666 0.0014934193754176936
v -0.0017505323495596874 0.0013906632052958778 0.0014934193754176936
v -0.0018925281936110223 0.0011322014525785712 0.0014934193754176936
v -0.0019800777290744104 0.0008505982715502763 0.0014934193754176936
v -0.0020096578744875377 -0.0005428131175902531 0.0010934191697816737
v -0.0020096578744875377 0.0005571868518623666 0.0010934191697816737
v -0.0020096578744875377 0.0005571868518623666 0.0014934193754176936
v -0.0020096578744875377 -0.0005428131175902531 0.0014934193754176936
v -0.0019697132266376944 0.0016518728065817168 0.0010934191697816737
v -0.0019029032758719495 0.0018033597960317171 0.0010934191697816737
v -0.0017858308154531392 0.0019204322564505272 0.0010934191697816737
v -0.0016343438260031388 0.001987242207216272 0.0010934191697816737
v -0.0019697132266376944 0.0016518728065817168 0.0014934193754176936
v -0.0016343438260031388 0.001987242207216272 0.0014934193754176936
v -0.0017858308154531392 0.0019204322564505272 0.0014934193754176936
v -0.0019029032758719495 0.0018033597960317171 0.0014934193754176936
v 0.0005603421726746373 0.0020271868550661154 0.0010934191697816737
v 0.0008537536668683517 0.001997606709652988 0.0010934191697816737
v 0.001135356847896647 0.0019100571741896 0.0010934191697816737
v 0.0013938185261081495 0.0017680613301382653 0.0010934191697816737
v 0.0005603421726746373 0.0020271868550661154 0.0014934193754176936
v 0.0013938185261081495 0.0017680613301382653 0.0014934193754176936
v 0.001135356847896647 0.0019100571741896 0.0014934193754176936
v 0.0008537536668683517 0.001997606709652988 0.0014934193754176936
v 0.0004053421972988056 0.0020271868550661154 0.0010934191697816737
v 0.0005603421726746373 0.0020271868550661154 0.0010934191697816737
v 0.0005603421726746373 0.0020271868550661154 0.0014934193754176936
v 0.0004053421972988056 0.0020271868550661154 0.0014934193754176936
v 0.0005603421726746373 0.002057186766180691 0.0004749053610509926
v 0.001417644290231669 0.0017880534726071318 0.0004888087401805354
v 0.0005603421726746373 0.002057186766180691 0.0010934191697816737
v 0.001417644290231669 0.0017880534726071318 0.0010934191697816737
v 0.0011521744470557327 0.0019354953929298646 0.0010934191697816737
v 0.0008624490902770517 0.0020264489495802895 0.0010934191697816737
v 0.001795342077418967 0.0021321868419903467 0.00159341927781509
v 0.001795342077418967 0.0021321868419903467 0.0014934193754176936
v 0.000510342184223037 0.0021321868419903467 0.00159341927781509
v 0.000510342184223037 0.0021321868419903467 0.0014934193754176936
v 0.001795342077418967 0.0021321868419903467 0.00159341927781509
v 0.001795342077418967 0.002095488263022416 0.00229366953014576
v 0.000510342184223037 0.0021321868419903467 0.00159341927781509
v 0.00047364237590933516 0.0020954869219179384 0.0022936933720031374
usemtl ldm_plane
f 1 4 3
f 1 2 4
f 5 8 7
f 5 6 8
f 11 10 9
f 11 9 12
f 22 20 21
f 19 20 22
f 14 22 13
f 14 19 22
f 15 18 19
f 15 19 14
f 16 17 18
f 16 18 15
f 45 55 56
f 45 56 53
f 46 54 55
f 46 55 45
f 43 54 46
f 44 45 53
f 41 43 40
f 41 54 43
f 50 47 44
f 50 44 53
f 42 54 41
f 49 50 53
f 52 49 53
f 48 49 52
f 51 48 52
f 59 58 57
f 60 59 57
f 36 57 39
f 36 60 57
f 61 37 38
f 32 38 35
f 32 61 38
f 62 61 32
f 33 62 32
f 34 62 33
f 64 63 62
f 24 62 34
f 24 64 62
f 31 24 34
f 23 24 31
f 29 31 28
f 29 23 31
f 30 23 29
f 25 27 26
f 25 30 27
f 25 23 30
f 54 39 57
f 54 42 39
f 60 36 61
f 36 37 61
f 67 66 65
f 67 68 66
f 70 69 76
f 71 73 72
f 71 70 75
f 74 73 71
f 74 71 75
f 75 70 76
f 78 79 77
f 80 78 81
f 79 78 80
f 82 83 84
f 85 82 84
f 87 88 86
f 87 89 88
f 94 93 92
f 90 94 91
f 91 94 92
f 96 95 97
f 96 97 98
f 100 101 99
f 100 102 101
f 107 104 105
f 107 105 106
f 103 104 107
f 113 110 111
f 112 113 111
f 109 114 115
f 109 108 114
f 108 110 113
f 108 113 114
f 118 116 117
f 118 119 116
f 121 122 123
f 121 123 120
f 127 124 126
f 128 124 127
f 125 124 128
f 130 131 129
f 130 132 131
f 137 136 133
f 138 133 134
f 138 137 133
f 135 138 134
f 139 141 140
f 139 142 141
f 143 145 146
f 144 143 146
f 147 152 151
f 148 147 151
f 150 149 148
f 150 148 151
f 158 160 159
f 156 153 160
f 155 153 156
f 157 160 158
f 157 156 160
f 160 153 154
f 173 174 175
f 172 173 175
f 199 200 201
f 176 170 171
f 177 170 176
f 198 199 201
f 169 170 177
f 202 198 201
f 197 198 202
f 178 169 177
f 179 169 178
f 196 197 202
f 168 179 180
f 168 180 181
f 168 169 179
f 162 194 195
f 162 195 196
f 162 196 202
f 182 168 181
f 193 194 162
f 161 192 193
f 161 193 162
f 163 192 161
f 191 164 165
f 185 182 183
f 185 183 184
f 190 191 165
f 167 185 186
f 167 186 187
f 166 190 165
f 166 187 188
f 166 188 189
f 166 189 190
f 166 167 187
f 167 168 182
f 167 182 185
f 175 176 171
f 175 171 172
f 191 192 164
f 164 192 163
f 204 203 206
f 205 204 206
f 211 210 209
f 207 212 211
f 208 207 211
f 208 211 209
f 217 219 218
f 220 217 221
f 222 221 217
f 222 217 218
f 223 221 222
f 224 216 215
f 224 218 219
f 225 224 215
f 225 218 224
f 226 220 221
f 227 226 228
f 229 228 226
f 229 230 228
f 229 221 223
f 229 226 221
f 231 230 229
f 232 219 217
f 233 217 220
f 233 220 226
f 234 222 218
f 235 223 222
f 235 229 223
f 236 228 230
f 237 213 214
f 237 236 230
f 237 214 236
f 238 216 224
f 239 225 215
f 240 226 227
f 241 240 227
f 242 231 229
f 243 231 242
f 244 219 232
f 245 217 233
f 246 234 218
f 247 235 222
f 248 236 214
f 248 228 236
f 249 213 237
f 249 237 230
f 250 216 238
f 251 239 215
f 252 226 240
f 253 240 241
f 254 242 229
f 255 243 242
f 256 219 244
f 257 217 245
f 258 246 218
f 259 247 222
f 260 228 248
f 260 248 214
f 261 249 230
f 261 213 249
f 262 216 250
f 263 251 215
f 264 257 245
f 264 233 226
f 264 226 252
f 264 245 233
f 265 264 252
f 265 240 253
f 265 252 240
f 266 247 259
f 266 235 247
f 266 229 235
f 266 254 229
f 267 254 266
f 267 255 242
f 267 242 254
f 268 214 216
f 268 250 238
f 268 216 262
f 268 224 219
f 268 262 250
f 268 238 224
f 268 219 256
f 269 268 256
f 269 256 244
f 269 217 257
f 269 265 268
f 269 264 265
f 269 232 217
f 269 257 264
f 269 244 232
f 270 215 213
f 270 239 251
f 270 258 218
f 270 218 225
f 270 263 215
f 270 251 263
f 270 225 239
f 271 267 266
f 271 258 270
f 271 246 258
f 271 270 267
f 271 266 259
f 271 222 234
f 271 234 246
f 271 259 222
f 272 227 228
f 272 253 241
f 272 265 253
f 272 260 214
f 272 214 268
f 272 268 265
f 272 241 227
f 272 228 260
f 273 243 255
f 273 230 231
f 273 261 230
f 273 213 261
f 273 267 270
f 273 231 243
f 273 255 267
f 273 270 213
f 276 275 274
f 276 277 275
f 282 288 289
f 282 289 281
f 280 281 289
f 283 288 282
f 287 288 283
f 290 280 289
f 279 280 290
f 284 287 283
f 291 278 279
f 291 279 290
f 286 284 285
f 286 287 284
f 295 293 292
f 295 294 293
f 296 298 299
f 296 299 300
f 301 297 296
f 301 296 300
f 305 303 304
f 302 303 305
f 314 310 309
f 314 311 312
f 314 312 313
f 314 313 310
f 314 306 311
f 315 307 306
f 315 308 307
f 315 309 308
f 315 314 309
f 315 306 314
f 318 317 316
f 318 319 317
f 321 323 324
f 322 323 321
f 320 322 321
f 325 321 324
f 329 326 327
f 329 328 326
f 334 331 330
f 334 330 332
f 333 334 332
f 338 339 331
f 335 331 334
f 335 338 331
f 337 335 336
f 337 338 335
f 342 340 343
f 341 340 342
f 347 346 345
f 344 347 345
f 348 350 351
f 348 351 352
f 353 349 348
f 353 348 352
f 357 354 356
f 355 354 357
f 358 360 359
f 358 361 360
f 369 362 363
f 369 364 362
f 368 365 364
f 368 366 365
f 368 364 369
f 367 366 368
f 370 372 371
f 370 373 372
f 376 375 374
f 377 376 374
f 378 381 380
f 379 381 378
f 382 384 385
f 382 385 386
f 383 382 386
f 418 387 389
f 418 389 390
f 418 390 391
f 417 391 392
f 417 418 391
f 411 388 387
f 411 387 418
f 393 417 392
f 410 388 411
f 409 410 411
f 394 417 393
f 412 408 409
f 412 409 411
f 416 394 395
f 416 417 394
f 407 408 412
f 396 416 395
f 397 416 396
f 406 407 412
f 413 405 406
f 413 406 412
f 415 397 398
f 415 416 397
f 401 402 414
f 403 413 414
f 403 414 402
f 400 414 415
f 400 401 414
f 404 405 413
f 404 413 403
f 399 415 398
f 399 400 415
f 422 423 420
f 421 420 419
f 421 422 420
f 425 427 426
f 424 425 426
f 430 429 428
f 431 430 428
f 434 435 436
f 434 436 432
f 445 432 433
f 445 434 432
f 438 437 434
f 438 434 445
f 441 445 444
f 440 439 438
f 440 438 445
f 440 445 441
f 443 441 442
f 443 440 441
f 453 447 446
f 452 448 447
f 452 447 453
f 451 449 448
f 451 448 452
f 450 449 451
f 460 457 458
f 459 460 458
f 461 456 457
f 461 457 460
f 455 461 454
f 455 456 461
f 463 462 464
f 463 464 465
f 466 463 465
f 469 467 468
f 469 468 470
f 473 472 471
f 474 473 471
f 475 477 476
f 475 478 477
f 486 479 480
f 486 481 479
f 485 482 481
f 485 481 486
f 484 483 482
f 484 482 485
f 489 488 487
f 489 487 490
f 494 492 491
f 494 493 492
f 498 495 496
f 498 497 495
f 499 501 502
f 499 502 503
f 500 499 503
f 510 505 504
f 510 504 511
f 509 506 505
f 509 507 506
f 509 505 510
f 508 507 509
f 512 513 525
f 521 525 524
f 520 521 522
f 520 522 523
f 520 525 521
f 514 515 516
f 514 516 512
f 518 512 525
f 518 525 520
f 518 514 512
f 519 518 520
f 517 514 518
f 533 526 527
f 528 533 527
f 532 533 528
f 530 531 532
f 529 530 532
f 529 532 528
f 535 534 536
f 535 536 537
f 538 535 537
f 540 542 541
f 539 540 541
f 545 544 543
f 546 545 543
f 549 548 547
f 549 547 550
f 558 551 552
f 558 553 551
f 557 554 553
f 557 555 554
f 557 553 558
f 556 555 557
f 561 560 559
f 561 559 562
f 566 564 563
f 566 565 564
f 570 567 568
f 570 569 567
f 575 572 571
f 574 571 573
f 574 575 571
f 582 577 576
f 582 576 583
f 581 578 577
f 581 577 582
f 580 579 578
f 580 578 581
f 593 594 595
f 593 595 592
f 597 596 593
f 590 592 591
f 590 593 592
f 590 597 593
f 584 585 597
f 584 597 590
f 586 590 589
f 586 584 590
f 588 584 586
f 587 588 586
f 604 605 606
f 607 604 606
f 599 604 607
f 603 604 599
f 601 602 603
f 600 599 598
f 600 601 603
f 600 603 599
f 610 609 608
f 610 608 611
f 616 615 614
f 618 614 613
f 619 618 613
f 617 616 614
f 617 614 618
f 612 613 614
f 623 622 620
f 621 623 620
f 625 627 628
f 626 627 625
f 624 626 625
f 629 625 628
f 632 631 630
f 632 633 631
f 642 634 635
f 642 635 636
f 642 636 637
f 642 638 634
f 642 637 641
f 643 639 638
f 643 640 639
f 643 641 640
f 643 642 641
f 643 638 642
f 644 647 645
f 646 647 644
f 648 650 651
f 648 651 652
f 653 649 648
f 653 648 652
f 657 656 655
f 654 657 655
f 658 660 659
f 661 660 658
f 663 665 666
f 664 665 663
f 662 664 663
f 667 663 666
f 670 669 668
f 670 671 669
f 680 672 673
f 680 673 674
f 680 674 675
f 680 675 679
f 681 676 672
f 681 677 676
f 681 678 677
f 681 679 678
f 681 680 679
f 681 672 680
f 685 682 684
f 683 682 685
f 686 688 689
f 686 689 690
f 691 687 686
f 691 686 690
f 692 695 693
f 695 694 693
f 696 698 697
f 696 699 698
f 701 703 704
f 702 703 701
f 700 702 701
f 705 701 704
f 707 706 708
f 707 708 709
f 718 710 711
f 718 711 712
f 718 712 713
f 718 713 717
f 719 714 710
f 719 715 714
f 719 716 715
f 719 717 716
f 719 718 717
f 719 710 718
f 722 721 723
f 720 721 722
f 725 727 726
f 724 725 726
f 731 732 729
f 730 729 728
f 730 731 729
f 735 739 738
f 741 740 739
f 737 735 736
f 742 743 744
f 742 744 741
f 742 741 739
f 733 735 737
f 746 745 742
f 746 739 735
f 746 742 739
f 746 735 733
f 734 746 733
f 751 748 747
f 750 747 749
f 750 751 747
f 759 753 752
f 758 754 753
f 758 753 759
f 757 755 754
f 757 754 758
f 756 755 757
f 763 760 761
f 763 762 760
f 766 765 764
f 767 766 764
f 768 770 769
f 768 771 770
f 779 772 773
f 779 774 772
f 778 775 774
f 778 774 779
f 777 776 775
f 777 775 778
f 782 781 780
f 782 780 783
f 786 785 784
f 787 786 784
f 796 789 788
f 796 788 797
f 795 790 789
f 795 789 796
f 794 791 790
f 794 790 795
f 793 792 791
f 793 791 794
f 803 805 804
f 802 806 805
f 802 805 803
f 801 807 806
f 801 806 802
f 800 799 807
f 800 807 801
f 798 799 800
f 818 814 815
f 818 815 817
f 816 815 808
f 816 817 815
f 813 818 819
f 813 814 818
f 823 808 809
f 823 816 808
f 812 819 820
f 812 813 819
f 810 822 823
f 810 823 809
f 811 820 821
f 811 821 822
f 811 812 820
f 811 822 810
f 832 825 824
f 832 824 833
f 831 826 825
f 831 825 832
f 830 827 826
f 830 826 831
f 829 828 827
f 829 827 830
f 837 838 843
f 842 837 843
f 841 836 837
f 841 837 842
f 840 835 836
f 840 836 841
f 839 834 835
f 839 835 840
f 848 850 849
f 848 853 850
f 847 852 853
f 847 853 848
f 846 851 852
f 846 852 847
f 844 845 851
f 844 851 846
f 922 863 864
f 922 864 921
f 923 861 862
f 923 862 863
f 923 863 922
f 924 921 920
f 924 922 921
f 925 922 924
f 925 861 923
f 925 923 922
f 926 920 919
f 926 924 920
f 927 924 926
f 927 925 924
f 927 861 925
f 928 926 919
f 928 919 918
f 929 927 926
f 929 861 927
f 929 926 928
f 930 918 917
f 930 928 918
f 931 929 928
f 931 928 930
f 931 861 929
f 932 917 916
f 932 930 917
f 933 861 931
f 933 930 932
f 933 931 930
f 934 932 916
f 934 916 915
f 935 860 861
f 935 932 934
f 935 933 932
f 935 861 933
f 936 934 915
f 936 915 914
f 937 860 935
f 937 934 936
f 937 935 934
f 938 914 913
f 938 936 914
f 939 937 936
f 939 860 937
f 939 936 938
f 940 913 912
f 940 938 913
f 941 938 940
f 941 939 938
f 941 860 939
f 942 912 911
f 942 940 912
f 943 860 941
f 943 941 940
f 943 940 942
f 944 911 910
f 944 942 911
f 945 942 944
f 945 943 942
f 945 860 943
f 946 944 910
f 946 910 909
f 947 944 946
f 947 945 944
f 947 860 945
f 948 946 909
f 948 909 908
f 949 946 948
f 949 947 946
f 949 860 947
f 950 948 908
f 950 908 907
f 951 948 950
f 951 949 948
f 951 860 949
f 952 950 907
f 952 907 906
f 953 950 952
f 953 951 950
f 953 860 951
f 954 952 906
f 954 906 905
f 955 953 952
f 955 860 953
f 955 952 954
f 956 954 905
f 956 905 904
f 957 860 955
f 957 955 954
f 957 954 956
f 958 956 904
f 958 904 903
f 959 860 957
f 959 957 956
f 959 956 958
f 960 958 903
f 960 903 902
f 961 860 959
f 961 959 958
f 961 958 960
f 962 902 901
f 962 960 902
f 963 961 960
f 963 860 961
f 963 960 962
f 964 901 900
f 964 962 901
f 965 859 860
f 965 860 963
f 965 963 962
f 965 962 964
f 966 900 899
f 966 964 900
f 967 859 965
f 967 965 964
f 967 964 966
f 968 966 899
f 968 899 898
f 969 859 967
f 969 966 968
f 969 967 966
f 970 898 897
f 970 968 898
f 971 859 969
f 971 969 968
f 971 968 970
f 972 897 896
f 972 970 897
f 973 859 971
f 973 971 970
f 973 970 972
f 974 972 896
f 974 896 895
f 975 859 973
f 975 972 974
f 975 973 972
f 976 895 894
f 976 974 895
f 977 975 974
f 977 859 975
f 977 974 976
f 978 976 894
f 978 894 893
f 979 976 978
f 979 977 976
f 979 859 977
f 980 978 893
f 980 893 892
f 981 859 979
f 981 978 980
f 981 979 978
f 982 980 892
f 982 892 891
f 983 980 982
f 983 981 980
f 983 859 981
f 984 982 891
f 984 891 890
f 985 859 983
f 985 983 982
f 985 982 984
f 986 984 890
f 986 890 889
f 987 985 984
f 987 984 986
f 987 859 985
f 988 986 889
f 988 889 888
f 989 987 986
f 989 986 988
f 989 859 987
f 990 988 888
f 990 888 887
f 991 989 988
f 991 988 990
f 991 859 989
f 992 887 886
f 992 990 887
f 993 858 859
f 993 859 991
f 993 991 990
f 993 990 992
f 994 886 885
f 994 992 886
f 994 993 992
f 995 993 994
f 995 858 993
f 996 885 884
f 996 994 885
f 997 995 994
f 997 858 995
f 997 994 996
f 998 884 883
f 998 996 884
f 999 858 997
f 999 997 996
f 999 996 998
f 1000 883 882
f 1000 998 883
f 1001 999 998
f 1001 858 999
f 1001 998 1000
f 1002 882 881
f 1002 1000 882
f 1003 1001 1000
f 1003 858 1001
f 1003 1000 1002
f 1004 881 880
f 1004 1002 881
f 1005 858 1003
f 1005 1003 1002
f 1005 1002 1004
f 1006 880 879
f 1006 1004 880
f 1007 1005 1004
f 1007 858 1005
f 1007 1004 1006
f 1008 879 878
f 1008 1006 879
f 1009 858 1007
f 1009 1007 1006
f 1009 1006 1008
f 1010 878 877
f 1010 1008 878
f 1010 1009 1008
f 1011 858 1009
f 1011 1009 1010
f 1012 877 876
f 1012 1010 877
f 1013 1010 1012
f 1013 858 1011
f 1013 1011 1010
f 1014 876 875
f 1014 1012 876
f 1015 858 1013
f 1015 1012 1014
f 1015 1013 1012
f 1016 875 874
f 1016 1014 875
f 1017 1015 1014
f 1017 1014 1016
f 1017 858 1015
f 1018 1016 874
f 1018 874 873
f 1019 858 1017
f 1019 1017 1016
f 1019 1016 1018
f 1020 1019 1018
f 1020 873 872
f 1020 1018 873
f 1021 1019 1020
f 1021 858 1019
f 1022 872 871
f 1022 1020 872
f 1023 854 858
f 1023 858 1021
f 1023 1021 1020
f 1023 1020 1022
f 1024 871 870
f 1024 1022 871
f 1024 1023 1022
f 1025 854 1023
f 1025 1023 1024
f 1026 870 869
f 1026 1024 870
f 1026 1025 1024
f 1027 854 1025
f 1027 1025 1026
f 1028 869 868
f 1028 1026 869
f 1029 854 1027
f 1029 1027 1026
f 1029 1026 1028
f 1030 868 867
f 1030 1029 1028
f 1030 1028 868
f 1031 854 1029
f 1031 1029 1030
f 1032 867 866
f 1032 1030 867
f 1033 854 1031
f 1033 1031 1030
f 1033 1030 1032
f 1034 856 855
f 1034 857 856
f 1034 1032 866
f 1034 865 857
f 1034 866 865
f 1035 1032 1034
f 1035 855 854
f 1035 854 1033
f 1035 1034 855
f 1035 1033 1032
f 1155 1136 1137
f 1155 1137 1138
f 1155 1138 1139
f 1155 1139 1140
f 1155 1140 1141
f 1155 1141 1142
f 1155 1142 1143
f 1155 1132 1133
f 1155 1133 1134
f 1155 1134 1135
f 1155 1135 1136
f 1144 1155 1143
f 1131 1132 1155
f 1145 1155 1144
f 1130 1131 1155
f 1154 1036 1037
f 1154 1145 1146
f 1154 1146 1147
f 1154 1147 1148
f 1154 1148 1149
f 1154 1149 1150
f 1154 1150 1151
f 1154 1151 1036
f 1154 1155 1145
f 1156 1130 1155
f 1156 1123 1124
f 1156 1124 1125
f 1156 1125 1126
f 1156 1126 1127
f 1156 1127 1128
f 1156 1128 1129
f 1156 1129 1130
f 1188 1123 1156
f 1188 1122 1123
f 1038 1154 1037
f 1189 1122 1188
f 1189 1121 1122
f 1039 1154 1038
f 1190 1121 1189
f 1190 1120 1121
f 1040 1154 1039
f 1191 1120 1190
f 1191 1119 1120
f 1041 1154 1040
f 1192 1119 1191
f 1192 1118 1119
f 1042 1154 1041
f 1193 1118 1192
f 1193 1117 1118
f 1043 1154 1042
f 1194 1116 1117
f 1194 1117 1193
f 1195 1116 1194
f 1115 1116 1195
f 1196 1115 1195
f 1114 1115 1196
f 1197 1114 1196
f 1113 1114 1197
f 1198 1113 1197
f 1112 1113 1198
f 1199 1112 1198
f 1111 1112 1199
f 1200 1111 1199
f 1110 1111 1200
f 1201 1110 1200
f 1109 1110 1201
f 1202 1109 1201
f 1153 1043 1044
f 1153 1044 1045
f 1153 1045 1046
f 1153 1046 1047
f 1153 1047 1048
f 1153 1048 1049
f 1153 1049 1050
f 1153 1154 1043
f 1108 1202 1203
f 1108 1109 1202
f 1051 1153 1050
f 1204 1108 1203
f 1107 1108 1204
f 1052 1153 1051
f 1205 1107 1204
f 1106 1107 1205
f 1053 1153 1052
f 1206 1106 1205
f 1105 1106 1206
f 1054 1153 1053
f 1207 1105 1206
f 1104 1105 1207
f 1055 1153 1054
f 1208 1104 1207
f 1103 1104 1208
f 1056 1153 1055
f 1209 1103 1208
f 1102 1103 1209
f 1057 1153 1056
f 1210 1102 1209
f 1101 1102 1210
f 1101 1210 1211
f 1058 1153 1057
f 1100 1211 1212
f 1100 1101 1211
f 1099 1212 1213
f 1099 1100 1212
f 1098 1213 1214
f 1098 1099 1213
f 1097 1214 1215
f 1097 1098 1214
f 1096 1097 1215
f 1096 1215 1216
f 1152 1058 1059
f 1152 1059 1060
f 1152 1060 1061
f 1152 1061 1062
f 1152 1062 1063
f 1152 1153 1058
f 1095 1096 1216
f 1095 1216 1217
f 1064 1152 1063
f 1094 1157 1158
f 1094 1095 1217
f 1094 1217 1157
f 1065 1152 1064
f 1065 1187 1152
f 1066 1187 1065
f 1066 1186 1187
f 1093 1158 1159
f 1093 1094 1158
f 1067 1186 1066
f 1067 1185 1186
f 1092 1159 1160
f 1092 1093 1159
f 1068 1184 1185
f 1068 1185 1067
f 1091 1160 1161
f 1091 1092 1160
f 1069 1183 1184
f 1069 1184 1068
f 1090 1161 1162
f 1090 1091 1161
f 1070 1182 1183
f 1070 1183 1069
f 1089 1162 1163
f 1089 1090 1162
f 1071 1181 1182
f 1071 1182 1070
f 1088 1163 1164
f 1088 1089 1163
f 1072 1180 1181
f 1072 1181 1071
f 1087 1164 1165
f 1087 1088 1164
f 1073 1179 1180
f 1073 1180 1072
f 1086 1165 1166
f 1086 1087 1165
f 1074 1179 1073
f 1074 1178 1179
f 1085 1086 1166
f 1085 1166 1167
f 1075 1178 1074
f 1075 1177 1178
f 1084 1085 1167
f 1084 1167 1168
f 1076 1177 1075
f 1076 1176 1177
f 1083 1168 1169
f 1083 1084 1168
f 1077 1176 1076
f 1077 1175 1176
f 1082 1083 1169
f 1082 1169 1170
f 1078 1175 1077
f 1078 1174 1175
f 1081 1170 1171
f 1081 1082 1170
f 1079 1172 1173
f 1079 1173 1174
f 1079 1174 1078
f 1080 1171 1172
f 1080 1081 1171
f 1080 1172 1079
f 1286 1276 1275
f 1286 1285 1276
f 1287 1283 1284
f 1287 1284 1285
f 1287 1285 1286
f 1288 1275 1274
f 1288 1286 1275
f 1289 1286 1288
f 1289 1287 1286
f 1289 1283 1287
f 1290 1274 1273
f 1290 1288 1274
f 1291 1288 1290
f 1291 1283 1289
f 1291 1289 1288
f 1292 1290 1273
f 1292 1273 1272
f 1293 1291 1290
f 1293 1283 1291
f 1293 1290 1292
f 1294 1272 1271
f 1294 1292 1272
f 1295 1283 1293
f 1295 1293 1292
f 1295 1292 1294
f 1296 1271 1270
f 1296 1294 1271
f 1297 1283 1295
f 1297 1294 1296
f 1297 1295 1294
f 1298 1270 1269
f 1298 1296 1270
f 1299 1297 1296
f 1299 1283 1297
f 1299 1296 1298
f 1299 1282 1283
f 1300 1298 1269
f 1300 1269 1268
f 1301 1282 1299
f 1301 1298 1300
f 1301 1299 1298
f 1302 1268 1267
f 1302 1300 1268
f 1303 1301 1300
f 1303 1282 1301
f 1303 1300 1302
f 1304 1267 1266
f 1304 1302 1267
f 1305 1302 1304
f 1305 1303 1302
f 1305 1282 1303
f 1306 1266 1265
f 1306 1304 1266
f 1307 1282 1305
f 1307 1304 1306
f 1307 1305 1304
f 1308 1306 1265
f 1308 1265 1264
f 1309 1307 1306
f 1309 1306 1308
f 1309 1282 1307
f 1310 1308 1264
f 1310 1264 1263
f 1311 1309 1308
f 1311 1308 1310
f 1311 1282 1309
f 1312 1310 1263
f 1312 1263 1262
f 1313 1311 1310
f 1313 1282 1311
f 1313 1310 1312
f 1314 1312 1262
f 1314 1262 1261
f 1315 1312 1314
f 1315 1313 1312
f 1315 1282 1313
f 1316 1314 1261
f 1316 1261 1260
f 1317 1314 1316
f 1317 1315 1314
f 1317 1282 1315
f 1318 1316 1260
f 1318 1260 1259
f 1319 1282 1317
f 1319 1317 1316
f 1319 1316 1318
f 1320 1318 1259
f 1320 1259 1258
f 1321 1282 1319
f 1321 1319 1318
f 1321 1318 1320
f 1322 1320 1258
f 1322 1258 1257
f 1323 1282 1321
f 1323 1321 1320
f 1323 1320 1322
f 1324 1257 1256
f 1324 1322 1257
f 1325 1282 1323
f 1325 1323 1322
f 1325 1322 1324
f 1326 1256 1255
f 1326 1324 1256
f 1327 1282 1325
f 1327 1325 1324
f 1327 1324 1326
f 1328 1255 1254
f 1328 1326 1255
f 1329 1282 1327
f 1329 1327 1326
f 1329 1326 1328
f 1329 1281 1282
f 1330 1254 1253
f 1330 1328 1254
f 1331 1281 1329
f 1331 1329 1328
f 1331 1328 1330
f 1332 1253 1252
f 1332 1330 1253
f 1333 1281 1331
f 1333 1331 1330
f 1333 1330 1332
f 1334 1252 1251
f 1334 1332 1252
f 1335 1281 1333
f 1335 1333 1332
f 1335 1332 1334
f 1336 1251 1250
f 1336 1334 1251
f 1337 1281 1335
f 1337 1335 1334
f 1337 1334 1336
f 1338 1336 1250
f 1338 1250 1249
f 1339 1281 1337
f 1339 1336 1338
f 1339 1337 1336
f 1340 1249 1248
f 1340 1338 1249
f 1341 1339 1338
f 1341 1281 1339
f 1341 1338 1340
f 1342 1248 1247
f 1342 1340 1248
f 1343 1340 1342
f 1343 1281 1341
f 1343 1341 1340
f 1344 1247 1246
f 1344 1342 1247
f 1345 1281 1343
f 1345 1342 1344
f 1345 1343 1342
f 1346 1344 1246
f 1346 1246 1245
f 1347 1345 1344
f 1347 1344 1346
f 1347 1281 1345
f 1348 1346 1245
f 1348 1245 1244
f 1349 1346 1348
f 1349 1281 1347
f 1349 1347 1346
f 1350 1348 1244
f 1350 1244 1243
f 1351 1349 1348
f 1351 1348 1350
f 1351 1281 1349
f 1352 1243 1242
f 1352 1350 1243
f 1353 1351 1350
f 1353 1350 1352
f 1353 1281 1351
f 1354 1242 1241
f 1354 1352 1242
f 1355 1353 1352
f 1355 1281 1353
f 1355 1352 1354
f 1356 1241 1240
f 1356 1354 1241
f 1357 1355 1354
f 1357 1281 1355
f 1357 1354 1356
f 1357 1280 1281
f 1358 1240 1239
f 1358 1357 1356
f 1358 1356 1240
f 1359 1280 1357
f 1359 1357 1358
f 1360 1358 1239
f 1360 1239 1238
f 1361 1359 1358
f 1361 1280 1359
f 1361 1358 1360
f 1362 1238 1237
f 1362 1360 1238
f 1363 1280 1361
f 1363 1360 1362
f 1363 1361 1360
f 1364 1237 1236
f 1364 1362 1237
f 1365 1363 1362
f 1365 1280 1363
f 1365 1362 1364
f 1366 1236 1235
f 1366 1364 1236
f 1367 1365 1364
f 1367 1280 1365
f 1367 1364 1366
f 1368 1235 1234
f 1368 1366 1235
f 1369 1280 1367
f 1369 1367 1366
f 1369 1366 1368
f 1370 1234 1233
f 1370 1368 1234
f 1371 1369 1368
f 1371 1280 1369
f 1371 1368 1370
f 1372 1233 1232
f 1372 1370 1233
f 1373 1280 1371
f 1373 1371 1370
f 1373 1370 1372
f 1374 1232 1231
f 1374 1372 1232
f 1374 1373 1372
f 1375 1280 1373
f 1375 1373 1374
f 1376 1231 1230
f 1376 1374 1231
f 1377 1374 1376
f 1377 1280 1375
f 1377 1375 1374
f 1378 1230 1229
f 1378 1376 1230
f 1379 1280 1377
f 1379 1376 1378
f 1379 1377 1376
f 1380 1229 1228
f 1380 1378 1229
f 1381 1379 1378
f 1381 1378 1380
f 1381 1280 1379
f 1382 1228 1227
f 1382 1380 1228
f 1383 1280 1381
f 1383 1380 1382
f 1383 1381 1380
f 1384 1227 1226
f 1384 1382 1227
f 1384 1383 1382
f 1385 1280 1383
f 1385 1383 1384
f 1386 1226 1225
f 1386 1384 1226
f 1387 1385 1384
f 1387 1384 1386
f 1387 1277 1280
f 1387 1280 1385
f 1388 1225 1224
f 1388 1387 1386
f 1388 1386 1225
f 1389 1277 1387
f 1389 1387 1388
f 1390 1224 1223
f 1390 1388 1224
f 1390 1389 1388
f 1391 1277 1389
f 1391 1389 1390
f 1392 1223 1222
f 1392 1390 1223
f 1393 1391 1390
f 1393 1277 1391
f 1393 1390 1392
f 1394 1222 1221
f 1394 1393 1392
f 1394 1392 1222
f 1395 1277 1393
f 1395 1393 1394
f 1396 1221 1220
f 1396 1394 1221
f 1397 1277 1395
f 1397 1395 1394
f 1397 1394 1396
f 1398 1219 1218
f 1398 1220 1219
f 1398 1396 1220
f 1398 1279 1278
f 1398 1218 1279
f 1399 1277 1397
f 1399 1278 1277
f 1399 1397 1396
f 1399 1396 1398
f 1399 1398 1278
f 1404 1400 1401
f 1405 1401 1402
f 1405 1404 1401
f 1406 1405 1402
f 1403 1406 1402
f 1442 1407 1408
f 1443 1442 1408
f 1444 1443 1408
f 1445 1444 1408
f 1446 1445 1408
f 1447 1446 1408
f 1448 1447 1408
f 1449 1448 1408
f 1450 1449 1408
f 1451 1450 1408
f 1452 1451 1408
f 1453 1452 1408
f 1454 1453 1408
f 1455 1454 1408
f 1456 1455 1408
f 1457 1456 1408
f 1458 1457 1408
f 1459 1458 1408
f 1460 1459 1408
f 1461 1460 1408
f 1462 1461 1408
f 1463 1462 1408
f 1464 1463 1408
f 1465 1464 1408
f 1466 1465 1408
f 1467 1466 1408
f 1468 1467 1408
f 1469 1468 1408
f 1470 1469 1408
f 1471 1470 1408
f 1411 1408 1409
f 1411 1471 1408
f 1412 1411 1409
f 1413 1412 1409
f 1414 1413 1409
f 1415 1414 1409
f 1416 1415 1409
f 1417 1416 1409
f 1418 1417 1409
f 1419 1418 1409
f 1420 1419 1409
f 1421 1420 1409
f 1422 1421 1409
f 1423 1422 1409
f 1424 1423 1409
f 1425 1424 1409
f 1426 1425 1409
f 1427 1426 1409
f 1428 1427 1409
f 1429 1428 1409
f 1430 1429 1409
f 1431 1430 1409
f 1432 1431 1409
f 1433 1432 1409
f 1434 1433 1409
f 1435 1434 1409
f 1436 1435 1409
f 1437 1436 1409
f 1438 1437 1409
f 1439 1438 1409
f 1440 1439 1409
f 1441 1440 1409
f 1410 1441 1409
f 1476 1478 1477
f 1476 1479 1478
f 1475 1480 1479
f 1475 1479 1476
f 1474 1481 1480
f 1474 1480 1475
f 1472 1473 1481
f 1472 1481 1474
f 1483 1484 1482
f 1485 1484 1483
f 1489 1487 1486
f 1489 1488 1487
f 1498 1496 1497
f 1498 1499 1491
f 1490 1498 1491
f 1490 1496 1498
f 1495 1496 1490
f 1492 1495 1490
f 1494 1495 1492
f 1493 1494 1492
f 1517 1514 1515
f 1517 1515 1516
f 1518 1513 1514
f 1518 1514 1517
f 1519 1512 1513
f 1519 1513 1518
f 1511 1512 1519
f 1508 1509 1510
f 1508 1510 1511
f 1500 1507 1508
f 1506 1507 1500
f 1501 1506 1500
f 1505 1506 1501
f 1502 1505 1501
f 1504 1505 1502
f 1503 1504 1502
f 1519 1500 1508
f 1519 1508 1511
f 1523 1520 1521
f 1523 1522 1520
f 1533 1531 1532
f 1530 1531 1533
f 1534 1530 1533
f 1535 1530 1534
f 1536 1530 1535
f 1528 1530 1536
f 1537 1528 1536
f 1538 1528 1537
f 1529 1528 1538
f 1539 1529 1538
f 1527 1539 1540
f 1527 1529 1539
f 1541 1527 1540
f 1526 1541 1542
f 1526 1542 1543
f 1526 1527 1541
f 1544 1526 1543
f 1524 1544 1525
f 1524 1526 1544
f 1548 1549 1551
f 1547 1551 1550
f 1547 1548 1551
f 1546 1550 1545
f 1546 1547 1550
f 1554 1555 1556
f 1557 1554 1556
f 1553 1557 1558
f 1553 1554 1557
f 1559 1553 1558
f 1552 1553 1559
f 1563 1561 1560
f 1563 1560 1567
f 1565 1567 1566
f 1562 1561 1563
f 1564 1567 1565
f 1564 1563 1567
f 1574 1570 1569
f 1574 1571 1570
f 1574 1573 1571
f 1575 1569 1568
f 1575 1574 1569
f 1572 1575 1568
f 1576 1578 1577
f 1576 1579 1578
f 1580 1579 1576
f 1583 1580 1576
f 1582 1581 1580
f 1582 1580 1583
f 1596 1597 1598
f 1599 1596 1598
f 1595 1596 1599
f 1594 1595 1599
f 1593 1594 1599
f 1600 1593 1599
f 1592 1593 1600
f 1591 1592 1600
f 1602 1591 1600
f 1590 1591 1602
f 1601 1589 1590
f 1601 1590 1602
f 1588 1589 1601
f 1603 1586 1587
f 1603 1587 1588
f 1603 1588 1601
f 1585 1586 1603
f 1604 1584 1585
f 1604 1585 1603
f 1605 1606 1607
f 1610 1607 1608
f 1610 1605 1607
f 1609 1610 1608
f 1622 1624 1623
f 1620 1619 1618
f 1627 1621 1620
f 1627 1622 1621
f 1627 1624 1622
f 1617 1620 1618
f 1616 1615 1614
f 1625 1624 1627
f 1626 1625 1627
f 1612 1617 1616
f 1612 1627 1620
f 1612 1620 1617
f 1613 1611 1612
f 1613 1616 1614
f 1613 1612 1616
f 1631 1629 1628
f 1630 1631 1628
f 1637 1665 1666
f 1638 1637 1666
f 1639 1638 1666
f 1640 1639 1666
f 1667 1641 1640
f 1667 1642 1641
f 1667 1643 1642
f 1667 1640 1666
f 1644 1643 1667
f 1645 1644 1667
f 1646 1645 1667
f 1647 1646 1667
f 1664 1665 1637
f 1648 1647 1667
f 1649 1648 1667
f 1650 1649 1667
f 1651 1650 1667
f 1652 1651 1667
f 1653 1652 1667
f 1654 1653 1667
f 1655 1654 1667
f 1656 1655 1667
f 1657 1656 1667
f 1658 1657 1667
f 1659 1658 1667
f 1660 1659 1667
f 1668 1661 1660
f 1668 1662 1661
f 1668 1663 1662
f 1668 1636 1663
f 1668 1660 1667
f 1632 1636 1668
f 1635 1636 1632
f 1633 1632 1668
f 1634 1635 1632
f 1672 1671 1669
f 1673 1675 1674
f 1670 1672 1669
f 1678 1673 1672
f 1678 1672 1670
f 1676 1678 1677
f 1676 1673 1678
f 1676 1675 1673
f 1681 1684 1680
f 1679 1680 1684
f 1683 1679 1684
f 1682 1684 1681
f 1686 1679 1683
f 1683 1685 1686
f 1690 1691 1688
f 1689 1690 1688
f 1687 1689 1688
f 1697 1703 1704
f 1697 1704 1696
f 1706 1692 1696
f 1706 1696 1704
f 1707 1692 1706
f 1700 1699 1702
f 1710 1702 1703
f 1710 1703 1697
f 1716 1710 1697
f 1693 1692 1707
f 1709 1708 1700
f 1709 1693 1708
f 1714 1711 1712
f 1714 1712 1713
f 1698 1716 1697
f 1694 1709 1711
f 1694 1714 1715
f 1694 1693 1709
f 1694 1711 1714
f 1695 1694 1715
f 1695 1715 1698
f 1699 1701 1702
f 1704 1705 1706
f 1707 1708 1693
f 1710 1709 1700
f 1710 1700 1702
f 1715 1716 1698
f 1735 1737 1736
f 1734 1737 1735
f 1733 1732 1731
f 1730 1733 1731
f 1729 1728 1727
f 1720 1734 1733
f 1720 1719 1734
f 1720 1733 1730
f 1738 1719 1717
f 1738 1734 1719
f 1738 1737 1734
f 1723 1720 1730
f 1718 1738 1717
f 1721 1720 1723
f 1724 1730 1729
f 1724 1723 1730
f 1722 1721 1723
f 1726 1725 1724
f 1726 1729 1727
f 1726 1724 1729
f 1740 1739 1741
f 1742 1740 1741
f 1745 1746 1747
f 1744 1745 1747
f 1748 1744 1747
f 1743 1744 1748
f 1749 1743 1748
f 1764 1763 1762
f 1765 1767 1766
f 1768 1767 1765
f 1759 1765 1764
f 1759 1764 1762
f 1770 1751 1771
f 1761 1759 1762
f 1758 1765 1759
f 1760 1759 1761
f 1769 1751 1770
f 1755 1765 1758
f 1755 1768 1765
f 1757 1755 1758
f 1756 1755 1757
f 1754 1769 1768
f 1754 1751 1769
f 1754 1768 1755
f 1750 1753 1752
f 1750 1754 1753
f 1750 1751 1754
f 1792 1779 1780
f 1791 1792 1780
f 1778 1779 1792
f 1781 1791 1780
f 1793 1778 1792
f 1790 1791 1781
f 1789 1781 1782
f 1789 1790 1781
f 1794 1777 1778
f 1794 1778 1793
f 1788 1782 1783
f 1788 1789 1782
f 1795 1776 1777
f 1795 1777 1794
f 1787 1788 1783
f 1796 1776 1795
f 1784 1787 1783
f 1775 1776 1796
f 1797 1775 1796
f 1785 1786 1787
f 1785 1787 1784
f 1774 1775 1797
f 1799 1786 1785
f 1798 1774 1797
f 1772 1798 1799
f 1772 1799 1785
f 1773 1798 1772
f 1773 1774 1798
f 1801 1800 1804
f 1801 1804 1805
f 1802 1801 1805
f 1803 1802 1805
f 1811 1812 1813
f 1811 1813 1814
f 1815 1806 1808
f 1815 1808 1809
f 1815 1809 1810
f 1807 1806 1815
f 1814 1815 1810
f 1814 1810 1811
f 1817 1816 1820
f 1817 1820 1821
f 1818 1821 1822
f 1818 1817 1821
f 1819 1818 1822
f 1825 1824 1826
f 1823 1824 1825
f 1832 1830 1831
f 1827 1832 1833
f 1827 1830 1832
f 1828 1827 1833
f 1827 1829 1830
f 1838 1837 1836
f 1841 1840 1839
f 1845 1834 1835
f 1845 1844 1843
f 1845 1835 1844
f 1846 1836 1834
f 1846 1839 1838
f 1846 1842 1841
f 1846 1843 1842
f 1846 1838 1836
f 1846 1841 1839
f 1846 1845 1843
f 1846 1834 1845
f 1851 1850 1849
f 1848 1851 1849
f 1854 1853 1852
f 1847 1852 1851
f 1847 1851 1848
f 1847 1854 1852
f 1868 1869 1870
f 1868 1870 1871
f 1865 1866 1867
f 1865 1867 1868
f 1865 1868 1871
f 1864 1871 1872
f 1864 1872 1873
f 1864 1865 1871
f 1863 1864 1873
f 1862 1873 1874
f 1862 1863 1873
f 1861 1874 1875
f 1861 1875 1876
f 1861 1862 1874
f 1860 1876 1877
f 1860 1861 1876
f 1859 1877 1878
f 1859 1860 1877
f 1858 1878 1879
f 1858 1859 1878
f 1857 1879 1880
f 1857 1858 1879
f 1856 1880 1881
f 1856 1857 1880
f 1855 1881 1882
f 1855 1856 1881
f 1892 1891 1890
f 1893 1887 1886
f 1893 1888 1887
f 1893 1889 1888
f 1893 1890 1889
f 1894 1883 1884
f 1894 1885 1883
f 1894 1886 1885
f 1894 1884 1892
f 1894 1890 1893
f 1894 1892 1890
f 1894 1893 1886
f 1914 1922 1913
f 1923 1912 1913
f 1923 1913 1922
f 1911 1912 1923
f 1910 1911 1923
f 1921 1922 1914
f 1915 1921 1914
f 1924 1909 1910
f 1924 1910 1923
f 1916 1921 1915
f 1908 1909 1924
f 1920 1921 1916
f 1918 1916 1917
f 1906 1907 1908
f 1919 1916 1918
f 1905 1906 1908
f 1895 1920 1916
f 1895 1916 1919
f 1904 1905 1908
f 1896 1920 1895
f 1903 1924 1925
f 1903 1908 1924
f 1903 1904 1908
f 1897 1920 1896
f 1902 1903 1925
f 1899 1925 1920
f 1900 1925 1899
f 1901 1902 1925
f 1901 1925 1900
f 1898 1920 1897
f 1898 1899 1920
f 1932 1931 1930
f 1928 1930 1929
f 1927 1932 1930
f 1927 1930 1928
f 1926 1932 1927
f 1933 1932 1926
f 1937 1926 1938
f 1937 1933 1926
f 1936 1934 1933
f 1936 1933 1937
f 1935 1934 1936
f 1946 1942 1941
f 1946 1945 1942
f 1947 1946 1941
f 1943 1940 1939
f 1943 1941 1940
f 1943 1947 1941
f 1944 1947 1943
f 1948 1950 1949
f 1955 1950 1948
f 1954 1951 1950
f 1954 1950 1955
f 1953 1952 1951
f 1953 1951 1954
f 1960 1961 1964
f 1963 1960 1964
f 1957 1956 1960
f 1957 1960 1963
f 1958 1963 1962
f 1958 1957 1963
f 1959 1958 1962
f 1967 1969 1968
f 1967 1970 1969
f 1977 1971 1970
f 1976 1971 1977
f 1973 1972 1971
f 1973 1971 1976
f 1975 1973 1976
f 1966 1970 1967
f 1966 1977 1970
f 1974 1973 1975
f 1965 1977 1966
f 1998 1979 1980
f 1997 1998 1980
f 1999 1979 1998
f 1978 1979 1999
f 1981 1997 1980
f 2000 1978 1999
f 2001 1978 2000
f 1996 1997 1981
f 2004 2002 2003
f 1994 1995 1996
f 2016 1994 1996
f 2016 1996 1981
f 2005 2001 2002
f 2005 1978 2001
f 2005 2002 2004
f 2015 2016 1981
f 2006 1978 2005
f 2007 1978 2006
f 2014 2015 1981
f 1983 2013 1982
f 1992 1993 2008
f 2009 1992 2008
f 2009 1991 1992
f 2012 1983 1984
f 2012 2013 1983
f 1985 2012 1984
f 1990 1991 2009
f 1988 1989 2010
f 1988 2010 2011
f 1987 2011 1986
f 1987 1988 2011
f 1981 1982 2014
f 1993 1978 2007
f 2007 2008 1993
f 2009 2010 1989
f 2009 1989 1990
f 2011 2012 1986
f 1986 2012 1985
f 2013 2014 1982
f 2018 2017 2020
f 2019 2018 2020
f 2023 2024 2025
f 2023 2025 2022
f 2046 2023 2022
f 2047 2023 2046
f 2045 2046 2022
f 2044 2023 2047
f 2041 2023 2044
f 2021 2045 2022
f 2048 2045 2021
f 2026 2023 2041
f 2042 2026 2041
f 2050 2048 2021
f 2043 2026 2042
f 2027 2028 2029
f 2027 2029 2026
f 2027 2026 2043
f 2034 2036 2049
f 2034 2049 2050
f 2034 2050 2021
f 2040 2027 2043
f 2035 2036 2034
f 2031 2038 2039
f 2031 2039 2035
f 2030 2037 2038
f 2030 2040 2037
f 2030 2027 2040
f 2030 2038 2031
f 2033 2030 2031
f 2032 2033 2031
f 2031 2035 2034
f 2053 2052 2051
f 2054 2052 2053
f 2055 2056 2059
f 2061 2059 2058
f 2061 2055 2059
f 2062 2061 2058
f 2060 2058 2057
f 2060 2062 2058
f 2064 2063 2065
f 2064 2065 2066
f 2073 2067 2068
f 2073 2068 2071
f 2074 2070 2069
f 2074 2071 2070
f 2074 2073 2071
f 2072 2074 2069
f 2076 2077 2078
f 2075 2077 2076
f 2079 2080 2083
f 2085 2083 2082
f 2085 2079 2083
f 2086 2082 2081
f 2086 2085 2082
f 2084 2086 2081
f 2090 2088 2087
f 2089 2090 2087
f 2094 2092 2091
f 2094 2093 2092
f 2095 2098 2097
f 2095 2096 2098
f 2102 2104 2103
f 2101 2105 2104
f 2101 2104 2102
f 2100 2105 2101
f 2099 2106 2105
f 2099 2105 2100
f 2109 2111 2110
f 2109 2112 2111
f 2108 2113 2112
f 2108 2112 2109
f 2107 2114 2113
f 2107 2113 2108
f 2116 2117 2115
f 2116 2118 2117
f 2121 2123 2122
f 2121 2124 2123
f 2120 2125 2124
f 2120 2126 2125
f 2120 2124 2121
f 2119 2126 2120
f 2128 2129 2127
f 2130 2129 2128
f 2133 2135 2134
f 2133 2136 2135
f 2133 2137 2136
f 2132 2137 2133
f 2131 2138 2137
f 2131 2137 2132
f 2140 2141 2139
f 2141 2142 2139
f 2143 2146 2145
f 2144 2146 2143
f 2147 2148 2150
f 2150 2148 2149
f 2153 2154 2155
f 2170 2168 2169
f 2180 2165 2166
f 2180 2166 2167
f 2180 2167 2168
f 2180 2170 2171
f 2180 2171 2172
f 2180 2172 2173
f 2180 2168 2170
f 2179 2151 2152
f 2179 2152 2153
f 2179 2155 2156
f 2179 2156 2157
f 2179 2157 2158
f 2179 2173 2174
f 2179 2174 2151
f 2179 2153 2155
f 2179 2180 2173
f 2181 2165 2180
f 2178 2179 2158
f 2159 2178 2158
f 2164 2165 2181
f 2182 2164 2181
f 2177 2178 2159
f 2189 2164 2182
f 2190 2164 2189
f 2188 2189 2182
f 2191 2164 2190
f 2183 2188 2182
f 2183 2187 2188
f 2183 2192 2187
f 2163 2164 2191
f 2163 2192 2183
f 2163 2191 2192
f 2160 2176 2177
f 2160 2177 2159
f 2184 2163 2183
f 2175 2176 2160
f 2161 2175 2160
f 2161 2186 2175
f 2162 2186 2161
f 2162 2184 2185
f 2162 2185 2186
f 2162 2163 2184
f 2194 2193 2195
f 2199 2197 2198
f 2196 2197 2199
f 2200 2203 2202
f 2201 2203 2200
f 2206 2207 2204
f 2206 2204 2205
f 2209 2210 2208
f 2209 2211 2210
f 2213 2212 2214
f 2221 2223 2222
f 2221 2224 2223
f 2220 2225 2224
f 2220 2224 2221
f 2219 2226 2225
f 2219 2225 2220
f 2218 2227 2226
f 2218 2226 2219
f 2217 2228 2227
f 2217 2227 2218
f 2215 2216 2228
f 2215 2228 2217
f 2242 2230 2229
f 2241 2231 2230
f 2241 2230 2242
f 2240 2232 2231
f 2240 2231 2241
f 2239 2233 2232
f 2239 2232 2240
f 2238 2234 2233
f 2238 2233 2239
f 2237 2235 2234
f 2237 2234 2238
f 2236 2235 2237
f 2263 2253 2254
f 2263 2254 2262
f 2243 2262 2254
f 2261 2262 2243
f 2264 2252 2253
f 2264 2253 2263
f 2244 2261 2243
f 2251 2252 2264
f 2265 2251 2264
f 2260 2261 2244
f 2250 2265 2266
f 2250 2251 2265
f 2245 2259 2260
f 2245 2260 2244
f 2249 2266 2255
f 2249 2250 2266
f 2246 2258 2259
f 2246 2259 2245
f 2257 2258 2246
f 2248 2255 2256
f 2248 2249 2255
f 2247 2256 2257
f 2247 2248 2256
f 2247 2257 2246
f 2273 2275 2274
f 2273 2276 2275
f 2272 2277 2276
f 2272 2276 2273
f 2271 2278 2277
f 2271 2277 2272
f 2270 2279 2278
f 2270 2278 2271
f 2269 2280 2279
f 2269 2279 2270
f 2267 2268 2280
f 2267 2280 2269
f 2294 2282 2281
f 2293 2282 2294
f 2292 2283 2282
f 2292 2282 2293
f 2291 2284 2283
f 2291 2283 2292
f 2290 2285 2284
f 2290 2284 2291
f 2289 2286 2285
f 2289 2285 2290
f 2288 2287 2286
f 2288 2286 2289
f 2313 2295 2296
f 2313 2312 2295
f 2314 2309 2310
f 2314 2310 2311
f 2314 2311 2312
f 2314 2312 2313
f 2315 2296 2297
f 2315 2313 2296
f 2316 2308 2309
f 2316 2314 2313
f 2316 2313 2315
f 2316 2309 2314
f 2317 2297 2298
f 2317 2315 2297
f 2318 2307 2308
f 2318 2316 2315
f 2318 2315 2317
f 2318 2308 2316
f 2319 2298 2299
f 2319 2317 2298
f 2320 2306 2307
f 2320 2317 2319
f 2320 2307 2318
f 2320 2318 2317
f 2321 2299 2300
f 2321 2300 2301
f 2321 2304 2303
f 2321 2301 2304
f 2321 2319 2299
f 2322 2303 2302
f 2322 2302 2305
f 2322 2305 2306
f 2322 2320 2319
f 2322 2306 2320
f 2322 2321 2303
f 2322 2319 2321
f 2341 2334 2335
f 2341 2335 2336
f 2342 2331 2332
f 2342 2332 2333
f 2342 2333 2334
f 2342 2334 2341
f 2343 2336 2337
f 2343 2341 2336
f 2344 2330 2331
f 2344 2331 2342
f 2344 2341 2343
f 2344 2342 2341
f 2345 2337 2338
f 2345 2343 2337
f 2346 2329 2330
f 2346 2343 2345
f 2346 2344 2343
f 2346 2330 2344
f 2347 2338 2339
f 2347 2345 2338
f 2348 2328 2329
f 2348 2345 2347
f 2348 2346 2345
f 2348 2329 2346
f 2349 2325 2324
f 2349 2326 2325
f 2349 2339 2340
f 2349 2340 2326
f 2349 2347 2339
f 2350 2324 2323
f 2350 2323 2327
f 2350 2327 2328
f 2350 2348 2347
f 2350 2328 2348
f 2350 2349 2324
f 2350 2347 2349
f 2358 2360 2359
f 2357 2361 2360
f 2357 2360 2358
f 2356 2362 2361
f 2356 2361 2357
f 2355 2363 2362
f 2355 2362 2356
f 2354 2364 2363
f 2354 2363 2355
f 2353 2352 2364
f 2353 2364 2354
f 2351 2352 2353
f 2378 2366 2365
f 2377 2366 2378
f 2376 2367 2366
f 2376 2366 2377
f 2375 2368 2367
f 2375 2367 2376
f 2374 2369 2368
f 2374 2368 2375
f 2373 2370 2369
f 2373 2369 2374
f 2372 2371 2370
f 2372 2370 2373
f 2398 2389 2390
f 2397 2390 2379
f 2397 2398 2390
f 2391 2388 2389
f 2391 2389 2398
f 2387 2388 2391
f 2380 2397 2379
f 2392 2387 2391
f 2396 2397 2380
f 2381 2396 2380
f 2386 2387 2392
f 2393 2386 2392
f 2395 2396 2381
f 2382 2395 2381
f 2385 2386 2393
f 2383 2394 2395
f 2383 2395 2382
f 2384 2393 2394
f 2384 2385 2393
f 2384 2394 2383
f 2401 2405 2404
f 2401 2402 2405
f 2399 2403 2400
f 2399 2404 2403
f 2399 2401 2404
f 2412 2409 2408
f 2412 2410 2409
f 2411 2407 2406
f 2411 2408 2407
f 2411 2412 2408
f 2416 2418 2417
f 2416 2419 2418
f 2415 2420 2419
f 2415 2414 2420
f 2415 2419 2416
f 2413 2414 2415
f 2428 2422 2421
f 2427 2422 2428
f 2426 2423 2422
f 2426 2422 2427
f 2425 2424 2423
f 2425 2423 2426
f 2433 2429 2430
f 2433 2430 2431
f 2433 2431 2432
f 2433 2434 2429
f 2439 2436 2437
f 2440 2439 2437
f 2440 2441 2439
f 2442 2438 2435
f 2442 2443 2441
f 2442 2435 2443
f 2444 2441 2443
f 2444 2439 2441
f 2444 2443 2445
f 2446 2441 2440
f 2446 2442 2441
f 2447 2446 2440
f 2448 2439 2444
f 2448 2444 2445
f 2448 2449 2439
f 2450 2443 2435
f 2450 2445 2443
f 2451 2440 2437
f 2451 2447 2440
f 2452 2442 2446
f 2452 2446 2447
f 2453 2442 2452
f 2454 2448 2445
f 2454 2449 2448
f 2455 2454 2445
f 2456 2445 2450
f 2456 2455 2445
f 2457 2447 2451
f 2458 2447 2457
f 2459 2452 2447
f 2459 2453 2452
f 2459 2447 2458
f 2460 2454 2455
f 2461 2450 2435
f 2462 2451 2437
f 2463 2459 2458
f 2464 2436 2439
f 2464 2449 2465
f 2464 2439 2449
f 2466 2460 2455
f 2467 2455 2456
f 2467 2466 2455
f 2468 2450 2461
f 2468 2456 2450
f 2469 2457 2451
f 2469 2451 2462
f 2470 2458 2457
f 2471 2458 2470
f 2471 2463 2458
f 2472 2438 2442
f 2472 2442 2453
f 2472 2453 2473
f 2474 2475 2465
f 2474 2465 2449
f 2474 2449 2454
f 2474 2454 2460
f 2474 2460 2466
f 2476 2474 2466
f 2476 2466 2467
f 2477 2461 2435
f 2478 2462 2437
f 2479 2471 2470
f 2480 2463 2471
f 2480 2453 2459
f 2480 2473 2453
f 2480 2459 2463
f 2480 2471 2479
f 2481 2473 2480
f 2482 2436 2464
f 2482 2464 2465
f 2483 2476 2467
f 2484 2467 2456
f 2484 2456 2468
f 2485 2468 2461
f 2486 2469 2462
f 2487 2470 2457
f 2487 2457 2469
f 2488 2479 2470
f 2489 2472 2473
f 2489 2438 2472
f 2490 2475 2474
f 2491 2474 2476
f 2491 2476 2483
f 2491 2490 2474
f 2492 2483 2467
f 2492 2491 2483
f 2493 2477 2435
f 2494 2478 2437
f 2495 2488 2470
f 2496 2479 2488
f 2496 2480 2479
f 2496 2488 2495
f 2497 2481 2480
f 2497 2480 2496
f 2498 2465 2475
f 2498 2482 2465
f 2498 2475 2490
f 2498 2436 2482
f 2499 2492 2467
f 2499 2467 2484
f 2499 2490 2491
f 2499 2491 2492
f 2500 2468 2485
f 2500 2499 2484
f 2500 2484 2468
f 2500 2490 2499
f 2501 2435 2436
f 2501 2436 2498
f 2501 2461 2477
f 2501 2493 2435
f 2501 2500 2485
f 2501 2477 2493
f 2501 2498 2490
f 2501 2490 2500
f 2501 2485 2461
f 2502 2437 2438
f 2502 2462 2478
f 2502 2494 2437
f 2502 2486 2462
f 2502 2478 2494
f 2503 2469 2486
f 2503 2487 2469
f 2503 2486 2502
f 2503 2502 2497
f 2504 2470 2487
f 2504 2487 2503
f 2504 2495 2470
f 2504 2497 2496
f 2504 2496 2495
f 2504 2503 2497
f 2505 2473 2481
f 2505 2489 2473
f 2505 2481 2497
f 2505 2438 2489
f 2505 2502 2438
f 2505 2497 2502
f 2509 2506 2507
f 2509 2507 2508
f 2517 2511 2510
f 2516 2512 2511
f 2516 2511 2517
f 2515 2513 2512
f 2515 2512 2516
f 2514 2513 2515
f 2520 2522 2521
f 2520 2523 2522
f 2519 2524 2523
f 2519 2523 2520
f 2518 2525 2524
f 2518 2524 2519
f 2528 2529 2526
f 2527 2528 2526
f 2534 2533 2531
f 2535 2530 2532
f 2535 2536 2530
f 2535 2537 2536
f 2538 2534 2537
f 2538 2533 2534
f 2539 2537 2534
f 2539 2536 2537
f 2539 2540 2536
f 2541 2537 2535
f 2541 2538 2537
f 2542 2538 2541
f 2543 2530 2536
f 2543 2536 2540
f 2544 2534 2545
f 2544 2539 2534
f 2544 2540 2539
f 2546 2541 2535
f 2546 2542 2541
f 2547 2546 2535
f 2548 2533 2538
f 2548 2538 2542
f 2549 2543 2540
f 2550 2549 2540
f 2551 2544 2545
f 2551 2540 2544
f 2551 2550 2540
f 2552 2542 2546
f 2552 2546 2547
f 2553 2542 2552
f 2554 2548 2542
f 2554 2542 2553
f 2555 2530 2543
f 2556 2550 2551
f 2557 2553 2552
f 2558 2533 2548
f 2559 2543 2549
f 2559 2555 2543
f 2560 2549 2550
f 2561 2550 2556
f 2561 2560 2550
f 2562 2534 2531
f 2562 2563 2545
f 2562 2545 2534
f 2564 2535 2532
f 2564 2547 2535
f 2564 2565 2547
f 2566 2553 2557
f 2567 2554 2553
f 2567 2553 2566
f 2568 2548 2554
f 2568 2558 2548
f 2569 2530 2555
f 2570 2560 2561
f 2571 2570 2561
f 2571 2545 2563
f 2571 2551 2545
f 2571 2556 2551
f 2571 2561 2556
f 2572 2571 2563
f 2573 2565 2574
f 2573 2566 2557
f 2573 2552 2547
f 2573 2547 2565
f 2573 2557 2552
f 2575 2566 2573
f 2575 2567 2566
f 2576 2533 2558
f 2577 2555 2559
f 2578 2559 2549
f 2578 2549 2560
f 2579 2560 2570
f 2580 2562 2531
f 2580 2563 2562
f 2581 2565 2564
f 2581 2564 2532
f 2582 2567 2575
f 2583 2568 2554
f 2583 2554 2567
f 2584 2558 2568
f 2585 2530 2569
f 2586 2560 2579
f 2587 2579 2570
f 2587 2570 2571
f 2587 2586 2579
f 2588 2571 2572
f 2588 2587 2571
f 2589 2573 2574
f 2590 2573 2589
f 2590 2575 2573
f 2590 2582 2575
f 2591 2567 2582
f 2591 2582 2590
f 2592 2533 2576
f 2593 2531 2530
f 2593 2569 2555
f 2593 2555 2577
f 2593 2530 2585
f 2593 2585 2569
f 2594 2577 2559
f 2594 2559 2578
f 2594 2593 2577
f 2594 2588 2593
f 2595 2578 2560
f 2595 2560 2586
f 2595 2594 2578
f 2595 2586 2587
f 2595 2587 2588
f 2595 2588 2594
f 2596 2563 2580
f 2596 2572 2563
f 2596 2580 2531
f 2596 2531 2593
f 2596 2593 2588
f 2596 2588 2572
f 2597 2574 2565
f 2597 2589 2574
f 2597 2581 2532
f 2597 2565 2581
f 2598 2583 2567
f 2598 2567 2591
f 2598 2591 2590
f 2598 2590 2589
f 2599 2568 2583
f 2599 2584 2568
f 2599 2583 2598
f 2599 2598 2589
f 2600 2599 2589
f 2600 2532 2533
f 2600 2584 2599
f 2600 2533 2592
f 2600 2576 2558
f 2600 2597 2532
f 2600 2558 2584
f 2600 2592 2576
f 2600 2589 2597
f 2603 2601 2602
f 2604 2601 2603
f 2606 2601 2604
f 2607 2601 2606
f 2605 2601 2607
f 2611 2609 2610
f 2608 2611 2612
f 2608 2609 2611
f 2613 2608 2612
f 2615 2614 2618
f 2616 2618 2619
f 2616 2615 2618
f 2617 2616 2619
f 2620 2622 2623
f 2620 2623 2621
f 2625 2626 2627
f 2628 2625 2627
f 2624 2625 2628
f 2629 2624 2628
f 2631 2630 2634
f 2631 2634 2635
f 2632 2635 2636
f 2632 2631 2635
f 2633 2632 2636
f 2640 2638 2637
f 2640 2639 2641
f 2642 2640 2641
f 2642 2638 2640
f 2643 2644 2645
f 2648 2643 2645
f 2647 2645 2646
f 2647 2648 2645
f 2654 2652 2651
f 2654 2651 2653
f 2649 2652 2654
f 2650 2649 2654
f 2660 2657 2659
f 2658 2657 2660
f 2655 2658 2660
f 2656 2658 2655
f 2664 2662 2661
f 2664 2663 2665
f 2666 2664 2665
f 2666 2662 2664
f 2669 2670 2671
f 2669 2672 2667
f 2669 2671 2672
f 2668 2669 2667
f 2676 2675 2673
f 2677 2673 2674
f 2677 2676 2673
f 2679 2680 2681
f 2678 2680 2679
f 2687 2682 2683
f 2687 2683 2684
f 2687 2684 2685
f 2686 2687 2685
f 2689 2690 2691
f 2689 2688 2690
f 2694 2693 2692
f 2695 2693 2694
f 2701 2699 2700
f 2698 2699 2701
f 2696 2698 2701
f 2697 2698 2696
f 2704 2703 2702
f 2705 2703 2704
f 2706 2708 2709
f 2707 2709 2710
f 2707 2706 2709
f 2711 2707 2710
f 2714 2713 2712
f 2715 2713 2714
f 2717 2716 2720
f 2717 2720 2721
f 2718 2721 2722
f 2718 2717 2721
f 2719 2718 2722
f 2724 2725 2726
f 2724 2723 2725
f 2729 2730 2727
f 2728 2729 2727
f 2733 2734 2735
f 2733 2736 2731
f 2733 2735 2736
f 2732 2733 2731
f 2738 2740 2742
f 2741 2742 2740
f 2737 2740 2738
f 2739 2741 2740
f 2748 2745 2747
f 2746 2745 2748
f 2743 2746 2748
f 2744 2746 2743
f 2754 2750 2749
f 2752 2754 2749
f 2751 2754 2752
f 2753 2754 2751
f 2755 2756 2757
f 2760 2755 2757
f 2759 2757 2758
f 2759 2760 2757
f 2761 2763 2762
f 2764 2763 2761
f 2767 2769 2766
f 2768 2769 2767
f 2773 2774 2765
f 2772 2770 2771
f 2772 2773 2765
f 2772 2765 2770
f 2765 2766 2770
f 2770 2766 2769
f 2775 2778 2777
f 2776 2778 2775
f 2782 2780 2779
f 2782 2781 2780
f 2785 2784 2786
f 2783 2784 2785
f 2787 2789 2788
f 2790 2789 2787
f 2792 2793 2791
f 2792 2794 2793
f 2797 2795 2798
f 2796 2795 2797
f 2799 2802 2801
f 2799 2800 2802
f 2805 2803 2806
f 2804 2803 2805
f 2808 2810 2809
f 2807 2808 2809
f 2811 2812 2814
f 2813 2811 2814
f 2823 2816 2815
f 2824 2823 2815
f 2825 2824 2815
f 2826 2825 2815
f 2827 2816 2823
f 2830 2826 2815
f 2829 2820 2828
f 2819 2820 2829
f 2821 2822 2820
f 2817 2818 2819
f 2815 2817 2830
f 2830 2817 2829
f 2829 2817 2819
f 2822 2816 2827
f 2822 2827 2828
f 2822 2828 2820
f 2832 2834 2833
f 2832 2831 2834
f 2837 2835 2836
f 2838 2837 2836
f 2839 2841 2840
f 2842 2841 2839
f 2844 2845 2843
f 2846 2845 2844
f 2849 2847 2850
f 2848 2847 2849
f 2853 2851 2852
f 2854 2853 2852
f 2858 2856 2855
f 2858 2857 2856
f 2859 2861 2860
f 2859 2862 2861
f 2867 2863 2864
f 2867 2864 2865
f 2867 2865 2866
f 2870 2867 2866
f 2869 2870 2866
f 2868 2869 2866
f 2871 2873 2872
f 2871 2874 2873
f 2875 2877 2876
f 2878 2877 2875
f 2879 2880 2882
f 2881 2879 2882
f 2885 2883 2886
f 2884 2883 2885
f 2891 2894 2893
f 2891 2892 2894
f 2888 2893 2887
f 2888 2891 2893
f 2890 2891 2888
f 2889 2890 2888
f 2898 2896 2897
f 2895 2896 2898
f 2902 2903 2905
f 2901 2905 2904
f 2901 2902 2905
f 2900 2904 2899
f 2900 2901 2904
f 2907 2913 2906
f 2912 2913 2907
f 2911 2912 2907
f 2908 2911 2907
f 2910 2911 2908
f 2909 2910 2908
f 2917 2915 2914
f 2917 2914 2921
f 2919 2921 2920
f 2916 2915 2917
f 2918 2921 2919
f 2918 2917 2921
f 2927 2925 2924
f 2928 2924 2923
f 2928 2927 2924
f 2929 2923 2922
f 2929 2928 2923
f 2926 2929 2922
f 2930 2932 2931
f 2930 2933 2932
f 2934 2933 2930
f 2937 2934 2930
f 2936 2935 2934
f 2936 2934 2937
f 2943 2940 2939
f 2943 2941 2940
f 2942 2939 2938
f 2942 2943 2939
f 2946 2945 2947
f 2944 2945 2946
f 2948 2953 2952
f 2948 2950 2953
f 2949 2952 2951
f 2949 2948 2952
f 2957 2955 2954
f 2957 2954 2961
f 2959 2961 2960
f 2956 2955 2957
f 2958 2961 2959
f 2958 2957 2961
f 2964 2965 2967
f 2963 2966 2962
f 2963 2967 2966
f 2963 2964 2967
f 2975 2968 2969
f 2972 2970 2971
f 2974 2975 2969
f 2973 2969 2970
f 2973 2970 2972
f 2973 2974 2969
f 2976 2978 2977
f 2976 2979 2978
f 2980 2979 2976
f 2983 2980 2976
f 2982 2981 2980
f 2982 2980 2983
f 2989 2987 2986
f 2988 2985 2984
f 2988 2986 2985
f 2988 2989 2986
f 2995 2993 2992
f 2996 2992 2991
f 2996 2995 2992
f 2997 2991 2990
f 2997 2996 2991
f 2994 2997 2990
f 2999 3001 3000
f 2998 2999 3000
f 3009 3008 3007
f 3012 3009 3007
f 3006 3011 3012
f 3006 3012 3007
f 3013 3010 3011
f 3013 3011 3006
f 3005 3013 3006
f 3016 3013 3005
f 3015 3016 3005
f 3003 3004 3002
f 3003 3005 3004
f 3003 3015 3005
f 3014 3015 3003
f 3043 3014 3003
f 3020 3017 3014
f 3020 3014 3043
f 3019 3020 3043
f 3039 3041 3040
f 3039 3042 3041
f 3039 3018 3042
f 3021 3018 3039
f 3034 3033 3030
f 3031 3034 3030
f 3026 3032 3029
f 3025 3022 3023
f 3036 3025 3023
f 3036 3023 3024
f 3036 3028 3025
f 3035 3034 3031
f 3035 3032 3026
f 3035 3026 3027
f 3035 3031 3032
f 3037 3028 3036
f 3037 3027 3028
f 3038 3035 3027
f 3038 3027 3037
f 3036 3021 3039
f 3036 3024 3021
f 3042 3018 3043
f 3018 3019 3043
f 3045 3044 3046
f 3047 3048 3045
f 3046 3047 3045
f 3049 3056 3055
f 3054 3049 3055
f 3050 3052 3051
f 3053 3050 3049
f 3053 3049 3054
f 3052 3050 3053
f 3058 3059 3060
f 3058 3060 3057
f 3065 3063 3064
f 3062 3061 3065
f 3061 3063 3065
f 3066 3068 3069
f 3066 3069 3067
f 3071 3073 3072
f 3070 3071 3072
f 3075 3074 3076
f 3075 3076 3077
f 3081 3079 3078
f 3081 3080 3079
f 3083 3082 3085
f 3084 3083 3085
f 3086 3089 3088
f 3087 3086 3088
f 3096 3091 3090
f 3096 3097 3091
f 3093 3094 3095
f 3092 3093 3095
f 3090 3092 3095
f 3090 3095 3096
f 3100 3098 3099
f 3100 3099 3101
f 3104 3103 3102
f 3105 3103 3104
f 3107 3108 3109
f 3107 3109 3110
f 3106 3108 3107
f 3114 3112 3111
f 3113 3112 3114
f 3117 3115 3116
f 3118 3115 3117
f 3119 3115 3118
f 3123 3121 3120
f 3122 3121 3123
f 3125 3127 3126
f 3125 3124 3127
f 3132 3131 3128
f 3133 3128 3129
f 3133 3132 3128
f 3130 3133 3129
f 3134 3136 3135
f 3134 3137 3136
f 3141 3139 3138
f 3140 3141 3138
f 3144 3142 3143
f 3145 3144 3143
f 3155 3153 3154
f 3152 3153 3155
f 3147 3155 3146
f 3147 3152 3155
f 3148 3151 3152
f 3148 3152 3147
f 3149 3150 3151
f 3149 3151 3148
f 3157 3159 3158
f 3156 3159 3157
f 3163 3160 3161
f 3163 3162 3160
f 3167 3164 3165
f 3167 3166 3164
f 3172 3171 3170
f 3172 3173 3171
f 3172 3174 3173
f 3175 3168 3169
f 3175 3169 3176
f 3175 3176 3174
f 3177 3173 3174
f 3178 3177 3174
f 3179 3174 3172
f 3180 3174 3179
f 3181 3171 3173
f 3182 3172 3170
f 3183 3174 3176
f 3183 3178 3174
f 3184 3183 3176
f 3185 3175 3174
f 3185 3174 3180
f 3186 3175 3185
f 3187 3173 3177
f 3188 3177 3178
f 3188 3178 3183
f 3189 3179 3172
f 3190 3176 3169
f 3191 3180 3179
f 3191 3185 3180
f 3192 3168 3175
f 3193 3171 3181
f 3194 3183 3184
f 3195 3182 3170
f 3196 3194 3184
f 3197 3186 3185
f 3198 3186 3197
f 3199 3173 3187
f 3200 3177 3188
f 3201 3189 3172
f 3202 3190 3169
f 3202 3176 3190
f 3203 3191 3179
f 3204 3192 3175
f 3204 3168 3192
f 3205 3171 3193
f 3206 3183 3194
f 3207 3195 3170
f 3208 3194 3196
f 3209 3197 3185
f 3210 3198 3197
f 3211 3181 3173
f 3211 3173 3199
f 3212 3177 3200
f 3213 3172 3182
f 3213 3201 3172
f 3214 3184 3176
f 3214 3176 3202
f 3214 3202 3169
f 3215 3203 3179
f 3216 3168 3204
f 3216 3175 3186
f 3216 3204 3175
f 3217 3171 3205
f 3218 3212 3200
f 3218 3188 3183
f 3218 3200 3188
f 3218 3183 3206
f 3219 3207 3170
f 3220 3218 3206
f 3220 3194 3208
f 3220 3206 3194
f 3221 3191 3203
f 3221 3209 3185
f 3221 3203 3215
f 3221 3185 3191
f 3222 3197 3209
f 3222 3210 3197
f 3222 3209 3221
f 3223 3169 3171
f 3223 3205 3193
f 3223 3181 3211
f 3223 3217 3205
f 3223 3193 3181
f 3223 3171 3217
f 3224 3211 3199
f 3224 3177 3212
f 3224 3199 3187
f 3224 3218 3220
f 3224 3220 3223
f 3224 3187 3177
f 3224 3212 3218
f 3224 3223 3211
f 3225 3170 3168
f 3225 3195 3207
f 3225 3213 3182
f 3225 3219 3170
f 3225 3207 3219
f 3225 3182 3195
f 3226 3214 3169
f 3226 3220 3208
f 3226 3208 3196
f 3226 3184 3214
f 3226 3223 3220
f 3226 3169 3223
f 3226 3196 3184
f 3227 3221 3215
f 3227 3201 3213
f 3227 3215 3179
f 3227 3189 3201
f 3227 3179 3189
f 3227 3222 3221
f 3227 3213 3225
f 3227 3225 3222
f 3228 3216 3186
f 3228 3198 3210
f 3228 3225 3168
f 3228 3222 3225
f 3228 3168 3216
f 3228 3210 3222
f 3228 3186 3198
f 3231 3230 3229
f 3231 3232 3230
f 3241 3239 3240
f 3241 3242 3234
f 3233 3241 3234
f 3233 3239 3241
f 3238 3239 3233
f 3235 3238 3233
f 3237 3238 3235
f 3236 3237 3235
f 3257 3258 3259
f 3260 3257 3259
f 3256 3257 3260
f 3261 3256 3260
f 3255 3256 3261
f 3262 3255 3261
f 3243 3255 3262
f 3245 3243 3244
f 3246 3243 3245
f 3247 3254 3246
f 3248 3253 3254
f 3248 3254 3247
f 3249 3252 3253
f 3249 3253 3248
f 3250 3252 3249
f 3251 3252 3250
f 3254 3255 3243
f 3254 3243 3246
f 3264 3265 3263
f 3264 3266 3265
f 3272 3270 3269
f 3273 3269 3268
f 3273 3272 3269
f 3274 3268 3267
f 3274 3273 3268
f 3271 3274 3267
f 3275 3277 3276
f 3275 3278 3277
f 3279 3278 3275
f 3282 3279 3275
f 3281 3280 3279
f 3281 3279 3282
f 3284 3288 3289
f 3284 3289 3290
f 3285 3287 3288
f 3285 3288 3284
f 3286 3287 3285
f 3283 3284 3290
f 3294 3292 3291
f 3294 3291 3298
f 3296 3298 3297
f 3293 3292 3294
f 3295 3298 3296
f 3295 3294 3298
f 3301 3302 3304
f 3300 3303 3299
f 3300 3304 3303
f 3300 3301 3304
f 3311 3307 3306
f 3311 3308 3307
f 3311 3310 3308
f 3312 3306 3305
f 3312 3311 3306
f 3309 3312 3305
f 3314 3313 3317
f 3314 3317 3320
f 3315 3320 3319
f 3315 3314 3320
f 3316 3319 3318
f 3316 3315 3319
f 3321 3323 3322
f 3324 3323 3321
f 3327 3325 3326
f 3340 3325 3327
f 3328 3340 3327
f 3339 3340 3328
f 3329 3339 3328
f 3338 3339 3329
f 3337 3329 3330
f 3337 3338 3329
f 3336 3330 3331
f 3336 3337 3330
f 3335 3331 3332
f 3335 3336 3331
f 3334 3335 3332
f 3333 3334 3332
f 3346 3344 3343
f 3347 3343 3342
f 3347 3346 3343
f 3348 3342 3341
f 3348 3347 3342
f 3345 3348 3341
f 3354 3351 3350
f 3354 3352 3351
f 3353 3350 3349
f 3353 3354 3350
f 3356 3357 3355
f 3358 3357 3356
f 3359 3364 3363
f 3359 3361 3364
f 3360 3363 3362
f 3360 3359 3363
f 3370 3368 3367
f 3369 3366 3365
f 3369 3367 3366
f 3369 3370 3367
f 3371 3374 3373
f 3371 3372 3374
f 3375 3377 3380
f 3376 3379 3378
f 3376 3380 3379
f 3376 3375 3380
f 3382 3381 3385
f 3382 3385 3388
f 3383 3388 3387
f 3383 3382 3388
f 3384 3387 3386
f 3384 3383 3387
f 3392 3390 3389
f 3391 3390 3392
f 3393 3395 3396
f 3393 3396 3394
f 3402 3400 3399
f 3403 3399 3398
f 3403 3402 3399
f 3404 3398 3397
f 3404 3403 3398
f 3401 3404 3397
f 3412 3413 3414
f 3412 3414 3415
f 3411 3415 3416
f 3411 3412 3415
f 3410 3416 3417
f 3410 3411 3416
f 3409 3417 3418
f 3409 3410 3417
f 3419 3409 3418
f 3408 3409 3419
f 3420 3408 3419
f 3407 3408 3420
f 3405 3407 3420
f 3406 3407 3405
f 3422 3421 3425
f 3422 3425 3428
f 3423 3428 3427
f 3423 3422 3428
f 3424 3427 3426
f 3424 3423 3427
f 3431 3429 3432
f 3430 3429 3431
f 3439 3435 3434
f 3439 3436 3435
f 3439 3438 3436
f 3440 3434 3433
f 3440 3439 3434
f 3437 3440 3433
f 3442 3441 3445
f 3442 3448 3447
f 3442 3445 3448
f 3443 3442 3447
f 3444 3447 3446
f 3444 3443 3447
f 3452 3450 3449
f 3452 3451 3450
f 3453 3455 3458
f 3454 3457 3456
f 3454 3458 3457
f 3454 3453 3458
f 3460 3462 3461
f 3459 3460 3461
f 3465 3464 3463
f 3465 3466 3464
